{
  "robot": {
    "class": "RectangleRobot",
    "radius": 0.3443749461919844,
    "wheelbase": 0.29010042273095926,
    "max_velocity": 9.648081782554078,
    "max_steering_at_zero_v": 0.39406190446912404,
    "max_steering_at_max_v": 0.18745041213620564,
    "acceleration": 5,
    "width": 0.4666623529071956,
    "lenght": 0.5065596338419087
  },
  "planner": {
    "class": "Dubins_pathfinding",
    "start": [
      1.0,
      5.0
    ],
    "goal": [
      9.0,
      5.0
    ],
    "bounds": [
      0,
      10,
      0,
      10
    ],
    "max_runtime": 15.0,
    "goal_threshold": 0.0,
    "interpolate_steps": 50
  },
  "path": [
    [
      1.0,
      5.0,
      0.0
    ],
    [
      1.36652,
      4.89597,
      -0.553125
    ],
    [
      1.62374,
      4.6149,
      -1.10625
    ],
    [
      1.69494,
      4.24061,
      -1.65938
    ],
    [
      1.57544,
      3.87596,
      -1.9806
    ],
    [
      1.42169,
      3.52201,
      -1.9806
    ],
    [
      1.35363,
      3.14694,
      -1.4758
    ],
    [
      1.29197,
      2.78711,
      -2.00523
    ],
    [
      1.11816,
      2.46122,
      -2.06401
    ],
    [
      0.94328,
      2.13588,
      -2.06401
    ],
    [
      0.768399,
      1.81053,
      -2.06401
    ],
    [
      0.610641,
      1.47762,
      -1.83218
    ],
    [
      0.611855,
      1.11256,
      -1.30276
    ],
    [
      0.797276,
      0.798081,
      -0.773329
    ],
    [
      1.11613,
      0.620304,
      -0.243902
    ],
    [
      1.46347,
      0.606984,
      0.0448763
    ],
    [
      1.81229,
      0.622648,
      0.0448763
    ],
    [
      2.16112,
      0.638313,
      0.0448763
    ],
    [
      2.50994,
      0.653977,
      0.0448763
    ],
    [
      2.85877,
      0.669642,
      0.0448763
    ],
    [
      3.20759,
      0.685306,
      0.0448763
    ],
    [
      3.55642,
      0.700971,
      0.0448763
    ],
    [
      3.90524,
      0.716635,
      0.0448763
    ],
    [
      4.25407,
      0.7323,
      0.0448763
    ],
    [
      4.60319,
      0.727518,
      -0.0175946
    ],
    [
      4.95231,
      0.721374,
      -0.0175946
    ],
    [
      5.30143,
      0.715231,
      -0.0175946
    ],
    [
      5.65055,
      0.709088,
      -0.0175946
    ],
    [
      5.99967,
      0.702944,
      -0.0175946
    ],
    [
      6.3488,
      0.696801,
      -0.0175946
    ],
    [
      6.69792,
      0.690658,
      -0.0175946
    ],
    [
      7.04704,
      0.684514,
      -0.0175946
    ],
    [
      7.39523,
      0.695168,
      0.202156
    ],
    [
      7.75443,
      0.693446,
      -0.0836844
    ],
    [
      8.11395,
      0.663288,
      -0.0836844
    ],
    [
      8.47351,
      0.633501,
      -0.0510902
    ],
    [
      8.82264,
      0.706995,
      0.466043
    ],
    [
      9.08978,
      0.943486,
      0.983175
    ],
    [
      9.20508,
      1.28113,
      1.50031
    ],
    [
      9.13837,
      1.63162,
      2.01744
    ],
    [
      8.9071,
      1.9033,
      2.53457
    ],
    [
      8.66267,
      2.20418,
      1.97153
    ],
    [
      8.57924,
      2.58698,
      1.73634
    ],
    [
      8.51451,
      2.97443,
      1.73634
    ],
    [
      8.44978,
      3.36189,
      1.73634
    ],
    [
      8.38505,
      3.74934,
      1.73634
    ],
    [
      8.32031,
      4.13679,
      1.73634
    ],
    [
      8.33863,
      4.52445,
      1.24678
    ],
    [
      8.55929,
      4.84318,
      0.683728
    ],
    [
      9.0,
      5.0,
      0.0
    ]
  ]
}