{
  "robot": {
    "class": "RectangleRobot",
    "radius": 0.23078028733499967,
    "wheelbase": 0.5344099450385524,
    "max_velocity": 11.623032561874506,
    "max_steering_at_zero_v": 0.5231364115768199,
    "max_steering_at_max_v": 0.16655436546227229,
    "acceleration": 5,
    "width": 0.18351258732834777,
    "lenght": 0.42351067800204945
  },
  "planner": {
    "class": "Dubins_pathfinding",
    "start": [
      1.0,
      5.0
    ],
    "goal": [
      9.0,
      5.0
    ],
    "bounds": [
      0,
      10,
      0,
      10
    ],
    "max_runtime": 15.0,
    "goal_threshold": 0.0,
    "interpolate_steps": 50
  },
  "path": [
    [
      1.0,
      5.0,
      0.0
    ],
    [
      1.38116,
      5.08203,
      0.423934
    ],
    [
      1.69484,
      5.31358,
      0.847868
    ],
    [
      1.8855,
      5.65367,
      1.2718
    ],
    [
      1.91939,
      6.04208,
      1.69574
    ],
    [
      1.79051,
      6.41005,
      2.11967
    ],
    [
      1.52167,
      6.69243,
      2.5436
    ],
    [
      1.16365,
      6.85011,
      2.74617
    ],
    [
      0.843501,
      7.07263,
      2.32224
    ],
    [
      0.641995,
      7.38442,
      2.05748
    ],
    [
      0.467691,
      7.71384,
      2.05748
    ],
    [
      0.302965,
      8.04772,
      1.9064
    ],
    [
      0.253324,
      8.41455,
      1.5042
    ],
    [
      0.351242,
      8.77155,
      1.10199
    ],
    [
      0.581091,
      9.06173,
      0.699792
    ],
    [
      0.906187,
      9.23877,
      0.297588
    ],
    [
      1.24941,
      9.30105,
      0.151017
    ],
    [
      1.59462,
      9.35359,
      0.151017
    ],
    [
      1.93982,
      9.40612,
      0.151017
    ],
    [
      2.28502,
      9.45865,
      0.151017
    ],
    [
      2.63022,
      9.51118,
      0.151017
    ],
    [
      2.97542,
      9.56371,
      0.151017
    ],
    [
      3.32063,
      9.61624,
      0.151017
    ],
    [
      3.66583,
      9.66877,
      0.151017
    ],
    [
      4.01103,
      9.72131,
      0.151017
    ],
    [
      4.40024,
      9.69774,
      -0.252526
    ],
    [
      4.78061,
      9.5996,
      -0.252526
    ],
    [
      5.16097,
      9.50145,
      -0.252526
    ],
    [
      5.54134,
      9.4033,
      -0.252526
    ],
    [
      5.9217,
      9.30515,
      -0.252526
    ],
    [
      6.30207,
      9.20701,
      -0.252526
    ],
    [
      6.68243,
      9.10886,
      -0.252526
    ],
    [
      7.0628,
      9.01071,
      -0.252526
    ],
    [
      7.4092,
      8.98847,
      0.124304
    ],
    [
      7.75568,
      9.03179,
      0.124371
    ],
    [
      8.10236,
      9.07308,
      0.0581273
    ],
    [
      8.44654,
      9.02799,
      -0.318703
    ],
    [
      8.74997,
      8.85941,
      -0.695533
    ],
    [
      8.97007,
      8.591,
      -1.07236
    ],
    [
      9.07597,
      8.26044,
      -1.44919
    ],
    [
      9.05279,
      7.9141,
      -1.82602
    ],
    [
      8.9038,
      7.60059,
      -2.20285
    ],
    [
      8.67451,
      7.2148,
      -2.09507
    ],
    [
      8.44978,
      6.82616,
      -2.09507
    ],
    [
      8.22505,
      6.43751,
      -2.09507
    ],
    [
      8.07787,
      6.01768,
      -1.66923
    ],
    [
      8.14159,
      5.5777,
      -1.18473
    ],
    [
      8.40289,
      5.21804,
      -0.700237
    ],
    [
      8.80164,
      5.02148,
      -0.215741
    ],
    [
      9.0,
      5.0,
      0.0
    ]
  ]
}