{
  "robot": {
    "class": "RectangleRobot",
    "radius": 0.3428883592260434,
    "wheelbase": 0.2875948754421712,
    "max_velocity": 9.918624014648927,
    "max_steering_at_zero_v": 0.45219211368572887,
    "max_steering_at_max_v": 0.16845432272709007,
    "acceleration": 5,
    "width": 0.5495501554697442,
    "lenght": 0.41022473620455013
  },
  "planner": {
    "class": "Dubins_pathfinding",
    "start": [
      1.0,
      5.0
    ],
    "goal": [
      9.0,
      5.0
    ],
    "bounds": [
      0,
      10,
      0,
      10
    ],
    "max_runtime": 15.0,
    "goal_threshold": 0.0,
    "interpolate_steps": 50
  },
  "path": [
    [
      1.0,
      5.0,
      0.0
    ],
    [
      1.34965,
      4.88572,
      -0.631782
    ],
    [
      1.56433,
      4.587,
      -1.26356
    ],
    [
      1.56114,
      4.21916,
      -1.89535
    ],
    [
      1.42363,
      3.87132,
      -1.9496
    ],
    [
      1.28531,
      3.52379,
      -1.9496
    ],
    [
      1.14698,
      3.17626,
      -1.9496
    ],
    [
      1.00866,
      2.82873,
      -1.9496
    ],
    [
      0.879209,
      2.47826,
      -1.77184
    ],
    [
      0.77807,
      2.13669,
      -1.86604
    ],
    [
      0.674396,
      1.7958,
      -1.86604
    ],
    [
      0.570722,
      1.45491,
      -1.86604
    ],
    [
      0.529126,
      1.10518,
      -1.40443
    ],
    [
      0.687214,
      0.791852,
      -0.802615
    ],
    [
      0.994916,
      0.623071,
      -0.200799
    ],
    [
      1.34411,
      0.658146,
      0.401017
    ],
    [
      1.7113,
      0.711909,
      0.0454004
    ],
    [
      2.08457,
      0.728868,
      0.0454004
    ],
    [
      2.45785,
      0.745826,
      0.0454004
    ],
    [
      2.83112,
      0.762785,
      0.0454004
    ],
    [
      3.20439,
      0.779743,
      0.0454004
    ],
    [
      3.57767,
      0.796702,
      0.0454004
    ],
    [
      3.95089,
      0.814479,
      0.098054
    ],
    [
      4.30359,
      0.81125,
      -0.0210461
    ],
    [
      4.65636,
      0.803824,
      -0.0210461
    ],
    [
      5.00914,
      0.796399,
      -0.0210461
    ],
    [
      5.36192,
      0.788973,
      -0.0210461
    ],
    [
      5.71469,
      0.781547,
      -0.0210461
    ],
    [
      6.06747,
      0.774122,
      -0.0210461
    ],
    [
      6.42025,
      0.766696,
      -0.0210461
    ],
    [
      6.77085,
      0.786346,
      0.282255
    ],
    [
      7.14269,
      0.803137,
      -0.0336821
    ],
    [
      7.51663,
      0.790537,
      -0.0336821
    ],
    [
      7.89057,
      0.777937,
      -0.0336821
    ],
    [
      8.26451,
      0.765337,
      -0.0336821
    ],
    [
      8.63845,
      0.752737,
      -0.0336821
    ],
    [
      8.99506,
      0.843768,
      0.565056
    ],
    [
      9.21668,
      1.09803,
      1.14274
    ],
    [
      9.26348,
      1.43205,
      1.72043
    ],
    [
      9.20113,
      1.76833,
      1.75516
    ],
    [
      9.13843,
      2.10455,
      1.75516
    ],
    [
      9.07573,
      2.44078,
      1.75516
    ],
    [
      9.01303,
      2.777,
      1.75516
    ],
    [
      8.94218,
      3.11122,
      1.92366
    ],
    [
      8.74276,
      3.44203,
      2.15365
    ],
    [
      8.52967,
      3.76526,
      2.15365
    ],
    [
      8.31826,
      4.08954,
      2.07189
    ],
    [
      8.25237,
      4.46408,
      1.41797
    ],
    [
      8.51863,
      4.87278,
      0.568798
    ],
    [
      9.0,
      5.0,
      0.0
    ]
  ]
}