{
  "robot": {
    "class": "RectangleRobot",
    "radius": 0.19544868522067096,
    "wheelbase": 0.20388488337753463,
    "max_velocity": 12.82486378499459,
    "max_steering_at_zero_v": 0.4399730440026638,
    "max_steering_at_max_v": 0.2007310146725215,
    "acceleration": 5,
    "width": 0.22060320869597722,
    "lenght": 0.32269951740124253
  },
  "planner": {
    "class": "Dubins_pathfinding",
    "start": [
      1.0,
      5.0
    ],
    "goal": [
      9.0,
      5.0
    ],
    "bounds": [
      0,
      10,
      0,
      10
    ],
    "max_runtime": 15.0,
    "goal_threshold": 0.0,
    "interpolate_steps": 50
  },
  "path": [
    [
      1.0,
      5.0,
      0.0
    ],
    [
      1.23348,
      4.93168,
      -0.569338
    ],
    [
      1.3933,
      4.74828,
      -1.13868
    ],
    [
      1.45415,
      4.50993,
      -1.36619
    ],
    [
      1.50426,
      4.26849,
      -1.36619
    ],
    [
      1.55436,
      4.02705,
      -1.36619
    ],
    [
      1.60446,
      3.78561,
      -1.36619
    ],
    [
      1.65456,
      3.54416,
      -1.36619
    ],
    [
      1.70466,
      3.30272,
      -1.36619
    ],
    [
      1.75476,
      3.06128,
      -1.36619
    ],
    [
      1.80486,
      2.81984,
      -1.36619
    ],
    [
      1.85496,
      2.57839,
      -1.36619
    ],
    [
      1.89234,
      2.33537,
      -1.60974
    ],
    [
      1.95697,
      2.09037,
      -1.01602
    ],
    [
      2.1476,
      1.92346,
      -0.422311
    ],
    [
      2.39818,
      1.87049,
      -0.142495
    ],
    [
      2.65272,
      1.83397,
      -0.142495
    ],
    [
      2.9072,
      1.79713,
      -0.181538
    ],
    [
      3.16085,
      1.82714,
      0.417089
    ],
    [
      3.35348,
      1.99486,
      1.01572
    ],
    [
      3.42603,
      2.2413,
      1.42257
    ],
    [
      3.46432,
      2.49773,
      1.42257
    ],
    [
      3.50261,
      2.75416,
      1.42257
    ],
    [
      3.5409,
      3.01059,
      1.42257
    ],
    [
      3.57919,
      3.26701,
      1.42257
    ],
    [
      3.6189,
      3.52319,
      1.34084
    ],
    [
      3.74786,
      3.74366,
      0.742208
    ],
    [
      3.97864,
      3.85312,
      0.14358
    ],
    [
      4.21199,
      3.85739,
      -0.00107544
    ],
    [
      4.44556,
      3.85714,
      -0.00107544
    ],
    [
      4.67913,
      3.85689,
      -0.00107544
    ],
    [
      4.9127,
      3.85664,
      -0.00107544
    ],
    [
      5.14627,
      3.85639,
      -0.00107544
    ],
    [
      5.37984,
      3.85614,
      -0.00107544
    ],
    [
      5.61341,
      3.85588,
      -0.00107544
    ],
    [
      5.84698,
      3.85532,
      -0.0390499
    ],
    [
      6.10091,
      3.84205,
      -0.0523604
    ],
    [
      6.35484,
      3.82874,
      -0.0523604
    ],
    [
      6.60877,
      3.81543,
      -0.0523604
    ],
    [
      6.8627,
      3.80213,
      -0.0523604
    ],
    [
      7.11663,
      3.78882,
      -0.0523604
    ],
    [
      7.37056,
      3.77551,
      -0.0523604
    ],
    [
      7.62448,
      3.7622,
      -0.0523604
    ],
    [
      7.87841,
      3.75448,
      0.10829
    ],
    [
      8.10908,
      3.85251,
      0.695388
    ],
    [
      8.24683,
      4.0619,
      1.28249
    ],
    [
      8.3888,
      4.34499,
      1.07721
    ],
    [
      8.53908,
      4.62431,
      1.07721
    ],
    [
      8.71042,
      4.88896,
      0.732337
    ],
    [
      9.0,
      5.0,
      0.0
    ]
  ]
}