{
  "robot": {
    "class": "RectangleRobot",
    "radius": 0.2609463446775356,
    "wheelbase": 0.2312950137039195,
    "max_velocity": 12.497479468485253,
    "max_steering_at_zero_v": 0.3538743926832386,
    "max_steering_at_max_v": 0.15806782711967865,
    "acceleration": 5,
    "width": 0.3824165711991482,
    "lenght": 0.3551472163407109
  },
  "planner": {
    "class": "Dubins_pathfinding",
    "start": [
      1.0,
      5.0
    ],
    "goal": [
      9.0,
      5.0
    ],
    "bounds": [
      0,
      10,
      0,
      10
    ],
    "max_runtime": 15.0,
    "goal_threshold": 0.0,
    "interpolate_steps": 50
  },
  "path": [
    [
      1.0,
      5.0,
      0.0
    ],
    [
      1.36544,
      4.88228,
      -0.623259
    ],
    [
      1.59346,
      4.5734,
      -1.24652
    ],
    [
      1.59832,
      4.18949,
      -1.86978
    ],
    [
      1.45684,
      3.82587,
      -1.94659
    ],
    [
      1.31363,
      3.46288,
      -1.94659
    ],
    [
      1.17041,
      3.09989,
      -1.94659
    ],
    [
      1.02709,
      2.73695,
      -1.96621
    ],
    [
      0.88915,
      2.38282,
      -1.94173
    ],
    [
      0.751386,
      2.02861,
      -1.94173
    ],
    [
      0.613621,
      1.67441,
      -1.94173
    ],
    [
      0.475857,
      1.32021,
      -1.94173
    ],
    [
      0.389906,
      0.953695,
      -1.5283
    ],
    [
      0.51683,
      0.601631,
      -0.921276
    ],
    [
      0.821904,
      0.384863,
      -0.314256
    ],
    [
      1.16772,
      0.36046,
      0.0452825
    ],
    [
      1.51654,
      0.376266,
      0.0452825
    ],
    [
      1.86536,
      0.392072,
      0.0452825
    ],
    [
      2.21418,
      0.407878,
      0.0452825
    ],
    [
      2.56299,
      0.423684,
      0.0452825
    ],
    [
      2.91181,
      0.43949,
      0.0452825
    ],
    [
      3.26063,
      0.455297,
      0.0452825
    ],
    [
      3.60945,
      0.471103,
      0.0452825
    ],
    [
      3.95827,
      0.486909,
      0.0452825
    ],
    [
      4.35083,
      0.501237,
      0.0364208
    ],
    [
      4.74339,
      0.515541,
      0.0364208
    ],
    [
      5.13595,
      0.529845,
      0.0364208
    ],
    [
      5.52852,
      0.544149,
      0.0364208
    ],
    [
      5.92108,
      0.558452,
      0.0364208
    ],
    [
      6.31364,
      0.572756,
      0.0364208
    ],
    [
      6.70621,
      0.58706,
      0.0364208
    ],
    [
      7.09877,
      0.601364,
      0.0364208
    ],
    [
      7.43288,
      0.654573,
      0.175907
    ],
    [
      7.7662,
      0.71382,
      0.175907
    ],
    [
      8.09953,
      0.773066,
      0.175907
    ],
    [
      8.43285,
      0.832312,
      0.175907
    ],
    [
      8.76617,
      0.891558,
      0.175907
    ],
    [
      9.09424,
      0.970474,
      0.431157
    ],
    [
      9.34971,
      1.18631,
      0.971888
    ],
    [
      9.45859,
      1.55005,
      1.58802
    ],
    [
      9.37701,
      1.92599,
      1.83315
    ],
    [
      9.27696,
      2.29854,
      1.83315
    ],
    [
      9.17691,
      2.6711,
      1.83315
    ],
    [
      9.07686,
      3.04366,
      1.83315
    ],
    [
      8.97681,
      3.41622,
      1.83315
    ],
    [
      8.79293,
      3.74885,
      2.38006
    ],
    [
      8.46755,
      4.04453,
      2.12479
    ],
    [
      8.38134,
      4.47011,
      1.41653
    ],
    [
      8.59272,
      4.84942,
      0.708264
    ],
    [
      9.0,
      5.0,
      0.0
    ]
  ]
}