{
  "robot": {
    "class": "RectangleRobot",
    "radius": 0.39232837375437923,
    "wheelbase": 0.31523033096754316,
    "max_velocity": 11.339763703637852,
    "max_steering_at_zero_v": 0.36771749725370817,
    "max_steering_at_max_v": 0.2486391850214552,
    "acceleration": 5,
    "width": 0.4794924782775345,
    "lenght": 0.6211064117253111
  },
  "planner": {
    "class": "Dubins_pathfinding",
    "start": [
      1.0,
      5.0
    ],
    "goal": [
      9.0,
      5.0
    ],
    "bounds": [
      0,
      10,
      0,
      10
    ],
    "max_runtime": 15.0,
    "goal_threshold": 0.0,
    "interpolate_steps": 50
  },
  "path": [
    [
      1.0,
      5.0,
      0.0
    ],
    [
      1.37791,
      4.90751,
      -0.480065
    ],
    [
      1.67038,
      4.65094,
      -0.96013
    ],
    [
      1.8113,
      4.28829,
      -1.4402
    ],
    [
      1.76881,
      3.90156,
      -1.92026
    ],
    [
      1.59008,
      3.55211,
      -2.06553
    ],
    [
      1.40357,
      3.20639,
      -2.06553
    ],
    [
      1.21706,
      2.86067,
      -2.06553
    ],
    [
      1.03055,
      2.51494,
      -2.06553
    ],
    [
      0.867609,
      2.15567,
      -1.99079
    ],
    [
      0.70673,
      1.79541,
      -1.99079
    ],
    [
      0.589669,
      1.42121,
      -1.65501
    ],
    [
      0.650712,
      1.03527,
      -1.17284
    ],
    [
      0.883756,
      0.721642,
      -0.690672
    ],
    [
      1.23566,
      0.551831,
      -0.2085
    ],
    [
      1.58357,
      0.537411,
      0.0193504
    ],
    [
      1.93269,
      0.544167,
      0.0193504
    ],
    [
      2.2818,
      0.550923,
      0.0193504
    ],
    [
      2.63091,
      0.55768,
      0.0193504
    ],
    [
      2.98002,
      0.564436,
      0.0193504
    ],
    [
      3.32913,
      0.571192,
      0.0193504
    ],
    [
      3.67824,
      0.577949,
      0.0193504
    ],
    [
      4.02735,
      0.584705,
      0.0193504
    ],
    [
      4.37646,
      0.591461,
      0.0193504
    ],
    [
      4.72561,
      0.595679,
      0.0120174
    ],
    [
      5.07476,
      0.599875,
      0.0120174
    ],
    [
      5.42391,
      0.604071,
      0.0120174
    ],
    [
      5.77307,
      0.608268,
      0.0120174
    ],
    [
      6.12222,
      0.612464,
      0.0120174
    ],
    [
      6.47137,
      0.61666,
      0.0120174
    ],
    [
      6.82052,
      0.620856,
      0.0120174
    ],
    [
      7.16967,
      0.625052,
      0.0120174
    ],
    [
      7.51882,
      0.629248,
      0.0120174
    ],
    [
      7.88427,
      0.705904,
      0.292497
    ],
    [
      8.24338,
      0.814043,
      0.292497
    ],
    [
      8.60248,
      0.922181,
      0.292497
    ],
    [
      8.96159,
      1.03032,
      0.292497
    ],
    [
      9.29675,
      1.19219,
      0.672421
    ],
    [
      9.53479,
      1.49994,
      1.15249
    ],
    [
      9.60378,
      1.88283,
      1.63255
    ],
    [
      9.48814,
      2.25431,
      2.11262
    ],
    [
      9.24824,
      2.56504,
      2.24707
    ],
    [
      9.00237,
      2.87141,
      2.24707
    ],
    [
      8.75651,
      3.17777,
      2.24707
    ],
    [
      8.51064,
      3.48414,
      2.24707
    ],
    [
      8.27678,
      3.79895,
      2.05758
    ],
    [
      8.18204,
      4.20432,
      1.54319
    ],
    [
      8.29901,
      4.60384,
      1.02879
    ],
    [
      8.5974,
      4.89411,
      0.514396
    ],
    [
      9.0,
      5.0,
      0.0
    ]
  ]
}