{
  "robot": {
    "class": "RectangleRobot",
    "radius": 0.38767489314262904,
    "wheelbase": 0.24412520278715422,
    "max_velocity": 10.639061794867203,
    "max_steering_at_zero_v": 0.4616729166257717,
    "max_steering_at_max_v": 0.19000135337684204,
    "acceleration": 5,
    "width": 0.6806652628898575,
    "lenght": 0.3712978467318072
  },
  "planner": {
    "class": "Dubins_pathfinding",
    "start": [
      1.0,
      5.0
    ],
    "goal": [
      9.0,
      5.0
    ],
    "bounds": [
      0,
      10,
      0,
      10
    ],
    "max_runtime": 15.0,
    "goal_threshold": 0.0,
    "interpolate_steps": 50
  },
  "path": [
    [
      1.0,
      5.0,
      0.0
    ],
    [
      1.3226,
      5.12096,
      0.717442
    ],
    [
      1.48615,
      5.42419,
      1.43488
    ],
    [
      1.42512,
      5.76674,
      1.8931
    ],
    [
      1.31361,
      6.10064,
      1.8931
    ],
    [
      1.20763,
      6.43608,
      1.74013
    ],
    [
      1.10723,
      6.77588,
      1.86972
    ],
    [
      1.00284,
      7.11464,
      1.86972
    ],
    [
      0.898447,
      7.45339,
      1.86972
    ],
    [
      0.794056,
      7.79215,
      1.86972
    ],
    [
      0.689666,
      8.13091,
      1.86972
    ],
    [
      0.585275,
      8.46967,
      1.86972
    ],
    [
      0.487822,
      8.81014,
      1.69898
    ],
    [
      0.567912,
      9.14759,
      0.976548
    ],
    [
      0.845995,
      9.34642,
      0.264917
    ],
    [
      1.19358,
      9.3579,
      -0.026521
    ],
    [
      1.54264,
      9.34864,
      -0.026521
    ],
    [
      1.89169,
      9.33938,
      -0.026521
    ],
    [
      2.24074,
      9.33012,
      -0.026521
    ],
    [
      2.5898,
      9.32086,
      -0.026521
    ],
    [
      2.93885,
      9.3116,
      -0.026521
    ],
    [
      3.2879,
      9.30234,
      -0.026521
    ],
    [
      3.63696,
      9.29308,
      -0.026521
    ],
    [
      3.98612,
      9.29568,
      0.00829033
    ],
    [
      4.33528,
      9.29857,
      0.00829033
    ],
    [
      4.68445,
      9.30147,
      0.00829033
    ],
    [
      5.03361,
      9.30436,
      0.00829033
    ],
    [
      5.38278,
      9.30726,
      0.00829033
    ],
    [
      5.73194,
      9.31015,
      0.00829033
    ],
    [
      6.08111,
      9.31305,
      0.00829033
    ],
    [
      6.43027,
      9.31594,
      0.00829033
    ],
    [
      6.77943,
      9.31884,
      0.00829033
    ],
    [
      7.13017,
      9.33887,
      0.0588523
    ],
    [
      7.48088,
      9.35954,
      0.0588523
    ],
    [
      7.83159,
      9.3802,
      0.0588523
    ],
    [
      8.1823,
      9.40087,
      0.0588523
    ],
    [
      8.53301,
      9.42153,
      0.0588523
    ],
    [
      8.88344,
      9.42851,
      -0.177501
    ],
    [
      9.17917,
      9.25305,
      -0.893497
    ],
    [
      9.28375,
      8.88521,
      -1.69408
    ],
    [
      9.19735,
      8.5021,
      -1.79955
    ],
    [
      9.10827,
      8.11951,
      -1.79955
    ],
    [
      9.0192,
      7.73692,
      -1.79955
    ],
    [
      8.93012,
      7.35433,
      -1.79955
    ],
    [
      8.84104,
      6.97174,
      -1.79955
    ],
    [
      8.75196,
      6.58915,
      -1.79955
    ],
    [
      8.66288,
      6.20656,
      -1.79955
    ],
    [
      8.54922,
      5.71835,
      -1.79955
    ],
    [
      8.58149,
      5.23453,
      -1.02158
    ],
    [
      9.0,
      5.0,
      0.0
    ]
  ]
}