{
  "robot": {
    "class": "RectangleRobot",
    "radius": 0.3101392631682286,
    "wheelbase": 0.25096188811178344,
    "max_velocity": 10.244442976983693,
    "max_steering_at_zero_v": 0.3729019709988191,
    "max_steering_at_max_v": 0.195368424965847,
    "acceleration": 5,
    "width": 0.4623068333772671,
    "lenght": 0.41354303530202374
  },
  "planner": {
    "class": "Dubins_pathfinding",
    "start": [
      1.0,
      5.0
    ],
    "goal": [
      9.0,
      5.0
    ],
    "bounds": [
      0,
      10,
      0,
      10
    ],
    "max_runtime": 15.0,
    "goal_threshold": 0.0,
    "interpolate_steps": 50
  },
  "path": [
    [
      1.0,
      5.0,
      0.0
    ],
    [
      1.33219,
      5.09271,
      0.544304
    ],
    [
      1.56837,
      5.34403,
      1.08861
    ],
    [
      1.64027,
      5.68133,
      1.63291
    ],
    [
      1.53754,
      6.01253,
      1.9858
    ],
    [
      1.39676,
      6.33207,
      1.9858
    ],
    [
      1.25597,
      6.65161,
      1.9858
    ],
    [
      1.11518,
      6.97114,
      1.9858
    ],
    [
      0.974397,
      7.29068,
      1.9858
    ],
    [
      0.833611,
      7.61021,
      1.9858
    ],
    [
      0.725669,
      7.9497,
      1.86566
    ],
    [
      0.604961,
      8.28397,
      2.10546
    ],
    [
      0.517365,
      8.66063,
      1.49312
    ],
    [
      0.662186,
      9.01921,
      0.880778
    ],
    [
      0.986797,
      9.22939,
      0.268436
    ],
    [
      1.37734,
      9.26229,
      0.0424105
    ],
    [
      1.76981,
      9.27895,
      0.0424105
    ],
    [
      2.16228,
      9.2956,
      0.0424105
    ],
    [
      2.55475,
      9.31226,
      0.0424105
    ],
    [
      2.94722,
      9.32891,
      0.0424105
    ],
    [
      3.32042,
      9.3385,
      0.025429
    ],
    [
      3.69362,
      9.34799,
      0.025429
    ],
    [
      4.06681,
      9.35748,
      0.025429
    ],
    [
      4.44001,
      9.36697,
      0.025429
    ],
    [
      4.81316,
      9.37225,
      -0.08919
    ],
    [
      5.199,
      9.38426,
      0.0463612
    ],
    [
      5.58484,
      9.40217,
      0.0463612
    ],
    [
      5.97068,
      9.42007,
      0.0463612
    ],
    [
      6.35652,
      9.43797,
      0.0463612
    ],
    [
      6.7423,
      9.45682,
      0.100869
    ],
    [
      7.10617,
      9.47735,
      0.0544546
    ],
    [
      7.47009,
      9.49718,
      0.0544546
    ],
    [
      7.83401,
      9.51702,
      0.0544546
    ],
    [
      8.19792,
      9.53685,
      0.0544546
    ],
    [
      8.5522,
      9.4739,
      -0.457173
    ],
    [
      8.81744,
      9.23111,
      -1.0253
    ],
    [
      8.96784,
      8.89047,
      -1.17406
    ],
    [
      9.11183,
      8.54676,
      -1.17406
    ],
    [
      9.25583,
      8.20305,
      -1.17406
    ],
    [
      9.39171,
      7.85645,
      -1.33808
    ],
    [
      9.37051,
      7.48962,
      -1.91898
    ],
    [
      9.15148,
      7.1946,
      -2.49989
    ],
    [
      8.80647,
      7.06818,
      -3.08079
    ],
    [
      8.44239,
      6.92692,
      -2.46222
    ],
    [
      8.22768,
      6.60072,
      -1.84364
    ],
    [
      8.23475,
      6.20867,
      -1.37673
    ],
    [
      8.31128,
      5.8193,
      -1.37673
    ],
    [
      8.39387,
      5.43142,
      -1.23715
    ],
    [
      8.62801,
      5.11887,
      -0.618573
    ],
    [
      9.0,
      5.0,
      0.0
    ]
  ]
}