{
  "robot": {
    "class": "RectangleRobot",
    "radius": 0.30244472904737324,
    "wheelbase": 0.291065828332412,
    "max_velocity": 8.724175172254931,
    "max_steering_at_zero_v": 0.36335046604648175,
    "max_steering_at_max_v": 0.21090292284654727,
    "acceleration": 5,
    "width": 0.4559177443731657,
    "lenght": 0.39753020876386347
  },
  "planner": {
    "class": "Dubins_pathfinding",
    "start": [
      1.0,
      5.0
    ],
    "goal": [
      9.0,
      5.0
    ],
    "bounds": [
      0,
      10,
      0,
      10
    ],
    "max_runtime": 15.0,
    "goal_threshold": 0.0,
    "interpolate_steps": 50
  },
  "path": [
    [
      1.0,
      5.0,
      0.0
    ],
    [
      1.41515,
      4.87765,
      -0.573204
    ],
    [
      1.71096,
      4.55809,
      -0.943255
    ],
    [
      1.96806,
      4.20253,
      -0.98458
    ],
    [
      2.09382,
      3.83492,
      -1.49774
    ],
    [
      2.02292,
      3.45292,
      -2.01091
    ],
    [
      1.79781,
      3.13209,
      -2.22883
    ],
    [
      1.55757,
      2.82129,
      -2.22883
    ],
    [
      1.31734,
      2.51049,
      -2.22883
    ],
    [
      1.0771,
      2.19969,
      -2.22883
    ],
    [
      0.836864,
      1.88889,
      -2.22883
    ],
    [
      0.596627,
      1.57809,
      -2.22883
    ],
    [
      0.444807,
      1.22045,
      -1.71567
    ],
    [
      0.488119,
      0.834345,
      -1.20251
    ],
    [
      0.715405,
      0.519234,
      -0.689342
    ],
    [
      1.06811,
      0.356294,
      -0.176179
    ],
    [
      1.4591,
      0.367404,
      0.105741
    ],
    [
      1.84973,
      0.408864,
      0.105741
    ],
    [
      2.24036,
      0.450324,
      0.105741
    ],
    [
      2.63099,
      0.491785,
      0.105741
    ],
    [
      2.979,
      0.508854,
      0.0449518
    ],
    [
      3.3271,
      0.524513,
      0.0449518
    ],
    [
      3.6752,
      0.540171,
      0.0449518
    ],
    [
      4.02331,
      0.555829,
      0.0449518
    ],
    [
      4.37141,
      0.571488,
      0.0449518
    ],
    [
      4.71951,
      0.587146,
      0.0449518
    ],
    [
      5.06761,
      0.602804,
      0.0449518
    ],
    [
      5.41571,
      0.618463,
      0.0449518
    ],
    [
      5.76372,
      0.635534,
      0.105789
    ],
    [
      6.12984,
      0.650465,
      0.0356182
    ],
    [
      6.49606,
      0.663515,
      0.0356182
    ],
    [
      6.86229,
      0.676565,
      0.0356182
    ],
    [
      7.22852,
      0.689615,
      0.0356182
    ],
    [
      7.59474,
      0.702665,
      0.0356182
    ],
    [
      7.96097,
      0.715714,
      0.0356182
    ],
    [
      8.32716,
      0.729353,
      0.0748621
    ],
    [
      8.68359,
      0.848616,
      0.570927
    ],
    [
      8.94029,
      1.12315,
      1.06699
    ],
    [
      9.11964,
      1.45787,
      1.07906
    ],
    [
      9.29893,
      1.79261,
      1.07906
    ],
    [
      9.44485,
      2.14104,
      1.38645
    ],
    [
      9.42093,
      2.51613,
      1.88251
    ],
    [
      9.22137,
      2.83463,
      2.37858
    ],
    [
      8.89426,
      3.01974,
      2.87464
    ],
    [
      8.52015,
      3.25399,
      2.28972
    ],
    [
      8.33596,
      3.65556,
      1.77004
    ],
    [
      8.24742,
      4.09447,
      1.75476
    ],
    [
      8.29522,
      4.53328,
      1.16984
    ],
    [
      8.57735,
      4.87274,
      0.584921
    ],
    [
      9.0,
      5.0,
      0.0
    ]
  ]
}