{
  "robot": {
    "class": "RectangleRobot",
    "radius": 0.332112735691543,
    "wheelbase": 0.3029998894666623,
    "max_velocity": 12.18326207267197,
    "max_steering_at_zero_v": 0.4112654346865849,
    "max_steering_at_max_v": 0.1916853042920525,
    "acceleration": 5,
    "width": 0.39441661977702036,
    "lenght": 0.5344445779290423
  },
  "planner": {
    "class": "Dubins_pathfinding",
    "start": [
      1.0,
      5.0
    ],
    "goal": [
      9.0,
      5.0
    ],
    "bounds": [
      0,
      10,
      0,
      10
    ],
    "max_runtime": 15.0,
    "goal_threshold": 0.0,
    "interpolate_steps": 50
  },
  "path": [
    [
      1.0,
      5.0,
      0.0
    ],
    [
      1.36641,
      4.89552,
      -0.555546
    ],
    [
      1.62261,
      4.61351,
      -1.11109
    ],
    [
      1.69155,
      4.23878,
      -1.66664
    ],
    [
      1.57346,
      3.8732,
      -1.96119
    ],
    [
      1.42658,
      3.51628,
      -1.96119
    ],
    [
      1.2797,
      3.15936,
      -1.96119
    ],
    [
      1.13564,
      2.80139,
      -1.86815
    ],
    [
      0.972939,
      2.50414,
      -2.15613
    ],
    [
      0.784871,
      2.22039,
      -2.15613
    ],
    [
      0.596803,
      1.93665,
      -2.15613
    ],
    [
      0.421297,
      1.64576,
      -1.95202
    ],
    [
      0.375526,
      1.31187,
      -1.46204
    ],
    [
      0.497261,
      0.98851,
      -0.959435
    ],
    [
      0.759705,
      0.763782,
      -0.456832
    ],
    [
      1.09795,
      0.693204,
      0.0322701
    ],
    [
      1.44694,
      0.70447,
      0.0322701
    ],
    [
      1.79594,
      0.715736,
      0.0322701
    ],
    [
      2.14493,
      0.727002,
      0.0322701
    ],
    [
      2.49393,
      0.738268,
      0.0322701
    ],
    [
      2.84292,
      0.749534,
      0.0322701
    ],
    [
      3.19191,
      0.7608,
      0.0322701
    ],
    [
      3.5912,
      0.790785,
      0.0766628
    ],
    [
      3.99045,
      0.821452,
      0.0766628
    ],
    [
      4.3897,
      0.85212,
      0.0766628
    ],
    [
      4.78895,
      0.882787,
      0.0766628
    ],
    [
      5.1803,
      0.826706,
      -0.425858
    ],
    [
      5.52058,
      0.766488,
      0.0519781
    ],
    [
      5.86928,
      0.784629,
      0.0519781
    ],
    [
      6.21799,
      0.802771,
      0.0519781
    ],
    [
      6.56669,
      0.820912,
      0.0519781
    ],
    [
      6.9154,
      0.839053,
      0.0519781
    ],
    [
      7.2641,
      0.857195,
      0.0519781
    ],
    [
      7.61281,
      0.875336,
      0.0519781
    ],
    [
      7.96151,
      0.893477,
      0.0519781
    ],
    [
      8.31022,
      0.911619,
      0.0519781
    ],
    [
      8.60892,
      0.917506,
      0.0327662
    ],
    [
      8.89633,
      0.990217,
      0.462806
    ],
    [
      9.15974,
      1.21987,
      0.971285
    ],
    [
      9.27802,
      1.54871,
      1.47976
    ],
    [
      9.22126,
      1.89354,
      1.98053
    ],
    [
      9.08053,
      2.21756,
      1.98053
    ],
    [
      8.93981,
      2.54158,
      1.98053
    ],
    [
      8.79908,
      2.8656,
      1.98053
    ],
    [
      8.65836,
      3.18962,
      1.98053
    ],
    [
      8.4461,
      3.46725,
      2.47764
    ],
    [
      8.1899,
      3.89453,
      1.7442
    ],
    [
      8.27843,
      4.38701,
      1.16263
    ],
    [
      8.53492,
      4.82136,
      0.733446
    ],
    [
      9.0,
      5.0,
      0.0
    ]
  ]
}