{
  "robot": {
    "class": "RectangleRobot",
    "radius": 0.1800392044479541,
    "wheelbase": 0.3186861073777127,
    "max_velocity": 9.8523936679569,
    "max_steering_at_zero_v": 0.3325179163890344,
    "max_steering_at_max_v": 0.25069496396259494,
    "acceleration": 5,
    "width": 0.19332382245314406,
    "lenght": 0.3037801182189415
  },
  "planner": {
    "class": "Dubins_pathfinding",
    "start": [
      1.0,
      5.0
    ],
    "goal": [
      9.0,
      5.0
    ],
    "bounds": [
      0,
      10,
      0,
      10
    ],
    "max_runtime": 15.0,
    "goal_threshold": 0.0,
    "interpolate_steps": 50
  },
  "path": [
    [
      1.0,
      5.0,
      0.0
    ],
    [
      1.38107,
      5.08235,
      0.425679
    ],
    [
      1.69412,
      5.31471,
      0.851357
    ],
    [
      1.88328,
      5.65561,
      1.27704
    ],
    [
      1.9148,
      6.0442,
      1.70271
    ],
    [
      1.79705,
      6.41764,
      1.94531
    ],
    [
      1.65335,
      6.78324,
      1.94531
    ],
    [
      1.50964,
      7.14883,
      1.94531
    ],
    [
      1.36594,
      7.51443,
      1.94531
    ],
    [
      1.18048,
      7.80782,
      2.32369
    ],
    [
      0.930029,
      8.05017,
      2.24134
    ],
    [
      0.76933,
      8.35783,
      1.86296
    ],
    [
      0.733653,
      8.70309,
      1.48458
    ],
    [
      0.828043,
      9.0371,
      1.1062
    ],
    [
      1.03915,
      9.31262,
      0.727815
    ],
    [
      1.3371,
      9.49067,
      0.349434
    ],
    [
      1.67975,
      9.54605,
      -0.028947
    ],
    [
      2.01862,
      9.47094,
      -0.407328
    ],
    [
      2.40114,
      9.39559,
      0.0183506
    ],
    [
      2.79294,
      9.42347,
      0.0747934
    ],
    [
      3.18467,
      9.45283,
      0.0747934
    ],
    [
      3.57639,
      9.48218,
      0.0747934
    ],
    [
      3.96812,
      9.51153,
      0.0747934
    ],
    [
      4.35984,
      9.54089,
      0.0747934
    ],
    [
      4.75157,
      9.57024,
      0.0747934
    ],
    [
      5.14329,
      9.59959,
      0.0747934
    ],
    [
      5.4924,
      9.60353,
      0.00481281
    ],
    [
      5.84157,
      9.60521,
      0.00481281
    ],
    [
      6.19075,
      9.60689,
      0.00481281
    ],
    [
      6.53992,
      9.60857,
      0.00481281
    ],
    [
      6.88909,
      9.61026,
      0.00481281
    ],
    [
      7.23826,
      9.61194,
      0.00481281
    ],
    [
      7.58744,
      9.61362,
      0.00481281
    ],
    [
      7.93661,
      9.6153,
      0.00481281
    ],
    [
      8.28578,
      9.61698,
      0.00481281
    ],
    [
      8.66724,
      9.53646,
      -0.420866
    ],
    [
      8.98141,
      9.30561,
      -0.846544
    ],
    [
      9.17221,
      8.96562,
      -1.27222
    ],
    [
      9.20559,
      8.57719,
      -1.6979
    ],
    [
      9.08798,
      8.20384,
      -1.95138
    ],
    [
      8.94206,
      7.83913,
      -1.95138
    ],
    [
      8.79614,
      7.47441,
      -1.95138
    ],
    [
      8.65022,
      7.10969,
      -1.95138
    ],
    [
      8.44854,
      6.76728,
      -2.14772
    ],
    [
      8.23137,
      6.43357,
      -2.14772
    ],
    [
      8.08825,
      6.06532,
      -1.72583
    ],
    [
      8.11221,
      5.67097,
      -1.29438
    ],
    [
      8.2989,
      5.32278,
      -0.862917
    ],
    [
      8.61408,
      5.08457,
      -0.431459
    ],
    [
      9.0,
      5.0,
      0.0
    ]
  ]
}