{
  "robot": {
    "class": "RectangleRobot",
    "radius": 0.20478989523850508,
    "wheelbase": 0.27014323783821814,
    "max_velocity": 10.118007963638172,
    "max_steering_at_zero_v": 0.5202201008421818,
    "max_steering_at_max_v": 0.20846131317336417,
    "acceleration": 5,
    "width": 0.11090540594281713,
    "lenght": 0.3942785762628379
  },
  "planner": {
    "class": "Dubins_pathfinding",
    "start": [
      1.0,
      5.0
    ],
    "goal": [
      9.0,
      5.0
    ],
    "bounds": [
      0,
      10,
      0,
      10
    ],
    "max_runtime": 15.0,
    "goal_threshold": 0.0,
    "interpolate_steps": 50
  },
  "path": [
    [
      1.0,
      5.0,
      0.0
    ],
    [
      1.28544,
      4.9038,
      -0.650131
    ],
    [
      1.45442,
      4.65445,
      -1.30026
    ],
    [
      1.44277,
      4.3523,
      -1.80531
    ],
    [
      1.37153,
      4.05411,
      -1.80531
    ],
    [
      1.30029,
      3.75591,
      -1.80531
    ],
    [
      1.22904,
      3.45772,
      -1.80531
    ],
    [
      1.1578,
      3.15953,
      -1.80531
    ],
    [
      1.08656,
      2.86134,
      -1.80531
    ],
    [
      1.01532,
      2.56314,
      -1.80531
    ],
    [
      0.926962,
      2.27075,
      -2.08248
    ],
    [
      0.828736,
      1.97537,
      -1.85162
    ],
    [
      0.742263,
      1.67558,
      -1.85162
    ],
    [
      0.65861,
      1.3751,
      -1.74061
    ],
    [
      0.70006,
      1.08765,
      -1.11457
    ],
    [
      0.902079,
      0.878995,
      -0.488529
    ],
    [
      1.18821,
      0.825947,
      0.0378074
    ],
    [
      1.48322,
      0.837106,
      0.0378074
    ],
    [
      1.77823,
      0.848265,
      0.0378074
    ],
    [
      2.07325,
      0.859424,
      0.0378074
    ],
    [
      2.35118,
      0.94441,
      0.607275
    ],
    [
      2.52705,
      1.17552,
      1.23331
    ],
    [
      2.68095,
      1.4144,
      0.91497
    ],
    [
      2.85517,
      1.64082,
      0.91497
    ],
    [
      3.02939,
      1.86724,
      0.91497
    ],
    [
      3.20361,
      2.09366,
      0.91497
    ],
    [
      3.37782,
      2.32008,
      0.91497
    ],
    [
      3.55204,
      2.54651,
      0.91497
    ],
    [
      3.72626,
      2.77293,
      0.91497
    ],
    [
      3.90048,
      2.99935,
      0.91497
    ],
    [
      4.07469,
      3.22577,
      0.91497
    ],
    [
      4.24891,
      3.45219,
      0.91497
    ],
    [
      4.42313,
      3.67861,
      0.91497
    ],
    [
      4.65584,
      3.84103,
      0.303723
    ],
    [
      4.94088,
      3.84681,
      -0.142186
    ],
    [
      5.22622,
      3.80596,
      -0.142186
    ],
    [
      5.51156,
      3.76511,
      -0.142186
    ],
    [
      5.7969,
      3.72427,
      -0.142186
    ],
    [
      6.08224,
      3.68342,
      -0.142186
    ],
    [
      6.36794,
      3.6461,
      -0.0195277
    ],
    [
      6.64019,
      3.72619,
      0.59172
    ],
    [
      6.91142,
      3.80629,
      -0.0173787
    ],
    [
      7.19613,
      3.76925,
      -0.14215
    ],
    [
      7.48047,
      3.72856,
      -0.14215
    ],
    [
      7.76524,
      3.72367,
      0.248397
    ],
    [
      8.00591,
      3.87221,
      0.857496
    ],
    [
      8.11832,
      4.13172,
      1.46659
    ],
    [
      8.32956,
      4.4984,
      0.82392
    ],
    [
      8.62374,
      4.81615,
      0.82392
    ],
    [
      9.0,
      5.0,
      0.0
    ]
  ]
}