{
  "robot": {
    "class": "RectangleRobot",
    "radius": 0.3575825981386393,
    "wheelbase": 0.3476049028687713,
    "max_velocity": 12.950615301770164,
    "max_steering_at_zero_v": 0.5015299897625839,
    "max_steering_at_max_v": 0.23387379804219321,
    "acceleration": 5,
    "width": 0.46533185067908733,
    "lenght": 0.5430723033905283
  },
  "planner": {
    "class": "Dubins_pathfinding",
    "start": [
      1.0,
      5.0
    ],
    "goal": [
      9.0,
      5.0
    ],
    "bounds": [
      0,
      10,
      0,
      10
    ],
    "max_runtime": 15.0,
    "goal_threshold": 0.0,
    "interpolate_steps": 50
  },
  "path": [
    [
      1.0,
      5.0,
      0.0
    ],
    [
      1.33179,
      5.09375,
      0.550769
    ],
    [
      1.56545,
      5.34728,
      1.10154
    ],
    [
      1.63187,
      5.6856,
      1.65231
    ],
    [
      1.52435,
      6.01553,
      1.98801
    ],
    [
      1.38285,
      6.33475,
      1.98801
    ],
    [
      1.24136,
      6.65398,
      1.98801
    ],
    [
      1.09987,
      6.9732,
      1.98801
    ],
    [
      0.958379,
      7.29243,
      1.98801
    ],
    [
      0.816887,
      7.61165,
      1.98801
    ],
    [
      0.732972,
      7.9497,
      1.77167
    ],
    [
      0.663325,
      8.29174,
      1.77167
    ],
    [
      0.59798,
      8.63449,
      1.65439
    ],
    [
      0.663701,
      8.97294,
      1.10362
    ],
    [
      0.896833,
      9.22696,
      0.552852
    ],
    [
      1.22843,
      9.3214,
      0.00208292
    ],
    [
      1.57636,
      9.29285,
      -0.0894931
    ],
    [
      1.92414,
      9.26164,
      -0.0894931
    ],
    [
      2.27192,
      9.23043,
      -0.0894931
    ],
    [
      2.6197,
      9.19922,
      -0.0894931
    ],
    [
      2.96748,
      9.16802,
      -0.0894931
    ],
    [
      3.31526,
      9.13681,
      -0.0894931
    ],
    [
      3.67973,
      9.12967,
      -0.0147233
    ],
    [
      4.04428,
      9.1243,
      -0.0147233
    ],
    [
      4.40882,
      9.11894,
      -0.0147233
    ],
    [
      4.77337,
      9.11357,
      -0.0147233
    ],
    [
      5.13792,
      9.1082,
      -0.0147233
    ],
    [
      5.50246,
      9.10283,
      -0.0147233
    ],
    [
      5.86701,
      9.09747,
      -0.0147233
    ],
    [
      6.23075,
      9.08151,
      -0.197818
    ],
    [
      6.60426,
      9.07126,
      0.00857173
    ],
    [
      6.97858,
      9.07447,
      0.00857173
    ],
    [
      7.35289,
      9.07768,
      0.00857173
    ],
    [
      7.72652,
      9.09102,
      0.18764
    ],
    [
      8.05326,
      9.26231,
      0.778086
    ],
    [
      8.35538,
      9.42842,
      0.227317
    ],
    [
      8.69976,
      9.41186,
      -0.323452
    ],
    [
      8.98455,
      9.21751,
      -0.874222
    ],
    [
      9.12551,
      8.90286,
      -1.42499
    ],
    [
      9.09421,
      8.55736,
      -1.7675
    ],
    [
      9.02596,
      8.21492,
      -1.7675
    ],
    [
      8.95772,
      7.87248,
      -1.7675
    ],
    [
      8.88947,
      7.53004,
      -1.7675
    ],
    [
      8.82123,
      7.18759,
      -1.7675
    ],
    [
      8.69364,
      6.77053,
      -1.87626
    ],
    [
      8.56244,
      6.35446,
      -1.87626
    ],
    [
      8.43124,
      5.9384,
      -1.87626
    ],
    [
      8.37798,
      5.51143,
      -1.37627
    ],
    [
      8.59736,
      5.14427,
      -0.688134
    ],
    [
      9.0,
      5.0,
      0.0
    ]
  ]
}