{
  "robot": {
    "class": "RectangleRobot",
    "radius": 0.3912303800409486,
    "wheelbase": 0.4327497586914517,
    "max_velocity": 8.147161010436555,
    "max_steering_at_zero_v": 0.5108608548405448,
    "max_steering_at_max_v": 0.24469594972144204,
    "acceleration": 5,
    "width": 0.4516439683442134,
    "lenght": 0.6389542760841589
  },
  "planner": {
    "class": "Dubins_pathfinding",
    "start": [
      1.0,
      5.0
    ],
    "goal": [
      9.0,
      5.0
    ],
    "bounds": [
      0,
      10,
      0,
      10
    ],
    "max_runtime": 15.0,
    "goal_threshold": 0.0,
    "interpolate_steps": 50
  },
  "path": [
    [
      1.0,
      5.0,
      0.0
    ],
    [
      1.3641,
      4.90876,
      -0.49108
    ],
    [
      1.64215,
      4.65659,
      -0.982161
    ],
    [
      1.76842,
      4.30311,
      -1.47324
    ],
    [
      1.71308,
      3.93185,
      -1.96432
    ],
    [
      1.56062,
      3.58469,
      -1.98502
    ],
    [
      1.40802,
      3.2376,
      -1.98502
    ],
    [
      1.25542,
      2.8905,
      -1.98502
    ],
    [
      1.10316,
      2.54326,
      -1.95371
    ],
    [
      0.965574,
      2.19814,
      -1.95014
    ],
    [
      0.791102,
      1.87266,
      -2.27965
    ],
    [
      0.620902,
      1.55348,
      -1.82574
    ],
    [
      0.614186,
      1.19192,
      -1.353
    ],
    [
      0.772835,
      0.866968,
      -0.880248
    ],
    [
      1.06205,
      0.649891,
      -0.4075
    ],
    [
      1.41838,
      0.588311,
      0.0652483
    ],
    [
      1.76367,
      0.695736,
      0.537996
    ],
    [
      2.09318,
      0.801967,
      0.0857496
    ],
    [
      2.44226,
      0.802391,
      -0.00862687
    ],
    [
      2.79143,
      0.799379,
      -0.00862687
    ],
    [
      3.14059,
      0.796367,
      -0.00862687
    ],
    [
      3.48975,
      0.793355,
      -0.00862687
    ],
    [
      3.83892,
      0.790342,
      -0.00862687
    ],
    [
      4.18808,
      0.78733,
      -0.00862687
    ],
    [
      4.53724,
      0.784318,
      -0.00862687
    ],
    [
      4.88641,
      0.781305,
      -0.00862687
    ],
    [
      5.25454,
      0.78534,
      0.0113788
    ],
    [
      5.62268,
      0.789529,
      0.0113788
    ],
    [
      5.99082,
      0.793718,
      0.0113788
    ],
    [
      6.35895,
      0.797908,
      0.0113788
    ],
    [
      6.72677,
      0.8081,
      0.136201
    ],
    [
      7.09556,
      0.812741,
      -0.00964333
    ],
    [
      7.46466,
      0.809182,
      -0.00964333
    ],
    [
      7.83377,
      0.805622,
      -0.00964333
    ],
    [
      8.20287,
      0.802063,
      -0.00964333
    ],
    [
      8.57198,
      0.798503,
      -0.00964333
    ],
    [
      8.93956,
      0.816784,
      0.228687
    ],
    [
      9.2659,
      0.981625,
      0.706767
    ],
    [
      9.48841,
      1.30022,
      1.21554
    ],
    [
      9.52753,
      1.68685,
      1.72432
    ],
    [
      9.37918,
      2.04731,
      2.0993
    ],
    [
      9.18111,
      2.38654,
      2.0993
    ],
    [
      8.98303,
      2.72576,
      2.0993
    ],
    [
      8.78495,
      3.06499,
      2.0993
    ],
    [
      8.58688,
      3.40422,
      2.0993
    ],
    [
      8.3888,
      3.74345,
      2.0993
    ],
    [
      8.23263,
      4.14262,
      1.68149
    ],
    [
      8.30471,
      4.5636,
      1.12099
    ],
    [
      8.58955,
      4.88186,
      0.560497
    ],
    [
      9.0,
      5.0,
      0.0
    ]
  ]
}