{
  "robot": {
    "class": "RectangleRobot",
    "radius": 0.3899598675409637,
    "wheelbase": 0.2265270039764612,
    "max_velocity": 9.425163180848559,
    "max_steering_at_zero_v": 0.3951485015444575,
    "max_steering_at_max_v": 0.19329689045837523,
    "acceleration": 5,
    "width": 0.47759024697545316,
    "lenght": 0.61658928726032
  },
  "planner": {
    "class": "Dubins_pathfinding",
    "start": [
      1.0,
      5.0
    ],
    "goal": [
      9.0,
      5.0
    ],
    "bounds": [
      0,
      10,
      0,
      10
    ],
    "max_runtime": 15.0,
    "goal_threshold": 0.0,
    "interpolate_steps": 50
  },
  "path": [
    [
      1.0,
      5.0,
      0.0
    ],
    [
      1.32561,
      5.10843,
      0.64291
    ],
    [
      1.52121,
      5.39043,
      1.28582
    ],
    [
      1.50877,
      5.73342,
      1.91218
    ],
    [
      1.39186,
      6.06245,
      1.91218
    ],
    [
      1.27496,
      6.39147,
      1.91218
    ],
    [
      1.15806,
      6.7205,
      1.91218
    ],
    [
      1.04116,
      7.04952,
      1.91218
    ],
    [
      0.924257,
      7.37855,
      1.91218
    ],
    [
      0.807355,
      7.70757,
      1.91218
    ],
    [
      0.67395,
      8.02454,
      1.972
    ],
    [
      0.539643,
      8.34114,
      1.972
    ],
    [
      0.486916,
      8.67563,
      1.41504
    ],
    [
      0.649768,
      8.9869,
      0.818299
    ],
    [
      0.894054,
      9.24781,
      0.818299
    ],
    [
      1.17896,
      9.45556,
      0.320215
    ],
    [
      1.52996,
      9.45246,
      -0.337881
    ],
    [
      1.87552,
      9.4148,
      -0.0394529
    ],
    [
      2.22442,
      9.40102,
      -0.0394529
    ],
    [
      2.57333,
      9.38725,
      -0.0394529
    ],
    [
      2.92223,
      9.37348,
      -0.0394529
    ],
    [
      3.27114,
      9.35971,
      -0.0394529
    ],
    [
      3.62004,
      9.34593,
      -0.0394529
    ],
    [
      3.96895,
      9.33216,
      -0.0394529
    ],
    [
      4.31785,
      9.31839,
      -0.0394529
    ],
    [
      4.66676,
      9.30462,
      -0.0394529
    ],
    [
      5.01559,
      9.28903,
      -0.0446682
    ],
    [
      5.36441,
      9.27344,
      -0.0446682
    ],
    [
      5.71324,
      9.25785,
      -0.0446682
    ],
    [
      6.06207,
      9.24226,
      -0.0446682
    ],
    [
      6.4109,
      9.22667,
      -0.0446682
    ],
    [
      6.75972,
      9.21107,
      -0.0446682
    ],
    [
      7.10855,
      9.19548,
      -0.0446682
    ],
    [
      7.45738,
      9.17989,
      -0.0446682
    ],
    [
      7.80621,
      9.1643,
      -0.0446682
    ],
    [
      8.16048,
      9.14405,
      -0.0572003
    ],
    [
      8.51474,
      9.12377,
      -0.0572003
    ],
    [
      8.8601,
      9.05831,
      -0.469943
    ],
    [
      9.1038,
      8.80908,
      -1.12329
    ],
    [
      9.14581,
      8.46305,
      -1.77665
    ],
    [
      9.03049,
      8.08721,
      -1.87522
    ],
    [
      8.91262,
      7.71207,
      -1.87522
    ],
    [
      8.79475,
      7.33693,
      -1.87522
    ],
    [
      8.67689,
      6.9618,
      -1.87522
    ],
    [
      8.55902,
      6.58666,
      -1.87522
    ],
    [
      8.44115,
      6.21152,
      -1.87522
    ],
    [
      8.31908,
      5.83791,
      -2.00364
    ],
    [
      8.30332,
      5.42006,
      -1.21333
    ],
    [
      8.58914,
      5.11485,
      -0.423033
    ],
    [
      9.0,
      5.0,
      0.0
    ]
  ]
}