{
  "robot": {
    "class": "RectangleRobot",
    "radius": 0.16190672900868294,
    "wheelbase": 0.4516074930003507,
    "max_velocity": 11.801534536015659,
    "max_steering_at_zero_v": 0.5176431009932105,
    "max_steering_at_max_v": 0.2582622069944655,
    "acceleration": 5,
    "width": 0.1354240631707678,
    "lenght": 0.2941351368121195
  },
  "planner": {
    "class": "Dubins_pathfinding",
    "start": [
      1.0,
      5.0
    ],
    "goal": [
      9.0,
      5.0
    ],
    "bounds": [
      0,
      10,
      0,
      10
    ],
    "max_runtime": 15.0,
    "goal_threshold": 0.0,
    "interpolate_steps": 50
  },
  "path": [
    [
      1.0,
      5.0,
      0.0
    ],
    [
      1.37696,
      4.90469,
      -0.495315
    ],
    [
      1.66331,
      4.64166,
      -0.99063
    ],
    [
      1.79022,
      4.27414,
      -1.48594
    ],
    [
      1.7272,
      3.89046,
      -1.98126
    ],
    [
      1.569,
      3.5309,
      -1.98532
    ],
    [
      1.41079,
      3.17134,
      -1.98532
    ],
    [
      1.25258,
      2.81179,
      -1.98532
    ],
    [
      1.09437,
      2.45224,
      -1.98532
    ],
    [
      0.842936,
      2.10388,
      -2.27075
    ],
    [
      0.56499,
      1.77386,
      -2.27075
    ],
    [
      0.306204,
      1.4302,
      -2.02701
    ],
    [
      0.2257,
      1.0498,
      -1.53169
    ],
    [
      0.335676,
      0.676861,
      -1.03638
    ],
    [
      0.609698,
      0.401012,
      -0.541064
    ],
    [
      0.981901,
      0.288559,
      -0.0457493
    ],
    [
      1.36399,
      0.363694,
      0.361561
    ],
    [
      1.73142,
      0.502649,
      0.361561
    ],
    [
      2.09884,
      0.641605,
      0.361561
    ],
    [
      2.46593,
      0.781419,
      0.409844
    ],
    [
      2.84945,
      0.854026,
      0.0719795
    ],
    [
      3.24126,
      0.882277,
      0.0719795
    ],
    [
      3.63307,
      0.910528,
      0.0719795
    ],
    [
      4.02487,
      0.938779,
      0.0719795
    ],
    [
      4.41668,
      0.967029,
      0.0719795
    ],
    [
      4.80849,
      0.99528,
      0.0719795
    ],
    [
      5.20029,
      1.02353,
      0.0719795
    ],
    [
      5.5921,
      1.05178,
      0.0719795
    ],
    [
      5.9808,
      1.0055,
      -0.185197
    ],
    [
      6.36691,
      0.933162,
      -0.185197
    ],
    [
      6.75302,
      0.860828,
      -0.185197
    ],
    [
      7.13912,
      0.788493,
      -0.185197
    ],
    [
      7.52523,
      0.716158,
      -0.185197
    ],
    [
      7.91133,
      0.643824,
      -0.185197
    ],
    [
      8.29744,
      0.571489,
      -0.185197
    ],
    [
      8.68355,
      0.499155,
      -0.185197
    ],
    [
      9.07161,
      0.523425,
      0.310118
    ],
    [
      9.4015,
      0.729227,
      0.805433
    ],
    [
      9.59392,
      1.06709,
      1.30075
    ],
    [
      9.60262,
      1.45582,
      1.79606
    ],
    [
      9.43975,
      1.81133,
      2.084
    ],
    [
      9.24688,
      2.15355,
      2.084
    ],
    [
      9.05401,
      2.49576,
      2.084
    ],
    [
      8.86115,
      2.83798,
      2.084
    ],
    [
      8.63389,
      3.24122,
      2.084
    ],
    [
      8.40664,
      3.64445,
      2.084
    ],
    [
      8.21975,
      4.06486,
      1.75089
    ],
    [
      8.27062,
      4.51834,
      1.16726
    ],
    [
      8.56297,
      4.86872,
      0.583631
    ],
    [
      9.0,
      5.0,
      0.0
    ]
  ]
}