{
  "robot": {
    "class": "RectangleRobot",
    "radius": 0.3873025252222579,
    "wheelbase": 0.3344382320463787,
    "max_velocity": 10.496568210831125,
    "max_steering_at_zero_v": 0.4347099565580894,
    "max_steering_at_max_v": 0.19172302911164318,
    "acceleration": 5,
    "width": 0.5903326014185268,
    "lenght": 0.501518099251249
  },
  "planner": {
    "class": "Dubins_pathfinding",
    "start": [
      1.0,
      5.0
    ],
    "goal": [
      9.0,
      5.0
    ],
    "bounds": [
      0,
      10,
      0,
      10
    ],
    "max_runtime": 15.0,
    "goal_threshold": 0.0,
    "interpolate_steps": 50
  },
  "path": [
    [
      1.0,
      5.0,
      0.0
    ],
    [
      1.33566,
      4.91701,
      -0.484796
    ],
    [
      1.59396,
      4.68715,
      -0.969593
    ],
    [
      1.71538,
      4.3634,
      -1.45439
    ],
    [
      1.67193,
      4.02037,
      -1.93919
    ],
    [
      1.52511,
      3.7036,
      -2.00997
    ],
    [
      1.37665,
      3.38756,
      -2.00997
    ],
    [
      1.22818,
      3.07152,
      -2.00997
    ],
    [
      1.07971,
      2.75548,
      -2.00997
    ],
    [
      0.931248,
      2.43944,
      -2.00997
    ],
    [
      0.799763,
      2.13104,
      -1.97228
    ],
    [
      0.668746,
      1.82244,
      -1.97228
    ],
    [
      0.537728,
      1.51384,
      -1.97228
    ],
    [
      0.472205,
      1.18804,
      -1.53753
    ],
    [
      0.559547,
      0.867482,
      -1.07205
    ],
    [
      0.797499,
      0.609433,
      -0.579742
    ],
    [
      1.12916,
      0.494498,
      -0.0874386
    ],
    [
      1.48105,
      0.528245,
      0.155453
    ],
    [
      1.83136,
      0.583145,
      0.155453
    ],
    [
      2.18166,
      0.638044,
      0.155453
    ],
    [
      2.52964,
      0.703696,
      0.330318
    ],
    [
      2.91812,
      0.74604,
      0.0209723
    ],
    [
      3.31086,
      0.754278,
      0.0209723
    ],
    [
      3.7036,
      0.762516,
      0.0209723
    ],
    [
      4.09633,
      0.770754,
      0.0209723
    ],
    [
      4.48907,
      0.778991,
      0.0209723
    ],
    [
      4.88181,
      0.787229,
      0.0209723
    ],
    [
      5.27454,
      0.795467,
      0.0209723
    ],
    [
      5.66728,
      0.803705,
      0.0209723
    ],
    [
      6.05643,
      0.810644,
      0.0178209
    ],
    [
      6.44559,
      0.81758,
      0.0178209
    ],
    [
      6.83474,
      0.824516,
      0.0178209
    ],
    [
      7.22389,
      0.831451,
      0.0178209
    ],
    [
      7.61305,
      0.838387,
      0.0178209
    ],
    [
      8.0022,
      0.845323,
      0.0178209
    ],
    [
      8.39135,
      0.852259,
      0.0178209
    ],
    [
      8.78032,
      0.862734,
      0.117039
    ],
    [
      9.12204,
      0.997161,
      0.632554
    ],
    [
      9.35307,
      1.28258,
      1.14807
    ],
    [
      9.41337,
      1.6448,
      1.66359
    ],
    [
      9.28884,
      1.99065,
      2.10743
    ],
    [
      9.09901,
      2.30976,
      2.10743
    ],
    [
      8.90918,
      2.62887,
      2.10743
    ],
    [
      8.71936,
      2.94798,
      2.10743
    ],
    [
      8.52093,
      3.26129,
      2.27719
    ],
    [
      8.35168,
      3.65918,
      1.6951
    ],
    [
      8.29725,
      4.09486,
      1.6951
    ],
    [
      8.3238,
      4.52778,
      1.21923
    ],
    [
      8.58762,
      4.87026,
      0.609613
    ],
    [
      9.0,
      5.0,
      0.0
    ]
  ]
}