{
  "robot": {
    "class": "RectangleRobot",
    "radius": 0.3074421476336776,
    "wheelbase": 0.2822420693436997,
    "max_velocity": 7.01408594937938,
    "max_steering_at_zero_v": 0.4546658668728779,
    "max_steering_at_max_v": 0.25974565356927826,
    "acceleration": 5,
    "width": 0.4868571182829454,
    "lenght": 0.37557002402169726
  },
  "planner": {
    "class": "Dubins_pathfinding",
    "start": [
      1.0,
      5.0
    ],
    "goal": [
      9.0,
      5.0
    ],
    "bounds": [
      0,
      10,
      0,
      10
    ],
    "max_runtime": 15.0,
    "goal_threshold": 0.0,
    "interpolate_steps": 50
  },
  "path": [
    [
      1.0,
      5.0,
      0.0
    ],
    [
      1.32277,
      4.90136,
      -0.593199
    ],
    [
      1.53526,
      4.63913,
      -1.1864
    ],
    [
      1.56485,
      4.30292,
      -1.7796
    ],
    [
      1.49153,
      3.96836,
      -1.78659
    ],
    [
      1.41819,
      3.63379,
      -1.78659
    ],
    [
      1.34561,
      3.29908,
      -1.73477
    ],
    [
      1.23573,
      2.96654,
      -1.91735
    ],
    [
      1.11662,
      2.63671,
      -1.91735
    ],
    [
      0.997134,
      2.30702,
      -1.95443
    ],
    [
      0.778049,
      2.04011,
      -2.56177
    ],
    [
      0.565329,
      1.78834,
      -1.98288
    ],
    [
      0.525009,
      1.46122,
      -1.40399
    ],
    [
      0.669185,
      1.16445,
      -0.893815
    ],
    [
      0.878573,
      0.903917,
      -0.893815
    ],
    [
      1.08796,
      0.643382,
      -0.893815
    ],
    [
      1.3412,
      0.431376,
      -0.416323
    ],
    [
      1.71035,
      0.385144,
      0.0239727
    ],
    [
      2.08632,
      0.394158,
      0.0239727
    ],
    [
      2.46228,
      0.403173,
      0.0239727
    ],
    [
      2.83825,
      0.412188,
      0.0239727
    ],
    [
      3.21359,
      0.429094,
      0.189633
    ],
    [
      3.57439,
      0.446077,
      0.0255686
    ],
    [
      3.93582,
      0.45532,
      0.0255686
    ],
    [
      4.29724,
      0.464564,
      0.0255686
    ],
    [
      4.65866,
      0.473807,
      0.0255686
    ],
    [
      5.02009,
      0.48305,
      0.0255686
    ],
    [
      5.38151,
      0.492293,
      0.0255686
    ],
    [
      5.72545,
      0.584772,
      0.570594
    ],
    [
      6.09169,
      0.680441,
      0.058785
    ],
    [
      6.47499,
      0.702999,
      0.058785
    ],
    [
      6.85828,
      0.725558,
      0.058785
    ],
    [
      7.24158,
      0.748116,
      0.058785
    ],
    [
      7.62488,
      0.770674,
      0.058785
    ],
    [
      8.00648,
      0.806208,
      0.271822
    ],
    [
      8.34625,
      0.873967,
      0.191464
    ],
    [
      8.68643,
      0.939906,
      0.191464
    ],
    [
      8.98883,
      1.09823,
      0.782306
    ],
    [
      9.149,
      1.39965,
      1.38243
    ],
    [
      9.19247,
      1.73515,
      1.4453
    ],
    [
      9.23482,
      2.07081,
      1.4453
    ],
    [
      9.27717,
      2.40648,
      1.4453
    ],
    [
      9.30532,
      2.74287,
      1.66733
    ],
    [
      9.17868,
      3.0514,
      2.25329
    ],
    [
      8.90255,
      3.23842,
      2.83924
    ],
    [
      8.56229,
      3.52308,
      2.05062
    ],
    [
      8.4723,
      3.96639,
      1.68791
    ],
    [
      8.42262,
      4.41889,
      1.57724
    ],
    [
      8.59041,
      4.82957,
      0.788618
    ],
    [
      9.0,
      5.0,
      0.0
    ]
  ]
}