{
  "robot": {
    "class": "RectangleRobot",
    "radius": 0.38270801856077946,
    "wheelbase": 0.21085914141259143,
    "max_velocity": 9.366377110526349,
    "max_steering_at_zero_v": 0.4242466018546002,
    "max_steering_at_max_v": 0.21917335964982737,
    "acceleration": 5,
    "width": 0.3115469390470695,
    "lenght": 0.6991424852297801
  },
  "planner": {
    "class": "Dubins_pathfinding",
    "start": [
      1.0,
      5.0
    ],
    "goal": [
      9.0,
      5.0
    ],
    "bounds": [
      0,
      10,
      0,
      10
    ],
    "max_runtime": 15.0,
    "goal_threshold": 0.0,
    "interpolate_steps": 50
  },
  "path": [
    [
      1.0,
      5.0,
      0.0
    ],
    [
      1.31241,
      5.11994,
      0.733129
    ],
    [
      1.46429,
      5.41812,
      1.46626
    ],
    [
      1.39903,
      5.75083,
      1.88212
    ],
    [
      1.29419,
      6.07663,
      1.88212
    ],
    [
      1.18935,
      6.40243,
      1.88212
    ],
    [
      1.08208,
      6.72735,
      1.98728
    ],
    [
      0.973337,
      7.08058,
      1.85909
    ],
    [
      0.868216,
      7.43506,
      1.85909
    ],
    [
      0.763094,
      7.78954,
      1.85909
    ],
    [
      0.657972,
      8.14402,
      1.85909
    ],
    [
      0.552851,
      8.49849,
      1.85909
    ],
    [
      0.471093,
      8.85727,
      1.53962
    ],
    [
      0.620305,
      9.18505,
      0.747615
    ],
    [
      0.958418,
      9.30909,
      -0.0443862
    ],
    [
      1.3431,
      9.38862,
      0.257729
    ],
    [
      1.72898,
      9.45387,
      -0.133428
    ],
    [
      2.03011,
      9.40472,
      -0.162437
    ],
    [
      2.32839,
      9.34377,
      -0.388792
    ],
    [
      2.55458,
      9.14714,
      -1.04237
    ],
    [
      2.82228,
      8.93576,
      -0.294407
    ],
    [
      3.16796,
      8.9398,
      0.13406
    ],
    [
      3.514,
      8.98647,
      0.13406
    ],
    [
      3.86004,
      9.03314,
      0.13406
    ],
    [
      4.20609,
      9.07981,
      0.13406
    ],
    [
      4.55213,
      9.12648,
      0.13406
    ],
    [
      4.89817,
      9.17315,
      0.13406
    ],
    [
      5.24422,
      9.21982,
      0.13406
    ],
    [
      5.59026,
      9.26649,
      0.13406
    ],
    [
      5.93868,
      9.25301,
      -0.0651466
    ],
    [
      6.28712,
      9.23028,
      -0.0651466
    ],
    [
      6.63555,
      9.20755,
      -0.0651466
    ],
    [
      6.98399,
      9.18482,
      -0.0651466
    ],
    [
      7.33243,
      9.16209,
      -0.0651466
    ],
    [
      7.68086,
      9.13935,
      -0.0651466
    ],
    [
      8.0293,
      9.11662,
      -0.0651466
    ],
    [
      8.37773,
      9.09389,
      -0.0651466
    ],
    [
      8.72617,
      9.07116,
      -0.0651466
    ],
    [
      9.05985,
      8.89753,
      -0.894455
    ],
    [
      9.15756,
      8.53413,
      -1.68259
    ],
    [
      9.11436,
      8.1494,
      -1.68259
    ],
    [
      9.07117,
      7.76466,
      -1.68259
    ],
    [
      9.02798,
      7.37992,
      -1.68259
    ],
    [
      8.99662,
      6.99476,
      -1.45723
    ],
    [
      8.93398,
      6.69045,
      -1.96319
    ],
    [
      8.8135,
      6.39933,
      -1.96319
    ],
    [
      8.69301,
      6.1082,
      -1.96319
    ],
    [
      8.57253,
      5.81707,
      -1.96319
    ],
    [
      8.51685,
      5.51185,
      -1.428
    ],
    [
      9.0,
      5.0,
      0.0
    ]
  ]
}