{
  "robot": {
    "class": "RectangleRobot",
    "radius": 0.2987809349979089,
    "wheelbase": 0.20018924830315,
    "max_velocity": 11.466689493917396,
    "max_steering_at_zero_v": 0.34666683931293185,
    "max_steering_at_max_v": 0.18677920634064912,
    "acceleration": 5,
    "width": 0.5051237218898792,
    "lenght": 0.3192651156280853
  },
  "planner": {
    "class": "Dubins_pathfinding",
    "start": [
      1.0,
      5.0
    ],
    "goal": [
      9.0,
      5.0
    ],
    "bounds": [
      0,
      10,
      0,
      10
    ],
    "max_runtime": 15.0,
    "goal_threshold": 0.0,
    "interpolate_steps": 50
  },
  "path": [
    [
      1.0,
      5.0,
      0.0
    ],
    [
      1.32211,
      5.10323,
      0.620279
    ],
    [
      1.5242,
      5.37446,
      1.24056
    ],
    [
      1.531,
      5.71263,
      1.86084
    ],
    [
      1.42019,
      6.038,
      1.9003
    ],
    [
      1.30897,
      6.36323,
      1.9003
    ],
    [
      1.19775,
      6.68847,
      1.9003
    ],
    [
      1.081,
      7.01151,
      2.04684
    ],
    [
      0.977294,
      7.38106,
      1.80093
    ],
    [
      0.889508,
      7.75576,
      1.80093
    ],
    [
      0.801721,
      8.13045,
      1.80093
    ],
    [
      0.713935,
      8.50514,
      1.80093
    ],
    [
      0.680702,
      8.8843,
      1.35524
    ],
    [
      0.881931,
      9.20328,
      0.660772
    ],
    [
      1.23708,
      9.31972,
      -0.0271741
    ],
    [
      1.61763,
      9.29701,
      -0.0603863
    ],
    [
      1.99816,
      9.27401,
      -0.0603863
    ],
    [
      2.37869,
      9.251,
      -0.0603863
    ],
    [
      2.75922,
      9.22799,
      -0.0603863
    ],
    [
      3.13822,
      9.23533,
      0.271274
    ],
    [
      3.43959,
      9.2817,
      0.136075
    ],
    [
      3.74187,
      9.32309,
      0.136075
    ],
    [
      4.04496,
      9.33514,
      -0.189874
    ],
    [
      4.39023,
      9.34852,
      0.110714
    ],
    [
      4.73525,
      9.38688,
      0.110714
    ],
    [
      5.08026,
      9.42523,
      0.110714
    ],
    [
      5.42527,
      9.46359,
      0.110714
    ],
    [
      5.77028,
      9.50194,
      0.110714
    ],
    [
      6.1153,
      9.5403,
      0.110714
    ],
    [
      6.46031,
      9.57865,
      0.110714
    ],
    [
      6.80532,
      9.617,
      0.110714
    ],
    [
      7.15029,
      9.65576,
      0.148873
    ],
    [
      7.50238,
      9.59855,
      -0.356517
    ],
    [
      7.84133,
      9.47232,
      -0.356517
    ],
    [
      8.18028,
      9.34608,
      -0.356517
    ],
    [
      8.51923,
      9.21985,
      -0.356517
    ],
    [
      8.85818,
      9.09361,
      -0.356517
    ],
    [
      9.16842,
      8.9161,
      -0.818412
    ],
    [
      9.31526,
      8.59255,
      -1.47111
    ],
    [
      9.2877,
      8.2291,
      -1.67931
    ],
    [
      9.24815,
      7.86611,
      -1.67931
    ],
    [
      9.20861,
      7.50313,
      -1.67931
    ],
    [
      9.16907,
      7.14014,
      -1.67931
    ],
    [
      9.12952,
      6.77715,
      -1.67931
    ],
    [
      9.0802,
      6.41586,
      -1.86861
    ],
    [
      8.86975,
      6.12555,
      -2.52752
    ],
    [
      8.55121,
      5.87922,
      -2.19766
    ],
    [
      8.44894,
      5.49569,
      -1.46511
    ],
    [
      8.6294,
      5.14216,
      -0.732555
    ],
    [
      9.0,
      5.0,
      0.0
    ]
  ]
}