{
  "robot": {
    "class": "RectangleRobot",
    "radius": 0.35306109381135675,
    "wheelbase": 0.34033900805403916,
    "max_velocity": 8.818530156701877,
    "max_steering_at_zero_v": 0.43810288109765566,
    "max_steering_at_max_v": 0.1825331103962647,
    "acceleration": 5,
    "width": 0.6563648881604252,
    "lenght": 0.2603721902262975
  },
  "planner": {
    "class": "Dubins_pathfinding",
    "start": [
      1.0,
      5.0
    ],
    "goal": [
      9.0,
      5.0
    ],
    "bounds": [
      0,
      10,
      0,
      10
    ],
    "max_runtime": 15.0,
    "goal_threshold": 0.0,
    "interpolate_steps": 50
  },
  "path": [
    [
      1.0,
      5.0,
      0.0
    ],
    [
      1.37396,
      5.10364,
      0.540708
    ],
    [
      1.64122,
      5.38499,
      1.08142
    ],
    [
      1.72554,
      5.76377,
      1.62212
    ],
    [
      1.64174,
      6.14682,
      1.82371
    ],
    [
      1.54344,
      6.52715,
      1.82371
    ],
    [
      1.44515,
      6.90747,
      1.82371
    ],
    [
      1.31455,
      7.2758,
      2.13214
    ],
    [
      1.02775,
      7.5372,
      2.67285
    ],
    [
      0.766494,
      7.76068,
      2.1951
    ],
    [
      0.626863,
      8.07647,
      1.88941
    ],
    [
      0.516739,
      8.4056,
      1.95334
    ],
    [
      0.468958,
      8.75956,
      1.4566
    ],
    [
      0.595639,
      9.09352,
      0.959867
    ],
    [
      0.866161,
      9.32675,
      0.46313
    ],
    [
      1.21514,
      9.40287,
      -0.0336075
    ],
    [
      1.56578,
      9.32298,
      -0.290222
    ],
    [
      1.91428,
      9.23132,
      -0.108971
    ],
    [
      2.30695,
      9.22696,
      -0.000149709
    ],
    [
      2.69977,
      9.2269,
      -0.000149709
    ],
    [
      3.09259,
      9.22684,
      -0.000149709
    ],
    [
      3.48542,
      9.22678,
      -0.000149709
    ],
    [
      3.87824,
      9.22673,
      -0.000149709
    ],
    [
      4.27106,
      9.22667,
      -0.000149709
    ],
    [
      4.66389,
      9.22661,
      -0.000149709
    ],
    [
      5.05671,
      9.22655,
      -0.000149709
    ],
    [
      5.40269,
      9.2236,
      -0.00859987
    ],
    [
      5.74867,
      9.22062,
      -0.00859987
    ],
    [
      6.09465,
      9.21765,
      -0.00859987
    ],
    [
      6.44062,
      9.21467,
      -0.00859987
    ],
    [
      6.78659,
      9.21126,
      -0.0434461
    ],
    [
      7.13503,
      9.1935,
      -0.0509749
    ],
    [
      7.48346,
      9.17572,
      -0.0509749
    ],
    [
      7.8319,
      9.15795,
      -0.0509749
    ],
    [
      8.18033,
      9.14017,
      -0.0509749
    ],
    [
      8.52876,
      9.12239,
      -0.0509749
    ],
    [
      8.8772,
      9.10462,
      -0.0509749
    ],
    [
      9.2118,
      9.01789,
      -0.492165
    ],
    [
      9.46877,
      8.78687,
      -0.972396
    ],
    [
      9.58994,
      8.46327,
      -1.45263
    ],
    [
      9.53111,
      8.0797,
      -1.99334
    ],
    [
      9.3363,
      7.73873,
      -2.10049
    ],
    [
      9.13782,
      7.39974,
      -2.10049
    ],
    [
      8.93934,
      7.06074,
      -2.10049
    ],
    [
      8.74086,
      6.72175,
      -2.10049
    ],
    [
      8.54238,
      6.38276,
      -2.10049
    ],
    [
      8.34591,
      6.04266,
      -2.02105
    ],
    [
      8.27647,
      5.66087,
      -1.48034
    ],
    [
      8.51004,
      5.19008,
      -0.740169
    ],
    [
      9.0,
      5.0,
      0.0
    ]
  ]
}