{
  "robot": {
    "class": "RectangleRobot",
    "radius": 0.18693776280299804,
    "wheelbase": 0.46635771903630263,
    "max_velocity": 11.793152479071026,
    "max_steering_at_zero_v": 0.5168825847681966,
    "max_steering_at_max_v": 0.18544812660319168,
    "acceleration": 5,
    "width": 0.15566513615674998,
    "lenght": 0.3399283366129695
  },
  "planner": {
    "class": "Dubins_pathfinding",
    "start": [
      1.0,
      5.0
    ],
    "goal": [
      9.0,
      5.0
    ],
    "bounds": [
      0,
      10,
      0,
      10
    ],
    "max_runtime": 15.0,
    "goal_threshold": 0.0,
    "interpolate_steps": 50
  },
  "path": [
    [
      1.0,
      5.0,
      0.0
    ],
    [
      1.30663,
      4.94055,
      -0.383041
    ],
    [
      1.56882,
      4.7708,
      -0.766081
    ],
    [
      1.74857,
      4.51536,
      -1.14912
    ],
    [
      1.81982,
      4.21126,
      -1.52914
    ],
    [
      1.83291,
      3.89727,
      -1.52914
    ],
    [
      1.846,
      3.58328,
      -1.52914
    ],
    [
      1.85908,
      3.2693,
      -1.52914
    ],
    [
      1.87217,
      2.95531,
      -1.52914
    ],
    [
      1.88525,
      2.64133,
      -1.52914
    ],
    [
      1.94181,
      2.33395,
      -1.20127
    ],
    [
      2.10799,
      2.06949,
      -0.818231
    ],
    [
      2.36098,
      1.88631,
      -0.435191
    ],
    [
      2.65342,
      1.77136,
      -0.368741
    ],
    [
      2.94656,
      1.65809,
      -0.368741
    ],
    [
      3.23969,
      1.54482,
      -0.368741
    ],
    [
      3.53283,
      1.43155,
      -0.368741
    ],
    [
      3.82596,
      1.31827,
      -0.368741
    ],
    [
      4.1191,
      1.205,
      -0.368741
    ],
    [
      4.41223,
      1.09173,
      -0.368741
    ],
    [
      4.70537,
      0.978459,
      -0.368741
    ],
    [
      5.00853,
      0.91997,
      -0.0815169
    ],
    [
      5.31765,
      0.894715,
      -0.0815169
    ],
    [
      5.62677,
      0.869461,
      -0.0815169
    ],
    [
      5.93589,
      0.844206,
      -0.0815169
    ],
    [
      6.24501,
      0.818952,
      -0.0815169
    ],
    [
      6.55413,
      0.793697,
      -0.0815169
    ],
    [
      6.86325,
      0.768443,
      -0.0815169
    ],
    [
      7.17237,
      0.743189,
      -0.0815169
    ],
    [
      7.48149,
      0.717934,
      -0.0815169
    ],
    [
      7.79066,
      0.693481,
      -0.0372589
    ],
    [
      8.10367,
      0.743063,
      0.351458
    ],
    [
      8.38097,
      0.898778,
      0.577097
    ],
    [
      8.64822,
      1.07281,
      0.58676
    ],
    [
      8.87327,
      1.29594,
      0.975477
    ],
    [
      8.99008,
      1.55769,
      1.32665
    ],
    [
      9.01114,
      1.84376,
      1.61866
    ],
    [
      8.99736,
      2.13154,
      1.61866
    ],
    [
      8.98357,
      2.41933,
      1.61866
    ],
    [
      8.96968,
      2.70711,
      1.63501
    ],
    [
      8.9016,
      2.98554,
      1.98619
    ],
    [
      8.74189,
      3.22357,
      2.33736
    ],
    [
      8.51005,
      3.39212,
      2.68854
    ],
    [
      8.2466,
      3.59544,
      2.28009
    ],
    [
      8.08558,
      3.88667,
      1.87164
    ],
    [
      8.05348,
      4.2179,
      1.46318
    ],
    [
      8.15558,
      4.53464,
      1.05473
    ],
    [
      8.37509,
      4.78476,
      0.64628
    ],
    [
      8.67383,
      4.93328,
      0.363588
    ],
    [
      9.0,
      5.0,
      0.0
    ]
  ]
}