{
  "robot": {
    "class": "RectangleRobot",
    "radius": 0.25406567099180266,
    "wheelbase": 0.2296965581163796,
    "max_velocity": 10.433023661384716,
    "max_steering_at_zero_v": 0.36943992439572193,
    "max_steering_at_max_v": 0.2383336666085148,
    "acceleration": 5,
    "width": 0.26592322979849997,
    "lenght": 0.4329922592374994
  },
  "planner": {
    "class": "Dubins_pathfinding",
    "start": [
      1.0,
      5.0
    ],
    "goal": [
      9.0,
      5.0
    ],
    "bounds": [
      0,
      10,
      0,
      10
    ],
    "max_runtime": 15.0,
    "goal_threshold": 0.0,
    "interpolate_steps": 50
  },
  "path": [
    [
      1.0,
      5.0,
      0.0
    ],
    [
      1.27938,
      5.06991,
      0.490396
    ],
    [
      1.49291,
      5.26316,
      0.980792
    ],
    [
      1.59026,
      5.53421,
      1.47119
    ],
    [
      1.57421,
      5.82417,
      1.66389
    ],
    [
      1.54717,
      6.11381,
      1.66389
    ],
    [
      1.48481,
      6.39594,
      2.01341
    ],
    [
      1.35202,
      6.68045,
      2.00744
    ],
    [
      1.21924,
      6.96497,
      2.00744
    ],
    [
      1.08646,
      7.24949,
      2.00744
    ],
    [
      0.953676,
      7.534,
      2.00744
    ],
    [
      0.820887,
      7.81852,
      2.01287
    ],
    [
      0.619379,
      8.05452,
      2.54217
    ],
    [
      0.422973,
      8.28,
      2.03258
    ],
    [
      0.361521,
      8.57265,
      1.52298
    ],
    [
      0.450638,
      8.85809,
      1.01338
    ],
    [
      0.667677,
      9.06379,
      0.503785
    ],
    [
      0.950259,
      9.17007,
      0.330188
    ],
    [
      1.23622,
      9.26808,
      0.330188
    ],
    [
      1.52284,
      9.36397,
      0.243623
    ],
    [
      1.83869,
      9.35577,
      -0.295518
    ],
    [
      2.11814,
      9.20287,
      -0.570836
    ],
    [
      2.38725,
      9.03006,
      -0.570836
    ],
    [
      2.65636,
      8.85725,
      -0.570836
    ],
    [
      2.92547,
      8.68445,
      -0.570836
    ],
    [
      3.19439,
      8.51134,
      -0.6053
    ],
    [
      3.39694,
      8.26886,
      -1.14444
    ],
    [
      3.44628,
      7.95678,
      -1.68358
    ],
    [
      3.4827,
      7.65555,
      -1.3276
    ],
    [
      3.55628,
      7.35897,
      -1.3276
    ],
    [
      3.62986,
      7.0624,
      -1.3276
    ],
    [
      3.70344,
      6.76582,
      -1.3276
    ],
    [
      3.83159,
      6.49182,
      -0.880155
    ],
    [
      4.07709,
      6.31559,
      -0.365035
    ],
    [
      4.42147,
      6.27874,
      0.0175503
    ],
    [
      4.77059,
      6.28487,
      0.0175503
    ],
    [
      5.11971,
      6.291,
      0.0175503
    ],
    [
      5.46884,
      6.29713,
      0.0175503
    ],
    [
      5.81796,
      6.30326,
      0.0175503
    ],
    [
      6.16708,
      6.30938,
      0.0175503
    ],
    [
      6.5162,
      6.31551,
      0.0175503
    ],
    [
      6.86533,
      6.32164,
      0.0175503
    ],
    [
      7.21445,
      6.32777,
      0.0175503
    ],
    [
      7.54911,
      6.29417,
      -0.115694
    ],
    [
      7.87725,
      6.22773,
      -0.424813
    ],
    [
      8.12939,
      6.01168,
      -0.992132
    ],
    [
      8.22593,
      5.69399,
      -1.55945
    ],
    [
      8.34664,
      5.342,
      -0.921374
    ],
    [
      8.645,
      5.11413,
      -0.536228
    ],
    [
      9.0,
      5.0,
      0.0
    ]
  ]
}