{
  "robot": {
    "class": "RectangleRobot",
    "radius": 0.3203832554209916,
    "wheelbase": 0.41245044185153334,
    "max_velocity": 8.838024262473407,
    "max_steering_at_zero_v": 0.4602750452689153,
    "max_steering_at_max_v": 0.1912159961605829,
    "acceleration": 5,
    "width": 0.5330554252794653,
    "lenght": 0.355575076456067
  },
  "planner": {
    "class": "Dubins_pathfinding",
    "start": [
      1.0,
      5.0
    ],
    "goal": [
      9.0,
      5.0
    ],
    "bounds": [
      0,
      10,
      0,
      10
    ],
    "max_runtime": 15.0,
    "goal_threshold": 0.0,
    "interpolate_steps": 50
  },
  "path": [
    [
      1.0,
      5.0,
      0.0
    ],
    [
      1.33901,
      5.07221,
      0.419732
    ],
    [
      1.61917,
      5.27631,
      0.839464
    ],
    [
      1.79184,
      5.57686,
      1.2592
    ],
    [
      1.82704,
      5.92168,
      1.67893
    ],
    [
      1.72537,
      6.25407,
      1.96519
    ],
    [
      1.5912,
      6.57644,
      1.96519
    ],
    [
      1.45703,
      6.89881,
      1.96519
    ],
    [
      1.32286,
      7.22118,
      1.96519
    ],
    [
      1.18869,
      7.54355,
      1.96519
    ],
    [
      0.973195,
      7.86682,
      2.23809
    ],
    [
      0.732579,
      8.17385,
      2.18885
    ],
    [
      0.587916,
      8.53229,
      1.71993
    ],
    [
      0.620858,
      8.91742,
      1.25101
    ],
    [
      0.795981,
      9.21655,
      0.831277
    ],
    [
      1.0778,
      9.41834,
      0.411545
    ],
    [
      1.41739,
      9.48813,
      0.0209084
    ],
    [
      1.76649,
      9.49543,
      0.0209084
    ],
    [
      2.11559,
      9.50273,
      0.0209084
    ],
    [
      2.46469,
      9.51003,
      0.0209084
    ],
    [
      2.81379,
      9.51733,
      0.0209084
    ],
    [
      3.16289,
      9.52463,
      0.0209084
    ],
    [
      3.51199,
      9.53193,
      0.0209084
    ],
    [
      3.90427,
      9.5123,
      -0.056309
    ],
    [
      4.29647,
      9.49019,
      -0.056309
    ],
    [
      4.68867,
      9.46808,
      -0.056309
    ],
    [
      5.08087,
      9.44598,
      -0.056309
    ],
    [
      5.47307,
      9.42387,
      -0.056309
    ],
    [
      5.86527,
      9.40176,
      -0.056309
    ],
    [
      6.25747,
      9.37965,
      -0.056309
    ],
    [
      6.64967,
      9.35754,
      -0.056309
    ],
    [
      6.99873,
      9.34875,
      -0.0239524
    ],
    [
      7.34781,
      9.34038,
      -0.0239524
    ],
    [
      7.69689,
      9.33202,
      -0.0239524
    ],
    [
      8.04596,
      9.32366,
      -0.0239524
    ],
    [
      8.39504,
      9.3153,
      -0.0239524
    ],
    [
      8.73734,
      9.25834,
      -0.367957
    ],
    [
      9.02768,
      9.06902,
      -0.787689
    ],
    [
      9.21568,
      8.77781,
      -1.20742
    ],
    [
      9.26868,
      8.43526,
      -1.62715
    ],
    [
      9.15862,
      8.0615,
      -2.02317
    ],
    [
      8.98691,
      7.70819,
      -2.02317
    ],
    [
      8.81521,
      7.35488,
      -2.02317
    ],
    [
      8.6435,
      7.00157,
      -2.02317
    ],
    [
      8.4718,
      6.64826,
      -2.02317
    ],
    [
      8.30009,
      6.29495,
      -2.02317
    ],
    [
      8.17341,
      5.92575,
      -1.68384
    ],
    [
      8.22118,
      5.53951,
      -1.21165
    ],
    [
      8.52628,
      5.14805,
      -0.605823
    ],
    [
      9.0,
      5.0,
      0.0
    ]
  ]
}