{
  "robot": {
    "class": "RectangleRobot",
    "radius": 0.27885131715066674,
    "wheelbase": 0.4573363838937121,
    "max_velocity": 10.986049726646419,
    "max_steering_at_zero_v": 0.48408150388202686,
    "max_steering_at_max_v": 0.22306460639298542,
    "acceleration": 5,
    "width": 0.276806361008117,
    "lenght": 0.484159546856293
  },
  "planner": {
    "class": "Dubins_pathfinding",
    "start": [
      1.0,
      5.0
    ],
    "goal": [
      9.0,
      5.0
    ],
    "bounds": [
      0,
      10,
      0,
      10
    ],
    "max_runtime": 15.0,
    "goal_threshold": 0.0,
    "interpolate_steps": 50
  },
  "path": [
    [
      1.0,
      5.0,
      0.0
    ],
    [
      1.3602,
      4.92191,
      -0.426981
    ],
    [
      1.65571,
      4.70167,
      -0.853962
    ],
    [
      1.83349,
      4.37882,
      -1.28094
    ],
    [
      1.86161,
      4.01133,
      -1.70792
    ],
    [
      1.73502,
      3.66519,
      -2.13491
    ],
    [
      1.48202,
      3.39558,
      -2.41859
    ],
    [
      1.21224,
      3.14107,
      -2.24996
    ],
    [
      1.04674,
      2.81176,
      -1.82298
    ],
    [
      0.91187,
      2.48283,
      -1.9968
    ],
    [
      0.764747,
      2.15863,
      -1.9968
    ],
    [
      0.617609,
      1.83443,
      -2.00312
    ],
    [
      0.537747,
      1.45321,
      -1.55148
    ],
    [
      0.63227,
      1.07536,
      -1.09985
    ],
    [
      0.882225,
      0.776653,
      -0.648209
    ],
    [
      1.23749,
      0.616984,
      -0.196571
    ],
    [
      1.62915,
      0.60535,
      0.0242128
    ],
    [
      2.02186,
      0.61486,
      0.0242128
    ],
    [
      2.41457,
      0.624371,
      0.0242128
    ],
    [
      2.80727,
      0.633881,
      0.0242128
    ],
    [
      3.15642,
      0.630104,
      -0.0124956
    ],
    [
      3.50557,
      0.625741,
      -0.0124956
    ],
    [
      3.85472,
      0.621378,
      -0.0124956
    ],
    [
      4.20387,
      0.617015,
      -0.0124956
    ],
    [
      4.55302,
      0.612652,
      -0.0124956
    ],
    [
      4.90217,
      0.608289,
      -0.0124956
    ],
    [
      5.25132,
      0.603926,
      -0.0124956
    ],
    [
      5.60047,
      0.599563,
      -0.0124956
    ],
    [
      5.94962,
      0.5952,
      -0.0124956
    ],
    [
      6.34098,
      0.583793,
      -0.0294568
    ],
    [
      6.73234,
      0.572262,
      -0.0294568
    ],
    [
      7.1237,
      0.56073,
      -0.0294568
    ],
    [
      7.51506,
      0.549199,
      -0.0294568
    ],
    [
      7.90642,
      0.537667,
      -0.0294568
    ],
    [
      8.29778,
      0.526135,
      -0.0294568
    ],
    [
      8.68634,
      0.553941,
      0.272058
    ],
    [
      8.99513,
      0.711879,
      0.673514
    ],
    [
      9.21765,
      0.977922,
      1.07497
    ],
    [
      9.31852,
      1.30977,
      1.47643
    ],
    [
      9.2817,
      1.65464,
      1.87788
    ],
    [
      9.13317,
      1.97013,
      2.04595
    ],
    [
      8.97343,
      2.28063,
      2.04595
    ],
    [
      8.81369,
      2.59112,
      2.04595
    ],
    [
      8.65395,
      2.90162,
      2.04595
    ],
    [
      8.49421,
      3.21211,
      2.04595
    ],
    [
      8.27787,
      3.63263,
      2.04595
    ],
    [
      8.13181,
      4.07777,
      1.63114
    ],
    [
      8.22987,
      4.53447,
      1.08742
    ],
    [
      8.55005,
      4.87457,
      0.543712
    ],
    [
      9.0,
      5.0,
      0.0
    ]
  ]
}