{
  "robot": {
    "class": "RectangleRobot",
    "radius": 0.17300978775400894,
    "wheelbase": 0.35020940458218763,
    "max_velocity": 10.498988373946254,
    "max_steering_at_zero_v": 0.41102069113364126,
    "max_steering_at_max_v": 0.2547520891403928,
    "acceleration": 5,
    "width": 0.19058576479909456,
    "lenght": 0.2888020306207924
  },
  "planner": {
    "class": "Dubins_pathfinding",
    "start": [
      1.0,
      5.0
    ],
    "goal": [
      9.0,
      5.0
    ],
    "bounds": [
      0,
      10,
      0,
      10
    ],
    "max_runtime": 15.0,
    "goal_threshold": 0.0,
    "interpolate_steps": 50
  },
  "path": [
    [
      1.0,
      5.0,
      0.0
    ],
    [
      1.33829,
      4.92532,
      -0.434559
    ],
    [
      1.6137,
      4.71515,
      -0.869119
    ],
    [
      1.77502,
      4.40857,
      -1.30368
    ],
    [
      1.79228,
      4.06257,
      -1.73824
    ],
    [
      1.66449,
      3.7401,
      -2.09222
    ],
    [
      1.49056,
      3.43732,
      -2.09222
    ],
    [
      1.31663,
      3.13455,
      -2.09222
    ],
    [
      1.1427,
      2.83177,
      -2.09222
    ],
    [
      0.968767,
      2.529,
      -2.09222
    ],
    [
      0.857634,
      2.15541,
      -1.71272
    ],
    [
      0.802069,
      1.76653,
      -1.71272
    ],
    [
      0.749929,
      1.37728,
      -1.62009
    ],
    [
      0.825347,
      0.995736,
      -1.13121
    ],
    [
      1.07112,
      0.694309,
      -0.642326
    ],
    [
      1.42966,
      0.543612,
      -0.153447
    ],
    [
      1.81697,
      0.578953,
      0.335433
    ],
    [
      2.14232,
      0.79205,
      0.824312
    ],
    [
      2.45878,
      1.00199,
      0.347171
    ],
    [
      2.83653,
      1.04639,
      -0.0400977
    ],
    [
      3.21962,
      1.03102,
      -0.0400977
    ],
    [
      3.6027,
      1.01565,
      -0.0400977
    ],
    [
      3.98578,
      1.00028,
      -0.0400977
    ],
    [
      4.36742,
      1.01398,
      0.229335
    ],
    [
      4.7145,
      1.02328,
      -0.091888
    ],
    [
      5.0622,
      0.991235,
      -0.091888
    ],
    [
      5.4099,
      0.959195,
      -0.091888
    ],
    [
      5.75761,
      0.927155,
      -0.091888
    ],
    [
      6.10531,
      0.895115,
      -0.091888
    ],
    [
      6.45301,
      0.863075,
      -0.091888
    ],
    [
      6.80072,
      0.831035,
      -0.091888
    ],
    [
      7.14842,
      0.798995,
      -0.091888
    ],
    [
      7.49612,
      0.766955,
      -0.091888
    ],
    [
      7.85974,
      0.762073,
      -0.00511359
    ],
    [
      8.22346,
      0.760213,
      -0.00511359
    ],
    [
      8.5869,
      0.765555,
      0.128867
    ],
    [
      8.92501,
      0.890974,
      0.581533
    ],
    [
      9.17422,
      1.15164,
      1.0342
    ],
    [
      9.28471,
      1.49852,
      1.47519
    ],
    [
      9.31977,
      1.86406,
      1.47519
    ],
    [
      9.35483,
      2.22961,
      1.47519
    ],
    [
      9.38937,
      2.59519,
      1.51083
    ],
    [
      9.32831,
      2.95406,
      1.96785
    ],
    [
      9.11515,
      3.24916,
      2.42486
    ],
    [
      8.79365,
      3.41991,
      2.88187
    ],
    [
      8.40377,
      3.65783,
      2.3055
    ],
    [
      8.20653,
      4.06979,
      1.72912
    ],
    [
      8.26568,
      4.52269,
      1.15275
    ],
    [
      8.56209,
      4.87019,
      0.576375
    ],
    [
      9.0,
      5.0,
      0.0
    ]
  ]
}