{
  "robot": {
    "class": "RectangleRobot",
    "radius": 0.23719120878687647,
    "wheelbase": 0.39313588978226444,
    "max_velocity": 12.270096677380662,
    "max_steering_at_zero_v": 0.4969210606356622,
    "max_steering_at_max_v": 0.19049246801311542,
    "acceleration": 5,
    "width": 0.35281681372527995,
    "lenght": 0.317110349966474
  },
  "planner": {
    "class": "Dubins_pathfinding",
    "start": [
      1.0,
      5.0
    ],
    "goal": [
      9.0,
      5.0
    ],
    "bounds": [
      0,
      10,
      0,
      10
    ],
    "max_runtime": 15.0,
    "goal_threshold": 0.0,
    "interpolate_steps": 50
  },
  "path": [
    [
      1.0,
      5.0,
      0.0
    ],
    [
      1.39898,
      4.88033,
      -0.582813
    ],
    [
      1.70059,
      4.5861,
      -0.822003
    ],
    [
      1.97885,
      4.26893,
      -1.00492
    ],
    [
      2.089,
      3.94452,
      -1.48203
    ],
    [
      2.03787,
      3.60576,
      -1.95913
    ],
    [
      1.85071,
      3.3163,
      -2.2114
    ],
    [
      1.64399,
      3.03901,
      -2.2114
    ],
    [
      1.43727,
      2.76171,
      -2.2114
    ],
    [
      1.23056,
      2.48442,
      -2.2114
    ],
    [
      1.02384,
      2.20713,
      -2.2114
    ],
    [
      0.817024,
      1.92991,
      -2.23016
    ],
    [
      0.676684,
      1.61507,
      -1.75007
    ],
    [
      0.69762,
      1.27101,
      -1.26998
    ],
    [
      0.875097,
      0.975514,
      -0.789887
    ],
    [
      1.16899,
      0.795391,
      -0.309796
    ],
    [
      1.51344,
      0.761569,
      0.00566251
    ],
    [
      1.85985,
      0.783002,
      0.237962
    ],
    [
      2.19654,
      0.784466,
      -0.204594
    ],
    [
      2.5292,
      0.715441,
      -0.204594
    ],
    [
      2.86186,
      0.646415,
      -0.204594
    ],
    [
      3.19452,
      0.577389,
      -0.204594
    ],
    [
      3.52718,
      0.508364,
      -0.204594
    ],
    [
      3.86231,
      0.458698,
      0.0276304
    ],
    [
      4.25468,
      0.477507,
      0.0482933
    ],
    [
      4.64705,
      0.49647,
      0.0482933
    ],
    [
      5.03941,
      0.515433,
      0.0482933
    ],
    [
      5.43178,
      0.534397,
      0.0482933
    ],
    [
      5.82414,
      0.55336,
      0.0482933
    ],
    [
      6.21651,
      0.572324,
      0.0482933
    ],
    [
      6.60888,
      0.591287,
      0.0482933
    ],
    [
      7.00124,
      0.61025,
      0.0482933
    ],
    [
      7.36259,
      0.637607,
      0.0763497
    ],
    [
      7.72391,
      0.665248,
      0.0763497
    ],
    [
      8.08524,
      0.692889,
      0.0763497
    ],
    [
      8.43987,
      0.75677,
      0.39567
    ],
    [
      8.73365,
      0.98186,
      0.911908
    ],
    [
      8.90094,
      1.31517,
      1.1701
    ],
    [
      9.04691,
      1.65976,
      1.1701
    ],
    [
      9.19289,
      2.00435,
      1.1701
    ],
    [
      9.32153,
      2.3548,
      1.39491
    ],
    [
      9.29113,
      2.72364,
      1.91115
    ],
    [
      9.08263,
      3.02941,
      2.42739
    ],
    [
      8.75036,
      3.19241,
      2.94363
    ],
    [
      8.38438,
      3.38657,
      2.36405
    ],
    [
      8.1845,
      3.74946,
      1.78447
    ],
    [
      8.21347,
      4.16336,
      1.29049
    ],
    [
      8.33563,
      4.56512,
      1.15916
    ],
    [
      8.60298,
      4.88161,
      0.579579
    ],
    [
      9.0,
      5.0,
      0.0
    ]
  ]
}