{
  "robot": {
    "class": "RectangleRobot",
    "radius": 0.3332164020815638,
    "wheelbase": 0.28127272760145505,
    "max_velocity": 7.08160627041142,
    "max_steering_at_zero_v": 0.429078286094452,
    "max_steering_at_max_v": 0.16582239824186207,
    "acceleration": 5,
    "width": 0.22977256323322837,
    "lenght": 0.6255695418176637
  },
  "planner": {
    "class": "Dubins_pathfinding",
    "start": [
      1.0,
      5.0
    ],
    "goal": [
      9.0,
      5.0
    ],
    "bounds": [
      0,
      10,
      0,
      10
    ],
    "max_runtime": 15.0,
    "goal_threshold": 0.0,
    "interpolate_steps": 50
  },
  "path": [
    [
      1.0,
      5.0,
      0.0
    ],
    [
      1.3307,
      4.90348,
      -0.567955
    ],
    [
      1.55757,
      4.64422,
      -1.13591
    ],
    [
      1.60936,
      4.30364,
      -1.70386
    ],
    [
      1.48857,
      3.97783,
      -2.00612
    ],
    [
      1.34132,
      3.66122,
      -2.00612
    ],
    [
      1.19407,
      3.34461,
      -2.00612
    ],
    [
      1.04682,
      3.028,
      -2.00612
    ],
    [
      0.899569,
      2.71139,
      -2.00612
    ],
    [
      0.752319,
      2.39478,
      -2.00612
    ],
    [
      0.640131,
      2.06096,
      -1.88146
    ],
    [
      0.532425,
      1.72548,
      -1.88146
    ],
    [
      0.426032,
      1.38962,
      -1.81471
    ],
    [
      0.440845,
      1.0424,
      -1.24161
    ],
    [
      0.641566,
      0.758691,
      -0.668515
    ],
    [
      0.96091,
      0.629458,
      -0.10056
    ],
    [
      1.30996,
      0.6225,
      -0.0132161
    ],
    [
      1.6591,
      0.617886,
      -0.0132161
    ],
    [
      2.00825,
      0.613271,
      -0.0132161
    ],
    [
      2.35739,
      0.608657,
      -0.0132161
    ],
    [
      2.70654,
      0.604042,
      -0.0132161
    ],
    [
      3.05569,
      0.599427,
      -0.0132161
    ],
    [
      3.40483,
      0.594813,
      -0.0132161
    ],
    [
      3.75398,
      0.590198,
      -0.0132161
    ],
    [
      4.14631,
      0.595708,
      0.0146521
    ],
    [
      4.53865,
      0.601457,
      0.0146521
    ],
    [
      4.93098,
      0.607206,
      0.0146521
    ],
    [
      5.32332,
      0.612955,
      0.0146521
    ],
    [
      5.71566,
      0.618704,
      0.0146521
    ],
    [
      6.10799,
      0.624453,
      0.0146521
    ],
    [
      6.50033,
      0.630202,
      0.0146521
    ],
    [
      6.89266,
      0.636109,
      0.0373048
    ],
    [
      7.2574,
      0.654068,
      0.0493192
    ],
    [
      7.62214,
      0.672071,
      0.0493192
    ],
    [
      7.98688,
      0.690074,
      0.0493192
    ],
    [
      8.35162,
      0.708078,
      0.0493192
    ],
    [
      8.71105,
      0.759113,
      0.379723
    ],
    [
      8.99159,
      0.984458,
      0.973716
    ],
    [
      9.09792,
      1.3376,
      1.58298
    ],
    [
      9.04416,
      1.70801,
      1.73352
    ],
    [
      8.98347,
      2.07763,
      1.73352
    ],
    [
      8.92279,
      2.44726,
      1.73352
    ],
    [
      8.86211,
      2.81688,
      1.73352
    ],
    [
      8.77205,
      3.17845,
      2.04877
    ],
    [
      8.51199,
      3.43996,
      2.65803
    ],
    [
      8.23388,
      3.73945,
      1.98035
    ],
    [
      8.205,
      4.14714,
      1.30267
    ],
    [
      8.3814,
      4.52389,
      1.10376
    ],
    [
      8.61453,
      4.86415,
      0.677681
    ],
    [
      9.0,
      5.0,
      0.0
    ]
  ]
}