{
  "robot": {
    "class": "RectangleRobot",
    "radius": 0.24984163865565473,
    "wheelbase": 0.23850800042101936,
    "max_velocity": 8.47045134954901,
    "max_steering_at_zero_v": 0.47519368471510526,
    "max_steering_at_max_v": 0.22274926044091897,
    "acceleration": 5,
    "width": 0.286495533790022,
    "lenght": 0.40939429251388126
  },
  "planner": {
    "class": "Dubins_pathfinding",
    "start": [
      1.0,
      5.0
    ],
    "goal": [
      9.0,
      5.0
    ],
    "bounds": [
      0,
      10,
      0,
      10
    ],
    "max_runtime": 15.0,
    "goal_threshold": 0.0,
    "interpolate_steps": 50
  },
  "path": [
    [
      1.0,
      5.0,
      0.0
    ],
    [
      1.30782,
      5.11695,
      0.726202
    ],
    [
      1.46031,
      5.4088,
      1.4524
    ],
    [
      1.3959,
      5.73528,
      1.90844
    ],
    [
      1.28438,
      6.05291,
      1.90844
    ],
    [
      1.17287,
      6.37054,
      1.90844
    ],
    [
      1.06135,
      6.68817,
      1.90844
    ],
    [
      0.910307,
      6.98501,
      2.34859
    ],
    [
      0.777339,
      7.29301,
      1.60809
    ],
    [
      0.772279,
      7.63623,
      1.58518
    ],
    [
      0.767341,
      7.97946,
      1.58518
    ],
    [
      0.762403,
      8.32269,
      1.58518
    ],
    [
      0.756174,
      8.66587,
      1.65985
    ],
    [
      0.771886,
      8.92883,
      1.48396
    ],
    [
      0.859753,
      9.1738,
      0.942578
    ],
    [
      1.06562,
      9.33295,
      0.373609
    ],
    [
      1.36304,
      9.34684,
      -0.280291
    ],
    [
      1.63864,
      9.22135,
      -0.448999
    ],
    [
      1.91172,
      9.08978,
      -0.448999
    ],
    [
      2.18479,
      8.9582,
      -0.448999
    ],
    [
      2.45787,
      8.82663,
      -0.448999
    ],
    [
      2.73094,
      8.69506,
      -0.448999
    ],
    [
      2.99084,
      8.54239,
      -0.777066
    ],
    [
      3.14938,
      8.27395,
      -1.12819
    ],
    [
      3.28377,
      7.99038,
      -1.12819
    ],
    [
      3.41817,
      7.70682,
      -1.12819
    ],
    [
      3.55257,
      7.42326,
      -1.12819
    ],
    [
      3.68697,
      7.1397,
      -1.12819
    ],
    [
      3.82136,
      6.85614,
      -1.12819
    ],
    [
      3.95576,
      6.57258,
      -1.12819
    ],
    [
      4.1226,
      6.31023,
      -0.718317
    ],
    [
      4.40849,
      6.19609,
      -0.0413801
    ],
    [
      4.71694,
      6.23813,
      0.167973
    ],
    [
      5.02439,
      6.29026,
      0.167973
    ],
    [
      5.33184,
      6.3424,
      0.167973
    ],
    [
      5.63929,
      6.39453,
      0.167973
    ],
    [
      5.94674,
      6.44666,
      0.167973
    ],
    [
      6.25419,
      6.4988,
      0.167973
    ],
    [
      6.56164,
      6.55093,
      0.167973
    ],
    [
      6.8691,
      6.60307,
      0.167973
    ],
    [
      7.17612,
      6.65731,
      0.26428
    ],
    [
      7.42856,
      6.83025,
      0.93699
    ],
    [
      7.74372,
      7.01559,
      0.126235
    ],
    [
      8.09519,
      6.91485,
      -0.684519
    ],
    [
      8.32373,
      6.61804,
      -0.961962
    ],
    [
      8.53867,
      6.30974,
      -0.961962
    ],
    [
      8.61797,
      5.9528,
      -1.75742
    ],
    [
      8.54479,
      5.55123,
      -1.75105
    ],
    [
      8.64256,
      5.16839,
      -0.880535
    ],
    [
      9.0,
      5.0,
      0.0
    ]
  ]
}