{
  "robot": {
    "class": "RectangleRobot",
    "radius": 0.33008610047121173,
    "wheelbase": 0.2580779841949763,
    "max_velocity": 10.088609115516974,
    "max_steering_at_zero_v": 0.4652868834918663,
    "max_steering_at_max_v": 0.18463683798758193,
    "acceleration": 5,
    "width": 0.5851036925918368,
    "lenght": 0.30574663336259467
  },
  "planner": {
    "class": "Dubins_pathfinding",
    "start": [
      1.0,
      5.0
    ],
    "goal": [
      9.0,
      5.0
    ],
    "bounds": [
      0,
      10,
      0,
      10
    ],
    "max_runtime": 15.0,
    "goal_threshold": 0.0,
    "interpolate_steps": 50
  },
  "path": [
    [
      1.0,
      5.0,
      0.0
    ],
    [
      1.34706,
      5.13484,
      0.741169
    ],
    [
      1.51204,
      5.46863,
      1.48234
    ],
    [
      1.43544,
      5.83852,
      1.88294
    ],
    [
      1.31858,
      6.20115,
      1.85925
    ],
    [
      1.20446,
      6.54416,
      1.89275
    ],
    [
      1.09008,
      6.88708,
      1.89275
    ],
    [
      0.975691,
      7.23001,
      1.89275
    ],
    [
      0.861304,
      7.57294,
      1.89275
    ],
    [
      0.746917,
      7.91586,
      1.89275
    ],
    [
      0.612571,
      8.24989,
      2.18467
    ],
    [
      0.464229,
      8.62959,
      1.8882
    ],
    [
      0.41581,
      9.02884,
      1.32788
    ],
    [
      0.654127,
      9.34827,
      0.531737
    ],
    [
      0.9906,
      9.41859,
      -0.00885262
    ],
    [
      1.33976,
      9.4155,
      -0.00885262
    ],
    [
      1.68893,
      9.41241,
      -0.00885262
    ],
    [
      2.03809,
      9.40932,
      -0.00885262
    ],
    [
      2.38725,
      9.40623,
      -0.00885262
    ],
    [
      2.73641,
      9.40313,
      -0.00885262
    ],
    [
      3.08558,
      9.40004,
      -0.00885262
    ],
    [
      3.43474,
      9.39695,
      -0.00885262
    ],
    [
      3.7839,
      9.39386,
      -0.00885262
    ],
    [
      4.13199,
      9.40607,
      0.0365706
    ],
    [
      4.48006,
      9.4188,
      0.0365706
    ],
    [
      4.82814,
      9.43154,
      0.0365706
    ],
    [
      5.17622,
      9.44427,
      0.0365706
    ],
    [
      5.52429,
      9.45701,
      0.0365706
    ],
    [
      5.87237,
      9.46974,
      0.0365706
    ],
    [
      6.22044,
      9.48248,
      0.0365706
    ],
    [
      6.56852,
      9.49521,
      0.0365706
    ],
    [
      6.91661,
      9.50646,
      -0.0395565
    ],
    [
      7.25794,
      9.42408,
      -0.278386
    ],
    [
      7.59637,
      9.32735,
      -0.278386
    ],
    [
      7.93481,
      9.23062,
      -0.278386
    ],
    [
      8.27325,
      9.1339,
      -0.278386
    ],
    [
      8.61168,
      9.03717,
      -0.278386
    ],
    [
      8.94336,
      8.92293,
      -0.548876
    ],
    [
      9.15622,
      8.66559,
      -1.21057
    ],
    [
      9.1759,
      8.33007,
      -1.67481
    ],
    [
      9.14058,
      7.99177,
      -1.67481
    ],
    [
      9.10527,
      7.65347,
      -1.67481
    ],
    [
      9.06996,
      7.31517,
      -1.67481
    ],
    [
      9.03464,
      6.97687,
      -1.67481
    ],
    [
      8.99933,
      6.63857,
      -1.67481
    ],
    [
      8.89756,
      6.31918,
      -2.19523
    ],
    [
      8.66869,
      5.95427,
      -2.1283
    ],
    [
      8.48879,
      5.56803,
      -1.67601
    ],
    [
      8.6179,
      5.17018,
      -0.838004
    ],
    [
      9.0,
      5.0,
      0.0
    ]
  ]
}