{
  "robot": {
    "class": "RectangleRobot",
    "radius": 0.24584873904457952,
    "wheelbase": 0.24788000095364532,
    "max_velocity": 8.25143529971999,
    "max_steering_at_zero_v": 0.5231451000573621,
    "max_steering_at_max_v": 0.2210016784084457,
    "acceleration": 5,
    "width": 0.20526474051349347,
    "lenght": 0.44680286062330354
  },
  "planner": {
    "class": "Dubins_pathfinding",
    "start": [
      1.0,
      5.0
    ],
    "goal": [
      9.0,
      5.0
    ],
    "bounds": [
      0,
      10,
      0,
      10
    ],
    "max_runtime": 15.0,
    "goal_threshold": 0.0,
    "interpolate_steps": 50
  },
  "path": [
    [
      1.0,
      5.0,
      0.0
    ],
    [
      1.22878,
      5.06595,
      0.561334
    ],
    [
      1.38735,
      5.24357,
      1.12267
    ],
    [
      1.46424,
      5.47207,
      1.26397
    ],
    [
      1.53711,
      5.70206,
      1.26397
    ],
    [
      1.60998,
      5.93205,
      1.26397
    ],
    [
      1.6191,
      6.16999,
      1.813
    ],
    [
      1.5002,
      6.37628,
      2.37433
    ],
    [
      1.37988,
      6.58853,
      1.79873
    ],
    [
      1.39447,
      6.83208,
      1.22312
    ],
    [
      1.52376,
      7.04197,
      0.9576
    ],
    [
      1.66612,
      7.24429,
      0.9576
    ],
    [
      1.80849,
      7.44661,
      0.9576
    ],
    [
      1.95086,
      7.64892,
      0.9576
    ],
    [
      2.09323,
      7.85124,
      0.9576
    ],
    [
      2.26294,
      8.02795,
      0.539065
    ],
    [
      2.47719,
      8.08885,
      0.0148375
    ],
    [
      2.69486,
      8.03821,
      -0.368914
    ],
    [
      2.90501,
      7.95697,
      -0.368914
    ],
    [
      3.11495,
      7.87519,
      -0.420573
    ],
    [
      3.3075,
      7.70483,
      -1.02807
    ],
    [
      3.43276,
      7.47574,
      -1.07202
    ],
    [
      3.55765,
      7.24646,
      -1.07202
    ],
    [
      3.68255,
      7.01717,
      -1.07202
    ],
    [
      3.80744,
      6.78788,
      -1.07202
    ],
    [
      3.95161,
      6.57204,
      -0.740846
    ],
    [
      4.15513,
      6.43256,
      -0.577693
    ],
    [
      4.36203,
      6.29768,
      -0.577693
    ],
    [
      4.58863,
      6.20706,
      -0.101407
    ],
    [
      4.82803,
      6.25209,
      0.473233
    ],
    [
      5.06934,
      6.30337,
      0.0674409
    ],
    [
      5.31774,
      6.32015,
      0.0674409
    ],
    [
      5.56614,
      6.33693,
      0.0674409
    ],
    [
      5.81454,
      6.35371,
      0.0674409
    ],
    [
      6.06294,
      6.37048,
      0.0674409
    ],
    [
      6.31135,
      6.38726,
      0.0674409
    ],
    [
      6.55975,
      6.40404,
      0.0674409
    ],
    [
      6.80815,
      6.42082,
      0.0674409
    ],
    [
      7.05655,
      6.43759,
      0.0674409
    ],
    [
      7.30495,
      6.45437,
      0.0674409
    ],
    [
      7.53896,
      6.52906,
      0.596465
    ],
    [
      7.78918,
      6.60319,
      -0.0204676
    ],
    [
      8.03615,
      6.51889,
      -0.6374
    ],
    [
      8.18883,
      6.30724,
      -1.25433
    ],
    [
      8.19091,
      6.04628,
      -1.87126
    ],
    [
      8.08733,
      5.80258,
      -1.84248
    ],
    [
      8.09692,
      5.54179,
      -1.22555
    ],
    [
      8.25563,
      5.33462,
      -0.60862
    ],
    [
      8.6193,
      5.14265,
      -0.476595
    ],
    [
      9.0,
      5.0,
      0.0
    ]
  ]
}