{
  "robot": {
    "class": "RectangleRobot",
    "radius": 0.31648013741683895,
    "wheelbase": 0.2825550064893696,
    "max_velocity": 9.97827996373498,
    "max_steering_at_zero_v": 0.43236426304192715,
    "max_steering_at_max_v": 0.1657703185223023,
    "acceleration": 5,
    "width": 0.4366587535150669,
    "lenght": 0.45822248143908556
  },
  "planner": {
    "class": "Dubins_pathfinding",
    "start": [
      1.0,
      5.0
    ],
    "goal": [
      9.0,
      5.0
    ],
    "bounds": [
      0,
      10,
      0,
      10
    ],
    "max_runtime": 15.0,
    "goal_threshold": 0.0,
    "interpolate_steps": 50
  },
  "path": [
    [
      1.0,
      5.0,
      0.0
    ],
    [
      1.31329,
      4.91378,
      -0.537144
    ],
    [
      1.53834,
      4.67939,
      -1.07429
    ],
    [
      1.61177,
      4.36286,
      -1.61143
    ],
    [
      1.51985,
      4.04978,
      -1.98876
    ],
    [
      1.38636,
      3.74921,
      -1.98876
    ],
    [
      1.24782,
      3.45116,
      -2.12451
    ],
    [
      1.09513,
      3.10239,
      -1.96235
    ],
    [
      0.949706,
      2.75015,
      -1.96235
    ],
    [
      0.804276,
      2.39791,
      -1.96235
    ],
    [
      0.658847,
      2.04566,
      -1.96235
    ],
    [
      0.512712,
      1.69373,
      -2.01247
    ],
    [
      0.37861,
      1.38557,
      -1.96528
    ],
    [
      0.33887,
      1.05608,
      -1.41638
    ],
    [
      0.476878,
      0.754261,
      -0.867473
    ],
    [
      0.752088,
      0.568786,
      -0.318569
    ],
    [
      1.08364,
      0.554149,
      0.230335
    ],
    [
      1.43131,
      0.580957,
      0.0477697
    ],
    [
      1.78009,
      0.59763,
      0.0477697
    ],
    [
      2.12887,
      0.614304,
      0.0477697
    ],
    [
      2.47765,
      0.630978,
      0.0477697
    ],
    [
      2.82643,
      0.647651,
      0.0477697
    ],
    [
      3.1752,
      0.664325,
      0.0477697
    ],
    [
      3.52398,
      0.680999,
      0.0477697
    ],
    [
      3.87276,
      0.697673,
      0.0477697
    ],
    [
      4.22154,
      0.714346,
      0.0477697
    ],
    [
      4.61078,
      0.736615,
      0.0572177
    ],
    [
      5.00002,
      0.758911,
      0.0572177
    ],
    [
      5.38926,
      0.781206,
      0.0572177
    ],
    [
      5.7785,
      0.803498,
      0.05337
    ],
    [
      6.15247,
      0.828046,
      0.0656718
    ],
    [
      6.52643,
      0.85264,
      0.0656718
    ],
    [
      6.90039,
      0.877234,
      0.0656718
    ],
    [
      7.27435,
      0.901828,
      0.0656718
    ],
    [
      7.64832,
      0.926422,
      0.0656718
    ],
    [
      8.02228,
      0.951016,
      0.0656718
    ],
    [
      8.39635,
      0.969396,
      -0.0768524
    ],
    [
      8.73919,
      1.0438,
      0.504262
    ],
    [
      8.9849,
      1.29419,
      1.08538
    ],
    [
      9.0542,
      1.63843,
      1.59956
    ],
    [
      9.04397,
      1.99409,
      1.59956
    ],
    [
      9.03374,
      2.34974,
      1.59956
    ],
    [
      9.02351,
      2.70539,
      1.59956
    ],
    [
      9.01284,
      3.06103,
      1.63747
    ],
    [
      8.89016,
      3.3897,
      2.21858
    ],
    [
      8.62699,
      3.74083,
      2.21396
    ],
    [
      8.39405,
      4.1097,
      1.87506
    ],
    [
      8.40179,
      4.51839,
      1.34434
    ],
    [
      8.61602,
      4.86463,
      0.677872
    ],
    [
      9.0,
      5.0,
      0.0
    ]
  ]
}