{
  "robot": {
    "class": "RectangleRobot",
    "radius": 0.3207533828305088,
    "wheelbase": 0.30855620056715105,
    "max_velocity": 7.3208411230476775,
    "max_steering_at_zero_v": 0.5091575203352964,
    "max_steering_at_max_v": 0.18990342949302202,
    "acceleration": 5,
    "width": 0.5128476185121009,
    "lenght": 0.38538065672180066
  },
  "planner": {
    "class": "Dubins_pathfinding",
    "start": [
      1.0,
      5.0
    ],
    "goal": [
      9.0,
      5.0
    ],
    "bounds": [
      0,
      10,
      0,
      10
    ],
    "max_runtime": 15.0,
    "goal_threshold": 0.0,
    "interpolate_steps": 50
  },
  "path": [
    [
      1.0,
      5.0,
      0.0
    ],
    [
      1.35534,
      5.12936,
      0.698271
    ],
    [
      1.54435,
      5.45689,
      1.39654
    ],
    [
      1.48401,
      5.83175,
      1.94748
    ],
    [
      1.34204,
      6.19064,
      1.94748
    ],
    [
      1.20008,
      6.54953,
      1.94748
    ],
    [
      1.0587,
      6.90864,
      1.89954
    ],
    [
      0.967677,
      7.24014,
      1.83548
    ],
    [
      0.877739,
      7.57195,
      1.83548
    ],
    [
      0.787801,
      7.90377,
      1.83548
    ],
    [
      0.697863,
      8.23559,
      1.83548
    ],
    [
      0.603906,
      8.56614,
      1.95899
    ],
    [
      0.579093,
      8.90865,
      1.32724
    ],
    [
      0.761334,
      9.1997,
      0.6955
    ],
    [
      1.08028,
      9.32695,
      0.0637548
    ],
    [
      1.42943,
      9.32584,
      -0.00715776
    ],
    [
      1.7786,
      9.32334,
      -0.00715776
    ],
    [
      2.12776,
      9.32084,
      -0.00715776
    ],
    [
      2.47693,
      9.31834,
      -0.00715776
    ],
    [
      2.8261,
      9.31584,
      -0.00715776
    ],
    [
      3.17526,
      9.31334,
      -0.00715776
    ],
    [
      3.52438,
      9.30744,
      -0.0169855
    ],
    [
      3.8735,
      9.30151,
      -0.0169855
    ],
    [
      4.22262,
      9.29558,
      -0.0169855
    ],
    [
      4.57174,
      9.28965,
      -0.0169855
    ],
    [
      4.92086,
      9.28372,
      -0.0169855
    ],
    [
      5.26998,
      9.27779,
      -0.0169855
    ],
    [
      5.6191,
      9.27186,
      -0.0169855
    ],
    [
      5.96822,
      9.26593,
      -0.0169855
    ],
    [
      6.31734,
      9.26,
      -0.0186601
    ],
    [
      6.69719,
      9.2458,
      -0.0376254
    ],
    [
      7.07705,
      9.2315,
      -0.0376254
    ],
    [
      7.45691,
      9.2172,
      -0.0376254
    ],
    [
      7.83676,
      9.2029,
      -0.0376254
    ],
    [
      8.21662,
      9.1886,
      -0.0376254
    ],
    [
      8.59648,
      9.1743,
      -0.0376254
    ],
    [
      8.97633,
      9.16,
      -0.0376254
    ],
    [
      9.32584,
      9.03046,
      -0.698287
    ],
    [
      9.50727,
      8.73891,
      -1.33003
    ],
    [
      9.48158,
      8.39644,
      -1.94401
    ],
    [
      9.35427,
      8.0713,
      -1.94401
    ],
    [
      9.22696,
      7.74617,
      -1.94401
    ],
    [
      9.09964,
      7.42103,
      -1.94401
    ],
    [
      8.97233,
      7.09589,
      -1.94401
    ],
    [
      8.84502,
      6.77075,
      -1.94401
    ],
    [
      8.7177,
      6.44561,
      -1.94401
    ],
    [
      8.59039,
      6.12047,
      -1.94401
    ],
    [
      8.45669,
      5.65426,
      -1.75555
    ],
    [
      8.57478,
      5.19961,
      -0.877776
    ],
    [
      9.0,
      5.0,
      0.0
    ]
  ]
}