{
  "robot": {
    "class": "RectangleRobot",
    "radius": 0.18547356498676285,
    "wheelbase": 0.26328517943053514,
    "max_velocity": 7.522050182215541,
    "max_steering_at_zero_v": 0.3894199921842345,
    "max_steering_at_max_v": 0.18141727611192002,
    "acceleration": 5,
    "width": 0.13066153515010187,
    "lenght": 0.34717335218564005
  },
  "planner": {
    "class": "Dubins_pathfinding",
    "start": [
      1.0,
      5.0
    ],
    "goal": [
      9.0,
      5.0
    ],
    "bounds": [
      0,
      10,
      0,
      10
    ],
    "max_runtime": 15.0,
    "goal_threshold": 0.0,
    "interpolate_steps": 50
  },
  "path": [
    [
      1.0,
      5.0,
      0.0
    ],
    [
      1.27491,
      5.06188,
      0.442826
    ],
    [
      1.49678,
      5.23559,
      0.885652
    ],
    [
      1.62282,
      5.48762,
      1.32848
    ],
    [
      1.66654,
      5.76825,
      1.42729
    ],
    [
      1.71422,
      6.04806,
      1.27757
    ],
    [
      1.75859,
      6.34621,
      1.45736
    ],
    [
      1.79276,
      6.64616,
      1.45736
    ],
    [
      1.82693,
      6.94611,
      1.45736
    ],
    [
      1.8611,
      7.24605,
      1.45736
    ],
    [
      1.91538,
      7.54197,
      1.2043
    ],
    [
      2.08471,
      7.78853,
      0.733756
    ],
    [
      2.34742,
      7.93153,
      0.263214
    ],
    [
      2.64641,
      7.93989,
      -0.207328
    ],
    [
      2.93618,
      7.94584,
      0.248357
    ],
    [
      3.19743,
      8.07344,
      0.56258
    ],
    [
      3.44473,
      8.22937,
      0.56258
    ],
    [
      3.69203,
      8.3853,
      0.56258
    ],
    [
      3.93932,
      8.54123,
      0.56258
    ],
    [
      4.18984,
      8.69147,
      0.419738
    ],
    [
      4.45711,
      8.89044,
      0.734922
    ],
    [
      4.70567,
      9.11509,
      0.734922
    ],
    [
      4.95422,
      9.33973,
      0.734922
    ],
    [
      5.20277,
      9.56438,
      0.732829
    ],
    [
      5.49783,
      9.7149,
      0.210626
    ],
    [
      5.809,
      9.70515,
      -0.224903
    ],
    [
      6.11535,
      9.63507,
      -0.224903
    ],
    [
      6.42169,
      9.56499,
      -0.224903
    ],
    [
      6.72804,
      9.4949,
      -0.224903
    ],
    [
      7.03438,
      9.42482,
      -0.224903
    ],
    [
      7.34072,
      9.35474,
      -0.224903
    ],
    [
      7.64707,
      9.28465,
      -0.224903
    ],
    [
      7.95341,
      9.21457,
      -0.224903
    ],
    [
      8.25976,
      9.14449,
      -0.224903
    ],
    [
      8.5661,
      9.0744,
      -0.224903
    ],
    [
      8.83533,
      8.94054,
      -0.697947
    ],
    [
      9.014,
      8.69871,
      -1.17099
    ],
    [
      9.06315,
      8.40203,
      -1.61462
    ],
    [
      9.04986,
      8.09883,
      -1.61462
    ],
    [
      9.03656,
      7.79563,
      -1.61462
    ],
    [
      9.02326,
      7.49243,
      -1.61462
    ],
    [
      9.00997,
      7.18924,
      -1.61462
    ],
    [
      8.99525,
      6.88613,
      -1.68128
    ],
    [
      8.893,
      6.60338,
      -2.15432
    ],
    [
      8.67316,
      6.39827,
      -2.62736
    ],
    [
      8.4165,
      6.1298,
      -2.04004
    ],
    [
      8.35042,
      5.76399,
      -1.51393
    ],
    [
      8.40812,
      5.39401,
      -1.17466
    ],
    [
      8.64448,
      5.10751,
      -0.58733
    ],
    [
      9.0,
      5.0,
      0.0
    ]
  ]
}