{
  "robot": {
    "class": "RectangleRobot",
    "radius": 0.3767998916128468,
    "wheelbase": 0.3562771408033898,
    "max_velocity": 12.526475549894617,
    "max_steering_at_zero_v": 0.4538071420122709,
    "max_steering_at_max_v": 0.20780875413551755,
    "acceleration": 5,
    "width": 0.30033811598712373,
    "lenght": 0.6911654283622102
  },
  "planner": {
    "class": "Dubins_pathfinding",
    "start": [
      1.0,
      5.0
    ],
    "goal": [
      9.0,
      5.0
    ],
    "bounds": [
      0,
      10,
      0,
      10
    ],
    "max_runtime": 15.0,
    "goal_threshold": 0.0,
    "interpolate_steps": 50
  },
  "path": [
    [
      1.0,
      5.0,
      0.0
    ],
    [
      1.33603,
      5.08188,
      0.478038
    ],
    [
      1.59672,
      5.30917,
      0.956076
    ],
    [
      1.72362,
      5.63091,
      1.43411
    ],
    [
      1.68829,
      5.97496,
      1.91215
    ],
    [
      1.55461,
      6.29751,
      1.96684
    ],
    [
      1.4199,
      6.61966,
      1.96684
    ],
    [
      1.2852,
      6.94181,
      1.96684
    ],
    [
      1.1505,
      7.26396,
      1.96684
    ],
    [
      1.0158,
      7.58611,
      1.96684
    ],
    [
      0.846795,
      7.91958,
      2.04599
    ],
    [
      0.675729,
      8.25206,
      2.04599
    ],
    [
      0.523469,
      8.59241,
      1.80954
    ],
    [
      0.52983,
      8.96219,
      1.29765
    ],
    [
      0.716507,
      9.28146,
      0.785752
    ],
    [
      1.03564,
      9.46836,
      0.273856
    ],
    [
      1.43091,
      9.47628,
      -0.126869
    ],
    [
      1.82657,
      9.42581,
      -0.126869
    ],
    [
      2.2229,
      9.38427,
      0.029729
    ],
    [
      2.57136,
      9.36356,
      -0.0696879
    ],
    [
      2.91969,
      9.33925,
      -0.0696879
    ],
    [
      3.26802,
      9.31494,
      -0.0696879
    ],
    [
      3.61635,
      9.29062,
      -0.0696879
    ],
    [
      3.96467,
      9.26631,
      -0.0696879
    ],
    [
      4.313,
      9.24199,
      -0.0696879
    ],
    [
      4.66133,
      9.21768,
      -0.0696879
    ],
    [
      5.00966,
      9.19337,
      -0.0696879
    ],
    [
      5.35799,
      9.16905,
      -0.0696879
    ],
    [
      5.7064,
      9.16485,
      -0.00808719
    ],
    [
      6.05486,
      9.16203,
      -0.00808719
    ],
    [
      6.40331,
      9.15921,
      -0.00808719
    ],
    [
      6.75176,
      9.1564,
      -0.00808719
    ],
    [
      7.10021,
      9.15358,
      -0.00808719
    ],
    [
      7.44867,
      9.15076,
      -0.00808719
    ],
    [
      7.79712,
      9.14794,
      -0.00808719
    ],
    [
      8.14557,
      9.14512,
      -0.00808719
    ],
    [
      8.49393,
      9.13958,
      -0.0945577
    ],
    [
      8.84034,
      9.01323,
      -0.604893
    ],
    [
      9.0809,
      8.73378,
      -1.11523
    ],
    [
      9.1543,
      8.37242,
      -1.62556
    ],
    [
      9.12369,
      8.00092,
      -1.65378
    ],
    [
      9.09279,
      7.62943,
      -1.65378
    ],
    [
      9.06189,
      7.25795,
      -1.65378
    ],
    [
      8.97809,
      6.89782,
      -2.03949
    ],
    [
      8.73389,
      6.62154,
      -2.54982
    ],
    [
      8.46151,
      6.28854,
      -2.03137
    ],
    [
      8.28722,
      5.89007,
      -1.79112
    ],
    [
      8.32078,
      5.46173,
      -1.19408
    ],
    [
      8.58935,
      5.12636,
      -0.59704
    ],
    [
      9.0,
      5.0,
      0.0
    ]
  ]
}