{
  "robot": {
    "class": "RectangleRobot",
    "radius": 0.2603865335015939,
    "wheelbase": 0.26639670328701276,
    "max_velocity": 11.89658245450359,
    "max_steering_at_zero_v": 0.44498119400941905,
    "max_steering_at_max_v": 0.17758771351390265,
    "acceleration": 5,
    "width": 0.32705433722033944,
    "lenght": 0.4052654041751791
  },
  "planner": {
    "class": "Dubins_pathfinding",
    "start": [
      1.0,
      5.0
    ],
    "goal": [
      9.0,
      5.0
    ],
    "bounds": [
      0,
      10,
      0,
      10
    ],
    "max_runtime": 15.0,
    "goal_threshold": 0.0,
    "interpolate_steps": 50
  },
  "path": [
    [
      1.0,
      5.0,
      0.0
    ],
    [
      1.32895,
      5.10712,
      0.629638
    ],
    [
      1.53174,
      5.3874,
      1.25928
    ],
    [
      1.53746,
      5.73483,
      1.73032
    ],
    [
      1.48159,
      6.0821,
      1.73032
    ],
    [
      1.42571,
      6.42936,
      1.73032
    ],
    [
      1.36984,
      6.77663,
      1.73032
    ],
    [
      1.31397,
      7.12389,
      1.73032
    ],
    [
      1.25662,
      7.47088,
      1.80357
    ],
    [
      1.1468,
      7.76868,
      1.99698
    ],
    [
      0.942436,
      8.00622,
      2.56555
    ],
    [
      0.717982,
      8.29444,
      1.89936
    ],
    [
      0.703949,
      8.66257,
      1.47225
    ],
    [
      0.742214,
      9.0327,
      1.39505
    ],
    [
      0.920178,
      9.35173,
      0.728862
    ],
    [
      1.25725,
      9.49256,
      0.0626733
    ],
    [
      1.62836,
      9.52535,
      0.08863
    ],
    [
      1.99947,
      9.55833,
      0.08863
    ],
    [
      2.37057,
      9.59131,
      0.08863
    ],
    [
      2.74168,
      9.62428,
      0.08863
    ],
    [
      3.1128,
      9.65703,
      0.0597711
    ],
    [
      3.46489,
      9.55818,
      -0.607165
    ],
    [
      3.78769,
      9.44558,
      -0.204703
    ],
    [
      4.12545,
      9.37546,
      -0.204703
    ],
    [
      4.46322,
      9.30533,
      -0.204703
    ],
    [
      4.80099,
      9.23521,
      -0.204703
    ],
    [
      5.13876,
      9.16508,
      -0.204703
    ],
    [
      5.47653,
      9.09496,
      -0.204703
    ],
    [
      5.81429,
      9.02483,
      -0.204703
    ],
    [
      6.15502,
      9.01574,
      0.264432
    ],
    [
      6.48983,
      9.04942,
      0.0685049
    ],
    [
      6.82607,
      9.07249,
      0.0685049
    ],
    [
      7.16231,
      9.09556,
      0.0685049
    ],
    [
      7.49855,
      9.11863,
      0.0685049
    ],
    [
      7.83479,
      9.1417,
      0.0685049
    ],
    [
      8.17103,
      9.16477,
      0.0685049
    ],
    [
      8.50675,
      9.16645,
      -0.208572
    ],
    [
      8.82432,
      8.97259,
      -0.887572
    ],
    [
      8.97021,
      8.62616,
      -1.29297
    ],
    [
      9.07424,
      8.2614,
      -1.29297
    ],
    [
      9.17827,
      7.89664,
      -1.29297
    ],
    [
      9.2823,
      7.53188,
      -1.29297
    ],
    [
      9.38633,
      7.16712,
      -1.29297
    ],
    [
      9.43987,
      6.79549,
      -1.72116
    ],
    [
      9.26481,
      6.46719,
      -2.40016
    ],
    [
      8.92422,
      6.20395,
      -2.48868
    ],
    [
      8.58794,
      5.93581,
      -2.31204
    ],
    [
      8.44162,
      5.54218,
      -1.54136
    ],
    [
      8.61085,
      5.15785,
      -0.77068
    ],
    [
      9.0,
      5.0,
      0.0
    ]
  ]
}