{
  "robot": {
    "class": "RectangleRobot",
    "radius": 0.2925892578345875,
    "wheelbase": 0.3728266532395349,
    "max_velocity": 12.020159627325818,
    "max_steering_at_zero_v": 0.4693782330092543,
    "max_steering_at_max_v": 0.1787176890487873,
    "acceleration": 5,
    "width": 0.5144762566314222,
    "lenght": 0.2788334208148262
  },
  "planner": {
    "class": "Dubins_pathfinding",
    "start": [
      1.0,
      5.0
    ],
    "goal": [
      9.0,
      5.0
    ],
    "bounds": [
      0,
      10,
      0,
      10
    ],
    "max_runtime": 15.0,
    "goal_threshold": 0.0,
    "interpolate_steps": 50
  },
  "path": [
    [
      1.0,
      5.0,
      0.0
    ],
    [
      1.36354,
      4.90381,
      -0.517323
    ],
    [
      1.63194,
      4.64042,
      -1.03465
    ],
    [
      1.73552,
      4.27877,
      -1.51295
    ],
    [
      1.7575,
      3.89913,
      -1.51295
    ],
    [
      1.70094,
      3.52712,
      -1.97773
    ],
    [
      1.53292,
      3.22117,
      -2.08514
    ],
    [
      1.36114,
      2.91717,
      -2.08514
    ],
    [
      1.18936,
      2.61318,
      -2.08514
    ],
    [
      1.01758,
      2.30918,
      -2.08514
    ],
    [
      0.845795,
      2.00518,
      -2.08514
    ],
    [
      0.679124,
      1.69857,
      -1.96015
    ],
    [
      0.6268,
      1.35664,
      -1.48514
    ],
    [
      0.736647,
      1.02865,
      -1.01013
    ],
    [
      0.984341,
      0.787199,
      -0.53512
    ],
    [
      1.35496,
      0.684451,
      -0.00576308
    ],
    [
      1.7438,
      0.699195,
      0.0398654
    ],
    [
      2.13261,
      0.714703,
      0.0398654
    ],
    [
      2.52143,
      0.730212,
      0.0398654
    ],
    [
      2.91025,
      0.74572,
      0.0398654
    ],
    [
      3.29906,
      0.761229,
      0.0398654
    ],
    [
      3.68788,
      0.776738,
      0.0398654
    ],
    [
      4.07644,
      0.795805,
      0.138404
    ],
    [
      4.44444,
      0.806761,
      0.0144442
    ],
    [
      4.81276,
      0.812082,
      0.0144442
    ],
    [
      5.18107,
      0.817402,
      0.0144442
    ],
    [
      5.54939,
      0.822723,
      0.0144442
    ],
    [
      5.91754,
      0.831531,
      0.111927
    ],
    [
      6.27614,
      0.835382,
      -0.00271644
    ],
    [
      6.63491,
      0.834408,
      -0.00271644
    ],
    [
      6.99368,
      0.833433,
      -0.00271644
    ],
    [
      7.35245,
      0.832459,
      -0.00271644
    ],
    [
      7.71122,
      0.831484,
      -0.00271644
    ],
    [
      8.06999,
      0.830509,
      -0.00271644
    ],
    [
      8.42874,
      0.830581,
      0.0506285
    ],
    [
      8.76865,
      0.933742,
      0.538691
    ],
    [
      9.02089,
      1.18489,
      1.02777
    ],
    [
      9.12556,
      1.5251,
      1.51685
    ],
    [
      9.10984,
      1.88413,
      1.62692
    ],
    [
      9.01199,
      2.22641,
      2.09327
    ],
    [
      8.76497,
      2.48269,
      2.58235
    ],
    [
      8.4265,
      2.59286,
      3.07144
    ],
    [
      8.08,
      2.70814,
      2.56941
    ],
    [
      7.83173,
      2.97592,
      2.06739
    ],
    [
      7.74295,
      3.33014,
      1.56537
    ],
    [
      7.83557,
      3.68337,
      1.06335
    ],
    [
      8.06103,
      4.08884,
      1.06335
    ],
    [
      8.28648,
      4.49432,
      1.06335
    ],
    [
      8.56625,
      4.85839,
      0.631136
    ],
    [
      9.0,
      5.0,
      0.0
    ]
  ]
}