{
  "robot": {
    "class": "RectangleRobot",
    "radius": 0.30838381439302864,
    "wheelbase": 0.4815309186800053,
    "max_velocity": 11.744488596334833,
    "max_steering_at_zero_v": 0.5017120745888131,
    "max_steering_at_max_v": 0.23153296667917972,
    "acceleration": 5,
    "width": 0.5321711981613215,
    "lenght": 0.3117629287871143
  },
  "planner": {
    "class": "Dubins_pathfinding",
    "start": [
      1.0,
      5.0
    ],
    "goal": [
      9.0,
      5.0
    ],
    "bounds": [
      0,
      10,
      0,
      10
    ],
    "max_runtime": 15.0,
    "goal_threshold": 0.0,
    "interpolate_steps": 50
  },
  "path": [
    [
      1.0,
      5.0,
      0.0
    ],
    [
      1.37984,
      4.91357,
      -0.447478
    ],
    [
      1.68489,
      4.67129,
      -0.894956
    ],
    [
      1.85507,
      4.32087,
      -1.34243
    ],
    [
      1.85687,
      3.93132,
      -1.78991
    ],
    [
      1.68994,
      3.57935,
      -2.23739
    ],
    [
      1.38715,
      3.33426,
      -2.68487
    ],
    [
      1.04689,
      3.14239,
      -2.42375
    ],
    [
      0.81764,
      2.82744,
      -1.97627
    ],
    [
      0.636601,
      2.42095,
      -1.98998
    ],
    [
      0.453469,
      2.01545,
      -2.06131
    ],
    [
      0.353734,
      1.68322,
      -1.66355
    ],
    [
      0.390477,
      1.33829,
      -1.2658
    ],
    [
      0.55796,
      1.03453,
      -0.868037
    ],
    [
      0.830032,
      0.819347,
      -0.470279
    ],
    [
      1.16397,
      0.724273,
      -0.141659
    ],
    [
      1.50964,
      0.674974,
      -0.141659
    ],
    [
      1.85532,
      0.625676,
      -0.141659
    ],
    [
      2.201,
      0.576377,
      -0.141659
    ],
    [
      2.54668,
      0.527078,
      -0.141659
    ],
    [
      2.93891,
      0.527824,
      0.0378883
    ],
    [
      3.33145,
      0.542704,
      0.0378883
    ],
    [
      3.72399,
      0.557584,
      0.0378883
    ],
    [
      4.11654,
      0.572464,
      0.0378883
    ],
    [
      4.50908,
      0.587343,
      0.0378883
    ],
    [
      4.90162,
      0.602223,
      0.0378883
    ],
    [
      5.29416,
      0.617103,
      0.0378883
    ],
    [
      5.6867,
      0.631983,
      0.0378883
    ],
    [
      6.03198,
      0.601008,
      -0.121625
    ],
    [
      6.37649,
      0.558899,
      -0.121625
    ],
    [
      6.721,
      0.51679,
      -0.121625
    ],
    [
      7.06551,
      0.474681,
      -0.121625
    ],
    [
      7.41002,
      0.432572,
      -0.121625
    ],
    [
      7.75454,
      0.390462,
      -0.121625
    ],
    [
      8.09919,
      0.349748,
      -0.0650947
    ],
    [
      8.44099,
      0.395334,
      0.330271
    ],
    [
      8.77067,
      0.598705,
      0.775191
    ],
    [
      8.98073,
      0.924168,
      1.22011
    ],
    [
      9.03064,
      1.30838,
      1.63557
    ],
    [
      9.00536,
      1.69814,
      1.63557
    ],
    [
      8.98008,
      2.0879,
      1.63557
    ],
    [
      8.9508,
      2.47727,
      1.73129
    ],
    [
      8.80605,
      2.83657,
      2.17621
    ],
    [
      8.57841,
      3.17537,
      2.16223
    ],
    [
      8.35083,
      3.51421,
      2.16223
    ],
    [
      8.15856,
      3.87191,
      1.85985
    ],
    [
      8.13569,
      4.27577,
      1.39489
    ],
    [
      8.29633,
      4.64701,
      0.929924
    ],
    [
      8.60638,
      4.90681,
      0.464962
    ],
    [
      9.0,
      5.0,
      0.0
    ]
  ]
}