{
  "robot": {
    "class": "RectangleRobot",
    "radius": 0.26047884762535806,
    "wheelbase": 0.40204150043912856,
    "max_velocity": 7.848854982678086,
    "max_steering_at_zero_v": 0.48515750360010185,
    "max_steering_at_max_v": 0.21476390513222604,
    "acceleration": 5,
    "width": 0.2979845913488563,
    "lenght": 0.4273196737333692
  },
  "planner": {
    "class": "Dubins_pathfinding",
    "start": [
      1.0,
      5.0
    ],
    "goal": [
      9.0,
      5.0
    ],
    "bounds": [
      0,
      10,
      0,
      10
    ],
    "max_runtime": 15.0,
    "goal_threshold": 0.0,
    "interpolate_steps": 50
  },
  "path": [
    [
      1.0,
      5.0,
      0.0
    ],
    [
      1.3371,
      4.92145,
      -0.457863
    ],
    [
      1.60476,
      4.70198,
      -0.915727
    ],
    [
      1.74784,
      4.3868,
      -1.37359
    ],
    [
      1.73686,
      4.04084,
      -1.83145
    ],
    [
      1.58182,
      3.72992,
      -2.13177
    ],
    [
      1.39605,
      3.43426,
      -2.13177
    ],
    [
      1.21029,
      3.1386,
      -2.13177
    ],
    [
      1.02452,
      2.84294,
      -2.13177
    ],
    [
      0.838756,
      2.54728,
      -2.13177
    ],
    [
      0.726277,
      2.22337,
      -1.67829
    ],
    [
      0.716061,
      1.87776,
      -1.59217
    ],
    [
      0.708668,
      1.532,
      -1.59217
    ],
    [
      0.723598,
      1.18757,
      -1.34981
    ],
    [
      0.872038,
      0.878489,
      -0.896326
    ],
    [
      1.14088,
      0.665677,
      -0.442842
    ],
    [
      1.47913,
      0.592198,
      0.0150211
    ],
    [
      1.82704,
      0.621301,
      0.0895127
    ],
    [
      2.17482,
      0.652515,
      0.0895127
    ],
    [
      2.5226,
      0.683729,
      0.0895127
    ],
    [
      2.87038,
      0.714943,
      0.0895127
    ],
    [
      3.21816,
      0.746157,
      0.0895127
    ],
    [
      3.56593,
      0.777371,
      0.0895127
    ],
    [
      3.91371,
      0.808585,
      0.0895127
    ],
    [
      4.26149,
      0.839799,
      0.0895127
    ],
    [
      4.61051,
      0.831632,
      -0.0423631
    ],
    [
      4.95955,
      0.816837,
      -0.0423631
    ],
    [
      5.30858,
      0.802042,
      -0.0423631
    ],
    [
      5.65762,
      0.787247,
      -0.0423631
    ],
    [
      6.00665,
      0.772452,
      -0.0423631
    ],
    [
      6.35568,
      0.757657,
      -0.0423631
    ],
    [
      6.70472,
      0.742862,
      -0.0423631
    ],
    [
      7.05376,
      0.728312,
      -0.0170124
    ],
    [
      7.42447,
      0.784397,
      0.196243
    ],
    [
      7.79302,
      0.857665,
      0.196243
    ],
    [
      8.16158,
      0.930934,
      0.196243
    ],
    [
      8.52978,
      1.00577,
      0.261097
    ],
    [
      8.83332,
      1.16705,
      0.715724
    ],
    [
      9.03521,
      1.44525,
      1.17035
    ],
    [
      9.10761,
      1.78292,
      1.43864
    ],
    [
      9.1533,
      2.1266,
      1.43864
    ],
    [
      9.19899,
      2.47029,
      1.43864
    ],
    [
      9.19042,
      2.81431,
      1.81658
    ],
    [
      9.03381,
      3.12028,
      2.27121
    ],
    [
      8.75873,
      3.3264,
      2.72584
    ],
    [
      8.41709,
      3.62463,
      2.12205
    ],
    [
      8.25934,
      4.05569,
      1.81136
    ],
    [
      8.28714,
      4.50833,
      1.20757
    ],
    [
      8.56701,
      4.86516,
      0.603786
    ],
    [
      9.0,
      5.0,
      0.0
    ]
  ]
}