{
  "robot": {
    "class": "RectangleRobot",
    "radius": 0.4417112786167874,
    "wheelbase": 0.28920740877067175,
    "max_velocity": 10.008518756929,
    "max_steering_at_zero_v": 0.472157127131031,
    "max_steering_at_max_v": 0.23007613036658267,
    "acceleration": 5,
    "width": 0.5556091057787109,
    "lenght": 0.6868288987840347
  },
  "planner": {
    "class": "Dubins_pathfinding",
    "start": [
      1.0,
      5.0
    ],
    "goal": [
      9.0,
      5.0
    ],
    "bounds": [
      0,
      10,
      0,
      10
    ],
    "max_runtime": 15.0,
    "goal_threshold": 0.0,
    "interpolate_steps": 50
  },
  "path": [
    [
      1.0,
      5.0,
      0.0
    ],
    [
      1.32747,
      4.89572,
      -0.616576
    ],
    [
      1.53434,
      4.62129,
      -1.23315
    ],
    [
      1.54443,
      4.27776,
      -1.84973
    ],
    [
      1.42444,
      3.94989,
      -1.92639
    ],
    [
      1.30287,
      3.62256,
      -1.92639
    ],
    [
      1.1813,
      3.29523,
      -1.92639
    ],
    [
      1.05974,
      2.9679,
      -1.92639
    ],
    [
      0.938172,
      2.64057,
      -1.92639
    ],
    [
      0.766002,
      2.34132,
      -2.37978
    ],
    [
      0.592746,
      1.98415,
      -1.69524
    ],
    [
      0.542417,
      1.58181,
      -1.69524
    ],
    [
      0.492087,
      1.17947,
      -1.69524
    ],
    [
      0.568353,
      0.789827,
      -1.02066
    ],
    [
      0.881231,
      0.545663,
      -0.304667
    ],
    [
      1.22775,
      0.520169,
      0.00334078
    ],
    [
      1.57692,
      0.521336,
      0.00334078
    ],
    [
      1.9261,
      0.522502,
      0.00334078
    ],
    [
      2.27527,
      0.523669,
      0.00334078
    ],
    [
      2.62445,
      0.524835,
      0.00334078
    ],
    [
      2.97362,
      0.526002,
      0.00334078
    ],
    [
      3.32279,
      0.527168,
      0.00334078
    ],
    [
      3.67197,
      0.528335,
      0.00334078
    ],
    [
      4.02114,
      0.529501,
      0.00334078
    ],
    [
      4.39549,
      0.540443,
      0.0297482
    ],
    [
      4.76983,
      0.551582,
      0.0297482
    ],
    [
      5.14416,
      0.562721,
      0.0297482
    ],
    [
      5.5185,
      0.573861,
      0.0297482
    ],
    [
      5.89284,
      0.585,
      0.0297482
    ],
    [
      6.26718,
      0.596139,
      0.0297482
    ],
    [
      6.64153,
      0.606381,
      -0.0265546
    ],
    [
      6.99815,
      0.62145,
      0.0464583
    ],
    [
      7.35473,
      0.638028,
      0.0464583
    ],
    [
      7.71131,
      0.654606,
      0.0464583
    ],
    [
      8.0679,
      0.671185,
      0.0464583
    ],
    [
      8.42327,
      0.663887,
      -0.244446
    ],
    [
      8.76165,
      0.684045,
      0.363446
    ],
    [
      9.02815,
      0.893676,
      0.938451
    ],
    [
      9.23162,
      1.17137,
      0.938451
    ],
    [
      9.42477,
      1.45558,
      1.1462
    ],
    [
      9.46557,
      1.7921,
      1.7541
    ],
    [
      9.30686,
      2.09163,
      2.36199
    ],
    [
      9.1194,
      2.4088,
      2.01046
    ],
    [
      8.96155,
      2.7444,
      2.01046
    ],
    [
      8.8037,
      3.07999,
      2.01046
    ],
    [
      8.64584,
      3.41559,
      2.01046
    ],
    [
      8.48799,
      3.75119,
      2.01046
    ],
    [
      8.33994,
      4.09065,
      1.81745
    ],
    [
      8.49127,
      4.68352,
      1.07448
    ],
    [
      9.0,
      5.0,
      0.0
    ]
  ]
}