{
  "robot": {
    "class": "RectangleRobot",
    "radius": 0.23536746762609378,
    "wheelbase": 0.4043869150252013,
    "max_velocity": 9.013046936714115,
    "max_steering_at_zero_v": 0.3934609516261913,
    "max_steering_at_max_v": 0.24279898117048354,
    "acceleration": 5,
    "width": 0.38740417924289283,
    "lenght": 0.26741238036415177
  },
  "planner": {
    "class": "Dubins_pathfinding",
    "start": [
      1.0,
      5.0
    ],
    "goal": [
      9.0,
      5.0
    ],
    "bounds": [
      0,
      10,
      0,
      10
    ],
    "max_runtime": 15.0,
    "goal_threshold": 0.0,
    "interpolate_steps": 50
  },
  "path": [
    [
      1.0,
      5.0,
      0.0
    ],
    [
      1.38226,
      5.07813,
      0.403236
    ],
    [
      1.70321,
      5.3,
      0.806473
    ],
    [
      1.91135,
      5.63001,
      1.20971
    ],
    [
      1.97331,
      6.01522,
      1.61295
    ],
    [
      1.87914,
      6.39386,
      2.01618
    ],
    [
      1.65528,
      6.71532,
      2.2426
    ],
    [
      1.41079,
      7.02279,
      2.2426
    ],
    [
      1.16892,
      7.33222,
      2.16046
    ],
    [
      0.968673,
      7.67014,
      2.10144
    ],
    [
      0.76987,
      8.00894,
      2.10144
    ],
    [
      0.597773,
      8.36059,
      1.85457
    ],
    [
      0.565756,
      8.74945,
      1.45133
    ],
    [
      0.68889,
      9.11967,
      1.0481
    ],
    [
      0.947425,
      9.41189,
      0.644859
    ],
    [
      1.29989,
      9.57922,
      0.241623
    ],
    [
      1.68974,
      9.59482,
      -0.161614
    ],
    [
      2.06934,
      9.53064,
      -0.167537
    ],
    [
      2.44893,
      9.46645,
      -0.167537
    ],
    [
      2.82852,
      9.40225,
      -0.167537
    ],
    [
      3.20811,
      9.33805,
      -0.167537
    ],
    [
      3.5877,
      9.27386,
      -0.167537
    ],
    [
      3.96729,
      9.20966,
      -0.167537
    ],
    [
      4.34688,
      9.14546,
      -0.167537
    ],
    [
      4.72681,
      9.08366,
      -0.0970891
    ],
    [
      5.11221,
      9.05316,
      -0.0785376
    ],
    [
      5.49762,
      9.02283,
      -0.0785376
    ],
    [
      5.88303,
      8.99249,
      -0.0785376
    ],
    [
      6.26849,
      8.9628,
      -0.0422353
    ],
    [
      6.65652,
      9.01423,
      0.211595
    ],
    [
      7.04058,
      9.09673,
      0.211595
    ],
    [
      7.42464,
      9.17923,
      0.211595
    ],
    [
      7.80871,
      9.26173,
      0.211595
    ],
    [
      8.19277,
      9.34423,
      0.211595
    ],
    [
      8.57683,
      9.42673,
      0.211595
    ],
    [
      8.96697,
      9.4316,
      -0.189137
    ],
    [
      9.32773,
      9.28299,
      -0.592373
    ],
    [
      9.60124,
      9.00474,
      -0.995609
    ],
    [
      9.74362,
      8.64148,
      -1.39885
    ],
    [
      9.73205,
      8.25148,
      -1.80208
    ],
    [
      9.56837,
      7.89731,
      -2.20532
    ],
    [
      9.29598,
      7.615,
      -2.37326
    ],
    [
      9.01351,
      7.34201,
      -2.37326
    ],
    [
      8.73105,
      7.06902,
      -2.37326
    ],
    [
      8.44858,
      6.79604,
      -2.37326
    ],
    [
      8.13199,
      6.41643,
      -2.04202
    ],
    [
      8.02658,
      5.93592,
      -1.53151
    ],
    [
      8.16938,
      5.46516,
      -1.02101
    ],
    [
      8.524,
      5.12421,
      -0.510504
    ],
    [
      9.0,
      5.0,
      0.0
    ]
  ]
}