{
  "robot": {
    "class": "RectangleRobot",
    "radius": 0.25143930640828016,
    "wheelbase": 0.26918530469174284,
    "max_velocity": 9.445685525892712,
    "max_steering_at_zero_v": 0.35262157707803554,
    "max_steering_at_max_v": 0.24566055546541016,
    "acceleration": 5,
    "width": 0.20796103942100277,
    "lenght": 0.4578636317848843
  },
  "planner": {
    "class": "Dubins_pathfinding",
    "start": [
      1.0,
      5.0
    ],
    "goal": [
      9.0,
      5.0
    ],
    "bounds": [
      0,
      10,
      0,
      10
    ],
    "max_runtime": 15.0,
    "goal_threshold": 0.0,
    "interpolate_steps": 50
  },
  "path": [
    [
      1.0,
      5.0,
      0.0
    ],
    [
      1.37421,
      5.10297,
      0.537027
    ],
    [
      1.64307,
      5.38288,
      1.07405
    ],
    [
      1.73088,
      5.76094,
      1.61108
    ],
    [
      1.62147,
      6.13503,
      1.98619
    ],
    [
      1.46295,
      6.49445,
      1.98619
    ],
    [
      1.30442,
      6.85386,
      1.98619
    ],
    [
      1.1459,
      7.21328,
      1.98619
    ],
    [
      0.987372,
      7.5727,
      1.98619
    ],
    [
      0.807819,
      7.92205,
      2.04925
    ],
    [
      0.626961,
      8.27076,
      2.04925
    ],
    [
      0.469713,
      8.62919,
      1.78479
    ],
    [
      0.490864,
      9.01673,
      1.24776
    ],
    [
      0.707298,
      9.3389,
      0.710734
    ],
    [
      1.05808,
      9.505,
      0.173706
    ],
    [
      1.44446,
      9.46826,
      -0.363321
    ],
    [
      1.75765,
      9.23902,
      -0.900348
    ],
    [
      2.07084,
      9.00979,
      -0.363321
    ],
    [
      2.45776,
      8.96679,
      0.042619
    ],
    [
      2.85023,
      8.98353,
      0.042619
    ],
    [
      3.24269,
      9.00026,
      0.042619
    ],
    [
      3.63516,
      9.017,
      0.042619
    ],
    [
      4.02763,
      9.03374,
      0.042619
    ],
    [
      4.42009,
      9.05047,
      0.042619
    ],
    [
      4.81256,
      9.06721,
      0.042619
    ],
    [
      5.16151,
      9.07981,
      0.0360376
    ],
    [
      5.51046,
      9.09239,
      0.0360376
    ],
    [
      5.85941,
      9.10497,
      0.0360376
    ],
    [
      6.20836,
      9.11755,
      0.0360376
    ],
    [
      6.55731,
      9.13013,
      0.0360376
    ],
    [
      6.90626,
      9.14271,
      0.0360376
    ],
    [
      7.25521,
      9.15529,
      0.0360376
    ],
    [
      7.60416,
      9.16787,
      0.0360376
    ],
    [
      7.95311,
      9.18045,
      0.0360376
    ],
    [
      8.34453,
      9.12458,
      -0.188064
    ],
    [
      8.73388,
      9.05048,
      -0.188064
    ],
    [
      9.12293,
      8.97497,
      -0.250805
    ],
    [
      9.46235,
      8.77986,
      -0.792635
    ],
    [
      9.65253,
      8.43765,
      -1.33447
    ],
    [
      9.63899,
      8.04638,
      -1.8763
    ],
    [
      9.45396,
      7.72791,
      -2.20126
    ],
    [
      9.23555,
      7.42865,
      -2.20126
    ],
    [
      9.01714,
      7.12939,
      -2.20126
    ],
    [
      8.79873,
      6.83012,
      -2.20126
    ],
    [
      8.5524,
      6.55624,
      -2.52292
    ],
    [
      8.29859,
      6.23481,
      -1.95543
    ],
    [
      8.25496,
      5.82703,
      -1.46901
    ],
    [
      8.3369,
      5.42268,
      -1.13497
    ],
    [
      8.60682,
      5.11466,
      -0.567485
    ],
    [
      9.0,
      5.0,
      0.0
    ]
  ]
}