{
  "robot": {
    "class": "RectangleRobot",
    "radius": 0.3676443671876174,
    "wheelbase": 0.40804346940680614,
    "max_velocity": 9.409570915418755,
    "max_steering_at_zero_v": 0.48109104825023385,
    "max_steering_at_max_v": 0.1583199017139562,
    "acceleration": 5,
    "width": 0.6908033018419559,
    "lenght": 0.2518736212138661
  },
  "planner": {
    "class": "Dubins_pathfinding",
    "start": [
      1.0,
      5.0
    ],
    "goal": [
      9.0,
      5.0
    ],
    "bounds": [
      0,
      10,
      0,
      10
    ],
    "max_runtime": 15.0,
    "goal_threshold": 0.0,
    "interpolate_steps": 50
  },
  "path": [
    [
      1.0,
      5.0,
      0.0
    ],
    [
      1.3765,
      5.09664,
      0.502528
    ],
    [
      1.6599,
      5.36267,
      1.00506
    ],
    [
      1.78013,
      5.73231,
      1.50758
    ],
    [
      1.70747,
      6.11416,
      2.01011
    ],
    [
      1.47718,
      6.43078,
      2.26336
    ],
    [
      1.22636,
      6.73311,
      2.26336
    ],
    [
      0.97554,
      7.03543,
      2.26336
    ],
    [
      0.75692,
      7.3592,
      1.94829
    ],
    [
      0.642755,
      7.71402,
      1.87672
    ],
    [
      0.530485,
      8.0695,
      1.87672
    ],
    [
      0.418939,
      8.42519,
      1.83272
    ],
    [
      0.410268,
      8.79434,
      1.35583
    ],
    [
      0.572015,
      9.12629,
      0.878946
    ],
    [
      0.868085,
      9.34696,
      0.402058
    ],
    [
      1.23241,
      9.40711,
      -0.0748306
    ],
    [
      1.62518,
      9.40336,
      -0.00465722
    ],
    [
      2.018,
      9.40153,
      -0.00465722
    ],
    [
      2.41082,
      9.3997,
      -0.00465722
    ],
    [
      2.80363,
      9.39787,
      -0.00465722
    ],
    [
      3.19645,
      9.39604,
      -0.00465722
    ],
    [
      3.58927,
      9.39421,
      -0.00465722
    ],
    [
      3.98209,
      9.39238,
      -0.00465722
    ],
    [
      4.37491,
      9.39055,
      -0.00465722
    ],
    [
      4.76765,
      9.39864,
      0.0212655
    ],
    [
      5.16038,
      9.40699,
      0.0212655
    ],
    [
      5.55312,
      9.41535,
      0.0212655
    ],
    [
      5.94585,
      9.4237,
      0.0212655
    ],
    [
      6.33859,
      9.43205,
      0.0212655
    ],
    [
      6.73132,
      9.4404,
      0.0212655
    ],
    [
      7.12406,
      9.44876,
      0.0212655
    ],
    [
      7.51679,
      9.45711,
      0.0212655
    ],
    [
      7.90187,
      9.46004,
      0.00742066
    ],
    [
      8.28695,
      9.4629,
      0.00742066
    ],
    [
      8.67203,
      9.46576,
      0.00742066
    ],
    [
      9.05263,
      9.42555,
      -0.325933
    ],
    [
      9.3731,
      9.21911,
      -0.818569
    ],
    [
      9.55784,
      8.88566,
      -1.3112
    ],
    [
      9.57039,
      8.53961,
      -1.7579
    ],
    [
      9.43827,
      8.21842,
      -2.06998
    ],
    [
      9.27112,
      7.91186,
      -2.06998
    ],
    [
      9.10396,
      7.60529,
      -2.06998
    ],
    [
      8.93681,
      7.29872,
      -2.06998
    ],
    [
      8.76966,
      6.99215,
      -2.06998
    ],
    [
      8.6025,
      6.68559,
      -2.06998
    ],
    [
      8.43535,
      6.37902,
      -2.06998
    ],
    [
      8.27337,
      6.06989,
      -1.94839
    ],
    [
      8.24702,
      5.57178,
      -1.29893
    ],
    [
      8.52726,
      5.15915,
      -0.649463
    ],
    [
      9.0,
      5.0,
      0.0
    ]
  ]
}