{
  "robot": {
    "class": "RectangleRobot",
    "radius": 0.225734508290586,
    "wheelbase": 0.4323462309621455,
    "max_velocity": 10.138587053973348,
    "max_steering_at_zero_v": 0.39459331346453896,
    "max_steering_at_max_v": 0.16502387424243264,
    "acceleration": 5,
    "width": 0.36146063298158404,
    "lenght": 0.270500432046463
  },
  "planner": {
    "class": "Dubins_pathfinding",
    "start": [
      1.0,
      5.0
    ],
    "goal": [
      9.0,
      5.0
    ],
    "bounds": [
      0,
      10,
      0,
      10
    ],
    "max_runtime": 15.0,
    "goal_threshold": 0.0,
    "interpolate_steps": 50
  },
  "path": [
    [
      1.0,
      5.0,
      0.0
    ],
    [
      1.38352,
      4.92657,
      -0.378366
    ],
    [
      1.71278,
      4.71666,
      -0.756732
    ],
    [
      1.94122,
      4.39996,
      -1.1351
    ],
    [
      2.0365,
      4.02128,
      -1.51346
    ],
    [
      1.98517,
      3.63419,
      -1.89183
    ],
    [
      1.81228,
      3.28214,
      -2.06852
    ],
    [
      1.62474,
      2.93698,
      -2.06852
    ],
    [
      1.4372,
      2.59182,
      -2.06852
    ],
    [
      1.22251,
      2.31853,
      -2.40484
    ],
    [
      0.963779,
      2.0852,
      -2.26965
    ],
    [
      0.787883,
      1.78546,
      -1.93332
    ],
    [
      0.720759,
      1.44447,
      -1.597
    ],
    [
      0.76993,
      1.10044,
      -1.26067
    ],
    [
      0.929885,
      0.791904,
      -0.924347
    ],
    [
      1.1827,
      0.553444,
      -0.588022
    ],
    [
      1.50005,
      0.411778,
      -0.251696
    ],
    [
      1.84637,
      0.382782,
      0.0846294
    ],
    [
      2.23908,
      0.388951,
      0.00793951
    ],
    [
      2.63189,
      0.39207,
      0.00793951
    ],
    [
      3.0247,
      0.395189,
      0.00793951
    ],
    [
      3.41751,
      0.398307,
      0.00793951
    ],
    [
      3.81032,
      0.401426,
      0.00793951
    ],
    [
      4.20313,
      0.404545,
      0.00793951
    ],
    [
      4.59594,
      0.407664,
      0.00793951
    ],
    [
      4.98876,
      0.410783,
      0.00793951
    ],
    [
      5.33924,
      0.450314,
      0.136679
    ],
    [
      5.68891,
      0.498407,
      0.136679
    ],
    [
      6.03859,
      0.5465,
      0.136679
    ],
    [
      6.38827,
      0.594593,
      0.136679
    ],
    [
      6.73794,
      0.642686,
      0.136679
    ],
    [
      7.08762,
      0.69078,
      0.136679
    ],
    [
      7.4373,
      0.738873,
      0.136679
    ],
    [
      7.78821,
      0.771212,
      -0.0378729
    ],
    [
      8.13456,
      0.73023,
      -0.0296192
    ],
    [
      8.47876,
      0.778225,
      0.306706
    ],
    [
      8.78784,
      0.937124,
      0.643032
    ],
    [
      9.02716,
      1.18912,
      0.979357
    ],
    [
      9.16991,
      1.50599,
      1.31568
    ],
    [
      9.20009,
      1.85221,
      1.65201
    ],
    [
      9.11432,
      2.18899,
      1.98833
    ],
    [
      8.92221,
      2.4786,
      2.32466
    ],
    [
      8.64529,
      2.68858,
      2.66098
    ],
    [
      8.30418,
      2.97381,
      2.22935
    ],
    [
      8.10719,
      3.37357,
      1.91215
    ],
    [
      7.97435,
      3.80076,
      1.72653
    ],
    [
      8.00106,
      4.24461,
      1.29489
    ],
    [
      8.21099,
      4.63659,
      0.863263
    ],
    [
      8.56566,
      4.90478,
      0.431631
    ],
    [
      9.0,
      5.0,
      0.0
    ]
  ]
}