{
  "robot": {
    "class": "RectangleRobot",
    "radius": 0.3222380744930019,
    "wheelbase": 0.23498209901691666,
    "max_velocity": 12.210613073548613,
    "max_steering_at_zero_v": 0.5164674461101877,
    "max_steering_at_max_v": 0.238638156643944,
    "acceleration": 5,
    "width": 0.5433787030863506,
    "lenght": 0.3465387303664994
  },
  "planner": {
    "class": "Dubins_pathfinding",
    "start": [
      1.0,
      5.0
    ],
    "goal": [
      9.0,
      5.0
    ],
    "bounds": [
      0,
      10,
      0,
      10
    ],
    "max_runtime": 15.0,
    "goal_threshold": 0.0,
    "interpolate_steps": 50
  },
  "path": [
    [
      1.0,
      5.0,
      0.0
    ],
    [
      1.33647,
      5.17294,
      0.949544
    ],
    [
      1.39401,
      5.54781,
      1.79142
    ],
    [
      1.30802,
      5.9312,
      1.79142
    ],
    [
      1.22204,
      6.31458,
      1.79142
    ],
    [
      1.12718,
      6.69531,
      2.00319
    ],
    [
      1.03755,
      7.00371,
      1.83557
    ],
    [
      0.953434,
      7.31395,
      1.83557
    ],
    [
      0.869318,
      7.62418,
      1.83557
    ],
    [
      0.785202,
      7.93442,
      1.83557
    ],
    [
      0.666252,
      8.22961,
      2.26492
    ],
    [
      0.550277,
      8.58307,
      1.73426
    ],
    [
      0.488798,
      8.95583,
      1.73426
    ],
    [
      0.527777,
      9.32151,
      1.03177
    ],
    [
      0.833866,
      9.51999,
      0.118765
    ],
    [
      1.18276,
      9.5131,
      -0.0334588
    ],
    [
      1.53174,
      9.50142,
      -0.0334588
    ],
    [
      1.88073,
      9.48974,
      -0.0334588
    ],
    [
      2.22971,
      9.47806,
      -0.0334588
    ],
    [
      2.57869,
      9.46638,
      -0.0334588
    ],
    [
      2.92767,
      9.4547,
      -0.0334588
    ],
    [
      3.27665,
      9.44302,
      -0.0334588
    ],
    [
      3.62563,
      9.43133,
      -0.0334588
    ],
    [
      3.97461,
      9.41965,
      -0.0334588
    ],
    [
      4.34925,
      9.40724,
      -0.0331356
    ],
    [
      4.7239,
      9.39482,
      -0.0331356
    ],
    [
      5.09854,
      9.3824,
      -0.0331356
    ],
    [
      5.47318,
      9.36998,
      -0.0331356
    ],
    [
      5.84783,
      9.35756,
      -0.0331356
    ],
    [
      6.22247,
      9.34514,
      -0.0331356
    ],
    [
      6.59712,
      9.33272,
      -0.0331356
    ],
    [
      6.97176,
      9.32036,
      -0.0173692
    ],
    [
      7.37501,
      9.30645,
      -0.0346225
    ],
    [
      7.77825,
      9.29248,
      -0.0346225
    ],
    [
      8.16272,
      9.37371,
      0.654729
    ],
    [
      8.48101,
      9.45393,
      -0.160956
    ],
    [
      8.75757,
      9.27713,
      -0.976641
    ],
    [
      8.91104,
      8.97667,
      -1.10935
    ],
    [
      9.06131,
      8.67446,
      -1.10935
    ],
    [
      9.21159,
      8.37224,
      -1.10935
    ],
    [
      9.32618,
      8.05822,
      -1.53669
    ],
    [
      9.25313,
      7.72091,
      -1.83814
    ],
    [
      9.16159,
      7.38671,
      -1.83814
    ],
    [
      9.07006,
      7.05251,
      -1.83814
    ],
    [
      8.97852,
      6.71831,
      -1.83814
    ],
    [
      8.88698,
      6.38411,
      -1.83814
    ],
    [
      8.79544,
      6.0499,
      -1.83814
    ],
    [
      8.69325,
      5.71954,
      -2.07229
    ],
    [
      8.6171,
      5.25691,
      -1.18194
    ],
    [
      9.0,
      5.0,
      0.0
    ]
  ]
}