{
  "robot": {
    "class": "RectangleRobot",
    "radius": 0.12219163559480124,
    "wheelbase": 0.25259255215144305,
    "max_velocity": 11.165765202105028,
    "max_steering_at_zero_v": 0.45073328926746814,
    "max_steering_at_max_v": 0.15757257815822182,
    "acceleration": 5,
    "width": 0.10182690906593245,
    "lenght": 0.22215864562831922
  },
  "planner": {
    "class": "Dubins_pathfinding",
    "start": [
      1.0,
      5.0
    ],
    "goal": [
      9.0,
      5.0
    ],
    "bounds": [
      0,
      10,
      0,
      10
    ],
    "max_runtime": 15.0,
    "goal_threshold": 0.0,
    "interpolate_steps": 50
  },
  "path": [
    [
      1.0,
      5.0,
      0.0
    ],
    [
      1.25101,
      5.06432,
      0.501711
    ],
    [
      1.44015,
      5.24143,
      1.00342
    ],
    [
      1.5208,
      5.48768,
      1.50513
    ],
    [
      1.48328,
      5.74554,
      1.8045
    ],
    [
      1.42264,
      6.00027,
      1.8045
    ],
    [
      1.362,
      6.25501,
      1.8045
    ],
    [
      1.27159,
      6.49889,
      2.15356
    ],
    [
      1.18735,
      6.74156,
      1.65627
    ],
    [
      1.22908,
      6.99504,
      1.15898
    ],
    [
      1.38668,
      7.1979,
      0.661685
    ],
    [
      1.60093,
      7.34436,
      0.595175
    ],
    [
      1.81585,
      7.48988,
      0.595175
    ],
    [
      2.03077,
      7.63539,
      0.595175
    ],
    [
      2.24569,
      7.78091,
      0.595175
    ],
    [
      2.46076,
      7.92621,
      0.563468
    ],
    [
      2.7001,
      8.0054,
      0.0756279
    ],
    [
      2.94863,
      7.96318,
      -0.412212
    ],
    [
      3.14849,
      7.80946,
      -0.87804
    ],
    [
      3.3111,
      7.61354,
      -0.87804
    ],
    [
      3.47371,
      7.41761,
      -0.87804
    ],
    [
      3.63633,
      7.22169,
      -0.87804
    ],
    [
      3.79894,
      7.02576,
      -0.87804
    ],
    [
      3.96156,
      6.82984,
      -0.87804
    ],
    [
      4.12417,
      6.63391,
      -0.87804
    ],
    [
      4.28679,
      6.43798,
      -0.87804
    ],
    [
      4.45283,
      6.24517,
      -0.74481
    ],
    [
      4.67396,
      6.12411,
      -0.25697
    ],
    [
      4.94438,
      6.10853,
      0.0115288
    ],
    [
      5.21626,
      6.11166,
      0.0115288
    ],
    [
      5.48815,
      6.1148,
      0.0115288
    ],
    [
      5.76003,
      6.11793,
      0.0115288
    ],
    [
      6.0319,
      6.12158,
      0.0561662
    ],
    [
      6.28737,
      6.2053,
      0.577121
    ],
    [
      6.46729,
      6.40505,
      1.09808
    ],
    [
      6.52392,
      6.66786,
      1.61903
    ],
    [
      6.5775,
      6.92459,
      1.1111
    ],
    [
      6.74918,
      7.12285,
      0.603167
    ],
    [
      6.99561,
      7.21258,
      0.0952358
    ],
    [
      7.25458,
      7.17113,
      -0.412696
    ],
    [
      7.46069,
      7.00895,
      -0.920627
    ],
    [
      7.58145,
      6.77371,
      -1.14684
    ],
    [
      7.69051,
      6.53207,
      -1.14684
    ],
    [
      7.79957,
      6.29044,
      -1.14684
    ],
    [
      7.90862,
      6.04881,
      -1.14684
    ],
    [
      7.97539,
      5.7947,
      -1.55885
    ],
    [
      8.09048,
      5.47395,
      -0.893735
    ],
    [
      8.37089,
      5.27416,
      -0.506678
    ],
    [
      8.67442,
      5.1057,
      -0.506678
    ],
    [
      9.0,
      5.0,
      0.0
    ]
  ]
}