{
  "robot": {
    "class": "RectangleRobot",
    "radius": 0.3285022217222264,
    "wheelbase": 0.35850745394438716,
    "max_velocity": 10.904142067248209,
    "max_steering_at_zero_v": 0.48732764696539377,
    "max_steering_at_max_v": 0.22703329705156017,
    "acceleration": 5,
    "width": 0.567750152449929,
    "lenght": 0.33062758974235273
  },
  "planner": {
    "class": "Dubins_pathfinding",
    "start": [
      1.0,
      5.0
    ],
    "goal": [
      9.0,
      5.0
    ],
    "bounds": [
      0,
      10,
      0,
      10
    ],
    "max_runtime": 15.0,
    "goal_threshold": 0.0,
    "interpolate_steps": 50
  },
  "path": [
    [
      1.0,
      5.0,
      0.0
    ],
    [
      1.35727,
      5.10204,
      0.556403
    ],
    [
      1.60676,
      5.37738,
      1.11281
    ],
    [
      1.67321,
      5.74295,
      1.66921
    ],
    [
      1.57227,
      6.10473,
      1.88445
    ],
    [
      1.45614,
      6.46276,
      1.88445
    ],
    [
      1.34,
      6.82079,
      1.88445
    ],
    [
      1.22559,
      7.17933,
      1.81169
    ],
    [
      1.08775,
      7.48311,
      2.05804
    ],
    [
      0.931071,
      7.7788,
      2.05804
    ],
    [
      0.774395,
      8.0745,
      2.05804
    ],
    [
      0.612434,
      8.36708,
      2.19274
    ],
    [
      0.487548,
      8.7121,
      1.64345
    ],
    [
      0.519403,
      9.08026,
      1.25979
    ],
    [
      0.722219,
      9.38604,
      0.710505
    ],
    [
      1.05484,
      9.54096,
      0.161217
    ],
    [
      1.41941,
      9.49943,
      -0.388072
    ],
    [
      1.75838,
      9.42864,
      -0.151365
    ],
    [
      2.10167,
      9.37628,
      -0.151365
    ],
    [
      2.44496,
      9.32392,
      -0.151365
    ],
    [
      2.78825,
      9.27156,
      -0.151365
    ],
    [
      3.13288,
      9.26384,
      0.212706
    ],
    [
      3.51134,
      9.33626,
      0.188562
    ],
    [
      3.88984,
      9.40849,
      0.188562
    ],
    [
      4.26833,
      9.48072,
      0.188562
    ],
    [
      4.64683,
      9.55295,
      0.188562
    ],
    [
      5.02671,
      9.53414,
      -0.332234
    ],
    [
      5.40631,
      9.49853,
      0.00891171
    ],
    [
      5.79001,
      9.50195,
      0.00891171
    ],
    [
      6.17371,
      9.50537,
      0.00891171
    ],
    [
      6.55741,
      9.50879,
      0.00891171
    ],
    [
      6.94112,
      9.51221,
      0.00891171
    ],
    [
      7.32482,
      9.51563,
      0.00891171
    ],
    [
      7.70846,
      9.52079,
      0.0807452
    ],
    [
      8.036,
      9.46884,
      -0.318184
    ],
    [
      8.35367,
      9.36421,
      -0.318184
    ],
    [
      8.67134,
      9.25957,
      -0.318184
    ],
    [
      8.97801,
      9.12987,
      -0.602983
    ],
    [
      9.19646,
      8.88111,
      -1.09739
    ],
    [
      9.26687,
      8.49931,
      -1.67948
    ],
    [
      9.13525,
      8.13056,
      -2.00388
    ],
    [
      8.96999,
      7.77315,
      -2.00388
    ],
    [
      8.80474,
      7.41573,
      -2.00388
    ],
    [
      8.63949,
      7.05831,
      -2.00388
    ],
    [
      8.40131,
      6.75123,
      -2.51759
    ],
    [
      8.1458,
      6.38698,
      -1.84741
    ],
    [
      8.17162,
      5.94273,
      -1.2016
    ],
    [
      8.33523,
      5.51991,
      -1.2016
    ],
    [
      8.57982,
      5.14632,
      -0.670187
    ],
    [
      9.0,
      5.0,
      0.0
    ]
  ]
}