{
  "robot": {
    "class": "RectangleRobot",
    "radius": 0.30380037750654665,
    "wheelbase": 0.2959486841708368,
    "max_velocity": 9.673267147239107,
    "max_steering_at_zero_v": 0.350793381455859,
    "max_steering_at_max_v": 0.2074021030277201,
    "acceleration": 5,
    "width": 0.35305650330888194,
    "lenght": 0.4944995277690227
  },
  "planner": {
    "class": "Dubins_pathfinding",
    "start": [
      1.0,
      5.0
    ],
    "goal": [
      9.0,
      5.0
    ],
    "bounds": [
      0,
      10,
      0,
      10
    ],
    "max_runtime": 15.0,
    "goal_threshold": 0.0,
    "interpolate_steps": 50
  },
  "path": [
    [
      1.0,
      5.0,
      0.0
    ],
    [
      1.33843,
      4.92579,
      -0.431741
    ],
    [
      1.61475,
      4.71677,
      -0.863483
    ],
    [
      1.77825,
      4.4113,
      -1.29522
    ],
    [
      1.79892,
      4.06545,
      -1.72697
    ],
    [
      1.68698,
      3.73579,
      -1.96212
    ],
    [
      1.5538,
      3.41301,
      -1.96212
    ],
    [
      1.42062,
      3.09023,
      -1.96212
    ],
    [
      1.28745,
      2.76745,
      -1.96212
    ],
    [
      1.15427,
      2.44467,
      -1.96212
    ],
    [
      0.988344,
      2.13765,
      -2.08324
    ],
    [
      0.81714,
      1.83332,
      -2.08324
    ],
    [
      0.667949,
      1.51888,
      -1.83827
    ],
    [
      0.650078,
      1.17287,
      -1.40653
    ],
    [
      0.778635,
      0.851136,
      -0.974787
    ],
    [
      1.03003,
      0.612717,
      -0.543046
    ],
    [
      1.35812,
      0.501372,
      -0.111304
    ],
    [
      1.7027,
      0.537535,
      0.320437
    ],
    [
      2.00052,
      0.71457,
      0.752179
    ],
    [
      2.31202,
      0.896008,
      0.302676
    ],
    [
      2.67142,
      0.924103,
      -0.137761
    ],
    [
      3.03152,
      0.87418,
      -0.137761
    ],
    [
      3.39162,
      0.824257,
      -0.137761
    ],
    [
      3.75171,
      0.774333,
      -0.137761
    ],
    [
      4.11181,
      0.72441,
      -0.137761
    ],
    [
      4.4719,
      0.674487,
      -0.137761
    ],
    [
      4.83274,
      0.632675,
      0.00420305
    ],
    [
      5.23927,
      0.653552,
      0.0537453
    ],
    [
      5.64576,
      0.67542,
      0.0537453
    ],
    [
      6.05226,
      0.697288,
      0.0537453
    ],
    [
      6.45875,
      0.719156,
      0.0537453
    ],
    [
      6.86386,
      0.707834,
      -0.233198
    ],
    [
      7.23857,
      0.699714,
      0.0909294
    ],
    [
      7.61402,
      0.733947,
      0.0909294
    ],
    [
      7.98946,
      0.76818,
      0.0909294
    ],
    [
      8.36484,
      0.80294,
      0.127124
    ],
    [
      8.71446,
      0.934616,
      0.593267
    ],
    [
      8.9676,
      1.20938,
      1.05941
    ],
    [
      9.07024,
      1.5686,
      1.52555
    ],
    [
      9.16794,
      1.92142,
      1.12419
    ],
    [
      9.28832,
      2.26808,
      1.44454
    ],
    [
      9.2511,
      2.63205,
      1.90087
    ],
    [
      9.05731,
      2.94237,
      2.3572
    ],
    [
      8.7466,
      3.13555,
      2.81352
    ],
    [
      8.39598,
      3.37154,
      2.28481
    ],
    [
      8.21227,
      3.75217,
      1.7561
    ],
    [
      8.19133,
      4.17883,
      1.58614
    ],
    [
      8.29549,
      4.58843,
      1.05743
    ],
    [
      8.59204,
      4.88957,
      0.528714
    ],
    [
      9.0,
      5.0,
      0.0
    ]
  ]
}