{
  "robot": {
    "class": "RectangleRobot",
    "radius": 0.3083688940905817,
    "wheelbase": 0.4776649124249882,
    "max_velocity": 8.688114733663447,
    "max_steering_at_zero_v": 0.49529096705153,
    "max_steering_at_max_v": 0.26041581191688606,
    "acceleration": 5,
    "width": 0.3526430070170631,
    "lenght": 0.505972735404347
  },
  "planner": {
    "class": "Dubins_pathfinding",
    "start": [
      1.0,
      5.0
    ],
    "goal": [
      9.0,
      5.0
    ],
    "bounds": [
      0,
      10,
      0,
      10
    ],
    "max_runtime": 15.0,
    "goal_threshold": 0.0,
    "interpolate_steps": 50
  },
  "path": [
    [
      1.0,
      5.0,
      0.0
    ],
    [
      1.38003,
      4.91417,
      -0.444254
    ],
    [
      1.68628,
      4.67334,
      -0.888508
    ],
    [
      1.8593,
      4.32426,
      -1.33276
    ],
    [
      1.8655,
      3.93471,
      -1.77702
    ],
    [
      1.71539,
      3.57339,
      -2.04574
    ],
    [
      1.53575,
      3.22404,
      -2.04574
    ],
    [
      1.35612,
      2.8747,
      -2.04574
    ],
    [
      1.17791,
      2.52466,
      -1.98575
    ],
    [
      0.971984,
      2.23465,
      -2.39077
    ],
    [
      0.703491,
      1.99778,
      -2.34155
    ],
    [
      0.512079,
      1.69799,
      -1.93653
    ],
    [
      0.45428,
      1.34703,
      -1.53151
    ],
    [
      0.544577,
      0.991103,
      -1.11318
    ],
    [
      0.771678,
      0.702544,
      -0.694856
    ],
    [
      1.09642,
      0.531125,
      -0.276528
    ],
    [
      1.46277,
      0.486138,
      -0.0724537
    ],
    [
      1.8317,
      0.45936,
      -0.0724537
    ],
    [
      2.20063,
      0.432583,
      -0.0724537
    ],
    [
      2.56955,
      0.405806,
      -0.0724537
    ],
    [
      2.93849,
      0.379148,
      -0.0560766
    ],
    [
      3.33094,
      0.392932,
      0.0470786
    ],
    [
      3.72333,
      0.411418,
      0.0470786
    ],
    [
      4.11571,
      0.429905,
      0.0470786
    ],
    [
      4.5081,
      0.448392,
      0.0470786
    ],
    [
      4.90049,
      0.466879,
      0.0470786
    ],
    [
      5.29288,
      0.485365,
      0.0470786
    ],
    [
      5.68527,
      0.503852,
      0.0470786
    ],
    [
      6.07765,
      0.522339,
      0.0470786
    ],
    [
      6.48748,
      0.53385,
      0.027673
    ],
    [
      6.89732,
      0.545194,
      0.027673
    ],
    [
      7.30715,
      0.556538,
      0.027673
    ],
    [
      7.71698,
      0.567882,
      0.027673
    ],
    [
      8.12682,
      0.579227,
      0.027673
    ],
    [
      8.53652,
      0.582643,
      -0.106279
    ],
    [
      8.88199,
      0.614226,
      0.288614
    ],
    [
      9.18872,
      0.776285,
      0.683506
    ],
    [
      9.4095,
      1.04387,
      1.0784
    ],
    [
      9.51035,
      1.3758,
      1.47329
    ],
    [
      9.47573,
      1.72099,
      1.86818
    ],
    [
      9.31534,
      2.02938,
      2.1532
    ],
    [
      9.12328,
      2.32099,
      2.1532
    ],
    [
      8.93122,
      2.6126,
      2.1532
    ],
    [
      8.73916,
      2.90422,
      2.1532
    ],
    [
      8.48502,
      3.29009,
      2.1532
    ],
    [
      8.23237,
      3.6769,
      2.09016
    ],
    [
      8.11577,
      4.11858,
      1.56762
    ],
    [
      8.23517,
      4.55951,
      1.04508
    ],
    [
      8.5587,
      4.882,
      0.52254
    ],
    [
      9.0,
      5.0,
      0.0
    ]
  ]
}