{
  "robot": {
    "class": "RectangleRobot",
    "radius": 0.32858026258831025,
    "wheelbase": 0.2986552252461834,
    "max_velocity": 10.214805770689527,
    "max_steering_at_zero_v": 0.34437794501482455,
    "max_steering_at_max_v": 0.1939248680669956,
    "acceleration": 5,
    "width": 0.501010846783309,
    "lenght": 0.4252623746064109
  },
  "planner": {
    "class": "Dubins_pathfinding",
    "start": [
      1.0,
      5.0
    ],
    "goal": [
      9.0,
      5.0
    ],
    "bounds": [
      0,
      10,
      0,
      10
    ],
    "max_runtime": 15.0,
    "goal_threshold": 0.0,
    "interpolate_steps": 50
  },
  "path": [
    [
      1.0,
      5.0,
      0.0
    ],
    [
      1.37841,
      4.90905,
      -0.471762
    ],
    [
      1.67416,
      4.65606,
      -0.943523
    ],
    [
      1.82263,
      4.2963,
      -1.41528
    ],
    [
      1.79138,
      3.90836,
      -1.88705
    ],
    [
      1.63439,
      3.54843,
      -1.99426
    ],
    [
      1.47297,
      3.1903,
      -1.99426
    ],
    [
      1.31155,
      2.83218,
      -1.99426
    ],
    [
      1.15013,
      2.47405,
      -1.99426
    ],
    [
      0.911712,
      2.16644,
      -2.46602
    ],
    [
      0.617014,
      1.91008,
      -2.21569
    ],
    [
      0.462231,
      1.553,
      -1.74393
    ],
    [
      0.486636,
      1.16457,
      -1.27217
    ],
    [
      0.684897,
      0.829666,
      -0.800406
    ],
    [
      1.0137,
      0.621443,
      -0.328645
    ],
    [
      1.40122,
      0.585392,
      0.143117
    ],
    [
      1.76279,
      0.729388,
      0.614878
    ],
    [
      2.12436,
      0.873384,
      0.143117
    ],
    [
      2.5166,
      0.872073,
      -0.0381223
    ],
    [
      2.90913,
      0.857101,
      -0.0381223
    ],
    [
      3.30167,
      0.842129,
      -0.0381223
    ],
    [
      3.69421,
      0.827157,
      -0.0381223
    ],
    [
      4.08675,
      0.812186,
      -0.0381223
    ],
    [
      4.47929,
      0.797214,
      -0.0381223
    ],
    [
      4.87182,
      0.782242,
      -0.0381223
    ],
    [
      5.2781,
      0.767184,
      -0.0370471
    ],
    [
      5.68437,
      0.752125,
      -0.0370471
    ],
    [
      6.09065,
      0.737067,
      -0.0370471
    ],
    [
      6.49575,
      0.747701,
      0.211713
    ],
    [
      6.84354,
      0.761421,
      -0.0304091
    ],
    [
      7.19255,
      0.750805,
      -0.0304091
    ],
    [
      7.54157,
      0.740188,
      -0.0304091
    ],
    [
      7.89058,
      0.729572,
      -0.0304091
    ],
    [
      8.23959,
      0.718955,
      -0.0304091
    ],
    [
      8.58861,
      0.708339,
      -0.0304091
    ],
    [
      8.93665,
      0.719242,
      0.197221
    ],
    [
      9.25497,
      0.856421,
      0.616565
    ],
    [
      9.48986,
      1.11132,
      1.03591
    ],
    [
      9.60061,
      1.43978,
      1.45525
    ],
    [
      9.56803,
      1.78487,
      1.8746
    ],
    [
      9.40314,
      2.09078,
      2.16714
    ],
    [
      9.20704,
      2.37969,
      2.16714
    ],
    [
      9.01093,
      2.66859,
      2.16714
    ],
    [
      8.81483,
      2.9575,
      2.16714
    ],
    [
      8.61872,
      3.24641,
      2.16714
    ],
    [
      8.42262,
      3.53531,
      2.16714
    ],
    [
      8.2382,
      3.83116,
      1.98637
    ],
    [
      8.19251,
      4.37055,
      1.32425
    ],
    [
      8.48808,
      4.82405,
      0.662124
    ],
    [
      9.0,
      5.0,
      0.0
    ]
  ]
}