{
  "robot": {
    "class": "RectangleRobot",
    "radius": 0.39829859839263293,
    "wheelbase": 0.2340814977484584,
    "max_velocity": 10.959354686675468,
    "max_steering_at_zero_v": 0.3341284052692747,
    "max_steering_at_max_v": 0.16592880630369441,
    "acceleration": 5,
    "width": 0.6306010760430821,
    "lenght": 0.4867333734391453
  },
  "planner": {
    "class": "Dubins_pathfinding",
    "start": [
      1.0,
      5.0
    ],
    "goal": [
      9.0,
      5.0
    ],
    "bounds": [
      0,
      10,
      0,
      10
    ],
    "max_runtime": 15.0,
    "goal_threshold": 0.0,
    "interpolate_steps": 50
  },
  "path": [
    [
      1.0,
      5.0,
      0.0
    ],
    [
      1.33378,
      5.0884,
      0.51783
    ],
    [
      1.58004,
      5.33044,
      1.03566
    ],
    [
      1.67421,
      5.66264,
      1.55349
    ],
    [
      1.59223,
      5.99822,
      2.02503
    ],
    [
      1.43903,
      6.31199,
      2.02503
    ],
    [
      1.28582,
      6.62576,
      2.02503
    ],
    [
      1.13261,
      6.93953,
      2.02503
    ],
    [
      0.979399,
      7.2533,
      2.02503
    ],
    [
      0.82619,
      7.56707,
      2.02503
    ],
    [
      0.714285,
      7.93917,
      1.83004
    ],
    [
      0.614517,
      8.31534,
      1.83004
    ],
    [
      0.514749,
      8.69152,
      1.83004
    ],
    [
      0.499653,
      9.07546,
      1.32608
    ],
    [
      0.694767,
      9.40596,
      0.748923
    ],
    [
      1.03862,
      9.57647,
      0.171765
    ],
    [
      1.4305,
      9.57232,
      -0.0544488
    ],
    [
      1.82274,
      9.55094,
      -0.0544488
    ],
    [
      2.21498,
      9.52956,
      -0.0544488
    ],
    [
      2.60722,
      9.50818,
      -0.0544488
    ],
    [
      2.99946,
      9.4868,
      -0.0544488
    ],
    [
      3.3917,
      9.46543,
      -0.0544488
    ],
    [
      3.78394,
      9.44405,
      -0.0544488
    ],
    [
      4.17618,
      9.42267,
      -0.0544488
    ],
    [
      4.52476,
      9.41162,
      -0.0311771
    ],
    [
      4.87334,
      9.40075,
      -0.0311771
    ],
    [
      5.22191,
      9.38987,
      -0.0311771
    ],
    [
      5.57049,
      9.379,
      -0.0311771
    ],
    [
      5.91907,
      9.36813,
      -0.0311771
    ],
    [
      6.26765,
      9.35726,
      -0.0311771
    ],
    [
      6.61623,
      9.34639,
      -0.0311771
    ],
    [
      6.96481,
      9.33552,
      -0.0311771
    ],
    [
      7.31335,
      9.32386,
      -0.0795282
    ],
    [
      7.69941,
      9.31246,
      -0.0271189
    ],
    [
      8.08551,
      9.30199,
      -0.0271189
    ],
    [
      8.4716,
      9.29152,
      -0.0271189
    ],
    [
      8.85683,
      9.27084,
      -0.201437
    ],
    [
      9.19337,
      9.09227,
      -0.774232
    ],
    [
      9.37949,
      8.75948,
      -1.34752
    ],
    [
      9.35584,
      8.37877,
      -1.88116
    ],
    [
      9.23778,
      8.01067,
      -1.88116
    ],
    [
      9.11971,
      7.64256,
      -1.88116
    ],
    [
      9.00165,
      7.27446,
      -1.88116
    ],
    [
      8.88359,
      6.90635,
      -1.88116
    ],
    [
      8.76552,
      6.53825,
      -1.88116
    ],
    [
      8.56737,
      6.2122,
      -2.4011
    ],
    [
      8.35216,
      5.86138,
      -1.85191
    ],
    [
      8.36344,
      5.45186,
      -1.23461
    ],
    [
      8.60968,
      5.12445,
      -0.617305
    ],
    [
      9.0,
      5.0,
      0.0
    ]
  ]
}