{
  "robot": {
    "class": "RectangleRobot",
    "radius": 0.1926824102835506,
    "wheelbase": 0.48066096989932366,
    "max_velocity": 12.91492683968302,
    "max_steering_at_zero_v": 0.500357471167158,
    "max_steering_at_max_v": 0.2342161419052861,
    "acceleration": 5,
    "width": 0.18724281815862825,
    "lenght": 0.33681771327934784
  },
  "planner": {
    "class": "Dubins_pathfinding",
    "start": [
      1.0,
      5.0
    ],
    "goal": [
      9.0,
      5.0
    ],
    "bounds": [
      0,
      10,
      0,
      10
    ],
    "max_runtime": 15.0,
    "goal_threshold": 0.0,
    "interpolate_steps": 50
  },
  "path": [
    [
      1.0,
      5.0,
      0.0
    ],
    [
      1.34007,
      5.06844,
      0.397199
    ],
    [
      1.62718,
      5.2631,
      0.794398
    ],
    [
      1.81665,
      5.55368,
      1.1916
    ],
    [
      1.87895,
      5.89492,
      1.5888
    ],
    [
      1.80441,
      6.2337,
      1.98599
    ],
    [
      1.60649,
      6.51906,
      2.30631
    ],
    [
      1.3722,
      6.77797,
      2.30631
    ],
    [
      1.13792,
      7.03688,
      2.30631
    ],
    [
      0.90363,
      7.29579,
      2.30631
    ],
    [
      0.71741,
      7.62017,
      1.87756
    ],
    [
      0.682904,
      7.99261,
      1.44881
    ],
    [
      0.753048,
      8.36289,
      1.37768
    ],
    [
      0.825385,
      8.7328,
      1.37768
    ],
    [
      0.96697,
      9.07904,
      0.968692
    ],
    [
      1.2001,
      9.31008,
      0.593119
    ],
    [
      1.50174,
      9.43951,
      0.217545
    ],
    [
      1.8302,
      9.45329,
      -0.0623114
    ],
    [
      2.15972,
      9.43273,
      -0.0623114
    ],
    [
      2.48925,
      9.41217,
      -0.0623114
    ],
    [
      2.81877,
      9.39161,
      -0.0623114
    ],
    [
      3.14831,
      9.37126,
      -0.0405162
    ],
    [
      3.47073,
      9.37033,
      -0.000708849
    ],
    [
      3.79316,
      9.3701,
      -0.000708849
    ],
    [
      4.1156,
      9.36987,
      -0.000708849
    ],
    [
      4.43803,
      9.36954,
      -0.0160302
    ],
    [
      4.77565,
      9.39151,
      0.075963
    ],
    [
      5.11311,
      9.41719,
      0.075963
    ],
    [
      5.45056,
      9.44288,
      0.075963
    ],
    [
      5.78802,
      9.46856,
      0.075963
    ],
    [
      6.12547,
      9.49428,
      0.0853776
    ],
    [
      6.44891,
      9.58654,
      0.470352
    ],
    [
      6.78358,
      9.67969,
      0.0725658
    ],
    [
      7.1282,
      9.63592,
      -0.325221
    ],
    [
      7.44254,
      9.48361,
      -0.482136
    ],
    [
      7.75256,
      9.32183,
      -0.451617
    ],
    [
      8.08892,
      9.23497,
      -0.0538303
    ],
    [
      8.4636,
      9.12834,
      -0.500679
    ],
    [
      8.75542,
      8.87027,
      -0.947528
    ],
    [
      8.90707,
      8.51143,
      -1.39438
    ],
    [
      8.88876,
      8.1223,
      -1.84122
    ],
    [
      8.75547,
      7.75286,
      -1.9249
    ],
    [
      8.61925,
      7.38441,
      -1.9249
    ],
    [
      8.48304,
      7.01596,
      -1.9249
    ],
    [
      8.34683,
      6.64751,
      -1.9249
    ],
    [
      8.1952,
      6.23736,
      -1.9249
    ],
    [
      8.12361,
      5.81014,
      -1.49228
    ],
    [
      8.26272,
      5.40032,
      -0.994851
    ],
    [
      8.58053,
      5.10653,
      -0.497425
    ],
    [
      9.0,
      5.0,
      0.0
    ]
  ]
}