{
  "robot": {
    "class": "RectangleRobot",
    "radius": 0.3903820654709513,
    "wheelbase": 0.47045990096788465,
    "max_velocity": 9.42361550405015,
    "max_steering_at_zero_v": 0.5101642773482401,
    "max_steering_at_max_v": 0.24960784091204544,
    "acceleration": 5,
    "width": 0.5669556568712837,
    "lenght": 0.5367996938403706
  },
  "planner": {
    "class": "Dubins_pathfinding",
    "start": [
      1.0,
      5.0
    ],
    "goal": [
      9.0,
      5.0
    ],
    "bounds": [
      0,
      10,
      0,
      10
    ],
    "max_runtime": 15.0,
    "goal_threshold": 0.0,
    "interpolate_steps": 50
  },
  "path": [
    [
      1.0,
      5.0,
      0.0
    ],
    [
      1.37464,
      5.08809,
      0.46185
    ],
    [
      1.67078,
      5.33388,
      0.923701
    ],
    [
      1.82636,
      5.68589,
      1.38555
    ],
    [
      1.80879,
      6.07035,
      1.8474
    ],
    [
      1.64531,
      6.42168,
      2.05122
    ],
    [
      1.46649,
      6.76634,
      2.01022
    ],
    [
      1.26362,
      7.10251,
      2.12881
    ],
    [
      1.05562,
      7.43574,
      2.12881
    ],
    [
      0.847617,
      7.76898,
      2.12881
    ],
    [
      0.639615,
      8.10221,
      2.12881
    ],
    [
      0.447761,
      8.44403,
      1.92012
    ],
    [
      0.402821,
      8.83068,
      1.45289
    ],
    [
      0.536855,
      9.19614,
      0.985655
    ],
    [
      0.821131,
      9.46205,
      0.518423
    ],
    [
      1.1512,
      9.56806,
      0.103105
    ],
    [
      1.50022,
      9.57374,
      0.00460193
    ],
    [
      1.84939,
      9.57535,
      0.00460193
    ],
    [
      2.19856,
      9.57696,
      0.00460193
    ],
    [
      2.54774,
      9.57856,
      0.00460193
    ],
    [
      2.89691,
      9.58017,
      0.00460193
    ],
    [
      3.24608,
      9.58178,
      0.00460193
    ],
    [
      3.59525,
      9.58338,
      0.00460193
    ],
    [
      3.94443,
      9.58499,
      0.00460193
    ],
    [
      4.33698,
      9.57065,
      -0.0385174
    ],
    [
      4.72951,
      9.55552,
      -0.0385174
    ],
    [
      5.12204,
      9.54039,
      -0.0385174
    ],
    [
      5.51457,
      9.52527,
      -0.0385174
    ],
    [
      5.9071,
      9.51014,
      -0.0385174
    ],
    [
      6.29964,
      9.49501,
      -0.0385174
    ],
    [
      6.69217,
      9.47988,
      -0.0385174
    ],
    [
      7.0847,
      9.46476,
      -0.0385174
    ],
    [
      7.42283,
      9.43892,
      -0.0782273
    ],
    [
      7.76091,
      9.41242,
      -0.0782273
    ],
    [
      8.099,
      9.38591,
      -0.0782273
    ],
    [
      8.43709,
      9.35941,
      -0.0782273
    ],
    [
      8.76556,
      9.28383,
      -0.423711
    ],
    [
      9.03864,
      9.08665,
      -0.82707
    ],
    [
      9.22871,
      8.74695,
      -1.2943
    ],
    [
      9.24539,
      8.35804,
      -1.76153
    ],
    [
      9.10126,
      7.99412,
      -2.01842
    ],
    [
      8.93124,
      7.63999,
      -2.01842
    ],
    [
      8.76122,
      7.28587,
      -2.01842
    ],
    [
      8.59119,
      6.93175,
      -2.01842
    ],
    [
      8.42117,
      6.57763,
      -2.01842
    ],
    [
      8.25114,
      6.22351,
      -2.01842
    ],
    [
      8.1656,
      5.94381,
      -1.6937
    ],
    [
      8.18077,
      5.65176,
      -1.34408
    ],
    [
      8.47656,
      5.18282,
      -0.672041
    ],
    [
      9.0,
      5.0,
      0.0
    ]
  ]
}