{
  "robot": {
    "class": "RectangleRobot",
    "radius": 0.29805877236054074,
    "wheelbase": 0.28313101777440164,
    "max_velocity": 9.518911279987641,
    "max_steering_at_zero_v": 0.46636631934906336,
    "max_steering_at_max_v": 0.16970019627395994,
    "acceleration": 5,
    "width": 0.5396333390530625,
    "lenght": 0.25328242439366583
  },
  "planner": {
    "class": "Dubins_pathfinding",
    "start": [
      1.0,
      5.0
    ],
    "goal": [
      9.0,
      5.0
    ],
    "bounds": [
      0,
      10,
      0,
      10
    ],
    "max_runtime": 15.0,
    "goal_threshold": 0.0,
    "interpolate_steps": 50
  },
  "path": [
    [
      1.0,
      5.0,
      0.0
    ],
    [
      1.3268,
      5.10469,
      0.620022
    ],
    [
      1.53195,
      5.37978,
      1.24004
    ],
    [
      1.53907,
      5.72287,
      1.86007
    ],
    [
      1.43062,
      6.0543,
      1.88762
    ],
    [
      1.32198,
      6.38567,
      1.88762
    ],
    [
      1.21333,
      6.71703,
      1.88762
    ],
    [
      1.08757,
      7.0411,
      2.14512
    ],
    [
      0.966746,
      7.34528,
      1.89569
    ],
    [
      0.861959,
      7.65638,
      1.89569
    ],
    [
      0.757172,
      7.96748,
      1.89569
    ],
    [
      0.661763,
      8.28111,
      1.70976
    ],
    [
      0.674329,
      8.67221,
      1.51013
    ],
    [
      0.698089,
      9.06337,
      1.51013
    ],
    [
      0.798499,
      9.43597,
      0.978471
    ],
    [
      1.10877,
      9.66223,
      0.281703
    ],
    [
      1.49192,
      9.63664,
      -0.415066
    ],
    [
      1.76935,
      9.37113,
      -1.11183
    ],
    [
      2.00838,
      9.12431,
      -0.491003
    ],
    [
      2.34651,
      9.06112,
      0.0570941
    ],
    [
      2.69512,
      9.08104,
      0.0570941
    ],
    [
      3.04373,
      9.10097,
      0.0570941
    ],
    [
      3.39233,
      9.12089,
      0.0570941
    ],
    [
      3.74094,
      9.14082,
      0.0570941
    ],
    [
      4.08955,
      9.16075,
      0.0570941
    ],
    [
      4.43816,
      9.18067,
      0.0570941
    ],
    [
      4.78676,
      9.2006,
      0.0570941
    ],
    [
      5.13313,
      9.23068,
      0.0873855
    ],
    [
      5.47948,
      9.26102,
      0.0873855
    ],
    [
      5.82582,
      9.29137,
      0.0873855
    ],
    [
      6.17217,
      9.32171,
      0.0873855
    ],
    [
      6.51852,
      9.35205,
      0.0873855
    ],
    [
      6.86487,
      9.3824,
      0.0873855
    ],
    [
      7.21121,
      9.41274,
      0.0873855
    ],
    [
      7.55756,
      9.44308,
      0.0873855
    ],
    [
      7.90383,
      9.47415,
      0.138475
    ],
    [
      8.26428,
      9.40326,
      -0.526888
    ],
    [
      8.53832,
      9.1504,
      -0.801967
    ],
    [
      8.79852,
      8.88143,
      -0.801967
    ],
    [
      9.05541,
      8.60953,
      -0.927356
    ],
    [
      9.16758,
      8.29046,
      -1.53815
    ],
    [
      9.12099,
      7.95069,
      -1.74054
    ],
    [
      9.06296,
      7.6121,
      -1.74054
    ],
    [
      8.99181,
      7.27675,
      -1.95981
    ],
    [
      8.77538,
      7.01685,
      -2.57061
    ],
    [
      8.52208,
      6.61969,
      -1.70643
    ],
    [
      8.48206,
      6.13532,
      -1.65149
    ],
    [
      8.44288,
      5.65086,
      -1.65149
    ],
    [
      8.57224,
      5.19726,
      -0.864175
    ],
    [
      9.0,
      5.0,
      0.0
    ]
  ]
}