{
  "robot": {
    "class": "RectangleRobot",
    "radius": 0.25920555533788775,
    "wheelbase": 0.2057915903467359,
    "max_velocity": 9.513059473862372,
    "max_steering_at_zero_v": 0.41819004508606694,
    "max_steering_at_max_v": 0.16291130074294077,
    "acceleration": 5,
    "width": 0.4450756193165465,
    "lenght": 0.26581529820927113
  },
  "planner": {
    "class": "Dubins_pathfinding",
    "start": [
      1.0,
      5.0
    ],
    "goal": [
      9.0,
      5.0
    ],
    "bounds": [
      0,
      10,
      0,
      10
    ],
    "max_runtime": 15.0,
    "goal_threshold": 0.0,
    "interpolate_steps": 50
  },
  "path": [
    [
      1.0,
      5.0,
      0.0
    ],
    [
      1.31825,
      4.87331,
      -0.757698
    ],
    [
      1.46236,
      4.56257,
      -1.5154
    ],
    [
      1.39149,
      4.22307,
      -2.09108
    ],
    [
      1.26686,
      3.89346,
      -1.91107
    ],
    [
      1.14913,
      3.56093,
      -1.91107
    ],
    [
      1.03139,
      3.2284,
      -1.91107
    ],
    [
      0.913662,
      2.89586,
      -1.91107
    ],
    [
      0.79593,
      2.56333,
      -1.91107
    ],
    [
      0.651426,
      2.24407,
      -2.27096
    ],
    [
      0.534111,
      1.91358,
      -1.70326
    ],
    [
      0.486961,
      1.55972,
      -1.70326
    ],
    [
      0.439811,
      1.20586,
      -1.70326
    ],
    [
      0.432376,
      0.852233,
      -1.28811
    ],
    [
      0.648104,
      0.578895,
      -0.517201
    ],
    [
      0.993299,
      0.533152,
      0.253707
    ],
    [
      1.38486,
      0.549115,
      0.00412215
    ],
    [
      1.77768,
      0.550734,
      0.00412215
    ],
    [
      2.1705,
      0.552353,
      0.00412215
    ],
    [
      2.56332,
      0.553972,
      0.00412215
    ],
    [
      2.95614,
      0.555592,
      0.00412215
    ],
    [
      3.34896,
      0.557211,
      0.00412215
    ],
    [
      3.74178,
      0.55883,
      0.00412215
    ],
    [
      4.1346,
      0.560449,
      0.00412215
    ],
    [
      4.52733,
      0.551603,
      -0.0229534
    ],
    [
      4.92004,
      0.542587,
      -0.0229534
    ],
    [
      5.31276,
      0.533572,
      -0.0229534
    ],
    [
      5.70548,
      0.524556,
      -0.0229534
    ],
    [
      6.0982,
      0.51554,
      -0.0229534
    ],
    [
      6.49092,
      0.506524,
      -0.0229534
    ],
    [
      6.88364,
      0.497508,
      -0.0229534
    ],
    [
      7.27636,
      0.488492,
      -0.0229534
    ],
    [
      7.61863,
      0.522774,
      0.112082
    ],
    [
      7.96062,
      0.561266,
      0.112082
    ],
    [
      8.30261,
      0.599758,
      0.112082
    ],
    [
      8.64459,
      0.63825,
      0.112082
    ],
    [
      8.98658,
      0.676742,
      0.112082
    ],
    [
      9.32294,
      0.740078,
      0.444284
    ],
    [
      9.55337,
      0.984999,
      1.18746
    ],
    [
      9.55732,
      1.32126,
      1.93064
    ],
    [
      9.43559,
      1.69474,
      1.88462
    ],
    [
      9.31432,
      2.06837,
      1.88462
    ],
    [
      9.19306,
      2.44201,
      1.88462
    ],
    [
      9.07179,
      2.81565,
      1.88462
    ],
    [
      8.95053,
      3.18928,
      1.88462
    ],
    [
      8.82926,
      3.56292,
      1.88462
    ],
    [
      8.708,
      3.93656,
      1.88462
    ],
    [
      8.58673,
      4.3102,
      1.88462
    ],
    [
      8.60125,
      4.77238,
      1.03741
    ],
    [
      9.0,
      5.0,
      0.0
    ]
  ]
}