{
  "robot": {
    "class": "RectangleRobot",
    "radius": 0.36985458213047595,
    "wheelbase": 0.321672142210352,
    "max_velocity": 11.889083499167889,
    "max_steering_at_zero_v": 0.4672427180558434,
    "max_steering_at_max_v": 0.2389876401260813,
    "acceleration": 5,
    "width": 0.5443224062085841,
    "lenght": 0.500881987888298
  },
  "planner": {
    "class": "Dubins_pathfinding",
    "start": [
      1.0,
      5.0
    ],
    "goal": [
      9.0,
      5.0
    ],
    "bounds": [
      0,
      10,
      0,
      10
    ],
    "max_runtime": 15.0,
    "goal_threshold": 0.0,
    "interpolate_steps": 50
  },
  "path": [
    [
      1.0,
      5.0,
      0.0
    ],
    [
      1.32131,
      5.08688,
      0.528139
    ],
    [
      1.55505,
      5.32383,
      1.05628
    ],
    [
      1.63754,
      5.64629,
      1.58442
    ],
    [
      1.5463,
      5.96638,
      2.11255
    ],
    [
      1.35515,
      6.24358,
      2.17863
    ],
    [
      1.16284,
      6.52,
      2.17863
    ],
    [
      1.00443,
      6.8146,
      1.83068
    ],
    [
      0.923525,
      7.15112,
      1.8062
    ],
    [
      0.842801,
      7.48768,
      1.8062
    ],
    [
      0.762077,
      7.82424,
      1.8062
    ],
    [
      0.681353,
      8.16081,
      1.8062
    ],
    [
      0.600629,
      8.49737,
      1.8062
    ],
    [
      0.563517,
      8.83882,
      1.43447
    ],
    [
      0.699083,
      9.15267,
      0.891639
    ],
    [
      0.980169,
      9.35241,
      0.344
    ],
    [
      1.32454,
      9.37935,
      -0.110153
    ],
    [
      1.6716,
      9.34097,
      -0.110153
    ],
    [
      2.01866,
      9.30258,
      -0.110153
    ],
    [
      2.36572,
      9.2642,
      -0.110153
    ],
    [
      2.71278,
      9.22581,
      -0.110153
    ],
    [
      3.05984,
      9.18743,
      -0.110153
    ],
    [
      3.4069,
      9.14904,
      -0.110153
    ],
    [
      3.75396,
      9.11066,
      -0.110153
    ],
    [
      4.10459,
      9.15843,
      0.253564
    ],
    [
      4.44968,
      9.24786,
      0.253564
    ],
    [
      4.79477,
      9.33728,
      0.253564
    ],
    [
      5.13985,
      9.42671,
      0.253564
    ],
    [
      5.48494,
      9.51614,
      0.253564
    ],
    [
      5.83064,
      9.60284,
      0.159927
    ],
    [
      6.17999,
      9.56085,
      -0.399175
    ],
    [
      6.5641,
      9.48466,
      -0.142401
    ],
    [
      6.95294,
      9.42891,
      -0.142401
    ],
    [
      7.34179,
      9.37316,
      -0.142401
    ],
    [
      7.73064,
      9.31741,
      -0.142401
    ],
    [
      8.11948,
      9.26166,
      -0.142401
    ],
    [
      8.50833,
      9.20591,
      -0.142401
    ],
    [
      8.88469,
      9.1051,
      -0.526167
    ],
    [
      9.14442,
      8.81869,
      -1.14226
    ],
    [
      9.19756,
      8.47798,
      -1.6899
    ],
    [
      9.10472,
      8.14185,
      -1.8698
    ],
    [
      9.00186,
      7.80817,
      -1.8698
    ],
    [
      8.89901,
      7.47449,
      -1.8698
    ],
    [
      8.79615,
      7.1408,
      -1.8698
    ],
    [
      8.69329,
      6.80712,
      -1.8698
    ],
    [
      8.59044,
      6.47344,
      -1.8698
    ],
    [
      8.48758,
      6.13975,
      -1.8698
    ],
    [
      8.38503,
      5.80598,
      -1.83804
    ],
    [
      8.4931,
      5.25083,
      -0.919021
    ],
    [
      9.0,
      5.0,
      0.0
    ]
  ]
}