{
  "robot": {
    "class": "RectangleRobot",
    "radius": 0.3414573934550931,
    "wheelbase": 0.34031926553593034,
    "max_velocity": 10.222455348939441,
    "max_steering_at_zero_v": 0.4443222231222882,
    "max_steering_at_max_v": 0.20895228965933135,
    "acceleration": 5,
    "width": 0.5328549637634047,
    "lenght": 0.4271278424234197
  },
  "planner": {
    "class": "Dubins_pathfinding",
    "start": [
      1.0,
      5.0
    ],
    "goal": [
      9.0,
      5.0
    ],
    "bounds": [
      0,
      10,
      0,
      10
    ],
    "max_runtime": 15.0,
    "goal_threshold": 0.0,
    "interpolate_steps": 50
  },
  "path": [
    [
      1.0,
      5.0,
      0.0
    ],
    [
      1.37335,
      4.89476,
      -0.549519
    ],
    [
      1.63677,
      4.61002,
      -1.09904
    ],
    [
      1.71269,
      4.22962,
      -1.64856
    ],
    [
      1.60337,
      3.8539,
      -1.92172
    ],
    [
      1.46833,
      3.48502,
      -1.92172
    ],
    [
      1.33329,
      3.11613,
      -1.92172
    ],
    [
      1.19825,
      2.74725,
      -1.92172
    ],
    [
      1.06321,
      2.37837,
      -1.92172
    ],
    [
      0.85065,
      2.04719,
      -2.22368
    ],
    [
      0.610419,
      1.73307,
      -2.22368
    ],
    [
      0.394126,
      1.40397,
      -1.94229
    ],
    [
      0.357131,
      1.0153,
      -1.38909
    ],
    [
      0.529868,
      0.665156,
      -0.835895
    ],
    [
      0.860808,
      0.457998,
      -0.282696
    ],
    [
      1.25123,
      0.455617,
      0.270503
    ],
    [
      1.64167,
      0.485336,
      0.0180851
    ],
    [
      2.03443,
      0.492439,
      0.0180851
    ],
    [
      2.42719,
      0.499543,
      0.0180851
    ],
    [
      2.81995,
      0.506647,
      0.0180851
    ],
    [
      3.21271,
      0.513751,
      0.0180851
    ],
    [
      3.60547,
      0.520855,
      0.0180851
    ],
    [
      3.99823,
      0.527959,
      0.0180851
    ],
    [
      4.39098,
      0.535063,
      0.0180851
    ],
    [
      4.78085,
      0.537667,
      0.00655739
    ],
    [
      5.17072,
      0.540223,
      0.00655739
    ],
    [
      5.56059,
      0.54278,
      0.00655739
    ],
    [
      5.95046,
      0.545336,
      0.00655739
    ],
    [
      6.34033,
      0.547893,
      0.00655739
    ],
    [
      6.7302,
      0.550449,
      0.00655739
    ],
    [
      7.12007,
      0.553006,
      0.00655739
    ],
    [
      7.50989,
      0.553104,
      -0.0764027
    ],
    [
      7.8918,
      0.499154,
      -0.144647
    ],
    [
      8.27351,
      0.443553,
      -0.144647
    ],
    [
      8.65522,
      0.387951,
      -0.144647
    ],
    [
      9.03835,
      0.366424,
      0.164658
    ],
    [
      9.38402,
      0.526826,
      0.704264
    ],
    [
      9.59816,
      0.842043,
      1.24387
    ],
    [
      9.61992,
      1.2225,
      1.78348
    ],
    [
      9.4431,
      1.56007,
      2.32308
    ],
    [
      9.25074,
      1.8996,
      1.97813
    ],
    [
      9.09512,
      2.26029,
      1.97813
    ],
    [
      8.93949,
      2.62097,
      1.97813
    ],
    [
      8.78387,
      2.98165,
      1.97813
    ],
    [
      8.62825,
      3.34233,
      1.97813
    ],
    [
      8.47262,
      3.70301,
      1.97813
    ],
    [
      8.31994,
      4.06486,
      1.88406
    ],
    [
      8.30501,
      4.45247,
      1.33454
    ],
    [
      8.55762,
      4.84667,
      0.667272
    ],
    [
      9.0,
      5.0,
      0.0
    ]
  ]
}