{
  "robot": {
    "class": "RectangleRobot",
    "radius": 0.23980106513420316,
    "wheelbase": 0.24746088872058267,
    "max_velocity": 9.132637966860013,
    "max_steering_at_zero_v": 0.41006448716828026,
    "max_steering_at_max_v": 0.21152400366376,
    "acceleration": 5,
    "width": 0.39848670240222195,
    "lenght": 0.26688302937166386
  },
  "planner": {
    "class": "Dubins_pathfinding",
    "start": [
      1.0,
      5.0
    ],
    "goal": [
      9.0,
      5.0
    ],
    "bounds": [
      0,
      10,
      0,
      10
    ],
    "max_runtime": 15.0,
    "goal_threshold": 0.0,
    "interpolate_steps": 50
  },
  "path": [
    [
      1.0,
      5.0,
      0.0
    ],
    [
      1.29397,
      5.08178,
      0.542659
    ],
    [
      1.50348,
      5.30362,
      1.08532
    ],
    [
      1.56833,
      5.60179,
      1.62798
    ],
    [
      1.50269,
      5.90315,
      1.81871
    ],
    [
      1.42689,
      6.20262,
      1.81871
    ],
    [
      1.35109,
      6.50209,
      1.81871
    ],
    [
      1.27522,
      6.80154,
      1.83442
    ],
    [
      1.27907,
      7.1118,
      1.28237
    ],
    [
      1.44506,
      7.37395,
      0.730317
    ],
    [
      1.70906,
      7.54348,
      0.53704
    ],
    [
      1.97908,
      7.70426,
      0.53704
    ],
    [
      2.2491,
      7.86503,
      0.53704
    ],
    [
      2.51912,
      8.0258,
      0.53704
    ],
    [
      2.78914,
      8.18658,
      0.53704
    ],
    [
      3.05916,
      8.34735,
      0.53704
    ],
    [
      3.32918,
      8.50812,
      0.53704
    ],
    [
      3.5992,
      8.6689,
      0.53704
    ],
    [
      3.86872,
      8.79164,
      0.412438
    ],
    [
      4.14018,
      8.91041,
      0.412438
    ],
    [
      4.41164,
      9.02918,
      0.412438
    ],
    [
      4.6831,
      9.14796,
      0.412438
    ],
    [
      4.95456,
      9.26673,
      0.412438
    ],
    [
      5.22602,
      9.3855,
      0.412438
    ],
    [
      5.4795,
      9.53494,
      0.766478
    ],
    [
      5.7532,
      9.68109,
      0.214428
    ],
    [
      6.06485,
      9.67077,
      -0.159761
    ],
    [
      6.37511,
      9.62078,
      -0.159761
    ],
    [
      6.68537,
      9.57079,
      -0.159761
    ],
    [
      6.99562,
      9.52079,
      -0.159761
    ],
    [
      7.30588,
      9.4708,
      -0.159761
    ],
    [
      7.61614,
      9.42081,
      -0.159761
    ],
    [
      7.92639,
      9.37082,
      -0.159761
    ],
    [
      8.23665,
      9.32082,
      -0.159761
    ],
    [
      8.54724,
      9.27343,
      -0.0638318
    ],
    [
      8.83977,
      9.16999,
      -0.615881
    ],
    [
      9.03461,
      8.92851,
      -1.16793
    ],
    [
      9.07386,
      8.62072,
      -1.71998
    ],
    [
      9.00879,
      8.31329,
      -1.78297
    ],
    [
      8.94261,
      8.00608,
      -1.78297
    ],
    [
      8.87644,
      7.69887,
      -1.78297
    ],
    [
      8.81026,
      7.39166,
      -1.78297
    ],
    [
      8.74408,
      7.08445,
      -1.78297
    ],
    [
      8.6779,
      6.77723,
      -1.78297
    ],
    [
      8.61172,
      6.47002,
      -1.78297
    ],
    [
      8.53533,
      6.1154,
      -1.78297
    ],
    [
      8.45894,
      5.76078,
      -1.78297
    ],
    [
      8.45555,
      5.40304,
      -1.27448
    ],
    [
      8.6613,
      5.11172,
      -0.63724
    ],
    [
      9.0,
      5.0,
      0.0
    ]
  ]
}