{
  "robot": {
    "class": "RectangleRobot",
    "radius": 0.25576863717516435,
    "wheelbase": 0.2049773394261477,
    "max_velocity": 12.551678482061114,
    "max_steering_at_zero_v": 0.43582421875536936,
    "max_steering_at_max_v": 0.21115525240326857,
    "acceleration": 5,
    "width": 0.33808950130409476,
    "lenght": 0.3838826281009756
  },
  "planner": {
    "class": "Dubins_pathfinding",
    "start": [
      1.0,
      5.0
    ],
    "goal": [
      9.0,
      5.0
    ],
    "bounds": [
      0,
      10,
      0,
      10
    ],
    "max_runtime": 15.0,
    "goal_threshold": 0.0,
    "interpolate_steps": 50
  },
  "path": [
    [
      1.0,
      5.0,
      0.0
    ],
    [
      1.32447,
      4.85727,
      -0.828849
    ],
    [
      1.4385,
      4.52164,
      -1.6577
    ],
    [
      1.31412,
      4.18059,
      -1.98486
    ],
    [
      1.16734,
      3.84659,
      -1.98486
    ],
    [
      1.04074,
      3.50612,
      -1.67409
    ],
    [
      0.985267,
      3.17808,
      -1.74129
    ],
    [
      0.928814,
      2.85018,
      -1.74129
    ],
    [
      0.87236,
      2.52228,
      -1.74129
    ],
    [
      0.815907,
      2.19438,
      -1.74129
    ],
    [
      0.759454,
      1.86648,
      -1.74129
    ],
    [
      0.703,
      1.53859,
      -1.74129
    ],
    [
      0.646547,
      1.21069,
      -1.74129
    ],
    [
      0.609454,
      0.881404,
      -1.44395
    ],
    [
      0.779469,
      0.586858,
      -0.650654
    ],
    [
      1.10876,
      0.500162,
      0.067542
    ],
    [
      1.45714,
      0.523728,
      0.067542
    ],
    [
      1.80552,
      0.547295,
      0.067542
    ],
    [
      2.1539,
      0.570861,
      0.067542
    ],
    [
      2.50228,
      0.594427,
      0.067542
    ],
    [
      2.85066,
      0.617993,
      0.067542
    ],
    [
      3.19904,
      0.641559,
      0.067542
    ],
    [
      3.54742,
      0.665125,
      0.067542
    ],
    [
      3.8958,
      0.688711,
      0.0675976
    ],
    [
      4.24418,
      0.712296,
      0.0675976
    ],
    [
      4.59256,
      0.735882,
      0.0675976
    ],
    [
      4.94094,
      0.759467,
      0.0675976
    ],
    [
      5.28932,
      0.783053,
      0.0675976
    ],
    [
      5.6377,
      0.806638,
      0.0675976
    ],
    [
      5.98608,
      0.830224,
      0.0675976
    ],
    [
      6.33446,
      0.853809,
      0.0675976
    ],
    [
      6.68283,
      0.877395,
      0.0675976
    ],
    [
      7.0109,
      0.8972,
      0.0602602
    ],
    [
      7.33896,
      0.916993,
      0.0602602
    ],
    [
      7.66702,
      0.936786,
      0.0602602
    ],
    [
      7.99509,
      0.956579,
      0.0602602
    ],
    [
      8.32315,
      0.976372,
      0.0602602
    ],
    [
      8.65057,
      1.00179,
      0.220698
    ],
    [
      8.93108,
      1.20388,
      1.02789
    ],
    [
      8.98801,
      1.54741,
      1.63279
    ],
    [
      8.966,
      1.90203,
      1.63279
    ],
    [
      8.94399,
      2.25664,
      1.63279
    ],
    [
      8.92198,
      2.61125,
      1.63279
    ],
    [
      8.89996,
      2.96586,
      1.63279
    ],
    [
      8.87795,
      3.32047,
      1.63279
    ],
    [
      8.81016,
      3.66503,
      2.09566
    ],
    [
      8.68679,
      4.05069,
      1.84694
    ],
    [
      8.57615,
      4.44112,
      1.8439
    ],
    [
      8.64929,
      4.82581,
      0.921952
    ],
    [
      9.0,
      5.0,
      0.0
    ]
  ]
}