{
  "robot": {
    "class": "RectangleRobot",
    "radius": 0.22313237302032563,
    "wheelbase": 0.24244507909798407,
    "max_velocity": 8.997702920952532,
    "max_steering_at_zero_v": 0.4224705306105819,
    "max_steering_at_max_v": 0.24053308410596905,
    "acceleration": 5,
    "width": 0.244691846849376,
    "lenght": 0.3731998441105897
  },
  "planner": {
    "class": "Dubins_pathfinding",
    "start": [
      1.0,
      5.0
    ],
    "goal": [
      9.0,
      5.0
    ],
    "bounds": [
      0,
      10,
      0,
      10
    ],
    "max_runtime": 15.0,
    "goal_threshold": 0.0,
    "interpolate_steps": 50
  },
  "path": [
    [
      1.0,
      5.0,
      0.0
    ],
    [
      1.29435,
      5.08741,
      0.577329
    ],
    [
      1.49329,
      5.32131,
      1.15466
    ],
    [
      1.53233,
      5.62588,
      1.73199
    ],
    [
      1.46481,
      5.92974,
      1.70504
    ],
    [
      1.51203,
      6.23315,
      1.12771
    ],
    [
      1.6039,
      6.54508,
      1.31269
    ],
    [
      1.68701,
      6.85992,
      1.31269
    ],
    [
      1.77013,
      7.17475,
      1.31269
    ],
    [
      1.85324,
      7.48958,
      1.31269
    ],
    [
      1.97413,
      7.78898,
      0.922868
    ],
    [
      2.20824,
      7.96809,
      0.455989
    ],
    [
      2.4759,
      8.09937,
      0.455989
    ],
    [
      2.74355,
      8.23064,
      0.455989
    ],
    [
      3.0112,
      8.36192,
      0.455989
    ],
    [
      3.27886,
      8.49319,
      0.455989
    ],
    [
      3.54651,
      8.62446,
      0.455989
    ],
    [
      3.81665,
      8.74995,
      0.303145
    ],
    [
      4.10498,
      8.8393,
      0.300479
    ],
    [
      4.39331,
      8.92864,
      0.300479
    ],
    [
      4.68164,
      9.01798,
      0.300479
    ],
    [
      4.96997,
      9.10732,
      0.300479
    ],
    [
      5.2583,
      9.19667,
      0.300479
    ],
    [
      5.54663,
      9.28601,
      0.300479
    ],
    [
      5.83496,
      9.37535,
      0.300479
    ],
    [
      6.12329,
      9.46469,
      0.300479
    ],
    [
      6.42082,
      9.48203,
      -0.220332
    ],
    [
      6.68225,
      9.33914,
      -0.780029
    ],
    [
      6.93243,
      9.19891,
      -0.241779
    ],
    [
      7.21875,
      9.15136,
      -0.158072
    ],
    [
      7.50542,
      9.10566,
      -0.158072
    ],
    [
      7.79209,
      9.05997,
      -0.158072
    ],
    [
      8.07875,
      9.01427,
      -0.158072
    ],
    [
      8.36542,
      8.96858,
      -0.158072
    ],
    [
      8.65069,
      8.91632,
      -0.315876
    ],
    [
      8.8898,
      8.75795,
      -0.854125
    ],
    [
      9.01391,
      8.4994,
      -1.39238
    ],
    [
      8.98588,
      8.20363,
      -1.86896
    ],
    [
      8.89758,
      7.91631,
      -1.86896
    ],
    [
      8.80928,
      7.629,
      -1.86896
    ],
    [
      8.72098,
      7.34169,
      -1.86896
    ],
    [
      8.63268,
      7.05437,
      -1.86896
    ],
    [
      8.54438,
      6.76706,
      -1.86896
    ],
    [
      8.38962,
      6.51385,
      -2.39736
    ],
    [
      8.23022,
      6.24168,
      -1.80384
    ],
    [
      8.2503,
      5.9269,
      -1.21033
    ],
    [
      8.37486,
      5.63205,
      -1.1697
    ],
    [
      8.49984,
      5.33736,
      -1.1697
    ],
    [
      8.69837,
      5.09223,
      -0.593514
    ],
    [
      9.0,
      5.0,
      0.0
    ]
  ]
}