{
  "robot": {
    "class": "RectangleRobot",
    "radius": 0.35485913501746996,
    "wheelbase": 0.29458049984686974,
    "max_velocity": 10.601283656980357,
    "max_steering_at_zero_v": 0.46111177809601345,
    "max_steering_at_max_v": 0.21472815204749912,
    "acceleration": 5,
    "width": 0.5835877874173171,
    "lenght": 0.40388775321708903
  },
  "planner": {
    "class": "Dubins_pathfinding",
    "start": [
      1.0,
      5.0
    ],
    "goal": [
      9.0,
      5.0
    ],
    "bounds": [
      0,
      10,
      0,
      10
    ],
    "max_runtime": 15.0,
    "goal_threshold": 0.0,
    "interpolate_steps": 50
  },
  "path": [
    [
      1.0,
      5.0,
      0.0
    ],
    [
      1.32934,
      4.90012,
      -0.588914
    ],
    [
      1.54772,
      4.63413,
      -1.17783
    ],
    [
      1.58157,
      4.29165,
      -1.76674
    ],
    [
      1.48077,
      3.95744,
      -1.87337
    ],
    [
      1.37672,
      3.62413,
      -1.87337
    ],
    [
      1.27268,
      3.29082,
      -1.87337
    ],
    [
      1.16863,
      2.9575,
      -1.87337
    ],
    [
      1.06458,
      2.62419,
      -1.87337
    ],
    [
      0.960536,
      2.29087,
      -1.87337
    ],
    [
      0.835566,
      1.96402,
      -1.93972
    ],
    [
      0.709369,
      1.63762,
      -1.93972
    ],
    [
      0.587455,
      1.30975,
      -1.81615
    ],
    [
      0.604609,
      0.965284,
      -1.22593
    ],
    [
      0.809948,
      0.689102,
      -0.637014
    ],
    [
      1.1341,
      0.573502,
      -0.0481
    ],
    [
      1.48188,
      0.601719,
      0.0994123
    ],
    [
      1.82933,
      0.636374,
      0.0994123
    ],
    [
      2.17679,
      0.671029,
      0.0994123
    ],
    [
      2.52424,
      0.705685,
      0.0994123
    ],
    [
      2.87169,
      0.74034,
      0.0994123
    ],
    [
      3.21914,
      0.774995,
      0.0994123
    ],
    [
      3.56659,
      0.80965,
      0.0994123
    ],
    [
      3.90944,
      0.823331,
      0.0364583
    ],
    [
      4.25235,
      0.835838,
      0.0364583
    ],
    [
      4.59526,
      0.848346,
      0.0364583
    ],
    [
      4.93817,
      0.860853,
      0.0364583
    ],
    [
      5.28109,
      0.873361,
      0.0364583
    ],
    [
      5.624,
      0.885868,
      0.0364583
    ],
    [
      5.96691,
      0.898376,
      0.0364583
    ],
    [
      6.30982,
      0.910883,
      0.0364583
    ],
    [
      6.65268,
      0.924338,
      0.0930179
    ],
    [
      6.9932,
      0.931814,
      0.0169139
    ],
    [
      7.3338,
      0.937576,
      0.0169139
    ],
    [
      7.6744,
      0.943337,
      0.0169139
    ],
    [
      8.015,
      0.949099,
      0.0169139
    ],
    [
      8.35559,
      0.95486,
      0.0169139
    ],
    [
      8.69444,
      0.978339,
      0.262185
    ],
    [
      8.99279,
      1.1673,
      0.866992
    ],
    [
      9.13077,
      1.49239,
      1.4718
    ],
    [
      9.0722,
      1.84311,
      1.86182
    ],
    [
      8.96931,
      2.18663,
      1.86182
    ],
    [
      8.86642,
      2.53015,
      1.86182
    ],
    [
      8.76352,
      2.87368,
      1.86182
    ],
    [
      8.66063,
      3.2172,
      1.86182
    ],
    [
      8.48343,
      3.52314,
      2.39388
    ],
    [
      8.29393,
      3.94054,
      1.60007
    ],
    [
      8.38679,
      4.40038,
      1.32349
    ],
    [
      8.57723,
      4.8228,
      0.793814
    ],
    [
      9.0,
      5.0,
      0.0
    ]
  ]
}