{
  "robot": {
    "class": "RectangleRobot",
    "radius": 0.2707591054072798,
    "wheelbase": 0.4956512137255702,
    "max_velocity": 11.536544399342384,
    "max_steering_at_zero_v": 0.48536467209753886,
    "max_steering_at_max_v": 0.21801503874769856,
    "acceleration": 5,
    "width": 0.17637951808813757,
    "lenght": 0.5119885137801415
  },
  "planner": {
    "class": "Dubins_pathfinding",
    "start": [
      1.0,
      5.0
    ],
    "goal": [
      9.0,
      5.0
    ],
    "bounds": [
      0,
      10,
      0,
      10
    ],
    "max_runtime": 15.0,
    "goal_threshold": 0.0,
    "interpolate_steps": 50
  },
  "path": [
    [
      1.0,
      5.0,
      0.0
    ],
    [
      1.38148,
      4.91908,
      -0.418024
    ],
    [
      1.69727,
      4.69027,
      -0.836048
    ],
    [
      1.89297,
      4.35296,
      -1.25407
    ],
    [
      1.9349,
      3.96526,
      -1.6721
    ],
    [
      1.81582,
      3.59391,
      -2.09012
    ],
    [
      1.55624,
      3.30288,
      -2.50814
    ],
    [
      1.21709,
      3.10514,
      -2.63211
    ],
    [
      0.874153,
      2.91355,
      -2.63211
    ],
    [
      0.580585,
      2.65686,
      -2.21409
    ],
    [
      0.416504,
      2.30309,
      -1.79606
    ],
    [
      0.410166,
      1.91317,
      -1.37804
    ],
    [
      0.529279,
      1.53917,
      -1.23954
    ],
    [
      0.657037,
      1.1677,
      -1.23954
    ],
    [
      0.817487,
      0.810965,
      -0.96299
    ],
    [
      1.10176,
      0.544014,
      -0.544966
    ],
    [
      1.46993,
      0.415452,
      -0.126942
    ],
    [
      1.86229,
      0.416674,
      0.0341149
    ],
    [
      2.25488,
      0.430073,
      0.0341149
    ],
    [
      2.64748,
      0.443471,
      0.0341149
    ],
    [
      3.04007,
      0.45687,
      0.0341149
    ],
    [
      3.43267,
      0.470268,
      0.0341149
    ],
    [
      3.82526,
      0.483667,
      0.0341149
    ],
    [
      4.21786,
      0.497065,
      0.0341149
    ],
    [
      4.61045,
      0.510464,
      0.0341149
    ],
    [
      5.00325,
      0.514862,
      0.0105306
    ],
    [
      5.39605,
      0.518998,
      0.0105306
    ],
    [
      5.78885,
      0.523135,
      0.0105306
    ],
    [
      6.18165,
      0.527271,
      0.0105306
    ],
    [
      6.57445,
      0.531408,
      0.0105306
    ],
    [
      6.96726,
      0.535545,
      0.0105306
    ],
    [
      7.36006,
      0.539681,
      0.0105306
    ],
    [
      7.75286,
      0.543818,
      0.0105306
    ],
    [
      8.13676,
      0.471468,
      -0.264322
    ],
    [
      8.52613,
      0.44991,
      0.153702
    ],
    [
      8.89073,
      0.588276,
      0.571727
    ],
    [
      9.16776,
      0.862738,
      0.989751
    ],
    [
      9.30952,
      1.22603,
      1.40777
    ],
    [
      9.29159,
      1.61559,
      1.8258
    ],
    [
      9.11706,
      1.96432,
      2.24382
    ],
    [
      8.81599,
      2.21218,
      2.66185
    ],
    [
      8.51492,
      2.46003,
      2.24382
    ],
    [
      8.34039,
      2.80877,
      1.8258
    ],
    [
      8.24642,
      3.19019,
      1.81216
    ],
    [
      8.15252,
      3.57162,
      1.81216
    ],
    [
      8.06625,
      3.95459,
      1.68351
    ],
    [
      8.10374,
      4.34275,
      1.26548
    ],
    [
      8.29559,
      4.68227,
      0.847461
    ],
    [
      8.60874,
      4.91467,
      0.429437
    ],
    [
      9.0,
      5.0,
      0.0
    ]
  ]
}