{
  "robot": {
    "class": "RectangleRobot",
    "radius": 0.42432202293182597,
    "wheelbase": 0.22981529769638717,
    "max_velocity": 12.341025722576427,
    "max_steering_at_zero_v": 0.4663903729413903,
    "max_steering_at_max_v": 0.17339012686790026,
    "acceleration": 5,
    "width": 0.6732744225228998,
    "lenght": 0.5166219783906641
  },
  "planner": {
    "class": "Dubins_pathfinding",
    "start": [
      1.0,
      5.0
    ],
    "goal": [
      9.0,
      5.0
    ],
    "bounds": [
      0,
      10,
      0,
      10
    ],
    "max_runtime": 15.0,
    "goal_threshold": 0.0,
    "interpolate_steps": 50
  },
  "path": [
    [
      1.0,
      5.0,
      0.0
    ],
    [
      1.3129,
      5.12411,
      0.755214
    ],
    [
      1.45566,
      5.42896,
      1.51043
    ],
    [
      1.38568,
      5.76445,
      1.8547
    ],
    [
      1.28911,
      6.0954,
      1.8547
    ],
    [
      1.19255,
      6.42635,
      1.8547
    ],
    [
      1.09598,
      6.7573,
      1.8547
    ],
    [
      0.999413,
      7.08826,
      1.8547
    ],
    [
      0.902847,
      7.41921,
      1.8547
    ],
    [
      0.772243,
      7.73501,
      2.25964
    ],
    [
      0.649636,
      8.06939,
      1.77271
    ],
    [
      0.577266,
      8.42292,
      1.77271
    ],
    [
      0.504918,
      8.77645,
      1.76287
    ],
    [
      0.575852,
      9.12076,
      0.97237
    ],
    [
      0.845685,
      9.30729,
      0.237351
    ],
    [
      1.17585,
      9.36696,
      0.176258
    ],
    [
      1.50619,
      9.4258,
      0.176258
    ],
    [
      1.83652,
      9.48463,
      0.176258
    ],
    [
      2.16605,
      9.54709,
      0.303779
    ],
    [
      2.51274,
      9.55583,
      -0.0619869
    ],
    [
      2.86124,
      9.5342,
      -0.0619869
    ],
    [
      3.20975,
      9.51257,
      -0.0619869
    ],
    [
      3.55826,
      9.49094,
      -0.0619869
    ],
    [
      3.90676,
      9.4693,
      -0.0619869
    ],
    [
      4.25527,
      9.44767,
      -0.0619869
    ],
    [
      4.60377,
      9.42604,
      -0.0619869
    ],
    [
      4.95228,
      9.40441,
      -0.0619869
    ],
    [
      5.30078,
      9.38278,
      -0.0619869
    ],
    [
      5.6702,
      9.37638,
      -0.016025
    ],
    [
      6.03962,
      9.37046,
      -0.016025
    ],
    [
      6.40905,
      9.36454,
      -0.016025
    ],
    [
      6.77848,
      9.35862,
      -0.016025
    ],
    [
      7.14791,
      9.3527,
      -0.016025
    ],
    [
      7.51725,
      9.35026,
      0.107539
    ],
    [
      7.86353,
      9.33324,
      -0.0697406
    ],
    [
      8.20974,
      9.30906,
      -0.0697406
    ],
    [
      8.55595,
      9.28487,
      -0.0697406
    ],
    [
      8.90216,
      9.26069,
      -0.0697406
    ],
    [
      9.23216,
      9.17283,
      -0.608449
    ],
    [
      9.42536,
      8.84466,
      -1.46897
    ],
    [
      9.33404,
      8.46723,
      -1.9326
    ],
    [
      9.195,
      8.09984,
      -1.9326
    ],
    [
      9.05596,
      7.73244,
      -1.9326
    ],
    [
      8.91691,
      7.36505,
      -1.9326
    ],
    [
      8.77787,
      6.99766,
      -1.9326
    ],
    [
      8.63883,
      6.63027,
      -1.9326
    ],
    [
      8.49978,
      6.26287,
      -1.9326
    ],
    [
      8.5063,
      5.75805,
      -1.45764
    ],
    [
      8.58949,
      5.25681,
      -1.11806
    ],
    [
      9.0,
      5.0,
      0.0
    ]
  ]
}