{
  "robot": {
    "class": "RectangleRobot",
    "radius": 0.29078912026816844,
    "wheelbase": 0.4367131326511844,
    "max_velocity": 10.605529486331994,
    "max_steering_at_zero_v": 0.4950902153164329,
    "max_steering_at_max_v": 0.25551410742178104,
    "acceleration": 5,
    "width": 0.19662424508503973,
    "lenght": 0.5473318519052948
  },
  "planner": {
    "class": "Dubins_pathfinding",
    "start": [
      1.0,
      5.0
    ],
    "goal": [
      9.0,
      5.0
    ],
    "bounds": [
      0,
      10,
      0,
      10
    ],
    "max_runtime": 15.0,
    "goal_threshold": 0.0,
    "interpolate_steps": 50
  },
  "path": [
    [
      1.0,
      5.0,
      0.0
    ],
    [
      1.37756,
      5.09353,
      0.48568
    ],
    [
      1.6678,
      5.3525,
      0.97136
    ],
    [
      1.80358,
      5.717,
      1.45704
    ],
    [
      1.75351,
      6.10274,
      1.94272
    ],
    [
      1.60155,
      6.46498,
      1.9687
    ],
    [
      1.44934,
      6.82711,
      1.9687
    ],
    [
      1.29713,
      7.18925,
      1.9687
    ],
    [
      1.14491,
      7.55138,
      1.9687
    ],
    [
      0.958892,
      7.82354,
      2.32554
    ],
    [
      0.734597,
      8.06788,
      2.22594
    ],
    [
      0.591282,
      8.36454,
      1.81572
    ],
    [
      0.578167,
      8.69374,
      1.40551
    ],
    [
      0.732547,
      9.05077,
      0.919829
    ],
    [
      1.03574,
      9.29444,
      0.434149
    ],
    [
      1.41761,
      9.3684,
      -0.0515304
    ],
    [
      1.80754,
      9.32118,
      -0.126273
    ],
    [
      2.19723,
      9.27171,
      -0.126273
    ],
    [
      2.58693,
      9.22223,
      -0.126273
    ],
    [
      2.97663,
      9.17276,
      -0.126273
    ],
    [
      3.36632,
      9.12329,
      -0.126273
    ],
    [
      3.71522,
      9.11848,
      0.00667193
    ],
    [
      4.06439,
      9.12081,
      0.00667193
    ],
    [
      4.41356,
      9.12314,
      0.00667193
    ],
    [
      4.76273,
      9.12547,
      0.00667193
    ],
    [
      5.1119,
      9.1278,
      0.00667193
    ],
    [
      5.46106,
      9.13013,
      0.00667193
    ],
    [
      5.81023,
      9.13246,
      0.00667193
    ],
    [
      6.1594,
      9.13479,
      0.00667193
    ],
    [
      6.50857,
      9.13712,
      0.00667193
    ],
    [
      6.87799,
      9.11836,
      -0.0548884
    ],
    [
      7.24735,
      9.09806,
      -0.0548884
    ],
    [
      7.61672,
      9.07777,
      -0.0548884
    ],
    [
      7.98608,
      9.05739,
      -0.069545
    ],
    [
      8.37135,
      9.0446,
      -0.0316821
    ],
    [
      8.75648,
      9.02966,
      -0.113813
    ],
    [
      9.1149,
      8.89797,
      -0.590423
    ],
    [
      9.37296,
      8.61652,
      -1.06703
    ],
    [
      9.47314,
      8.24804,
      -1.54364
    ],
    [
      9.39311,
      7.87467,
      -2.02025
    ],
    [
      9.1507,
      7.57963,
      -2.49686
    ],
    [
      8.79996,
      7.42868,
      -2.97347
    ],
    [
      8.40005,
      7.23764,
      -2.41841
    ],
    [
      8.16085,
      6.86453,
      -1.86335
    ],
    [
      8.14065,
      6.41947,
      -1.49229
    ],
    [
      8.17586,
      5.97191,
      -1.49229
    ],
    [
      8.24095,
      5.52948,
      -1.21817
    ],
    [
      8.50212,
      5.1714,
      -0.663112
    ],
    [
      8.91278,
      5.00472,
      -0.10805
    ],
    [
      9.0,
      5.0,
      0.0
    ]
  ]
}