{
  "robot": {
    "class": "RectangleRobot",
    "radius": 0.31738482029423376,
    "wheelbase": 0.2950379014452184,
    "max_velocity": 11.110961482476657,
    "max_steering_at_zero_v": 0.3207943178227897,
    "max_steering_at_max_v": 0.17233567847770442,
    "acceleration": 5,
    "width": 0.30820111557603513,
    "lenght": 0.554927534882258
  },
  "planner": {
    "class": "Dubins_pathfinding",
    "start": [
      1.0,
      5.0
    ],
    "goal": [
      9.0,
      5.0
    ],
    "bounds": [
      0,
      10,
      0,
      10
    ],
    "max_runtime": 15.0,
    "goal_threshold": 0.0,
    "interpolate_steps": 50
  },
  "path": [
    [
      1.0,
      5.0,
      0.0
    ],
    [
      1.38013,
      5.08548,
      0.442397
    ],
    [
      1.68708,
      5.32548,
      0.884794
    ],
    [
      1.86173,
      5.67377,
      1.32719
    ],
    [
      1.87046,
      6.0633,
      1.76959
    ],
    [
      1.71158,
      6.41906,
      2.21198
    ],
    [
      1.45194,
      6.71372,
      2.30233
    ],
    [
      1.18953,
      7.00604,
      2.30233
    ],
    [
      0.927121,
      7.29836,
      2.30233
    ],
    [
      0.743736,
      7.6161,
      1.88617
    ],
    [
      0.658215,
      7.97549,
      1.79427
    ],
    [
      0.576578,
      8.33588,
      1.77001
    ],
    [
      0.579831,
      8.70273,
      1.35385
    ],
    [
      0.731103,
      9.03695,
      0.937697
    ],
    [
      1.00457,
      9.28149,
      0.521543
    ],
    [
      1.35356,
      9.39462,
      0.105388
    ],
    [
      1.71848,
      9.35701,
      -0.310767
    ],
    [
      2.10653,
      9.30454,
      -0.0676623
    ],
    [
      2.49845,
      9.27798,
      -0.0676623
    ],
    [
      2.89038,
      9.25143,
      -0.0676623
    ],
    [
      3.2823,
      9.22487,
      -0.0676623
    ],
    [
      3.67423,
      9.19831,
      -0.0676623
    ],
    [
      4.06615,
      9.17175,
      -0.0676623
    ],
    [
      4.45807,
      9.14519,
      -0.0676623
    ],
    [
      4.85,
      9.11863,
      -0.0676623
    ],
    [
      5.19913,
      9.11571,
      -0.00306167
    ],
    [
      5.5483,
      9.11464,
      -0.00306167
    ],
    [
      5.89748,
      9.11357,
      -0.00306167
    ],
    [
      6.24665,
      9.1125,
      -0.00306167
    ],
    [
      6.59583,
      9.11143,
      -0.00306167
    ],
    [
      6.945,
      9.11036,
      -0.00306167
    ],
    [
      7.29418,
      9.10929,
      -0.00306167
    ],
    [
      7.64335,
      9.10823,
      -0.00306167
    ],
    [
      7.98996,
      9.07822,
      -0.259072
    ],
    [
      8.37138,
      9.03546,
      -0.0707205
    ],
    [
      8.7549,
      9.00829,
      -0.0707205
    ],
    [
      9.12625,
      8.91982,
      -0.446661
    ],
    [
      9.42687,
      8.68498,
      -0.87966
    ],
    [
      9.60122,
      8.34566,
      -1.31266
    ],
    [
      9.6171,
      7.96451,
      -1.74566
    ],
    [
      9.47158,
      7.61188,
      -2.17866
    ],
    [
      9.19153,
      7.35284,
      -2.61165
    ],
    [
      8.86182,
      7.05139,
      -2.31263
    ],
    [
      8.5585,
      6.72042,
      -2.31263
    ],
    [
      8.2629,
      6.38305,
      -2.16227
    ],
    [
      8.11533,
      5.96411,
      -1.65668
    ],
    [
      8.18913,
      5.5261,
      -1.15108
    ],
    [
      8.46583,
      5.17865,
      -0.645482
    ],
    [
      8.87619,
      5.00867,
      -0.139886
    ],
    [
      9.0,
      5.0,
      0.0
    ]
  ]
}