{
  "robot": {
    "class": "RectangleRobot",
    "radius": 0.32822491042165086,
    "wheelbase": 0.2570348388569467,
    "max_velocity": 7.91036353008144,
    "max_steering_at_zero_v": 0.3583663928484481,
    "max_steering_at_max_v": 0.17353422940090646,
    "acceleration": 5,
    "width": 0.6205131063225914,
    "lenght": 0.2142191685332835
  },
  "planner": {
    "class": "Dubins_pathfinding",
    "start": [
      1.0,
      5.0
    ],
    "goal": [
      9.0,
      5.0
    ],
    "bounds": [
      0,
      10,
      0,
      10
    ],
    "max_runtime": 15.0,
    "goal_threshold": 0.0,
    "interpolate_steps": 50
  },
  "path": [
    [
      1.0,
      5.0,
      0.0
    ],
    [
      1.3343,
      4.91307,
      -0.508803
    ],
    [
      1.58391,
      4.6743,
      -1.01761
    ],
    [
      1.68559,
      4.34418,
      -1.52641
    ],
    [
      1.61678,
      4.00501,
      -1.93472
    ],
    [
      1.49249,
      3.6787,
      -1.93472
    ],
    [
      1.3682,
      3.35239,
      -1.93472
    ],
    [
      1.24392,
      3.02608,
      -1.93472
    ],
    [
      1.11963,
      2.69978,
      -1.93472
    ],
    [
      0.995345,
      2.37347,
      -1.93472
    ],
    [
      0.86509,
      2.03771,
      -1.9409
    ],
    [
      0.734824,
      1.70196,
      -1.9409
    ],
    [
      0.625507,
      1.36005,
      -1.68842
    ],
    [
      0.676867,
      1.00776,
      -1.16364
    ],
    [
      0.897821,
      0.7286,
      -0.638868
    ],
    [
      1.24123,
      0.596409,
      -0.096032
    ],
    [
      1.61333,
      0.607208,
      0.0481383
    ],
    [
      1.98543,
      0.625134,
      0.0481383
    ],
    [
      2.35753,
      0.64306,
      0.0481383
    ],
    [
      2.72964,
      0.660986,
      0.0481383
    ],
    [
      3.10174,
      0.678912,
      0.0481383
    ],
    [
      3.47384,
      0.696838,
      0.0481383
    ],
    [
      3.84338,
      0.734517,
      0.289254
    ],
    [
      4.20257,
      0.770922,
      0.044179
    ],
    [
      4.56433,
      0.786915,
      0.044179
    ],
    [
      4.9261,
      0.802907,
      0.044179
    ],
    [
      5.28786,
      0.8189,
      0.044179
    ],
    [
      5.64963,
      0.834893,
      0.044179
    ],
    [
      6.01139,
      0.850886,
      0.044179
    ],
    [
      6.37316,
      0.866879,
      0.044179
    ],
    [
      6.731,
      0.91075,
      0.330943
    ],
    [
      7.03193,
      0.944325,
      -0.0663144
    ],
    [
      7.33614,
      0.921167,
      -0.159043
    ],
    [
      7.61705,
      0.80852,
      -0.60371
    ],
    [
      7.93941,
      0.690513,
      -0.098121
    ],
    [
      8.28627,
      0.684723,
      -0.00880321
    ],
    [
      8.63235,
      0.696178,
      0.197129
    ],
    [
      8.94148,
      0.845472,
      0.702719
    ],
    [
      9.13962,
      1.1258,
      1.20831
    ],
    [
      9.1772,
      1.46703,
      1.7139
    ],
    [
      9.04482,
      1.78376,
      2.21949
    ],
    [
      8.89447,
      2.14334,
      1.84354
    ],
    [
      8.78865,
      2.52165,
      1.84354
    ],
    [
      8.68284,
      2.89995,
      1.84354
    ],
    [
      8.57702,
      3.27825,
      1.84354
    ],
    [
      8.47121,
      3.65655,
      1.84354
    ],
    [
      8.36539,
      4.03486,
      1.84354
    ],
    [
      8.32222,
      4.42132,
      1.41338
    ],
    [
      8.48853,
      4.77129,
      0.840975
    ],
    [
      9.0,
      5.0,
      0.0
    ]
  ]
}