{
  "robot": {
    "class": "RectangleRobot",
    "radius": 0.26814959990496096,
    "wheelbase": 0.35968138594315047,
    "max_velocity": 10.108282477992512,
    "max_steering_at_zero_v": 0.4414418328754533,
    "max_steering_at_max_v": 0.19615857696023412,
    "acceleration": 5,
    "width": 0.10779255833161323,
    "lenght": 0.5253547335706497
  },
  "planner": {
    "class": "Dubins_pathfinding",
    "start": [
      1.0,
      5.0
    ],
    "goal": [
      9.0,
      5.0
    ],
    "bounds": [
      0,
      10,
      0,
      10
    ],
    "max_runtime": 15.0,
    "goal_threshold": 0.0,
    "interpolate_steps": 50
  },
  "path": [
    [
      1.0,
      5.0,
      0.0
    ],
    [
      1.33706,
      4.9213,
      -0.458742
    ],
    [
      1.60442,
      4.70149,
      -0.917483
    ],
    [
      1.7468,
      4.38601,
      -1.37623
    ],
    [
      1.78061,
      4.03861,
      -1.4872
    ],
    [
      1.80976,
      3.69066,
      -1.4872
    ],
    [
      1.83892,
      3.3427,
      -1.4872
    ],
    [
      1.86808,
      2.99474,
      -1.4872
    ],
    [
      1.89755,
      2.64682,
      -1.45819
    ],
    [
      2.01362,
      2.32074,
      -0.999452
    ],
    [
      2.23888,
      2.09428,
      -0.576681
    ],
    [
      2.53721,
      1.98018,
      -0.153909
    ],
    [
      2.85608,
      1.99853,
      0.268862
    ],
    [
      3.13936,
      2.14609,
      0.691633
    ],
    [
      3.37535,
      2.36483,
      0.751738
    ],
    [
      3.61043,
      2.58459,
      0.751738
    ],
    [
      3.81309,
      2.83206,
      1.08699
    ],
    [
      3.89903,
      3.13968,
      1.50976
    ],
    [
      4.006,
      3.48473,
      1.03059
    ],
    [
      4.26,
      3.7416,
      0.551419
    ],
    [
      4.60383,
      3.85243,
      0.0722466
    ],
    [
      4.96843,
      3.8477,
      -0.0222978
    ],
    [
      5.33307,
      3.83957,
      -0.0222978
    ],
    [
      5.69771,
      3.83144,
      -0.0222978
    ],
    [
      6.06235,
      3.82384,
      0.0151427
    ],
    [
      6.3911,
      3.79052,
      -0.122936
    ],
    [
      6.7193,
      3.74997,
      -0.122936
    ],
    [
      7.0475,
      3.70941,
      -0.122936
    ],
    [
      7.37637,
      3.67851,
      0.0365163
    ],
    [
      7.69396,
      3.76087,
      0.470976
    ],
    [
      7.94738,
      3.96926,
      0.905435
    ],
    [
      8.08954,
      4.26497,
      1.33989
    ],
    [
      8.23617,
      4.56631,
      0.89598
    ],
    [
      8.49801,
      4.77547,
      0.452065
    ],
    [
      8.8243,
      4.85191,
      0.00814972
    ],
    [
      9.15179,
      4.7808,
      -0.435765
    ],
    [
      9.417,
      4.57593,
      -0.87968
    ],
    [
      9.56853,
      4.27702,
      -1.3236
    ],
    [
      9.57698,
      3.942,
      -1.76751
    ],
    [
      9.46706,
      3.62293,
      -1.93362
    ],
    [
      9.30455,
      3.32929,
      -2.28959
    ],
    [
      8.98334,
      3.11214,
      -2.80464
    ],
    [
      8.59684,
      3.08138,
      2.96348
    ],
    [
      8.24533,
      3.24499,
      2.44843
    ],
    [
      8.02002,
      3.56053,
      1.93337
    ],
    [
      7.97937,
      3.94611,
      1.41831
    ],
    [
      8.1316,
      4.30332,
      0.989476
    ],
    [
      8.34688,
      4.63096,
      0.989476
    ],
    [
      8.62506,
      4.90125,
      0.515057
    ],
    [
      9.0,
      5.0,
      0.0
    ]
  ]
}