{
  "robot": {
    "class": "RectangleRobot",
    "radius": 0.3071160815512922,
    "wheelbase": 0.25963601762191924,
    "max_velocity": 10.910162283984636,
    "max_steering_at_zero_v": 0.36693632010951127,
    "max_steering_at_max_v": 0.20447832107526356,
    "acceleration": 5,
    "width": 0.45212043013470116,
    "lenght": 0.4157742979604351
  },
  "planner": {
    "class": "Dubins_pathfinding",
    "start": [
      1.0,
      5.0
    ],
    "goal": [
      9.0,
      5.0
    ],
    "bounds": [
      0,
      10,
      0,
      10
    ],
    "max_runtime": 15.0,
    "goal_threshold": 0.0,
    "interpolate_steps": 50
  },
  "path": [
    [
      1.0,
      5.0,
      0.0
    ],
    [
      1.35332,
      4.90024,
      -0.550393
    ],
    [
      1.60228,
      4.63041,
      -1.10079
    ],
    [
      1.67335,
      4.27023,
      -1.65118
    ],
    [
      1.56239,
      3.91744,
      -1.96468
    ],
    [
      1.4197,
      3.5741,
      -1.96468
    ],
    [
      1.27701,
      3.23076,
      -1.96468
    ],
    [
      1.13432,
      2.88743,
      -1.96468
    ],
    [
      1.00987,
      2.53816,
      -1.72615
    ],
    [
      0.915615,
      2.21045,
      -1.87185
    ],
    [
      0.814419,
      1.88453,
      -1.87185
    ],
    [
      0.713224,
      1.55861,
      -1.87185
    ],
    [
      0.640593,
      1.22681,
      -1.57765
    ],
    [
      0.722733,
      0.8993,
      -1.07247
    ],
    [
      0.953116,
      0.652456,
      -0.567285
    ],
    [
      1.28208,
      0.5475,
      -0.0503949
    ],
    [
      1.63107,
      0.556876,
      0.0336965
    ],
    [
      1.98005,
      0.56864,
      0.0336965
    ],
    [
      2.32903,
      0.580404,
      0.0336965
    ],
    [
      2.67801,
      0.592167,
      0.0336965
    ],
    [
      3.02698,
      0.603931,
      0.0336965
    ],
    [
      3.37596,
      0.615695,
      0.0336965
    ],
    [
      3.72494,
      0.627459,
      0.0336965
    ],
    [
      4.07392,
      0.639222,
      0.0336965
    ],
    [
      4.46272,
      0.67194,
      0.0863516
    ],
    [
      4.85146,
      0.705592,
      0.0863516
    ],
    [
      5.2402,
      0.739244,
      0.0863516
    ],
    [
      5.62894,
      0.772896,
      0.0863516
    ],
    [
      6.01769,
      0.806548,
      0.0863516
    ],
    [
      6.40643,
      0.8402,
      0.0863516
    ],
    [
      6.79517,
      0.873852,
      0.0863516
    ],
    [
      7.18377,
      0.908736,
      0.146909
    ],
    [
      7.56713,
      0.917976,
      0.00684506
    ],
    [
      7.95084,
      0.920602,
      0.00684506
    ],
    [
      8.33456,
      0.923229,
      0.00684506
    ],
    [
      8.71827,
      0.925855,
      0.00684506
    ],
    [
      9.08178,
      1.03163,
      0.56711
    ],
    [
      9.32255,
      1.2982,
      1.10533
    ],
    [
      9.39263,
      1.65051,
      1.64354
    ],
    [
      9.27242,
      1.98907,
      2.15432
    ],
    [
      9.0721,
      2.29249,
      2.15432
    ],
    [
      8.87178,
      2.59591,
      2.15432
    ],
    [
      8.67146,
      2.89933,
      2.15432
    ],
    [
      8.47114,
      3.20275,
      2.15432
    ],
    [
      8.26368,
      3.50088,
      2.31657
    ],
    [
      8.09227,
      3.85627,
      1.72385
    ],
    [
      8.14861,
      4.24678,
      1.13114
    ],
    [
      8.36272,
      4.58481,
      0.989218
    ],
    [
      8.62264,
      4.88477,
      0.592711
    ],
    [
      9.0,
      5.0,
      0.0
    ]
  ]
}