{
  "robot": {
    "class": "RectangleRobot",
    "radius": 0.223395228405247,
    "wheelbase": 0.3348016880834933,
    "max_velocity": 12.101057686985994,
    "max_steering_at_zero_v": 0.40211250900893925,
    "max_steering_at_max_v": 0.18769151557179686,
    "acceleration": 5,
    "width": 0.3507570030162316,
    "lenght": 0.27675121884465337
  },
  "planner": {
    "class": "Dubins_pathfinding",
    "start": [
      1.0,
      5.0
    ],
    "goal": [
      9.0,
      5.0
    ],
    "bounds": [
      0,
      10,
      0,
      10
    ],
    "max_runtime": 15.0,
    "goal_threshold": 0.0,
    "interpolate_steps": 50
  },
  "path": [
    [
      1.0,
      5.0,
      0.0
    ],
    [
      1.37672,
      5.09599,
      0.498988
    ],
    [
      1.66158,
      5.36055,
      0.997976
    ],
    [
      1.78509,
      5.72917,
      1.49696
    ],
    [
      1.72392,
      6.1143,
      1.86105
    ],
    [
      1.61149,
      6.49069,
      1.86105
    ],
    [
      1.49907,
      6.86709,
      1.86105
    ],
    [
      1.38665,
      7.24348,
      1.86105
    ],
    [
      1.27422,
      7.61987,
      1.86105
    ],
    [
      1.07443,
      7.95337,
      2.36004
    ],
    [
      0.755339,
      8.18043,
      2.44369
    ],
    [
      0.528382,
      8.49607,
      1.9447
    ],
    [
      0.480141,
      8.88182,
      1.44571
    ],
    [
      0.622381,
      9.24363,
      0.946723
    ],
    [
      0.920414,
      9.49325,
      0.447735
    ],
    [
      1.30156,
      9.56981,
      -0.051253
    ],
    [
      1.67287,
      9.45465,
      -0.550241
    ],
    [
      2.00068,
      9.34293,
      -0.106696
    ],
    [
      2.34899,
      9.31842,
      -0.0686134
    ],
    [
      2.69734,
      9.29448,
      -0.0686134
    ],
    [
      3.0457,
      9.27054,
      -0.0686134
    ],
    [
      3.39405,
      9.2466,
      -0.0686134
    ],
    [
      3.7424,
      9.22266,
      -0.0686134
    ],
    [
      4.09076,
      9.19872,
      -0.0686134
    ],
    [
      4.43911,
      9.17478,
      -0.0686134
    ],
    [
      4.78747,
      9.15084,
      -0.0686134
    ],
    [
      5.15953,
      9.13175,
      -0.0509529
    ],
    [
      5.5316,
      9.11277,
      -0.0509529
    ],
    [
      5.90367,
      9.0938,
      -0.0509529
    ],
    [
      6.27574,
      9.07482,
      -0.0509529
    ],
    [
      6.64781,
      9.05585,
      -0.0509529
    ],
    [
      7.01988,
      9.03688,
      -0.0509529
    ],
    [
      7.39196,
      9.0179,
      -0.0509529
    ],
    [
      7.76303,
      9.02613,
      0.212287
    ],
    [
      8.11715,
      9.03233,
      -0.0715468
    ],
    [
      8.472,
      9.0069,
      -0.0715468
    ],
    [
      8.82261,
      8.95496,
      -0.332962
    ],
    [
      9.143,
      8.74576,
      -0.823932
    ],
    [
      9.32691,
      8.41021,
      -1.3149
    ],
    [
      9.33089,
      8.02759,
      -1.80587
    ],
    [
      9.1839,
      7.67085,
      -1.99994
    ],
    [
      9.02308,
      7.31939,
      -1.99994
    ],
    [
      8.83169,
      6.9858,
      -2.30025
    ],
    [
      8.51499,
      6.77106,
      -2.79122
    ],
    [
      8.17622,
      6.53052,
      -2.25713
    ],
    [
      8.00707,
      6.15104,
      -1.72304
    ],
    [
      8.05467,
      5.7383,
      -1.18895
    ],
    [
      8.29518,
      5.39669,
      -0.849797
    ],
    [
      8.59925,
      5.10964,
      -0.534089
    ],
    [
      9.0,
      5.0,
      0.0
    ]
  ]
}