{
  "robot": {
    "class": "RectangleRobot",
    "radius": 0.1839126176678716,
    "wheelbase": 0.4243137297519677,
    "max_velocity": 7.953145114325691,
    "max_steering_at_zero_v": 0.4990642937517028,
    "max_steering_at_max_v": 0.23713445784981374,
    "acceleration": 5,
    "width": 0.15277271393343564,
    "lenght": 0.3345981195810991
  },
  "planner": {
    "class": "Dubins_pathfinding",
    "start": [
      1.0,
      5.0
    ],
    "goal": [
      9.0,
      5.0
    ],
    "bounds": [
      0,
      10,
      0,
      10
    ],
    "max_runtime": 15.0,
    "goal_threshold": 0.0,
    "interpolate_steps": 50
  },
  "path": [
    [
      1.0,
      5.0,
      0.0
    ],
    [
      1.30685,
      5.06303,
      0.405183
    ],
    [
      1.564,
      5.24191,
      0.810367
    ],
    [
      1.72983,
      5.50768,
      1.21555
    ],
    [
      1.77786,
      5.8173,
      1.58881
    ],
    [
      1.77218,
      6.13266,
      1.58881
    ],
    [
      1.7665,
      6.44801,
      1.58881
    ],
    [
      1.76082,
      6.76337,
      1.58881
    ],
    [
      1.75059,
      7.07848,
      1.69697
    ],
    [
      1.77419,
      7.38971,
      1.29327
    ],
    [
      1.91815,
      7.66666,
      0.889558
    ],
    [
      2.15932,
      7.86481,
      0.49404
    ],
    [
      2.43601,
      8.01383,
      0.49404
    ],
    [
      2.71269,
      8.16285,
      0.49404
    ],
    [
      2.98937,
      8.31186,
      0.49404
    ],
    [
      3.26605,
      8.46088,
      0.49404
    ],
    [
      3.54273,
      8.6099,
      0.49404
    ],
    [
      3.81941,
      8.75892,
      0.49404
    ],
    [
      4.09609,
      8.90793,
      0.49404
    ],
    [
      4.41556,
      8.99943,
      0.0638234
    ],
    [
      4.74991,
      8.98437,
      -0.0639954
    ],
    [
      5.08412,
      8.96295,
      -0.0639954
    ],
    [
      5.41833,
      8.94153,
      -0.0639954
    ],
    [
      5.75254,
      8.92012,
      -0.0639954
    ],
    [
      6.08659,
      8.89691,
      -0.132003
    ],
    [
      6.41305,
      8.91284,
      0.130334
    ],
    [
      6.73836,
      8.95548,
      0.130334
    ],
    [
      7.06367,
      8.99812,
      0.130334
    ],
    [
      7.38899,
      9.04076,
      0.130334
    ],
    [
      7.7143,
      9.0834,
      0.130334
    ],
    [
      8.03961,
      9.12604,
      0.130334
    ],
    [
      8.36493,
      9.16863,
      0.11883
    ],
    [
      8.68923,
      9.13874,
      -0.302653
    ],
    [
      8.97291,
      8.97879,
      -0.724135
    ],
    [
      9.16052,
      8.72933,
      -1.12784
    ],
    [
      9.23504,
      8.42623,
      -1.53155
    ],
    [
      9.18451,
      8.11822,
      -1.93526
    ],
    [
      9.01705,
      7.85482,
      -2.33897
    ],
    [
      8.75957,
      7.67838,
      -2.74267
    ],
    [
      8.45349,
      7.61727,
      3.1368
    ],
    [
      8.14436,
      7.5733,
      -2.8005
    ],
    [
      7.87711,
      7.41203,
      -2.39679
    ],
    [
      7.6947,
      7.15875,
      -1.99309
    ],
    [
      7.62646,
      6.85417,
      -1.58938
    ],
    [
      7.72418,
      6.46185,
      -1.06396
    ],
    [
      7.92426,
      6.10512,
      -1.05964
    ],
    [
      8.12434,
      5.74839,
      -1.05964
    ],
    [
      8.32444,
      5.39168,
      -1.05085
    ],
    [
      8.60956,
      5.105,
      -0.525423
    ],
    [
      9.0,
      5.0,
      0.0
    ]
  ]
}