{
  "robot": {
    "class": "RectangleRobot",
    "radius": 0.3880276207803288,
    "wheelbase": 0.23883284418714862,
    "max_velocity": 10.108539803947227,
    "max_steering_at_zero_v": 0.42087998724607545,
    "max_steering_at_max_v": 0.23769022418817115,
    "acceleration": 5,
    "width": 0.35029602780564284,
    "lenght": 0.6924986865383638
  },
  "planner": {
    "class": "Dubins_pathfinding",
    "start": [
      1.0,
      5.0
    ],
    "goal": [
      9.0,
      5.0
    ],
    "bounds": [
      0,
      10,
      0,
      10
    ],
    "max_runtime": 15.0,
    "goal_threshold": 0.0,
    "interpolate_steps": 50
  },
  "path": [
    [
      1.0,
      5.0,
      0.0
    ],
    [
      1.31601,
      4.89635,
      -0.633887
    ],
    [
      1.50924,
      4.62566,
      -1.26777
    ],
    [
      1.50482,
      4.29305,
      -1.87318
    ],
    [
      1.4041,
      3.97018,
      -1.87318
    ],
    [
      1.30338,
      3.64732,
      -1.87318
    ],
    [
      1.20267,
      3.32445,
      -1.87318
    ],
    [
      1.10195,
      3.00158,
      -1.87318
    ],
    [
      1.00169,
      2.67858,
      -1.83082
    ],
    [
      0.874594,
      2.33784,
      -1.9359
    ],
    [
      0.744713,
      1.99805,
      -1.9359
    ],
    [
      0.614831,
      1.65827,
      -1.9359
    ],
    [
      0.489466,
      1.31698,
      -1.80231
    ],
    [
      0.530624,
      0.957826,
      -1.11108
    ],
    [
      0.791292,
      0.707346,
      -0.419854
    ],
    [
      1.15357,
      0.659788,
      -0.00828928
    ],
    [
      1.52236,
      0.656731,
      -0.00828928
    ],
    [
      1.89116,
      0.653674,
      -0.00828928
    ],
    [
      2.25967,
      0.657011,
      0.146656
    ],
    [
      2.57826,
      0.82787,
      0.837885
    ],
    [
      2.87748,
      0.995504,
      0.183447
    ],
    [
      3.22468,
      0.978817,
      -0.116703
    ],
    [
      3.57148,
      0.938159,
      -0.116703
    ],
    [
      3.91828,
      0.897502,
      -0.116703
    ],
    [
      4.26508,
      0.856844,
      -0.116703
    ],
    [
      4.61188,
      0.816187,
      -0.116703
    ],
    [
      4.95868,
      0.775529,
      -0.116703
    ],
    [
      5.30549,
      0.734872,
      -0.116703
    ],
    [
      5.65229,
      0.694214,
      -0.116703
    ],
    [
      6.00016,
      0.703806,
      0.0484189
    ],
    [
      6.34808,
      0.720665,
      0.0484189
    ],
    [
      6.696,
      0.737524,
      0.0484189
    ],
    [
      7.04392,
      0.754383,
      0.0484189
    ],
    [
      7.39184,
      0.771242,
      0.0484189
    ],
    [
      7.73976,
      0.788101,
      0.0484189
    ],
    [
      8.08769,
      0.80496,
      0.0484189
    ],
    [
      8.43561,
      0.821819,
      0.0484189
    ],
    [
      8.78353,
      0.838731,
      0.0624493
    ],
    [
      9.13249,
      0.999013,
      0.798692
    ],
    [
      9.28344,
      1.35211,
      1.53493
    ],
    [
      9.18461,
      1.72879,
      1.9367
    ],
    [
      9.04406,
      2.09561,
      1.9367
    ],
    [
      8.90351,
      2.46243,
      1.9367
    ],
    [
      8.76296,
      2.82925,
      1.9367
    ],
    [
      8.62241,
      3.19607,
      1.9367
    ],
    [
      8.48187,
      3.56289,
      1.9367
    ],
    [
      8.45308,
      3.99504,
      1.54288
    ],
    [
      8.46526,
      4.43143,
      1.54288
    ],
    [
      8.61054,
      4.83114,
      0.818228
    ],
    [
      9.0,
      5.0,
      0.0
    ]
  ]
}