{
  "robot": {
    "class": "RectangleRobot",
    "radius": 0.3385749606729778,
    "wheelbase": 0.2906379075788734,
    "max_velocity": 8.886673435048817,
    "max_steering_at_zero_v": 0.44491436747908886,
    "max_steering_at_max_v": 0.2124254733640367,
    "acceleration": 5,
    "width": 0.4105488460633756,
    "lenght": 0.5384994530868761
  },
  "planner": {
    "class": "Dubins_pathfinding",
    "start": [
      1.0,
      5.0
    ],
    "goal": [
      9.0,
      5.0
    ],
    "bounds": [
      0,
      10,
      0,
      10
    ],
    "max_runtime": 15.0,
    "goal_threshold": 0.0,
    "interpolate_steps": 50
  },
  "path": [
    [
      1.0,
      5.0,
      0.0
    ],
    [
      1.33039,
      5.0973,
      0.572832
    ],
    [
      1.5553,
      5.35815,
      1.14566
    ],
    [
      1.60293,
      5.69927,
      1.71849
    ],
    [
      1.49749,
      6.03158,
      1.91
    ],
    [
      1.3813,
      6.36086,
      1.91
    ],
    [
      1.26512,
      6.69014,
      1.91
    ],
    [
      1.14893,
      7.01942,
      1.91
    ],
    [
      1.03275,
      7.3487,
      1.91
    ],
    [
      0.916561,
      7.67798,
      1.91
    ],
    [
      0.7911,
      8.00022,
      1.94305
    ],
    [
      0.665328,
      8.32233,
      1.94305
    ],
    [
      0.572939,
      8.65333,
      1.60586
    ],
    [
      0.656882,
      8.98402,
      1.03856
    ],
    [
      0.92593,
      9.2278,
      0.433772
    ],
    [
      1.28637,
      9.284,
      -0.00245275
    ],
    [
      1.65503,
      9.2831,
      -0.00245275
    ],
    [
      2.02368,
      9.28219,
      -0.00245275
    ],
    [
      2.39234,
      9.28129,
      -0.00245275
    ],
    [
      2.761,
      9.28038,
      -0.00245275
    ],
    [
      3.12965,
      9.27948,
      -0.00245275
    ],
    [
      3.49831,
      9.27842,
      -0.0248182
    ],
    [
      3.84703,
      9.27189,
      -0.0187053
    ],
    [
      4.19575,
      9.26537,
      -0.0187053
    ],
    [
      4.54447,
      9.25884,
      -0.0187053
    ],
    [
      4.89319,
      9.25232,
      -0.0187053
    ],
    [
      5.24191,
      9.24579,
      -0.0187053
    ],
    [
      5.59063,
      9.23927,
      -0.0187053
    ],
    [
      5.93935,
      9.23275,
      -0.0187053
    ],
    [
      6.28807,
      9.22622,
      -0.0187053
    ],
    [
      6.63679,
      9.21996,
      0.0107142
    ],
    [
      6.97083,
      9.21663,
      -0.0103836
    ],
    [
      7.30487,
      9.21316,
      -0.0103836
    ],
    [
      7.63891,
      9.20969,
      -0.0103836
    ],
    [
      7.97295,
      9.20622,
      -0.0103836
    ],
    [
      8.30699,
      9.20276,
      -0.0103836
    ],
    [
      8.64099,
      9.19811,
      -0.0726093
    ],
    [
      8.95126,
      9.08603,
      -0.620639
    ],
    [
      9.15771,
      8.82872,
      -1.16867
    ],
    [
      9.19595,
      8.47814,
      -1.7556
    ],
    [
      9.08598,
      8.13796,
      -1.90159
    ],
    [
      8.96978,
      7.79959,
      -1.90159
    ],
    [
      8.85358,
      7.46121,
      -1.90159
    ],
    [
      8.73677,
      7.12305,
      -1.9474
    ],
    [
      8.51776,
      6.84665,
      -2.53433
    ],
    [
      8.26955,
      6.47375,
      -1.78182
    ],
    [
      8.30543,
      6.02017,
      -1.39028
    ],
    [
      8.38779,
      5.56893,
      -1.39028
    ],
    [
      8.58338,
      5.1646,
      -0.752509
    ],
    [
      9.0,
      5.0,
      0.0
    ]
  ]
}