{
  "robot": {
    "class": "RectangleRobot",
    "radius": 0.24701808851899218,
    "wheelbase": 0.2600007573384143,
    "max_velocity": 7.864122474482465,
    "max_steering_at_zero_v": 0.4197873451655788,
    "max_steering_at_max_v": 0.20693954477989038,
    "acceleration": 5,
    "width": 0.15714161961602208,
    "lenght": 0.4683783252956525
  },
  "planner": {
    "class": "Dubins_pathfinding",
    "start": [
      1.0,
      5.0
    ],
    "goal": [
      9.0,
      5.0
    ],
    "bounds": [
      0,
      10,
      0,
      10
    ],
    "max_runtime": 15.0,
    "goal_threshold": 0.0,
    "interpolate_steps": 50
  },
  "path": [
    [
      1.0,
      5.0,
      0.0
    ],
    [
      1.32864,
      4.89845,
      -0.599396
    ],
    [
      1.5427,
      4.6292,
      -1.19879
    ],
    [
      1.56755,
      4.28613,
      -1.79819
    ],
    [
      1.45342,
      3.95627,
      -1.91535
    ],
    [
      1.33547,
      3.62762,
      -1.91535
    ],
    [
      1.21753,
      3.29896,
      -1.91535
    ],
    [
      1.09959,
      2.97031,
      -1.91535
    ],
    [
      0.981642,
      2.64165,
      -1.91535
    ],
    [
      0.863698,
      2.313,
      -1.91535
    ],
    [
      0.754233,
      1.96675,
      -1.87574
    ],
    [
      0.645202,
      1.62036,
      -1.87574
    ],
    [
      0.538875,
      1.27321,
      -1.77755
    ],
    [
      0.576297,
      0.917881,
      -1.15418
    ],
    [
      0.814116,
      0.651231,
      -0.530798
    ],
    [
      1.16287,
      0.573569,
      0.0925804
    ],
    [
      1.49136,
      0.71411,
      0.715959
    ],
    [
      1.80596,
      0.853193,
      0.116562
    ],
    [
      2.15498,
      0.859451,
      0.00812553
    ],
    [
      2.50414,
      0.862288,
      0.00812553
    ],
    [
      2.85331,
      0.865126,
      0.00812553
    ],
    [
      3.20247,
      0.867963,
      0.00812553
    ],
    [
      3.55164,
      0.8708,
      0.00812553
    ],
    [
      3.9008,
      0.873637,
      0.00812553
    ],
    [
      4.24996,
      0.876474,
      0.00812553
    ],
    [
      4.59913,
      0.879312,
      0.00812553
    ],
    [
      4.9483,
      0.876656,
      -0.00781626
    ],
    [
      5.29746,
      0.873927,
      -0.00781626
    ],
    [
      5.64663,
      0.871198,
      -0.00781626
    ],
    [
      5.99579,
      0.868469,
      -0.00781626
    ],
    [
      6.34496,
      0.86574,
      -0.00781626
    ],
    [
      6.69412,
      0.86301,
      -0.00781626
    ],
    [
      7.04329,
      0.860281,
      -0.00781626
    ],
    [
      7.39245,
      0.857552,
      -0.00781626
    ],
    [
      7.74162,
      0.854823,
      -0.00781626
    ],
    [
      8.1202,
      0.869829,
      0.041487
    ],
    [
      8.49877,
      0.885544,
      0.041487
    ],
    [
      8.8567,
      0.989987,
      0.603188
    ],
    [
      9.06973,
      1.26005,
      1.20258
    ],
    [
      9.09328,
      1.60321,
      1.80198
    ],
    [
      9.00979,
      1.94226,
      1.81233
    ],
    [
      8.92627,
      2.2813,
      1.81233
    ],
    [
      8.84275,
      2.62034,
      1.81233
    ],
    [
      8.75923,
      2.95938,
      1.81233
    ],
    [
      8.67571,
      3.29842,
      1.81233
    ],
    [
      8.59219,
      3.63746,
      1.81233
    ],
    [
      8.50866,
      3.9765,
      1.81233
    ],
    [
      8.41747,
      4.42158,
      1.5637
    ],
    [
      8.58954,
      4.83083,
      0.781852
    ],
    [
      9.0,
      5.0,
      0.0
    ]
  ]
}