{
  "robot": {
    "class": "RectangleRobot",
    "radius": 0.16403836123589996,
    "wheelbase": 0.22417969663630444,
    "max_velocity": 11.805251001315382,
    "max_steering_at_zero_v": 0.5035086789141219,
    "max_steering_at_max_v": 0.26030903991674437,
    "acceleration": 5,
    "width": 0.17407021465875766,
    "lenght": 0.2780897268805384
  },
  "planner": {
    "class": "Dubins_pathfinding",
    "start": [
      1.0,
      5.0
    ],
    "goal": [
      9.0,
      5.0
    ],
    "bounds": [
      0,
      10,
      0,
      10
    ],
    "max_runtime": 15.0,
    "goal_threshold": 0.0,
    "interpolate_steps": 50
  },
  "path": [
    [
      1.0,
      5.0,
      0.0
    ],
    [
      1.22148,
      4.93445,
      -0.575474
    ],
    [
      1.37161,
      4.75893,
      -1.15095
    ],
    [
      1.43602,
      4.53401,
      -1.31536
    ],
    [
      1.49519,
      4.30742,
      -1.31536
    ],
    [
      1.55437,
      4.08082,
      -1.31536
    ],
    [
      1.61354,
      3.85423,
      -1.31536
    ],
    [
      1.67271,
      3.62763,
      -1.31536
    ],
    [
      1.73189,
      3.40104,
      -1.31536
    ],
    [
      1.79106,
      3.17444,
      -1.31536
    ],
    [
      1.85023,
      2.94785,
      -1.31536
    ],
    [
      1.90941,
      2.72125,
      -1.31536
    ],
    [
      1.96746,
      2.49439,
      -1.39046
    ],
    [
      2.06911,
      2.29101,
      -0.824211
    ],
    [
      2.264,
      2.17389,
      -0.257961
    ],
    [
      2.49327,
      2.15908,
      -0.0106036
    ],
    [
      2.7237,
      2.15663,
      -0.0106036
    ],
    [
      2.95413,
      2.15419,
      -0.0106036
    ],
    [
      3.18456,
      2.15176,
      -0.00167325
    ],
    [
      3.40298,
      2.21491,
      0.564577
    ],
    [
      3.55344,
      2.38539,
      1.13083
    ],
    [
      3.58895,
      2.60997,
      1.69708
    ],
    [
      3.63377,
      2.85308,
      1.07988
    ],
    [
      3.79154,
      3.04772,
      0.845036
    ],
    [
      3.95825,
      3.23559,
      0.845036
    ],
    [
      4.12495,
      3.42347,
      0.845036
    ],
    [
      4.3013,
      3.60115,
      0.582153
    ],
    [
      4.53931,
      3.66793,
      -0.0350442
    ],
    [
      4.75195,
      3.70686,
      0.265591
    ],
    [
      4.96156,
      3.76387,
      0.265591
    ],
    [
      5.17118,
      3.82089,
      0.265591
    ],
    [
      5.38079,
      3.87791,
      0.265591
    ],
    [
      5.59327,
      3.91813,
      -0.0241406
    ],
    [
      5.7989,
      3.85654,
      -0.557931
    ],
    [
      6.02499,
      3.79496,
      0.0261361
    ],
    [
      6.26191,
      3.81394,
      0.0826766
    ],
    [
      6.49879,
      3.83357,
      0.0826766
    ],
    [
      6.73567,
      3.8532,
      0.0826766
    ],
    [
      6.97255,
      3.87283,
      0.0826766
    ],
    [
      7.20943,
      3.89246,
      0.0826766
    ],
    [
      7.44631,
      3.91209,
      0.0826766
    ],
    [
      7.68319,
      3.93172,
      0.0826766
    ],
    [
      7.92001,
      3.95193,
      0.136676
    ],
    [
      8.13313,
      4.04934,
      0.720743
    ],
    [
      8.25721,
      4.24812,
      1.30481
    ],
    [
      8.2511,
      4.48237,
      1.88888
    ],
    [
      8.25926,
      4.75945,
      1.19382
    ],
    [
      8.44298,
      4.96703,
      0.498756
    ],
    [
      8.71746,
      5.01321,
      -0.0484189
    ],
    [
      9.0,
      5.0,
      0.0
    ]
  ]
}