{
  "robot": {
    "class": "RectangleRobot",
    "radius": 0.31975643948705507,
    "wheelbase": 0.28550736399572907,
    "max_velocity": 11.498781977573767,
    "max_steering_at_zero_v": 0.35463572467009474,
    "max_steering_at_max_v": 0.2002796821409232,
    "acceleration": 5,
    "width": 0.43240783156036855,
    "lenght": 0.4711689607550722
  },
  "planner": {
    "class": "Dubins_pathfinding",
    "start": [
      1.0,
      5.0
    ],
    "goal": [
      9.0,
      5.0
    ],
    "bounds": [
      0,
      10,
      0,
      10
    ],
    "max_runtime": 15.0,
    "goal_threshold": 0.0,
    "interpolate_steps": 50
  },
  "path": [
    [
      1.0,
      5.0,
      0.0
    ],
    [
      1.36399,
      4.90868,
      -0.491649
    ],
    [
      1.64176,
      4.65633,
      -0.983298
    ],
    [
      1.7778,
      4.30491,
      -1.30961
    ],
    [
      1.87569,
      3.93869,
      -1.30961
    ],
    [
      1.9215,
      3.56524,
      -1.67962
    ],
    [
      1.79118,
      3.21332,
      -2.17127
    ],
    [
      1.51017,
      2.9646,
      -2.66292
    ],
    [
      1.14502,
      2.87801,
      3.12862
    ],
    [
      0.801471,
      2.80219,
      -2.69422
    ],
    [
      0.527364,
      2.58165,
      -2.23387
    ],
    [
      0.379773,
      2.26228,
      -1.77353
    ],
    [
      0.371809,
      1.90857,
      -1.52779
    ],
    [
      0.387068,
      1.55396,
      -1.52779
    ],
    [
      0.402327,
      1.19934,
      -1.52779
    ],
    [
      0.486593,
      0.857677,
      -1.09995
    ],
    [
      0.744451,
      0.56697,
      -0.59047
    ],
    [
      1.11134,
      0.438945,
      -0.0809949
    ],
    [
      1.50384,
      0.449207,
      0.0406491
    ],
    [
      1.89634,
      0.46517,
      0.0406491
    ],
    [
      2.28884,
      0.481134,
      0.0406491
    ],
    [
      2.68134,
      0.497097,
      0.0406491
    ],
    [
      3.07384,
      0.513061,
      0.0406491
    ],
    [
      3.45493,
      0.59267,
      0.45115
    ],
    [
      3.85412,
      0.671073,
      0.01798
    ],
    [
      4.26493,
      0.67846,
      0.01798
    ],
    [
      4.67575,
      0.685847,
      0.01798
    ],
    [
      5.08656,
      0.693234,
      0.01798
    ],
    [
      5.49728,
      0.695825,
      -0.0935948
    ],
    [
      5.88522,
      0.721153,
      0.103669
    ],
    [
      6.27258,
      0.761455,
      0.103669
    ],
    [
      6.65995,
      0.801757,
      0.103669
    ],
    [
      7.04732,
      0.842059,
      0.103669
    ],
    [
      7.43468,
      0.882361,
      0.103669
    ],
    [
      7.82205,
      0.922663,
      0.103669
    ],
    [
      8.20723,
      0.897924,
      -0.308163
    ],
    [
      8.55228,
      0.869661,
      0.144704
    ],
    [
      8.87491,
      0.995219,
      0.597571
    ],
    [
      9.11008,
      1.24929,
      1.05044
    ],
    [
      9.21037,
      1.58064,
      1.5033
    ],
    [
      9.15558,
      1.92247,
      1.95617
    ],
    [
      9.01737,
      2.24313,
      1.97828
    ],
    [
      8.879,
      2.56372,
      1.97828
    ],
    [
      8.74062,
      2.88431,
      1.97828
    ],
    [
      8.60224,
      3.20489,
      1.97828
    ],
    [
      8.41931,
      3.62868,
      1.97828
    ],
    [
      8.24843,
      4.05682,
      1.79596
    ],
    [
      8.28212,
      4.51029,
      1.19731
    ],
    [
      8.5655,
      4.86591,
      0.598653
    ],
    [
      9.0,
      5.0,
      0.0
    ]
  ]
}