{
  "robot": {
    "class": "RectangleRobot",
    "radius": 0.37171232331909293,
    "wheelbase": 0.3762643041718049,
    "max_velocity": 10.78307360459596,
    "max_steering_at_zero_v": 0.4832449353144313,
    "max_steering_at_max_v": 0.16288434290650938,
    "acceleration": 5,
    "width": 0.5588997488796557,
    "lenght": 0.4902155402793443
  },
  "planner": {
    "class": "Dubins_pathfinding",
    "start": [
      1.0,
      5.0
    ],
    "goal": [
      9.0,
      5.0
    ],
    "bounds": [
      0,
      10,
      0,
      10
    ],
    "max_runtime": 15.0,
    "goal_threshold": 0.0,
    "interpolate_steps": 50
  },
  "path": [
    [
      1.0,
      5.0,
      0.0
    ],
    [
      1.34429,
      5.08807,
      0.500833
    ],
    [
      1.60402,
      5.33063,
      1.00167
    ],
    [
      1.71537,
      5.66811,
      1.5025
    ],
    [
      1.6522,
      6.01811,
      1.94344
    ],
    [
      1.52145,
      6.35258,
      1.94344
    ],
    [
      1.39071,
      6.68705,
      1.94344
    ],
    [
      1.25558,
      7.01962,
      2.05887
    ],
    [
      1.10604,
      7.34247,
      2.00121
    ],
    [
      0.957576,
      7.66584,
      2.00121
    ],
    [
      0.809111,
      7.9892,
      2.00121
    ],
    [
      0.660645,
      8.31257,
      2.00121
    ],
    [
      0.529792,
      8.64245,
      1.77219
    ],
    [
      0.546241,
      8.99425,
      1.27596
    ],
    [
      0.728202,
      9.29578,
      0.779724
    ],
    [
      1.02541,
      9.47242,
      0.292759
    ],
    [
      1.37157,
      9.50018,
      -0.0208497
    ],
    [
      1.72067,
      9.49291,
      -0.0208497
    ],
    [
      2.06977,
      9.48563,
      -0.0208497
    ],
    [
      2.41887,
      9.47835,
      -0.0208497
    ],
    [
      2.76797,
      9.47107,
      -0.0208497
    ],
    [
      3.11707,
      9.46379,
      -0.0208497
    ],
    [
      3.46617,
      9.45651,
      -0.0208497
    ],
    [
      3.81527,
      9.44923,
      -0.0208497
    ],
    [
      4.16327,
      9.42094,
      -0.0853735
    ],
    [
      4.51118,
      9.39117,
      -0.0853735
    ],
    [
      4.85908,
      9.36139,
      -0.0853735
    ],
    [
      5.20699,
      9.33162,
      -0.0853735
    ],
    [
      5.55489,
      9.30185,
      -0.0853735
    ],
    [
      5.9028,
      9.27207,
      -0.0853735
    ],
    [
      6.2507,
      9.2423,
      -0.0853735
    ],
    [
      6.59861,
      9.21252,
      -0.0853735
    ],
    [
      6.94651,
      9.18275,
      -0.0853735
    ],
    [
      7.29531,
      9.16718,
      -0.0427291
    ],
    [
      7.64414,
      9.15227,
      -0.0427291
    ],
    [
      7.99297,
      9.13735,
      -0.0427291
    ],
    [
      8.34181,
      9.12244,
      -0.0427291
    ],
    [
      8.68499,
      9.07035,
      -0.367074
    ],
    [
      8.96824,
      8.87215,
      -0.854004
    ],
    [
      9.12584,
      8.56444,
      -1.34094
    ],
    [
      9.12113,
      8.21876,
      -1.82787
    ],
    [
      8.95523,
      7.91546,
      -2.3148
    ],
    [
      8.76214,
      7.51614,
      -1.84555
    ],
    [
      8.64034,
      7.08404,
      -1.84555
    ],
    [
      8.51854,
      6.65193,
      -1.84555
    ],
    [
      8.39674,
      6.21983,
      -1.84555
    ],
    [
      8.28621,
      5.78527,
      -1.66609
    ],
    [
      8.38162,
      5.35406,
      -1.03999
    ],
    [
      8.71162,
      5.06055,
      -0.41389
    ],
    [
      9.0,
      5.0,
      0.0
    ]
  ]
}