{
  "robot": {
    "class": "RectangleRobot",
    "radius": 0.2875853183843656,
    "wheelbase": 0.37181895546224253,
    "max_velocity": 12.35104028466123,
    "max_steering_at_zero_v": 0.3838890822809368,
    "max_steering_at_max_v": 0.2157861783575368,
    "acceleration": 5,
    "width": 0.47652394639616,
    "lenght": 0.3220965537101838
  },
  "planner": {
    "class": "Dubins_pathfinding",
    "start": [
      1.0,
      5.0
    ],
    "goal": [
      9.0,
      5.0
    ],
    "bounds": [
      0,
      10,
      0,
      10
    ],
    "max_runtime": 15.0,
    "goal_threshold": 0.0,
    "interpolate_steps": 50
  },
  "path": [
    [
      1.0,
      5.0,
      0.0
    ],
    [
      1.38101,
      5.08255,
      0.426748
    ],
    [
      1.69368,
      5.31541,
      0.853495
    ],
    [
      1.88997,
      5.65356,
      1.14291
    ],
    [
      2.05298,
      6.01097,
      1.14291
    ],
    [
      2.15203,
      6.3882,
      1.52508
    ],
    [
      2.08697,
      6.77258,
      1.95183
    ],
    [
      1.86865,
      7.09556,
      2.37857
    ],
    [
      1.53623,
      7.29922,
      2.80532
    ],
    [
      1.16977,
      7.44069,
      2.77186
    ],
    [
      0.813261,
      7.60319,
      2.54935
    ],
    [
      0.543226,
      7.88437,
      2.1226
    ],
    [
      0.413793,
      8.25211,
      1.69585
    ],
    [
      0.448179,
      8.64044,
      1.26911
    ],
    [
      0.640216,
      8.97971,
      0.842357
    ],
    [
      0.955458,
      9.20906,
      0.41561
    ],
    [
      1.33736,
      9.28737,
      -0.0111376
    ],
    [
      1.73014,
      9.28136,
      -0.0153221
    ],
    [
      2.12292,
      9.27534,
      -0.0153221
    ],
    [
      2.51569,
      9.26932,
      -0.0153221
    ],
    [
      2.90847,
      9.2633,
      -0.0153221
    ],
    [
      3.30125,
      9.25728,
      -0.0153221
    ],
    [
      3.69403,
      9.25127,
      -0.0153221
    ],
    [
      4.0868,
      9.24525,
      -0.0153221
    ],
    [
      4.47958,
      9.23923,
      -0.0153221
    ],
    [
      4.87221,
      9.22695,
      -0.0315705
    ],
    [
      5.26484,
      9.21455,
      -0.0315705
    ],
    [
      5.65747,
      9.20215,
      -0.0315705
    ],
    [
      6.05009,
      9.18975,
      -0.0315705
    ],
    [
      6.44272,
      9.17735,
      -0.0315705
    ],
    [
      6.83535,
      9.16495,
      -0.0315705
    ],
    [
      7.22798,
      9.15255,
      -0.0315705
    ],
    [
      7.6206,
      9.14015,
      -0.0315705
    ],
    [
      8.01128,
      9.1771,
      0.121827
    ],
    [
      8.40119,
      9.22483,
      0.121827
    ],
    [
      8.7922,
      9.24295,
      -0.132204
    ],
    [
      9.15901,
      9.11089,
      -0.558951
    ],
    [
      9.43825,
      8.83885,
      -0.985699
    ],
    [
      9.57985,
      8.47563,
      -1.41245
    ],
    [
      9.55841,
      8.08637,
      -1.83919
    ],
    [
      9.37778,
      7.74089,
      -2.26594
    ],
    [
      9.08107,
      7.40398,
      -2.2936
    ],
    [
      8.7841,
      7.06729,
      -2.2936
    ],
    [
      8.48713,
      6.73061,
      -2.2936
    ],
    [
      8.20418,
      6.3831,
      -2.09734
    ],
    [
      8.08019,
      5.95624,
      -1.60963
    ],
    [
      8.17069,
      5.52105,
      -1.12192
    ],
    [
      8.45457,
      5.179,
      -0.634206
    ],
    [
      8.45457,
      5.179,
      -0.634206
    ],
    [
      9.0,
      5.0,
      0.0
    ]
  ]
}