{
  "robot": {
    "class": "RectangleRobot",
    "radius": 0.3015389886514717,
    "wheelbase": 0.4281644057435276,
    "max_velocity": 10.795853247362617,
    "max_steering_at_zero_v": 0.47051181926038865,
    "max_steering_at_max_v": 0.2380277499676594,
    "acceleration": 5,
    "width": 0.22457783956031238,
    "lenght": 0.55970335061194
  },
  "planner": {
    "class": "Dubins_pathfinding",
    "start": [
      1.0,
      5.0
    ],
    "goal": [
      9.0,
      5.0
    ],
    "bounds": [
      0,
      10,
      0,
      10
    ],
    "max_runtime": 15.0,
    "goal_threshold": 0.0,
    "interpolate_steps": 50
  },
  "path": [
    [
      1.0,
      5.0,
      0.0
    ],
    [
      1.33925,
      4.92862,
      -0.414781
    ],
    [
      1.62097,
      4.72657,
      -0.829562
    ],
    [
      1.79737,
      4.42813,
      -1.24434
    ],
    [
      1.83855,
      4.08391,
      -1.65912
    ],
    [
      1.73752,
      3.75228,
      -2.07391
    ],
    [
      1.5134,
      3.48716,
      -2.40342
    ],
    [
      1.25512,
      3.25219,
      -2.40342
    ],
    [
      0.996834,
      3.01721,
      -2.40342
    ],
    [
      0.738548,
      2.78224,
      -2.40342
    ],
    [
      0.527537,
      2.48227,
      -1.96424
    ],
    [
      0.44828,
      2.12237,
      -1.71935
    ],
    [
      0.39356,
      1.75673,
      -1.71935
    ],
    [
      0.375188,
      1.38925,
      -1.42495
    ],
    [
      0.519273,
      1.02763,
      -0.958317
    ],
    [
      0.81064,
      0.769489,
      -0.491689
    ],
    [
      1.18699,
      0.670027,
      -0.0250599
    ],
    [
      1.57928,
      0.689101,
      0.0555404
    ],
    [
      1.9715,
      0.710907,
      0.0555404
    ],
    [
      2.36372,
      0.732713,
      0.0555404
    ],
    [
      2.75594,
      0.75452,
      0.0555404
    ],
    [
      3.14815,
      0.776326,
      0.0555404
    ],
    [
      3.497,
      0.790671,
      0.0408367
    ],
    [
      3.84585,
      0.804924,
      0.0408367
    ],
    [
      4.19469,
      0.819178,
      0.0408367
    ],
    [
      4.54354,
      0.833432,
      0.0408367
    ],
    [
      4.89239,
      0.847686,
      0.0408367
    ],
    [
      5.24124,
      0.861939,
      0.0408367
    ],
    [
      5.59009,
      0.876193,
      0.0408367
    ],
    [
      5.93893,
      0.890447,
      0.0408367
    ],
    [
      6.28778,
      0.90469,
      0.0357844
    ],
    [
      6.68017,
      0.887859,
      -0.0509203
    ],
    [
      7.07248,
      0.867864,
      -0.0509203
    ],
    [
      7.46479,
      0.84787,
      -0.0509203
    ],
    [
      7.85711,
      0.827876,
      -0.0509203
    ],
    [
      8.24942,
      0.807882,
      -0.0509203
    ],
    [
      8.63814,
      0.840956,
      0.305187
    ],
    [
      8.97232,
      1.04059,
      0.771815
    ],
    [
      9.18096,
      1.36923,
      1.23844
    ],
    [
      9.22468,
      1.7067,
      1.64548
    ],
    [
      9.13129,
      2.03395,
      2.03919
    ],
    [
      8.97659,
      2.33971,
      2.03919
    ],
    [
      8.8219,
      2.64546,
      2.03919
    ],
    [
      8.6672,
      2.95121,
      2.03919
    ],
    [
      8.51251,
      3.25697,
      2.03919
    ],
    [
      8.35782,
      3.56272,
      2.03919
    ],
    [
      8.20866,
      3.871,
      1.9189
    ],
    [
      8.19369,
      4.40012,
      1.27927
    ],
    [
      8.49751,
      4.83358,
      0.639634
    ],
    [
      9.0,
      5.0,
      0.0
    ]
  ]
}