{
  "robot": {
    "class": "RectangleRobot",
    "radius": 0.37054661071361583,
    "wheelbase": 0.3541205093511663,
    "max_velocity": 7.738047757743619,
    "max_steering_at_zero_v": 0.473537708915306,
    "max_steering_at_max_v": 0.2425454432204993,
    "acceleration": 5,
    "width": 0.6982251064028154,
    "lenght": 0.2483965853915246
  },
  "planner": {
    "class": "Dubins_pathfinding",
    "start": [
      1.0,
      5.0
    ],
    "goal": [
      9.0,
      5.0
    ],
    "bounds": [
      0,
      10,
      0,
      10
    ],
    "max_runtime": 15.0,
    "goal_threshold": 0.0,
    "interpolate_steps": 50
  },
  "path": [
    [
      1.0,
      5.0,
      0.0
    ],
    [
      1.3481,
      5.09408,
      0.527899
    ],
    [
      1.60143,
      5.35069,
      1.0558
    ],
    [
      1.69101,
      5.69998,
      1.5837
    ],
    [
      1.59605,
      6.04867,
      2.0035
    ],
    [
      1.44197,
      6.37932,
      2.06312
    ],
    [
      1.29745,
      6.72577,
      1.95533
    ],
    [
      1.15658,
      7.07385,
      1.95533
    ],
    [
      1.01572,
      7.42193,
      1.95533
    ],
    [
      0.874861,
      7.77001,
      1.95533
    ],
    [
      0.733999,
      8.11809,
      1.95533
    ],
    [
      0.601994,
      8.46921,
      1.79068
    ],
    [
      0.600323,
      8.85585,
      1.50014
    ],
    [
      0.697136,
      9.22758,
      1.04507
    ],
    [
      0.973878,
      9.49277,
      0.483079
    ],
    [
      1.34936,
      9.5697,
      -0.0789172
    ],
    [
      1.70809,
      9.4347,
      -0.640913
    ],
    [
      2.02785,
      9.30391,
      -0.135643
    ],
    [
      2.37674,
      9.29902,
      0.00577147
    ],
    [
      2.72591,
      9.30104,
      0.00577147
    ],
    [
      3.07508,
      9.30306,
      0.00577147
    ],
    [
      3.42425,
      9.30507,
      0.00577147
    ],
    [
      3.77342,
      9.30709,
      0.00577147
    ],
    [
      4.12259,
      9.3091,
      0.00577147
    ],
    [
      4.47176,
      9.31112,
      0.00577147
    ],
    [
      4.82093,
      9.31313,
      0.00577147
    ],
    [
      5.17204,
      9.2954,
      -0.0539797
    ],
    [
      5.5231,
      9.27643,
      -0.0539797
    ],
    [
      5.87416,
      9.25746,
      -0.0539797
    ],
    [
      6.22523,
      9.23849,
      -0.0539797
    ],
    [
      6.5719,
      9.27464,
      0.346961
    ],
    [
      6.91611,
      9.30995,
      -0.0685622
    ],
    [
      7.26446,
      9.28603,
      -0.0685622
    ],
    [
      7.61282,
      9.26211,
      -0.0685622
    ],
    [
      7.96118,
      9.23819,
      -0.0685622
    ],
    [
      8.30953,
      9.21427,
      -0.0685622
    ],
    [
      8.65751,
      9.18671,
      -0.171445
    ],
    [
      8.97238,
      9.04455,
      -0.676715
    ],
    [
      9.1791,
      8.76775,
      -1.18199
    ],
    [
      9.226,
      8.42547,
      -1.68726
    ],
    [
      9.1255,
      8.092,
      -1.91457
    ],
    [
      9.00781,
      7.76326,
      -1.91457
    ],
    [
      8.89013,
      7.43451,
      -1.91457
    ],
    [
      8.77244,
      7.10577,
      -1.91457
    ],
    [
      8.65475,
      6.77702,
      -1.91457
    ],
    [
      8.53706,
      6.44828,
      -1.91457
    ],
    [
      8.41937,
      6.11953,
      -1.91457
    ],
    [
      8.3156,
      5.78685,
      -1.70985
    ],
    [
      8.35476,
      5.4436,
      -1.20458
    ],
    [
      9.0,
      5.0,
      0.0
    ]
  ]
}