{
  "robot": {
    "class": "RectangleRobot",
    "radius": 0.40252241535835664,
    "wheelbase": 0.20296560962109336,
    "max_velocity": 11.658596365622554,
    "max_steering_at_zero_v": 0.47959839569885865,
    "max_steering_at_max_v": 0.20634444483916273,
    "acceleration": 5,
    "width": 0.4802678383992699,
    "lenght": 0.6460959548418441
  },
  "planner": {
    "class": "Dubins_pathfinding",
    "start": [
      1.0,
      5.0
    ],
    "goal": [
      9.0,
      5.0
    ],
    "bounds": [
      0,
      10,
      0,
      10
    ],
    "max_runtime": 15.0,
    "goal_threshold": 0.0,
    "interpolate_steps": 50
  },
  "path": [
    [
      1.0,
      5.0,
      0.0
    ],
    [
      1.30441,
      5.14607,
      0.894766
    ],
    [
      1.38094,
      5.47492,
      1.78953
    ],
    [
      1.27835,
      5.80865,
      1.87294
    ],
    [
      1.17444,
      6.14201,
      1.87294
    ],
    [
      1.07054,
      6.47537,
      1.87294
    ],
    [
      0.966638,
      6.80873,
      1.87294
    ],
    [
      0.862735,
      7.14209,
      1.87294
    ],
    [
      0.758831,
      7.47545,
      1.87294
    ],
    [
      0.654928,
      7.8088,
      1.87294
    ],
    [
      0.617543,
      8.16932,
      1.64668
    ],
    [
      0.590018,
      8.53134,
      1.64668
    ],
    [
      0.562493,
      8.89335,
      1.64668
    ],
    [
      0.634407,
      9.23882,
      0.922646
    ],
    [
      0.948516,
      9.39345,
      -0.00770417
    ],
    [
      1.29766,
      9.38881,
      -0.0133289
    ],
    [
      1.64681,
      9.38415,
      -0.0133289
    ],
    [
      1.99595,
      9.3795,
      -0.0133289
    ],
    [
      2.3451,
      9.37484,
      -0.0133289
    ],
    [
      2.69424,
      9.37019,
      -0.0133289
    ],
    [
      3.04339,
      9.36554,
      -0.0133289
    ],
    [
      3.39253,
      9.36088,
      -0.0133289
    ],
    [
      3.74168,
      9.35623,
      -0.0133289
    ],
    [
      4.09082,
      9.35157,
      -0.0133289
    ],
    [
      4.43956,
      9.33413,
      -0.050746
    ],
    [
      4.78829,
      9.31642,
      -0.050746
    ],
    [
      5.13701,
      9.29871,
      -0.050746
    ],
    [
      5.48574,
      9.281,
      -0.050746
    ],
    [
      5.83447,
      9.26329,
      -0.050746
    ],
    [
      6.18319,
      9.24558,
      -0.050746
    ],
    [
      6.53192,
      9.22786,
      -0.050746
    ],
    [
      6.88065,
      9.21015,
      -0.050746
    ],
    [
      7.22937,
      9.19244,
      -0.050746
    ],
    [
      7.58705,
      9.18224,
      -0.0282279
    ],
    [
      7.94474,
      9.17214,
      -0.0282279
    ],
    [
      8.30242,
      9.16204,
      -0.0282279
    ],
    [
      8.6601,
      9.15194,
      -0.0282279
    ],
    [
      9.015,
      9.12154,
      -0.352822
    ],
    [
      9.25284,
      8.87105,
      -1.26975
    ],
    [
      9.19869,
      8.5299,
      -2.18668
    ],
    [
      9.09237,
      8.1855,
      -1.78318
    ],
    [
      9.01578,
      7.83036,
      -1.78318
    ],
    [
      8.9392,
      7.47521,
      -1.78318
    ],
    [
      8.86262,
      7.12006,
      -1.78318
    ],
    [
      8.78677,
      6.76478,
      -1.7214
    ],
    [
      8.7347,
      6.36838,
      -1.7012
    ],
    [
      8.68271,
      5.97197,
      -1.7012
    ],
    [
      8.63072,
      5.57556,
      -1.7012
    ],
    [
      8.66656,
      5.1875,
      -1.0245
    ],
    [
      9.0,
      5.0,
      0.0
    ]
  ]
}