{
  "robot": {
    "class": "RectangleRobot",
    "radius": 0.3235575710060233,
    "wheelbase": 0.24419335680860266,
    "max_velocity": 8.465974866216635,
    "max_steering_at_zero_v": 0.47491615878282956,
    "max_steering_at_max_v": 0.18956553011702149,
    "acceleration": 5,
    "width": 0.39570951670750454,
    "lenght": 0.5120273287710182
  },
  "planner": {
    "class": "Dubins_pathfinding",
    "start": [
      1.0,
      5.0
    ],
    "goal": [
      9.0,
      5.0
    ],
    "bounds": [
      0,
      10,
      0,
      10
    ],
    "max_runtime": 15.0,
    "goal_threshold": 0.0,
    "interpolate_steps": 50
  },
  "path": [
    [
      1.0,
      5.0,
      0.0
    ],
    [
      1.32637,
      5.12991,
      0.757634
    ],
    [
      1.4742,
      5.44857,
      1.51527
    ],
    [
      1.40167,
      5.79903,
      1.84752
    ],
    [
      1.30336,
      6.14516,
      1.84752
    ],
    [
      1.20505,
      6.49129,
      1.84752
    ],
    [
      1.10675,
      6.83743,
      1.84752
    ],
    [
      1.00844,
      7.18356,
      1.84752
    ],
    [
      0.892356,
      7.52278,
      2.13127
    ],
    [
      0.779392,
      7.8388,
      1.86373
    ],
    [
      0.682168,
      8.16114,
      1.86373
    ],
    [
      0.584944,
      8.48349,
      1.86373
    ],
    [
      0.506295,
      8.80957,
      1.58095
    ],
    [
      0.617577,
      9.1199,
      0.872028
    ],
    [
      0.904079,
      9.28302,
      0.163108
    ],
    [
      1.25137,
      9.31906,
      0.100748
    ],
    [
      1.59878,
      9.35418,
      0.100748
    ],
    [
      1.94618,
      9.3893,
      0.100748
    ],
    [
      2.29359,
      9.42441,
      0.100748
    ],
    [
      2.641,
      9.45953,
      0.100748
    ],
    [
      2.9884,
      9.49465,
      0.100748
    ],
    [
      3.33581,
      9.52977,
      0.100748
    ],
    [
      3.68321,
      9.56489,
      0.100748
    ],
    [
      4.03062,
      9.60001,
      0.100748
    ],
    [
      4.38966,
      9.58994,
      -0.0413621
    ],
    [
      4.74874,
      9.57508,
      -0.0413621
    ],
    [
      5.10781,
      9.56022,
      -0.0413621
    ],
    [
      5.46688,
      9.54536,
      -0.0413621
    ],
    [
      5.82595,
      9.5305,
      -0.0413621
    ],
    [
      6.18503,
      9.51564,
      -0.0413621
    ],
    [
      6.5441,
      9.50078,
      -0.0413621
    ],
    [
      6.90045,
      9.46626,
      -0.330806
    ],
    [
      7.20806,
      9.38477,
      -0.25463
    ],
    [
      7.51606,
      9.30461,
      -0.25463
    ],
    [
      7.82405,
      9.22444,
      -0.25463
    ],
    [
      8.13205,
      9.14428,
      -0.25463
    ],
    [
      8.44005,
      9.06411,
      -0.25463
    ],
    [
      8.74984,
      8.99345,
      -0.0527148
    ],
    [
      9.05454,
      8.861,
      -0.767388
    ],
    [
      9.19788,
      8.56126,
      -1.48206
    ],
    [
      9.1355,
      8.23013,
      -1.85304
    ],
    [
      9.04096,
      7.90414,
      -1.85304
    ],
    [
      8.94643,
      7.57815,
      -1.85304
    ],
    [
      8.85189,
      7.25216,
      -1.85304
    ],
    [
      8.75736,
      6.92617,
      -1.85304
    ],
    [
      8.66283,
      6.60018,
      -1.85304
    ],
    [
      8.55541,
      6.27908,
      -2.09411
    ],
    [
      8.50696,
      5.76993,
      -1.51225
    ],
    [
      8.57749,
      5.25804,
      -1.09653
    ],
    [
      9.0,
      5.0,
      0.0
    ]
  ]
}