{
  "robot": {
    "class": "RectangleRobot",
    "radius": 0.29269329268845473,
    "wheelbase": 0.41179429900573217,
    "max_velocity": 12.185167461018123,
    "max_steering_at_zero_v": 0.43150758677029066,
    "max_steering_at_max_v": 0.1701183929356042,
    "acceleration": 5,
    "width": 0.4289631077301944,
    "lenght": 0.3983316539589734
  },
  "planner": {
    "class": "Dubins_pathfinding",
    "start": [
      1.0,
      5.0
    ],
    "goal": [
      9.0,
      5.0
    ],
    "bounds": [
      0,
      10,
      0,
      10
    ],
    "max_runtime": 15.0,
    "goal_threshold": 0.0,
    "interpolate_steps": 50
  },
  "path": [
    [
      1.0,
      5.0,
      0.0
    ],
    [
      1.34037,
      5.0673,
      0.390431
    ],
    [
      1.62952,
      5.25908,
      0.780861
    ],
    [
      1.82391,
      5.54647,
      1.17129
    ],
    [
      1.8943,
      5.88622,
      1.56172
    ],
    [
      1.83009,
      6.22719,
      1.95215
    ],
    [
      1.66521,
      6.53469,
      2.08587
    ],
    [
      1.4932,
      6.83856,
      2.08587
    ],
    [
      1.3212,
      7.14243,
      2.08587
    ],
    [
      1.14919,
      7.4463,
      2.08587
    ],
    [
      0.959599,
      7.78829,
      2.07691
    ],
    [
      0.770039,
      8.13029,
      2.07691
    ],
    [
      0.623399,
      8.49036,
      1.75373
    ],
    [
      0.637237,
      8.87803,
      1.31651
    ],
    [
      0.813922,
      9.22338,
      0.879284
    ],
    [
      1.11212,
      9.45754,
      0.452092
    ],
    [
      1.48055,
      9.54711,
      0.0248996
    ],
    [
      1.86104,
      9.51535,
      -0.102175
    ],
    [
      2.2411,
      9.47638,
      -0.102175
    ],
    [
      2.62116,
      9.43741,
      -0.102175
    ],
    [
      3.00123,
      9.39849,
      -0.0927028
    ],
    [
      3.34947,
      9.373,
      -0.0725226
    ],
    [
      3.69773,
      9.3477,
      -0.0725226
    ],
    [
      4.04599,
      9.3224,
      -0.0725226
    ],
    [
      4.39424,
      9.2971,
      -0.0725226
    ],
    [
      4.7425,
      9.2718,
      -0.0725226
    ],
    [
      5.09076,
      9.2465,
      -0.0725226
    ],
    [
      5.43902,
      9.2212,
      -0.0725226
    ],
    [
      5.78728,
      9.1959,
      -0.0725226
    ],
    [
      6.13554,
      9.1706,
      -0.0725226
    ],
    [
      6.4917,
      9.15836,
      -0.0322979
    ],
    [
      6.8479,
      9.14686,
      -0.0322979
    ],
    [
      7.2041,
      9.13535,
      -0.0322979
    ],
    [
      7.5603,
      9.12384,
      -0.0322979
    ],
    [
      7.91651,
      9.11233,
      -0.0322979
    ],
    [
      8.27272,
      9.10418,
      0.0544216
    ],
    [
      8.61625,
      9.05549,
      -0.336009
    ],
    [
      8.91539,
      8.87973,
      -0.72644
    ],
    [
      9.12513,
      8.60334,
      -1.11687
    ],
    [
      9.2139,
      8.26792,
      -1.5073
    ],
    [
      9.16833,
      7.92396,
      -1.89773
    ],
    [
      9.00564,
      7.61606,
      -2.12026
    ],
    [
      8.82329,
      7.31829,
      -2.12026
    ],
    [
      8.64094,
      7.02051,
      -2.12026
    ],
    [
      8.45858,
      6.72273,
      -2.12026
    ],
    [
      8.21705,
      6.32658,
      -2.07523
    ],
    [
      8.10576,
      5.88148,
      -1.55642
    ],
    [
      8.2298,
      5.43977,
      -1.03761
    ],
    [
      8.55655,
      5.11768,
      -0.518807
    ],
    [
      9.0,
      5.0,
      0.0
    ]
  ]
}