{
  "robot": {
    "class": "RectangleRobot",
    "radius": 0.3514362992248516,
    "wheelbase": 0.37175850830045554,
    "max_velocity": 11.812632263495214,
    "max_steering_at_zero_v": 0.4864504008654874,
    "max_steering_at_max_v": 0.24111129331342657,
    "acceleration": 5,
    "width": 0.17153951766169243,
    "lenght": 0.6816187229909633
  },
  "planner": {
    "class": "Dubins_pathfinding",
    "start": [
      1.0,
      5.0
    ],
    "goal": [
      9.0,
      5.0
    ],
    "bounds": [
      0,
      10,
      0,
      10
    ],
    "max_runtime": 15.0,
    "goal_threshold": 0.0,
    "interpolate_steps": 50
  },
  "path": [
    [
      1.0,
      5.0,
      0.0
    ],
    [
      1.36422,
      4.89829,
      -0.544637
    ],
    [
      1.62304,
      4.62259,
      -1.08927
    ],
    [
      1.70157,
      4.25269,
      -1.63391
    ],
    [
      1.59639,
      3.88645,
      -1.93186
    ],
    [
      1.46113,
      3.52828,
      -1.93186
    ],
    [
      1.32098,
      3.17218,
      -2.0549
    ],
    [
      1.21264,
      2.84255,
      -1.84306
    ],
    [
      1.11913,
      2.50763,
      -1.84306
    ],
    [
      1.02426,
      2.17312,
      -1.90669
    ],
    [
      0.834701,
      1.88582,
      -2.40135
    ],
    [
      0.634666,
      1.56598,
      -1.85806
    ],
    [
      0.628776,
      1.18879,
      -1.31476
    ],
    [
      0.818727,
      0.862864,
      -0.771473
    ],
    [
      1.14981,
      0.682026,
      -0.2385
    ],
    [
      1.52092,
      0.5918,
      -0.2385
    ],
    [
      1.89203,
      0.501614,
      -0.227579
    ],
    [
      2.26891,
      0.518232,
      0.315712
    ],
    [
      2.58293,
      0.727284,
      0.859003
    ],
    [
      2.86607,
      0.925449,
      0.36229
    ],
    [
      3.20966,
      0.968158,
      -0.0356591
    ],
    [
      3.55861,
      0.95571,
      -0.0356591
    ],
    [
      3.90757,
      0.943261,
      -0.0356591
    ],
    [
      4.25652,
      0.930812,
      -0.0356591
    ],
    [
      4.60547,
      0.918364,
      -0.0356591
    ],
    [
      4.95443,
      0.905915,
      -0.0356591
    ],
    [
      5.30338,
      0.893466,
      -0.0356591
    ],
    [
      5.65234,
      0.881018,
      -0.0356591
    ],
    [
      6.03903,
      0.85241,
      -0.0752662
    ],
    [
      6.42569,
      0.823253,
      -0.0752662
    ],
    [
      6.81236,
      0.794095,
      -0.0752662
    ],
    [
      7.19902,
      0.764938,
      -0.0752662
    ],
    [
      7.58568,
      0.73578,
      -0.0752662
    ],
    [
      7.97234,
      0.706622,
      -0.0752662
    ],
    [
      8.359,
      0.677465,
      -0.0752662
    ],
    [
      8.74585,
      0.654394,
      0.0563992
    ],
    [
      9.07553,
      0.758095,
      0.553113
    ],
    [
      9.31594,
      1.00636,
      1.04983
    ],
    [
      9.40899,
      1.3392,
      1.54654
    ],
    [
      9.33406,
      1.67699,
      1.96701
    ],
    [
      9.1993,
      1.99912,
      1.96701
    ],
    [
      9.06454,
      2.32124,
      1.96701
    ],
    [
      8.92978,
      2.64337,
      1.96701
    ],
    [
      8.79503,
      2.96549,
      1.96701
    ],
    [
      8.66027,
      3.28762,
      1.96701
    ],
    [
      8.49178,
      3.69037,
      1.96701
    ],
    [
      8.32685,
      4.09446,
      1.8631
    ],
    [
      8.33467,
      4.52397,
      1.24207
    ],
    [
      8.59096,
      4.86874,
      0.621035
    ],
    [
      9.0,
      5.0,
      0.0
    ]
  ]
}