{
  "robot": {
    "class": "RectangleRobot",
    "radius": 0.19187075107693008,
    "wheelbase": 0.20098641899568248,
    "max_velocity": 12.784443859061184,
    "max_steering_at_zero_v": 0.3532672130624296,
    "max_steering_at_max_v": 0.22595692759633218,
    "acceleration": 5,
    "width": 0.21172724561176173,
    "lenght": 0.3200454872997865
  },
  "planner": {
    "class": "Dubins_pathfinding",
    "start": [
      1.0,
      5.0
    ],
    "goal": [
      9.0,
      5.0
    ],
    "bounds": [
      0,
      10,
      0,
      10
    ],
    "max_runtime": 15.0,
    "goal_threshold": 0.0,
    "interpolate_steps": 50
  },
  "path": [
    [
      1.0,
      5.0,
      0.0
    ],
    [
      1.25259,
      4.93794,
      -0.481847
    ],
    [
      1.44767,
      4.76589,
      -0.963694
    ],
    [
      1.54325,
      4.52349,
      -1.34975
    ],
    [
      1.60084,
      4.26724,
      -1.34975
    ],
    [
      1.65842,
      4.01099,
      -1.34975
    ],
    [
      1.716,
      3.75474,
      -1.34975
    ],
    [
      1.77359,
      3.49849,
      -1.34975
    ],
    [
      1.83117,
      3.24224,
      -1.34975
    ],
    [
      1.88875,
      2.98599,
      -1.34975
    ],
    [
      1.94633,
      2.72974,
      -1.34975
    ],
    [
      1.99223,
      2.47171,
      -1.55817
    ],
    [
      2.05964,
      2.21594,
      -1.06802
    ],
    [
      2.2394,
      2.02186,
      -0.605001
    ],
    [
      2.45915,
      1.86991,
      -0.605001
    ],
    [
      2.67889,
      1.71795,
      -0.605001
    ],
    [
      2.89864,
      1.566,
      -0.605001
    ],
    [
      3.11838,
      1.41404,
      -0.605001
    ],
    [
      3.34947,
      1.28249,
      -0.312002
    ],
    [
      3.61337,
      1.2648,
      0.178148
    ],
    [
      3.85454,
      1.37343,
      0.668298
    ],
    [
      4.01617,
      1.5828,
      1.15845
    ],
    [
      4.06093,
      1.83301,
      1.6291
    ],
    [
      4.03404,
      2.08812,
      1.67838
    ],
    [
      4.00649,
      2.34317,
      1.67838
    ],
    [
      3.97895,
      2.59823,
      1.67838
    ],
    [
      3.9514,
      2.85328,
      1.67838
    ],
    [
      3.92385,
      3.10833,
      1.67838
    ],
    [
      3.91189,
      3.36382,
      1.43905
    ],
    [
      4.00311,
      3.60106,
      0.968401
    ],
    [
      4.19199,
      3.77115,
      0.497751
    ],
    [
      4.46155,
      3.83732,
      0.00286234
    ],
    [
      4.74217,
      3.83812,
      0.00286234
    ],
    [
      5.02279,
      3.83892,
      0.00286234
    ],
    [
      5.30341,
      3.83973,
      0.00286234
    ],
    [
      5.58403,
      3.84053,
      0.00286234
    ],
    [
      5.86465,
      3.84133,
      0.00286234
    ],
    [
      6.14527,
      3.84214,
      0.00286234
    ],
    [
      6.42589,
      3.84294,
      0.00286234
    ],
    [
      6.70651,
      3.84374,
      0.00286234
    ],
    [
      6.98713,
      3.84455,
      0.00286234
    ],
    [
      7.26775,
      3.8455,
      0.0265622
    ],
    [
      7.51172,
      3.85149,
      0.024524
    ],
    [
      7.75569,
      3.85747,
      0.024524
    ],
    [
      7.99445,
      3.89894,
      0.387948
    ],
    [
      8.19256,
      4.03794,
      0.835672
    ],
    [
      8.31097,
      4.249,
      1.2834
    ],
    [
      8.4588,
      4.58301,
      1.13847
    ],
    [
      8.66128,
      4.88198,
      0.670556
    ],
    [
      9.0,
      5.0,
      0.0
    ]
  ]
}