{
  "robot": {
    "class": "RectangleRobot",
    "radius": 0.329958236803859,
    "wheelbase": 0.2757843563760092,
    "max_velocity": 9.52859957747388,
    "max_steering_at_zero_v": 0.36482779585717984,
    "max_steering_at_max_v": 0.1770445292122374,
    "acceleration": 5,
    "width": 0.3889514846228942,
    "lenght": 0.5331102088203643
  },
  "planner": {
    "class": "Dubins_pathfinding",
    "start": [
      1.0,
      5.0
    ],
    "goal": [
      9.0,
      5.0
    ],
    "bounds": [
      0,
      10,
      0,
      10
    ],
    "max_runtime": 15.0,
    "goal_threshold": 0.0,
    "interpolate_steps": 50
  },
  "path": [
    [
      1.0,
      5.0,
      0.0
    ],
    [
      1.34939,
      4.90984,
      -0.505066
    ],
    [
      1.61154,
      4.66188,
      -1.01013
    ],
    [
      1.72098,
      4.31804,
      -1.5152
    ],
    [
      1.65037,
      3.96417,
      -2.02026
    ],
    [
      1.4626,
      3.65182,
      -2.22238
    ],
    [
      1.31361,
      3.34876,
      -1.9471
    ],
    [
      1.18899,
      3.03337,
      -1.9471
    ],
    [
      1.06437,
      2.71798,
      -1.9471
    ],
    [
      0.939748,
      2.4026,
      -1.9471
    ],
    [
      0.815128,
      2.08721,
      -1.9471
    ],
    [
      0.690507,
      1.77182,
      -1.9471
    ],
    [
      0.57806,
      1.45249,
      -1.75874
    ],
    [
      0.593804,
      1.11685,
      -1.28911
    ],
    [
      0.759738,
      0.824676,
      -0.819482
    ],
    [
      1.04941,
      0.635844,
      -0.335919
    ],
    [
      1.39395,
      0.599737,
      0.0475579
    ],
    [
      1.74273,
      0.616337,
      0.0475579
    ],
    [
      2.09152,
      0.632937,
      0.0475579
    ],
    [
      2.4403,
      0.649537,
      0.0475579
    ],
    [
      2.78908,
      0.666136,
      0.0475579
    ],
    [
      3.13786,
      0.682736,
      0.0475579
    ],
    [
      3.48664,
      0.699336,
      0.0475579
    ],
    [
      3.83542,
      0.715936,
      0.0475579
    ],
    [
      4.18413,
      0.717512,
      0.00241088
    ],
    [
      4.53286,
      0.718353,
      0.00241088
    ],
    [
      4.88158,
      0.719194,
      0.00241088
    ],
    [
      5.2303,
      0.720035,
      0.00241088
    ],
    [
      5.57902,
      0.720875,
      0.00241088
    ],
    [
      5.92775,
      0.721716,
      0.00241088
    ],
    [
      6.27647,
      0.722557,
      0.00241088
    ],
    [
      6.62519,
      0.723398,
      0.00241088
    ],
    [
      6.97389,
      0.725566,
      0.0630683
    ],
    [
      7.36662,
      0.720583,
      -0.018853
    ],
    [
      7.75937,
      0.713178,
      -0.018853
    ],
    [
      8.15213,
      0.705772,
      -0.018853
    ],
    [
      8.54193,
      0.733031,
      0.291977
    ],
    [
      8.86984,
      0.940437,
      0.835985
    ],
    [
      9.04307,
      1.28762,
      1.37999
    ],
    [
      9.0116,
      1.67434,
      1.924
    ],
    [
      8.78452,
      1.98894,
      2.46801
    ],
    [
      8.5797,
      2.2499,
      2.00446
    ],
    [
      8.51109,
      2.57486,
      1.61699
    ],
    [
      8.49564,
      2.90923,
      1.61699
    ],
    [
      8.47698,
      3.24335,
      1.71131
    ],
    [
      8.35631,
      3.55236,
      2.17486
    ],
    [
      8.22944,
      3.99872,
      1.52061
    ],
    [
      8.30261,
      4.46515,
      1.30849
    ],
    [
      8.56056,
      4.85089,
      0.654246
    ],
    [
      9.0,
      5.0,
      0.0
    ]
  ]
}