{
  "robot": {
    "class": "RectangleRobot",
    "radius": 0.29101059972444704,
    "wheelbase": 0.3496472918849092,
    "max_velocity": 9.96908570646422,
    "max_steering_at_zero_v": 0.47980179565890113,
    "max_steering_at_max_v": 0.15796696058845533,
    "acceleration": 5,
    "width": 0.31509437208338104,
    "lenght": 0.4893508079990357
  },
  "planner": {
    "class": "Dubins_pathfinding",
    "start": [
      1.0,
      5.0
    ],
    "goal": [
      9.0,
      5.0
    ],
    "bounds": [
      0,
      10,
      0,
      10
    ],
    "max_runtime": 15.0,
    "goal_threshold": 0.0,
    "interpolate_steps": 50
  },
  "path": [
    [
      1.0,
      5.0,
      0.0
    ],
    [
      1.34263,
      4.90608,
      -0.535084
    ],
    [
      1.58948,
      4.65058,
      -1.07017
    ],
    [
      1.67154,
      4.30492,
      -1.60525
    ],
    [
      1.57258,
      3.96232,
      -1.9906
    ],
    [
      1.42604,
      3.634,
      -1.9906
    ],
    [
      1.28189,
      3.30469,
      -1.90285
    ],
    [
      1.25898,
      2.95017,
      -1.36777
    ],
    [
      1.23256,
      2.58567,
      -1.91858
    ],
    [
      1.05575,
      2.26109,
      -2.09911
    ],
    [
      0.869188,
      1.94144,
      -2.09911
    ],
    [
      0.682623,
      1.62179,
      -2.09911
    ],
    [
      0.500647,
      1.29971,
      -1.97477
    ],
    [
      0.453791,
      0.937281,
      -1.42396
    ],
    [
      0.603555,
      0.603929,
      -0.873146
    ],
    [
      0.885889,
      0.405203,
      -0.353489
    ],
    [
      1.22964,
      0.372908,
      0.162336
    ],
    [
      1.57422,
      0.429343,
      0.162336
    ],
    [
      1.91881,
      0.485778,
      0.162336
    ],
    [
      2.26339,
      0.542213,
      0.162336
    ],
    [
      2.60798,
      0.598648,
      0.162336
    ],
    [
      2.95256,
      0.655083,
      0.162336
    ],
    [
      3.29715,
      0.711518,
      0.162336
    ],
    [
      3.64174,
      0.767954,
      0.162336
    ],
    [
      3.99025,
      0.767494,
      -0.0410791
    ],
    [
      4.33913,
      0.753154,
      -0.0410791
    ],
    [
      4.68801,
      0.738815,
      -0.0410791
    ],
    [
      5.03689,
      0.724475,
      -0.0410791
    ],
    [
      5.38577,
      0.710135,
      -0.0410791
    ],
    [
      5.73466,
      0.695795,
      -0.0410791
    ],
    [
      6.08354,
      0.681455,
      -0.0410791
    ],
    [
      6.43242,
      0.667116,
      -0.0410791
    ],
    [
      6.7813,
      0.652776,
      -0.0410791
    ],
    [
      7.18815,
      0.676855,
      0.069116
    ],
    [
      7.59486,
      0.70501,
      0.069116
    ],
    [
      8.00158,
      0.733166,
      0.069116
    ],
    [
      8.40825,
      0.761835,
      0.108276
    ],
    [
      8.77618,
      0.922467,
      0.715014
    ],
    [
      8.98684,
      1.26422,
      1.32175
    ],
    [
      9.00388,
      1.60133,
      1.59331
    ],
    [
      8.99625,
      1.94012,
      1.59331
    ],
    [
      8.98862,
      2.27892,
      1.59331
    ],
    [
      8.98064,
      2.6177,
      1.62546
    ],
    [
      8.87937,
      2.93734,
      2.1298
    ],
    [
      8.63625,
      3.16824,
      2.63413
    ],
    [
      8.33529,
      3.5152,
      1.93652
    ],
    [
      8.3039,
      3.9781,
      1.50589
    ],
    [
      8.3384,
      4.44544,
      1.39522
    ],
    [
      8.56836,
      4.84302,
      0.697608
    ],
    [
      9.0,
      5.0,
      0.0
    ]
  ]
}