{
  "robot": {
    "class": "RectangleRobot",
    "radius": 0.17650387564524303,
    "wheelbase": 0.4769353264923493,
    "max_velocity": 12.031590308055872,
    "max_steering_at_zero_v": 0.49292048549201517,
    "max_steering_at_max_v": 0.2069542228264576,
    "acceleration": 5,
    "width": 0.15360788442406392,
    "lenght": 0.31783500485932803
  },
  "planner": {
    "class": "Dubins_pathfinding",
    "start": [
      1.0,
      5.0
    ],
    "goal": [
      9.0,
      5.0
    ],
    "bounds": [
      0,
      10,
      0,
      10
    ],
    "max_runtime": 15.0,
    "goal_threshold": 0.0,
    "interpolate_steps": 50
  },
  "path": [
    [
      1.0,
      5.0,
      0.0
    ],
    [
      1.38013,
      4.91451,
      -0.442415
    ],
    [
      1.68707,
      4.67451,
      -0.884829
    ],
    [
      1.8617,
      4.32621,
      -1.32724
    ],
    [
      1.87041,
      3.93668,
      -1.76966
    ],
    [
      1.72068,
      3.57546,
      -2.05693
    ],
    [
      1.53715,
      3.22815,
      -2.05693
    ],
    [
      1.35362,
      2.88083,
      -2.05693
    ],
    [
      1.20983,
      2.51753,
      -1.74587
    ],
    [
      1.05944,
      2.1581,
      -2.18828
    ],
    [
      0.833954,
      1.83838,
      -2.00038
    ],
    [
      0.753353,
      1.45718,
      -1.55796
    ],
    [
      0.843712,
      1.07817,
      -1.11555
    ],
    [
      1.08763,
      0.774341,
      -0.673133
    ],
    [
      1.43814,
      0.604191,
      -0.230718
    ],
    [
      1.82775,
      0.600485,
      0.211697
    ],
    [
      2.18144,
      0.763938,
      0.654111
    ],
    [
      2.49985,
      0.919053,
      0.252518
    ],
    [
      2.85405,
      0.946888,
      -0.00246204
    ],
    [
      3.21063,
      0.94601,
      -0.00246204
    ],
    [
      3.56721,
      0.945133,
      -0.00246204
    ],
    [
      3.92378,
      0.944255,
      -0.00246204
    ],
    [
      4.28036,
      0.943377,
      -0.00246204
    ],
    [
      4.63693,
      0.94265,
      0.0160132
    ],
    [
      5.02737,
      0.91686,
      -0.0754436
    ],
    [
      5.41764,
      0.887361,
      -0.0754436
    ],
    [
      5.80791,
      0.857861,
      -0.0754436
    ],
    [
      6.19818,
      0.828362,
      -0.0754436
    ],
    [
      6.58844,
      0.798863,
      -0.0754436
    ],
    [
      6.97871,
      0.769364,
      -0.0754436
    ],
    [
      7.36536,
      0.71631,
      -0.307307
    ],
    [
      7.70077,
      0.520822,
      -0.748098
    ],
    [
      8.00538,
      0.335731,
      -0.343918
    ],
    [
      8.35824,
      0.285348,
      0.0602621
    ],
    [
      8.70248,
      0.377791,
      0.464442
    ],
    [
      9.00944,
      0.563535,
      0.554104
    ],
    [
      9.27284,
      0.803707,
      0.94102
    ],
    [
      9.42068,
      1.12804,
      1.3452
    ],
    [
      9.42906,
      1.48438,
      1.74938
    ],
    [
      9.29663,
      1.8153,
      2.15356
    ],
    [
      9.04473,
      2.06747,
      2.55774
    ],
    [
      8.77469,
      2.34835,
      2.11533
    ],
    [
      8.61603,
      2.70726,
      1.95964
    ],
    [
      8.46711,
      3.07075,
      1.95964
    ],
    [
      8.31818,
      3.43425,
      1.95964
    ],
    [
      8.16955,
      3.79787,
      1.93253
    ],
    [
      8.11498,
      4.18366,
      1.49011
    ],
    [
      8.23083,
      4.55566,
      1.0477
    ],
    [
      8.49479,
      4.84226,
      0.605281
    ],
    [
      9.0,
      5.0,
      0.0
    ]
  ]
}