{
  "robot": {
    "class": "RectangleRobot",
    "radius": 0.1210096510658766,
    "wheelbase": 0.21103002216957545,
    "max_velocity": 8.923017357313675,
    "max_steering_at_zero_v": 0.4710291131443005,
    "max_steering_at_max_v": 0.2270568186399346,
    "acceleration": 5,
    "width": 0.12284439162580363,
    "lenght": 0.20852481399206912
  },
  "planner": {
    "class": "Dubins_pathfinding",
    "start": [
      1.0,
      5.0
    ],
    "goal": [
      9.0,
      5.0
    ],
    "bounds": [
      0,
      10,
      0,
      10
    ],
    "max_runtime": 15.0,
    "goal_threshold": 0.0,
    "interpolate_steps": 50
  },
  "path": [
    [
      1.0,
      5.0,
      0.0
    ],
    [
      1.2269,
      5.06764,
      0.579453
    ],
    [
      1.37973,
      5.24849,
      1.15891
    ],
    [
      1.44568,
      5.47916,
      1.31272
    ],
    [
      1.50696,
      5.71133,
      1.31272
    ],
    [
      1.56824,
      5.94349,
      1.31272
    ],
    [
      1.62952,
      6.17566,
      1.31272
    ],
    [
      1.6908,
      6.40782,
      1.31272
    ],
    [
      1.75209,
      6.63999,
      1.31272
    ],
    [
      1.81832,
      6.87056,
      1.15425
    ],
    [
      1.87822,
      7.07589,
      1.31055
    ],
    [
      1.93331,
      7.28278,
      1.31055
    ],
    [
      1.98841,
      7.48966,
      1.31055
    ],
    [
      2.0617,
      7.68964,
      1.00359
    ],
    [
      2.2173,
      7.83322,
      0.486928
    ],
    [
      2.4584,
      7.87869,
      -0.114168
    ],
    [
      2.70063,
      7.82125,
      -0.247619
    ],
    [
      2.94212,
      7.7602,
      -0.247619
    ],
    [
      3.18361,
      7.69915,
      -0.247619
    ],
    [
      3.40693,
      7.59574,
      -0.720764
    ],
    [
      3.53506,
      7.3865,
      -1.32186
    ],
    [
      3.5224,
      7.14148,
      -1.92296
    ],
    [
      3.50766,
      6.90502,
      -1.34313
    ],
    [
      3.62488,
      6.69913,
      -0.76331
    ],
    [
      3.81237,
      6.54895,
      -0.667416
    ],
    [
      4.00109,
      6.40024,
      -0.667416
    ],
    [
      4.19026,
      6.25213,
      -0.606833
    ],
    [
      4.41538,
      6.17829,
      -0.0270097
    ],
    [
      4.64416,
      6.23986,
      0.552814
    ],
    [
      4.86392,
      6.30162,
      0.00842467
    ],
    [
      5.09516,
      6.30357,
      0.00842467
    ],
    [
      5.3264,
      6.30552,
      0.00842467
    ],
    [
      5.55764,
      6.30746,
      0.00842467
    ],
    [
      5.78888,
      6.30941,
      0.00842467
    ],
    [
      6.02013,
      6.31136,
      0.00842467
    ],
    [
      6.25137,
      6.31331,
      0.00842467
    ],
    [
      6.48261,
      6.31526,
      0.00842467
    ],
    [
      6.71385,
      6.3172,
      0.00842467
    ],
    [
      6.9451,
      6.31915,
      0.00842467
    ],
    [
      7.17634,
      6.32097,
      -0.0162744
    ],
    [
      7.39472,
      6.25454,
      -0.574332
    ],
    [
      7.61115,
      6.18815,
      -0.0209849
    ],
    [
      7.83715,
      6.22368,
      0.199981
    ],
    [
      8.06377,
      6.25005,
      -0.10535
    ],
    [
      8.27383,
      6.16566,
      -0.658697
    ],
    [
      8.4082,
      5.98346,
      -1.21204
    ],
    [
      8.49381,
      5.68416,
      -1.29699
    ],
    [
      8.578,
      5.3844,
      -1.29699
    ],
    [
      8.71713,
      5.11157,
      -0.751352
    ],
    [
      9.0,
      5.0,
      0.0
    ]
  ]
}