{
  "robot": {
    "class": "RectangleRobot",
    "radius": 0.3622499924556578,
    "wheelbase": 0.36525401690968795,
    "max_velocity": 8.274487197946485,
    "max_steering_at_zero_v": 0.48417178841372255,
    "max_steering_at_max_v": 0.16781468486373888,
    "acceleration": 5,
    "width": 0.5759097957442545,
    "lenght": 0.43957722336616534
  },
  "planner": {
    "class": "Dubins_pathfinding",
    "start": [
      1.0,
      5.0
    ],
    "goal": [
      9.0,
      5.0
    ],
    "bounds": [
      0,
      10,
      0,
      10
    ],
    "max_runtime": 15.0,
    "goal_threshold": 0.0,
    "interpolate_steps": 50
  },
  "path": [
    [
      1.0,
      5.0,
      0.0
    ],
    [
      1.34659,
      4.90734,
      -0.522502
    ],
    [
      1.60069,
      4.65407,
      -1.045
    ],
    [
      1.69449,
      4.30779,
      -1.56751
    ],
    [
      1.60297,
      3.96089,
      -2.09001
    ],
    [
      1.39434,
      3.66412,
      -2.19383
    ],
    [
      1.18261,
      3.36942,
      -2.19383
    ],
    [
      0.971525,
      3.07427,
      -2.14582
    ],
    [
      0.860793,
      2.73302,
      -1.62332
    ],
    [
      0.792157,
      2.35137,
      -1.76725
    ],
    [
      0.71641,
      1.97078,
      -1.76725
    ],
    [
      0.640663,
      1.59019,
      -1.76725
    ],
    [
      0.585813,
      1.2072,
      -1.52093
    ],
    [
      0.709655,
      0.844745,
      -0.962176
    ],
    [
      0.9715,
      0.619323,
      -0.459401
    ],
    [
      1.30942,
      0.54349,
      -0.070261
    ],
    [
      1.65773,
      0.518976,
      -0.070261
    ],
    [
      2.00605,
      0.494463,
      -0.070261
    ],
    [
      2.35436,
      0.46995,
      -0.070261
    ],
    [
      2.70268,
      0.445437,
      -0.070261
    ],
    [
      3.05099,
      0.420923,
      -0.070261
    ],
    [
      3.3993,
      0.39641,
      -0.070261
    ],
    [
      3.74762,
      0.371897,
      -0.070261
    ],
    [
      4.09523,
      0.399138,
      0.110757
    ],
    [
      4.44227,
      0.437733,
      0.110757
    ],
    [
      4.7893,
      0.476327,
      0.110757
    ],
    [
      5.13634,
      0.514922,
      0.110757
    ],
    [
      5.48338,
      0.553517,
      0.110757
    ],
    [
      5.83041,
      0.592112,
      0.110757
    ],
    [
      6.17745,
      0.630707,
      0.110757
    ],
    [
      6.52449,
      0.669302,
      0.110757
    ],
    [
      6.87152,
      0.707897,
      0.110757
    ],
    [
      7.21936,
      0.750394,
      0.12169
    ],
    [
      7.5672,
      0.792932,
      0.12169
    ],
    [
      7.91504,
      0.835471,
      0.12169
    ],
    [
      8.26287,
      0.87801,
      0.12169
    ],
    [
      8.6107,
      0.92066,
      0.139724
    ],
    [
      8.94776,
      1.06603,
      0.674634
    ],
    [
      9.16364,
      1.36292,
      1.20954
    ],
    [
      9.19803,
      1.72839,
      1.74445
    ],
    [
      9.10973,
      2.0892,
      1.81552
    ],
    [
      9.01972,
      2.44962,
      1.81552
    ],
    [
      8.92972,
      2.81005,
      1.81552
    ],
    [
      8.83393,
      3.16876,
      1.9473
    ],
    [
      8.61355,
      3.46232,
      2.48221
    ],
    [
      8.38188,
      3.78652,
      1.90028
    ],
    [
      8.31547,
      4.1845,
      1.70262
    ],
    [
      8.36222,
      4.58039,
      1.16385
    ],
    [
      8.61828,
      4.88569,
      0.581927
    ],
    [
      9.0,
      5.0,
      0.0
    ]
  ]
}