{
  "robot": {
    "class": "RectangleRobot",
    "radius": 0.31401018631717453,
    "wheelbase": 0.36113745870219427,
    "max_velocity": 9.05717650518634,
    "max_steering_at_zero_v": 0.41897862394746793,
    "max_steering_at_max_v": 0.20401203382093197,
    "acceleration": 5,
    "width": 0.583752247389419,
    "lenght": 0.23160937397175718
  },
  "planner": {
    "class": "Dubins_pathfinding",
    "start": [
      1.0,
      5.0
    ],
    "goal": [
      9.0,
      5.0
    ],
    "bounds": [
      0,
      10,
      0,
      10
    ],
    "max_runtime": 15.0,
    "goal_threshold": 0.0,
    "interpolate_steps": 50
  },
  "path": [
    [
      1.0,
      5.0,
      0.0
    ],
    [
      1.33849,
      4.92598,
      -0.430598
    ],
    [
      1.61517,
      4.71742,
      -0.861195
    ],
    [
      1.77955,
      4.41241,
      -1.29179
    ],
    [
      1.80161,
      4.06663,
      -1.72239
    ],
    [
      1.70373,
      3.7319,
      -1.88655
    ],
    [
      1.5953,
      3.39998,
      -1.88655
    ],
    [
      1.48686,
      3.06807,
      -1.88655
    ],
    [
      1.37843,
      2.73616,
      -1.88655
    ],
    [
      1.27,
      2.40424,
      -1.88655
    ],
    [
      1.09453,
      2.10548,
      -2.31715
    ],
    [
      0.820333,
      1.89088,
      -2.44008
    ],
    [
      0.609548,
      1.61589,
      -2.00948
    ],
    [
      0.53279,
      1.27801,
      -1.57888
    ],
    [
      0.604072,
      0.93894,
      -1.14829
    ],
    [
      0.810382,
      0.660573,
      -0.71769
    ],
    [
      1.11405,
      0.493733,
      -0.287092
    ],
    [
      1.45965,
      0.468879,
      0.143506
    ],
    [
      1.78406,
      0.590549,
      0.574104
    ],
    [
      2.10848,
      0.712219,
      0.143506
    ],
    [
      2.45689,
      0.734193,
      0.0536066
    ],
    [
      2.80556,
      0.752902,
      0.0536066
    ],
    [
      3.15424,
      0.771611,
      0.0536066
    ],
    [
      3.50291,
      0.79032,
      0.0536066
    ],
    [
      3.85158,
      0.80903,
      0.0536066
    ],
    [
      4.20026,
      0.827739,
      0.0536066
    ],
    [
      4.54893,
      0.846448,
      0.0536066
    ],
    [
      4.89761,
      0.865157,
      0.0536066
    ],
    [
      5.27351,
      0.875205,
      0.0258946
    ],
    [
      5.64943,
      0.884941,
      0.0258946
    ],
    [
      6.02535,
      0.894677,
      0.0258946
    ],
    [
      6.40126,
      0.904414,
      0.0258946
    ],
    [
      6.77718,
      0.91415,
      0.0258946
    ],
    [
      7.1531,
      0.923886,
      0.0258946
    ],
    [
      7.52901,
      0.933623,
      0.0258946
    ],
    [
      7.89547,
      0.865536,
      -0.415013
    ],
    [
      8.27867,
      0.798652,
      0.0694093
    ],
    [
      8.64893,
      0.917918,
      0.553832
    ],
    [
      8.92104,
      1.19589,
      1.03825
    ],
    [
      9.0324,
      1.5686,
      1.52268
    ],
    [
      8.95737,
      1.95029,
      2.0071
    ],
    [
      8.78757,
      2.30452,
      2.01791
    ],
    [
      8.61773,
      2.65873,
      2.01791
    ],
    [
      8.44788,
      3.01294,
      2.01791
    ],
    [
      8.33908,
      3.41071,
      1.78441
    ],
    [
      8.25142,
      3.81483,
      1.78441
    ],
    [
      8.18977,
      4.22231,
      1.52982
    ],
    [
      8.30907,
      4.61358,
      1.01988
    ],
    [
      8.60418,
      4.89683,
      0.509939
    ],
    [
      9.0,
      5.0,
      0.0
    ]
  ]
}