{
  "robot": {
    "class": "RectangleRobot",
    "radius": 0.3174337141855146,
    "wheelbase": 0.2529763318340981,
    "max_velocity": 8.701149820223975,
    "max_steering_at_zero_v": 0.36780142976223584,
    "max_steering_at_max_v": 0.205617459712651,
    "acceleration": 5,
    "width": 0.38676417284812115,
    "lenght": 0.5034581672865707
  },
  "planner": {
    "class": "Dubins_pathfinding",
    "start": [
      1.0,
      5.0
    ],
    "goal": [
      9.0,
      5.0
    ],
    "bounds": [
      0,
      10,
      0,
      10
    ],
    "max_runtime": 15.0,
    "goal_threshold": 0.0,
    "interpolate_steps": 50
  },
  "path": [
    [
      1.0,
      5.0,
      0.0
    ],
    [
      1.33294,
      4.90931,
      -0.531869
    ],
    [
      1.5739,
      4.6623,
      -1.06374
    ],
    [
      1.65631,
      4.32721,
      -1.59561
    ],
    [
      1.5599,
      3.99526,
      -2.03418
    ],
    [
      1.40382,
      3.6829,
      -2.03418
    ],
    [
      1.24775,
      3.37055,
      -2.03418
    ],
    [
      1.09167,
      3.0582,
      -2.03418
    ],
    [
      0.935598,
      2.74584,
      -2.03418
    ],
    [
      0.779522,
      2.43349,
      -2.03418
    ],
    [
      0.659529,
      2.09669,
      -1.89539
    ],
    [
      0.545427,
      1.7576,
      -1.89539
    ],
    [
      0.431325,
      1.41851,
      -1.89372
    ],
    [
      0.409742,
      1.08343,
      -1.37651
    ],
    [
      0.556667,
      0.781499,
      -0.859307
    ],
    [
      0.833664,
      0.591709,
      -0.342099
    ],
    [
      1.16305,
      0.509735,
      -0.232261
    ],
    [
      1.49341,
      0.43129,
      -0.26233
    ],
    [
      1.83982,
      0.424444,
      0.111436
    ],
    [
      2.18683,
      0.463274,
      0.111436
    ],
    [
      2.53384,
      0.502104,
      0.111436
    ],
    [
      2.88085,
      0.540935,
      0.111436
    ],
    [
      3.22786,
      0.579765,
      0.111436
    ],
    [
      3.57487,
      0.618595,
      0.111436
    ],
    [
      3.92188,
      0.657425,
      0.111436
    ],
    [
      4.26889,
      0.696256,
      0.111436
    ],
    [
      4.6159,
      0.735086,
      0.111436
    ],
    [
      5.00845,
      0.74807,
      0.0271284
    ],
    [
      5.40113,
      0.758726,
      0.0271284
    ],
    [
      5.79381,
      0.769381,
      0.0271284
    ],
    [
      6.18649,
      0.780037,
      0.0271284
    ],
    [
      6.57917,
      0.790692,
      0.0271284
    ],
    [
      6.97185,
      0.801347,
      0.0271284
    ],
    [
      7.36453,
      0.812003,
      0.0271284
    ],
    [
      7.75721,
      0.822658,
      0.0271284
    ],
    [
      8.1237,
      0.836199,
      0.0370193
    ],
    [
      8.49019,
      0.849773,
      0.0370193
    ],
    [
      8.84636,
      0.920782,
      0.459704
    ],
    [
      9.11392,
      1.16461,
      1.01833
    ],
    [
      9.21157,
      1.51318,
      1.57696
    ],
    [
      9.13328,
      1.85154,
      1.89044
    ],
    [
      9.02356,
      2.18303,
      1.89044
    ],
    [
      8.91384,
      2.51452,
      1.89044
    ],
    [
      8.80412,
      2.84601,
      1.89044
    ],
    [
      8.6944,
      3.1775,
      1.89044
    ],
    [
      8.58468,
      3.50899,
      1.89044
    ],
    [
      8.47496,
      3.84048,
      1.89044
    ],
    [
      8.36621,
      4.17227,
      1.83466
    ],
    [
      8.36693,
      4.51734,
      1.30279
    ],
    [
      9.0,
      5.0,
      0.0
    ]
  ]
}