{
  "robot": {
    "class": "RectangleRobot",
    "radius": 0.21130393088453953,
    "wheelbase": 0.2243614212749041,
    "max_velocity": 7.731059708388431,
    "max_steering_at_zero_v": 0.4283571281871559,
    "max_steering_at_max_v": 0.2424286888020637,
    "acceleration": 5,
    "width": 0.183526950794782,
    "lenght": 0.3806773741122562
  },
  "planner": {
    "class": "Dubins_pathfinding",
    "start": [
      1.0,
      5.0
    ],
    "goal": [
      9.0,
      5.0
    ],
    "bounds": [
      0,
      10,
      0,
      10
    ],
    "max_runtime": 15.0,
    "goal_threshold": 0.0,
    "interpolate_steps": 50
  },
  "path": [
    [
      1.0,
      5.0,
      0.0
    ],
    [
      1.27492,
      4.91588,
      -0.59383
    ],
    [
      1.45571,
      4.69234,
      -1.18766
    ],
    [
      1.52919,
      4.41019,
      -1.33407
    ],
    [
      1.59761,
      4.12655,
      -1.33407
    ],
    [
      1.66604,
      3.84292,
      -1.33407
    ],
    [
      1.73447,
      3.55929,
      -1.33407
    ],
    [
      1.80289,
      3.27565,
      -1.33407
    ],
    [
      1.87132,
      2.99202,
      -1.33407
    ],
    [
      1.93974,
      2.70838,
      -1.33407
    ],
    [
      2.008,
      2.42471,
      -1.36084
    ],
    [
      2.16072,
      2.16113,
      -0.730464
    ],
    [
      2.42854,
      2.00768,
      -0.464134
    ],
    [
      2.7055,
      1.86904,
      -0.464134
    ],
    [
      2.98247,
      1.73039,
      -0.464134
    ],
    [
      3.25943,
      1.59174,
      -0.464134
    ],
    [
      3.53639,
      1.45309,
      -0.464134
    ],
    [
      3.81335,
      1.31444,
      -0.464134
    ],
    [
      4.09031,
      1.17579,
      -0.464134
    ],
    [
      4.36727,
      1.03714,
      -0.464134
    ],
    [
      4.61164,
      0.853169,
      -0.94234
    ],
    [
      4.83181,
      0.683789,
      -0.369166
    ],
    [
      5.10933,
      0.651856,
      0.012018
    ],
    [
      5.39093,
      0.655241,
      0.012018
    ],
    [
      5.67254,
      0.658625,
      0.012018
    ],
    [
      5.95414,
      0.662009,
      0.012018
    ],
    [
      6.23574,
      0.665394,
      0.012018
    ],
    [
      6.51734,
      0.668778,
      0.012018
    ],
    [
      6.79894,
      0.672163,
      0.012018
    ],
    [
      7.08054,
      0.675547,
      0.012018
    ],
    [
      7.35067,
      0.741342,
      0.522095
    ],
    [
      7.64252,
      0.841877,
      0.164496
    ],
    [
      7.90844,
      0.906457,
      0.243896
    ],
    [
      8.17403,
      0.972549,
      0.243896
    ],
    [
      8.43962,
      1.03864,
      0.243896
    ],
    [
      8.70522,
      1.10473,
      0.243896
    ],
    [
      8.97062,
      1.17152,
      0.297859
    ],
    [
      9.22817,
      1.35836,
      0.957339
    ],
    [
      9.31724,
      1.66382,
      1.61682
    ],
    [
      9.24479,
      1.97902,
      1.83166
    ],
    [
      9.16122,
      2.29208,
      1.83166
    ],
    [
      9.07765,
      2.60515,
      1.83166
    ],
    [
      8.99408,
      2.91821,
      1.83166
    ],
    [
      8.91051,
      3.23128,
      1.83166
    ],
    [
      8.82694,
      3.54434,
      1.83166
    ],
    [
      8.74337,
      3.85741,
      1.82971
    ],
    [
      8.60101,
      4.19553,
      1.98552
    ],
    [
      8.5101,
      4.54616,
      1.4944
    ],
    [
      8.66609,
      4.8691,
      0.747201
    ],
    [
      9.0,
      5.0,
      0.0
    ]
  ]
}