{
  "robot": {
    "class": "RectangleRobot",
    "radius": 0.16925974914212757,
    "wheelbase": 0.35763850994048285,
    "max_velocity": 11.824430348316294,
    "max_steering_at_zero_v": 0.4626231591372359,
    "max_steering_at_max_v": 0.1867267156126688,
    "acceleration": 5,
    "width": 0.25303336828721995,
    "lenght": 0.22487677792926491
  },
  "planner": {
    "class": "Dubins_pathfinding",
    "start": [
      1.0,
      5.0
    ],
    "goal": [
      9.0,
      5.0
    ],
    "bounds": [
      0,
      10,
      0,
      10
    ],
    "max_runtime": 15.0,
    "goal_threshold": 0.0,
    "interpolate_steps": 50
  },
  "path": [
    [
      1.0,
      5.0,
      0.0
    ],
    [
      1.33554,
      5.08334,
      0.48692
    ],
    [
      1.59309,
      5.314,
      0.973839
    ],
    [
      1.71278,
      5.63836,
      1.46076
    ],
    [
      1.66678,
      5.98103,
      1.94768
    ],
    [
      1.49439,
      6.28418,
      2.11739
    ],
    [
      1.3129,
      6.58249,
      2.11739
    ],
    [
      1.1314,
      6.88079,
      2.11739
    ],
    [
      0.949904,
      7.17909,
      2.11739
    ],
    [
      0.768408,
      7.47739,
      2.11739
    ],
    [
      0.621097,
      7.83275,
      1.93173
    ],
    [
      0.485047,
      8.19318,
      1.93173
    ],
    [
      0.442845,
      8.57151,
      1.41361
    ],
    [
      0.600069,
      8.91816,
      0.876375
    ],
    [
      0.912547,
      9.13551,
      0.339145
    ],
    [
      1.29224,
      9.16234,
      -0.198085
    ],
    [
      1.63127,
      9.16105,
      0.0741939
    ],
    [
      1.97074,
      9.18628,
      0.0741939
    ],
    [
      2.3102,
      9.21151,
      0.0741939
    ],
    [
      2.64967,
      9.23675,
      0.0741939
    ],
    [
      2.98914,
      9.26198,
      0.0741939
    ],
    [
      3.32861,
      9.28722,
      0.0788777
    ],
    [
      3.68563,
      9.2741,
      -0.054589
    ],
    [
      4.04258,
      9.25459,
      -0.054589
    ],
    [
      4.39954,
      9.23509,
      -0.054589
    ],
    [
      4.75649,
      9.21558,
      -0.054589
    ],
    [
      5.11352,
      9.20001,
      0.050159
    ],
    [
      5.46064,
      9.23759,
      0.111719
    ],
    [
      5.80764,
      9.27651,
      0.111719
    ],
    [
      6.15464,
      9.31544,
      0.111719
    ],
    [
      6.50164,
      9.35437,
      0.111719
    ],
    [
      6.84864,
      9.3933,
      0.111719
    ],
    [
      7.19564,
      9.43223,
      0.111719
    ],
    [
      7.54264,
      9.47116,
      0.111719
    ],
    [
      7.88964,
      9.51008,
      0.111719
    ],
    [
      8.23664,
      9.54901,
      0.111719
    ],
    [
      8.57938,
      9.5036,
      -0.375201
    ],
    [
      8.86104,
      9.30309,
      -0.862121
    ],
    [
      9.01614,
      8.99409,
      -1.34904
    ],
    [
      9.00872,
      8.64842,
      -1.82092
    ],
    [
      8.92229,
      8.31011,
      -1.82092
    ],
    [
      8.83586,
      7.9718,
      -1.82092
    ],
    [
      8.74943,
      7.63349,
      -1.82092
    ],
    [
      8.663,
      7.29517,
      -1.82092
    ],
    [
      8.57658,
      6.95686,
      -1.82092
    ],
    [
      8.47952,
      6.57697,
      -1.82092
    ],
    [
      8.38247,
      6.19707,
      -1.82092
    ],
    [
      8.28977,
      5.81624,
      -1.70947
    ],
    [
      8.34178,
      5.43252,
      -1.1627
    ],
    [
      9.0,
      5.0,
      0.0
    ]
  ]
}