{
  "robot": {
    "class": "RectangleRobot",
    "radius": 0.18561346328949055,
    "wheelbase": 0.4083602042351395,
    "max_velocity": 7.268492113793427,
    "max_steering_at_zero_v": 0.43245138161345736,
    "max_steering_at_max_v": 0.21205123790258493,
    "acceleration": 5,
    "width": 0.19626981090224416,
    "lenght": 0.3150993372663191
  },
  "planner": {
    "class": "Dubins_pathfinding",
    "start": [
      1.0,
      5.0
    ],
    "goal": [
      9.0,
      5.0
    ],
    "bounds": [
      0,
      10,
      0,
      10
    ],
    "max_runtime": 15.0,
    "goal_threshold": 0.0,
    "interpolate_steps": 50
  },
  "path": [
    [
      1.0,
      5.0,
      0.0
    ],
    [
      1.36164,
      5.07729,
      0.421121
    ],
    [
      1.66009,
      5.29567,
      0.842243
    ],
    [
      1.8432,
      5.61696,
      1.26336
    ],
    [
      1.87897,
      5.98504,
      1.68449
    ],
    [
      1.79086,
      6.34663,
      1.83763
    ],
    [
      1.69262,
      6.70601,
      1.83763
    ],
    [
      1.62804,
      7.0713,
      1.5594
    ],
    [
      1.70945,
      7.43204,
      1.13828
    ],
    [
      1.91406,
      7.71263,
      0.743171
    ],
    [
      2.21091,
      7.89284,
      0.348066
    ],
    [
      2.55426,
      7.94491,
      -0.0470396
    ],
    [
      2.8912,
      7.86082,
      -0.442145
    ],
    [
      3.18196,
      7.66796,
      -0.630539
    ],
    [
      3.46429,
      7.46188,
      -0.630539
    ],
    [
      3.73152,
      7.23812,
      -0.85992
    ],
    [
      3.94347,
      6.99177,
      -0.860311
    ],
    [
      4.15543,
      6.74542,
      -0.860311
    ],
    [
      4.36738,
      6.49907,
      -0.860311
    ],
    [
      4.6025,
      6.27667,
      -0.585559
    ],
    [
      4.92135,
      6.14579,
      -0.193458
    ],
    [
      5.26602,
      6.14668,
      0.198642
    ],
    [
      5.60581,
      6.21644,
      0.202518
    ],
    [
      5.9456,
      6.28622,
      0.202518
    ],
    [
      6.2854,
      6.35599,
      0.202518
    ],
    [
      6.62519,
      6.42576,
      0.202518
    ],
    [
      6.96763,
      6.47552,
      -0.0112164
    ],
    [
      7.30492,
      6.40459,
      -0.403317
    ],
    [
      7.61222,
      6.25537,
      -0.455584
    ],
    [
      7.919,
      6.10506,
      -0.455584
    ],
    [
      8.22579,
      5.95475,
      -0.455584
    ],
    [
      8.53257,
      5.80443,
      -0.455584
    ],
    [
      8.81653,
      5.61768,
      -0.767816
    ],
    [
      9.011,
      5.33938,
      -1.15398
    ],
    [
      9.20154,
      5.03027,
      -0.98274
    ],
    [
      9.40326,
      4.72773,
      -0.98274
    ],
    [
      9.6049,
      4.42514,
      -0.997158
    ],
    [
      9.73484,
      4.08826,
      -1.40818
    ],
    [
      9.71935,
      3.72752,
      -1.8192
    ],
    [
      9.56103,
      3.40302,
      -2.23023
    ],
    [
      9.27136,
      3.16085,
      -2.66031
    ],
    [
      8.9071,
      3.06151,
      -3.09039
    ],
    [
      8.5346,
      3.12309,
      2.76271
    ],
    [
      8.22169,
      3.33438,
      2.33262
    ],
    [
      8.02539,
      3.6569,
      1.90254
    ],
    [
      7.98142,
      4.03189,
      1.47245
    ],
    [
      8.09782,
      4.39106,
      1.04237
    ],
    [
      8.32946,
      4.69241,
      0.860168
    ],
    [
      8.63114,
      4.91943,
      0.430084
    ],
    [
      9.0,
      5.0,
      0.0
    ]
  ]
}