{
  "robot": {
    "class": "RectangleRobot",
    "radius": 0.33186146944681755,
    "wheelbase": 0.3247461464282807,
    "max_velocity": 12.241942651140548,
    "max_steering_at_zero_v": 0.4822384579521213,
    "max_steering_at_max_v": 0.2267055037918403,
    "acceleration": 5,
    "width": 0.6286382371940782,
    "lenght": 0.2129368600104875
  },
  "planner": {
    "class": "Dubins_pathfinding",
    "start": [
      1.0,
      5.0
    ],
    "goal": [
      9.0,
      5.0
    ],
    "bounds": [
      0,
      10,
      0,
      10
    ],
    "max_runtime": 15.0,
    "goal_threshold": 0.0,
    "interpolate_steps": 50
  },
  "path": [
    [
      1.0,
      5.0,
      0.0
    ],
    [
      1.33103,
      5.0957,
      0.562838
    ],
    [
      1.55993,
      5.35327,
      1.12568
    ],
    [
      1.61609,
      5.69325,
      1.68851
    ],
    [
      1.50971,
      6.02473,
      1.93541
    ],
    [
      1.38519,
      6.35095,
      1.93541
    ],
    [
      1.26068,
      6.67717,
      1.93541
    ],
    [
      1.13617,
      7.00339,
      1.93541
    ],
    [
      1.01165,
      7.32961,
      1.93541
    ],
    [
      0.887138,
      7.65583,
      1.93541
    ],
    [
      0.743268,
      7.98848,
      1.98076
    ],
    [
      0.598809,
      8.32089,
      1.98076
    ],
    [
      0.461372,
      8.65592,
      1.82524
    ],
    [
      0.470667,
      9.00038,
      1.2624
    ],
    [
      0.662329,
      9.28675,
      0.69956
    ],
    [
      0.977227,
      9.42667,
      0.136722
    ],
    [
      1.32576,
      9.44688,
      0.051448
    ],
    [
      1.67448,
      9.46483,
      0.051448
    ],
    [
      2.02319,
      9.48279,
      0.051448
    ],
    [
      2.3719,
      9.50075,
      0.051448
    ],
    [
      2.72064,
      9.51215,
      -0.0938871
    ],
    [
      3.04124,
      9.38584,
      -0.656725
    ],
    [
      3.4054,
      9.25697,
      -0.0235323
    ],
    [
      3.79774,
      9.27572,
      0.0522726
    ],
    [
      4.19002,
      9.29624,
      0.0522726
    ],
    [
      4.58231,
      9.31676,
      0.0522726
    ],
    [
      4.9746,
      9.33729,
      0.0522726
    ],
    [
      5.36688,
      9.35781,
      0.0522726
    ],
    [
      5.75917,
      9.37834,
      0.0522726
    ],
    [
      6.15146,
      9.39886,
      0.0522726
    ],
    [
      6.53995,
      9.41851,
      0.0505335
    ],
    [
      6.92845,
      9.43816,
      0.0505335
    ],
    [
      7.31695,
      9.45781,
      0.0505335
    ],
    [
      7.70549,
      9.47272,
      -0.0731512
    ],
    [
      8.05989,
      9.32842,
      -0.70017
    ],
    [
      8.39239,
      9.169,
      -0.337318
    ],
    [
      8.7429,
      9.04607,
      -0.337318
    ],
    [
      9.09107,
      8.91737,
      -0.478979
    ],
    [
      9.35163,
      8.66046,
      -1.0777
    ],
    [
      9.42208,
      8.3014,
      -1.67641
    ],
    [
      9.31222,
      7.97159,
      -1.96746
    ],
    [
      9.17732,
      7.64953,
      -1.96746
    ],
    [
      9.04242,
      7.32746,
      -1.96746
    ],
    [
      8.90752,
      7.0054,
      -1.96746
    ],
    [
      8.77262,
      6.68333,
      -1.96746
    ],
    [
      8.63772,
      6.36127,
      -1.96746
    ],
    [
      8.50282,
      6.0392,
      -1.96746
    ],
    [
      8.3863,
      5.71118,
      -1.71768
    ],
    [
      8.43252,
      5.36971,
      -1.15484
    ],
    [
      9.0,
      5.0,
      0.0
    ]
  ]
}