{
  "robot": {
    "class": "RectangleRobot",
    "radius": 0.37797732655055294,
    "wheelbase": 0.23816294373683597,
    "max_velocity": 10.144537512365275,
    "max_steering_at_zero_v": 0.46757665981006763,
    "max_steering_at_max_v": 0.21645007052814047,
    "acceleration": 5,
    "width": 0.6872144404026255,
    "lenght": 0.3149662687452733
  },
  "planner": {
    "class": "Dubins_pathfinding",
    "start": [
      1.0,
      5.0
    ],
    "goal": [
      9.0,
      5.0
    ],
    "bounds": [
      0,
      10,
      0,
      10
    ],
    "max_runtime": 15.0,
    "goal_threshold": 0.0,
    "interpolate_steps": 50
  },
  "path": [
    [
      1.0,
      5.0,
      0.0
    ],
    [
      1.33575,
      4.85961,
      -0.792085
    ],
    [
      1.47164,
      4.52201,
      -1.58417
    ],
    [
      1.3916,
      4.15792,
      -1.82315
    ],
    [
      1.29832,
      3.79614,
      -1.82315
    ],
    [
      1.20503,
      3.43436,
      -1.82315
    ],
    [
      1.11174,
      3.07258,
      -1.82315
    ],
    [
      1.01862,
      2.71076,
      -1.79658
    ],
    [
      0.908741,
      2.37976,
      -1.89829
    ],
    [
      0.796529,
      2.04946,
      -1.89829
    ],
    [
      0.684317,
      1.71916,
      -1.89829
    ],
    [
      0.572105,
      1.38887,
      -1.89829
    ],
    [
      0.487403,
      1.05265,
      -1.55229
    ],
    [
      0.616484,
      0.737084,
      -0.812732
    ],
    [
      0.924859,
      0.590929,
      -0.0724556
    ],
    [
      1.27272,
      0.617415,
      0.0948794
    ],
    [
      1.62033,
      0.650495,
      0.0948794
    ],
    [
      1.96793,
      0.683575,
      0.0948794
    ],
    [
      2.31554,
      0.716655,
      0.0948794
    ],
    [
      2.66315,
      0.749735,
      0.0948794
    ],
    [
      3.01075,
      0.782815,
      0.0948794
    ],
    [
      3.35836,
      0.815895,
      0.0948794
    ],
    [
      3.70596,
      0.848975,
      0.0948794
    ],
    [
      4.05489,
      0.840516,
      -0.0357546
    ],
    [
      4.40384,
      0.828034,
      -0.0357546
    ],
    [
      4.75279,
      0.815552,
      -0.0357546
    ],
    [
      5.10174,
      0.80307,
      -0.0357546
    ],
    [
      5.4507,
      0.790588,
      -0.0357546
    ],
    [
      5.79965,
      0.778106,
      -0.0357546
    ],
    [
      6.1486,
      0.765624,
      -0.0357546
    ],
    [
      6.49756,
      0.753142,
      -0.0357546
    ],
    [
      6.84651,
      0.74066,
      -0.0357546
    ],
    [
      7.18911,
      0.720301,
      -0.0597509
    ],
    [
      7.5317,
      0.699806,
      -0.0597509
    ],
    [
      7.87429,
      0.679311,
      -0.0597509
    ],
    [
      8.21688,
      0.658817,
      -0.0597509
    ],
    [
      8.55948,
      0.638322,
      -0.0597509
    ],
    [
      8.89993,
      0.650684,
      0.314621
    ],
    [
      9.16128,
      0.861349,
      1.04224
    ],
    [
      9.21634,
      1.19249,
      1.76985
    ],
    [
      9.14212,
      1.59345,
      1.75366
    ],
    [
      9.06797,
      1.99442,
      1.75366
    ],
    [
      8.99382,
      2.3954,
      1.75366
    ],
    [
      8.91967,
      2.79637,
      1.75366
    ],
    [
      8.84552,
      3.19734,
      1.75366
    ],
    [
      8.77351,
      3.59864,
      1.65789
    ],
    [
      8.66178,
      4.0093,
      1.85873
    ],
    [
      8.54139,
      4.41804,
      1.80678
    ],
    [
      8.62953,
      4.82027,
      0.903388
    ],
    [
      9.0,
      5.0,
      0.0
    ]
  ]
}