{
  "robot": {
    "class": "RectangleRobot",
    "radius": 0.2624672465381887,
    "wheelbase": 0.3416696734546573,
    "max_velocity": 9.716261567039298,
    "max_steering_at_zero_v": 0.35349492428757184,
    "max_steering_at_max_v": 0.1611794782328539,
    "acceleration": 5,
    "width": 0.29084328004291327,
    "lenght": 0.43699703485862795
  },
  "planner": {
    "class": "Dubins_pathfinding",
    "start": [
      1.0,
      5.0
    ],
    "goal": [
      9.0,
      5.0
    ],
    "bounds": [
      0,
      10,
      0,
      10
    ],
    "max_runtime": 15.0,
    "goal_threshold": 0.0,
    "interpolate_steps": 50
  },
  "path": [
    [
      1.0,
      5.0,
      0.0
    ],
    [
      1.43156,
      5.10672,
      0.484844
    ],
    [
      1.76364,
      5.40227,
      0.969689
    ],
    [
      1.9197,
      5.81854,
      1.45453
    ],
    [
      1.86376,
      6.25956,
      1.93938
    ],
    [
      1.61404,
      6.62883,
      2.29773
    ],
    [
      1.31569,
      6.96429,
      2.29773
    ],
    [
      1.01733,
      7.29975,
      2.29773
    ],
    [
      0.730145,
      7.64378,
      2.2653
    ],
    [
      0.491916,
      8.01971,
      1.91088
    ],
    [
      0.448455,
      8.46136,
      1.42689
    ],
    [
      0.615491,
      8.87251,
      0.942906
    ],
    [
      0.954658,
      9.15872,
      0.458917
    ],
    [
      1.38804,
      9.25423,
      -0.0250708
    ],
    [
      1.8161,
      9.13712,
      -0.509059
    ],
    [
      2.22854,
      8.96034,
      -0.390428
    ],
    [
      2.6437,
      8.78948,
      -0.390428
    ],
    [
      3.05885,
      8.61862,
      -0.390428
    ],
    [
      3.47401,
      8.44776,
      -0.390428
    ],
    [
      3.83451,
      8.1876,
      -0.867467
    ],
    [
      4.03223,
      7.78944,
      -1.35231
    ],
    [
      4.02159,
      7.34501,
      -1.83716
    ],
    [
      4.01095,
      6.90058,
      -1.35231
    ],
    [
      4.20867,
      6.50241,
      -0.867467
    ],
    [
      4.56918,
      6.24229,
      -0.382623
    ],
    [
      5.00945,
      6.17904,
      0.0528682
    ],
    [
      5.45776,
      6.20276,
      0.0528682
    ],
    [
      5.90608,
      6.22649,
      0.0528682
    ],
    [
      6.35439,
      6.25021,
      0.0528682
    ],
    [
      6.82754,
      6.2194,
      -0.0830228
    ],
    [
      7.30037,
      6.18006,
      -0.0830228
    ],
    [
      7.7732,
      6.14071,
      -0.0830228
    ],
    [
      8.21593,
      5.98506,
      -0.594284
    ],
    [
      8.61945,
      5.83346,
      -0.124444
    ],
    [
      9.04788,
      5.88099,
      0.345397
    ],
    [
      9.40837,
      6.11733,
      0.815237
    ],
    [
      9.62279,
      6.49128,
      1.28508
    ],
    [
      9.70387,
      6.91851,
      1.43658
    ],
    [
      9.65204,
      7.37073,
      1.93325
    ],
    [
      9.39099,
      7.74361,
      2.42992
    ],
    [
      8.98381,
      7.94704,
      2.92658
    ],
    [
      8.52888,
      7.93188,
      -2.85993
    ],
    [
      8.13615,
      7.70177,
      -2.36327
    ],
    [
      7.90052,
      7.31234,
      -1.8666
    ],
    [
      7.80374,
      6.86287,
      -1.72648
    ],
    [
      7.84585,
      6.40965,
      -1.22981
    ],
    [
      8.01143,
      5.94302,
      -1.22981
    ],
    [
      8.18799,
      5.48095,
      -1.06948
    ],
    [
      8.52812,
      5.12926,
      -0.534738
    ],
    [
      9.0,
      5.0,
      0.0
    ]
  ]
}