{
  "robot": {
    "class": "RectangleRobot",
    "radius": 0.13745960799759244,
    "wheelbase": 0.38291265148298304,
    "max_velocity": 10.218288354873284,
    "max_steering_at_zero_v": 0.4132851628376162,
    "max_steering_at_max_v": 0.21012257365465858,
    "acceleration": 5,
    "width": 0.12174134088715093,
    "lenght": 0.24649466777682155
  },
  "planner": {
    "class": "Dubins_pathfinding",
    "start": [
      1.0,
      5.0
    ],
    "goal": [
      9.0,
      5.0
    ],
    "bounds": [
      0,
      10,
      0,
      10
    ],
    "max_runtime": 15.0,
    "goal_threshold": 0.0,
    "interpolate_steps": 50
  },
  "path": [
    [
      1.0,
      5.0,
      0.0
    ],
    [
      1.30752,
      5.05595,
      0.359914
    ],
    [
      1.57563,
      5.21661,
      0.719829
    ],
    [
      1.76997,
      5.46141,
      1.07974
    ],
    [
      1.86565,
      5.75897,
      1.43966
    ],
    [
      1.8504,
      6.07117,
      1.79957
    ],
    [
      1.72617,
      6.35798,
      2.15949
    ],
    [
      1.5608,
      6.62398,
      1.96635
    ],
    [
      1.49393,
      6.92931,
      1.60644
    ],
    [
      1.53888,
      7.23862,
      1.24652
    ],
    [
      1.6899,
      7.51229,
      0.886608
    ],
    [
      1.92761,
      7.71523,
      0.526694
    ],
    [
      2.21287,
      7.84671,
      0.414374
    ],
    [
      2.50054,
      7.97324,
      0.414374
    ],
    [
      2.7882,
      8.09976,
      0.414374
    ],
    [
      3.07586,
      8.22629,
      0.414374
    ],
    [
      3.36352,
      8.35282,
      0.414374
    ],
    [
      3.65119,
      8.47934,
      0.414374
    ],
    [
      3.93885,
      8.60587,
      0.414374
    ],
    [
      4.2254,
      8.73476,
      0.491767
    ],
    [
      4.47006,
      8.92928,
      0.851681
    ],
    [
      4.71302,
      9.12289,
      0.49397
    ],
    [
      5.0084,
      9.21917,
      0.136259
    ],
    [
      5.31994,
      9.21521,
      -0.0751872
    ],
    [
      5.63139,
      9.19175,
      -0.0751872
    ],
    [
      5.94285,
      9.16828,
      -0.0751872
    ],
    [
      6.2543,
      9.14482,
      -0.0751872
    ],
    [
      6.56575,
      9.12136,
      -0.0751872
    ],
    [
      6.8772,
      9.0979,
      -0.0751872
    ],
    [
      7.18866,
      9.07444,
      -0.0751872
    ],
    [
      7.49839,
      9.03811,
      -0.247731
    ],
    [
      7.80566,
      8.99096,
      -0.134167
    ],
    [
      8.11389,
      8.94935,
      -0.134167
    ],
    [
      8.42212,
      8.90775,
      -0.134167
    ],
    [
      8.72837,
      8.85563,
      -0.290753
    ],
    [
      9.00437,
      8.71583,
      -0.646966
    ],
    [
      9.21429,
      8.48856,
      -1.00318
    ],
    [
      9.33177,
      8.20235,
      -1.35939
    ],
    [
      9.34207,
      7.89313,
      -1.7156
    ],
    [
      9.24389,
      7.59974,
      -2.07182
    ],
    [
      9.04957,
      7.359,
      -2.42803
    ],
    [
      8.7986,
      7.05797,
      -2.21567
    ],
    [
      8.56247,
      6.74403,
      -2.21567
    ],
    [
      8.32635,
      6.4301,
      -2.21567
    ],
    [
      8.15208,
      6.08154,
      -1.81178
    ],
    [
      8.14584,
      5.69207,
      -1.36189
    ],
    [
      8.30958,
      5.33864,
      -0.911998
    ],
    [
      8.61072,
      5.09158,
      -0.462105
    ],
    [
      8.98934,
      5.00007,
      -0.0122121
    ],
    [
      9.0,
      5.0,
      0.0
    ]
  ]
}