{
  "robot": {
    "class": "RectangleRobot",
    "radius": 0.31581048306085113,
    "wheelbase": 0.40916042990458557,
    "max_velocity": 7.186282881772811,
    "max_steering_at_zero_v": 0.41278027950997376,
    "max_steering_at_max_v": 0.223777246289933,
    "acceleration": 5,
    "width": 0.5180635538384027,
    "lenght": 0.3613242297837732
  },
  "planner": {
    "class": "Dubins_pathfinding",
    "start": [
      1.0,
      5.0
    ],
    "goal": [
      9.0,
      5.0
    ],
    "bounds": [
      0,
      10,
      0,
      10
    ],
    "max_runtime": 15.0,
    "goal_threshold": 0.0,
    "interpolate_steps": 50
  },
  "path": [
    [
      1.0,
      5.0,
      0.0
    ],
    [
      1.38135,
      5.08137,
      0.420454
    ],
    [
      1.69627,
      5.31132,
      0.840909
    ],
    [
      1.88991,
      5.64978,
      1.26136
    ],
    [
      1.92853,
      6.0378,
      1.68182
    ],
    [
      1.80592,
      6.40807,
      2.067
    ],
    [
      1.6189,
      6.75351,
      2.067
    ],
    [
      1.43188,
      7.09896,
      2.067
    ],
    [
      1.24486,
      7.44441,
      2.067
    ],
    [
      1.02631,
      7.71356,
      2.41575
    ],
    [
      0.774527,
      7.9541,
      2.25012
    ],
    [
      0.610546,
      8.25953,
      1.87691
    ],
    [
      0.569214,
      8.60372,
      1.50371
    ],
    [
      0.65622,
      8.93928,
      1.1305
    ],
    [
      0.859587,
      9.22003,
      0.757287
    ],
    [
      1.15132,
      9.4073,
      0.384078
    ],
    [
      1.49124,
      9.47531,
      0.0108685
    ],
    [
      1.83256,
      9.4147,
      -0.362341
    ],
    [
      2.2178,
      9.34811,
      -0.0686521
    ],
    [
      2.6097,
      9.32117,
      -0.0686521
    ],
    [
      3.0016,
      9.29422,
      -0.0686521
    ],
    [
      3.39349,
      9.26727,
      -0.0686521
    ],
    [
      3.78539,
      9.24033,
      -0.0686521
    ],
    [
      4.17729,
      9.21338,
      -0.0686521
    ],
    [
      4.56919,
      9.18643,
      -0.0686521
    ],
    [
      4.96109,
      9.15948,
      -0.0686521
    ],
    [
      5.30822,
      9.18465,
      0.120043
    ],
    [
      5.65441,
      9.22641,
      0.120043
    ],
    [
      6.0006,
      9.26817,
      0.120043
    ],
    [
      6.34679,
      9.30993,
      0.120043
    ],
    [
      6.69298,
      9.35169,
      0.120043
    ],
    [
      7.03918,
      9.39345,
      0.120043
    ],
    [
      7.38537,
      9.43521,
      0.120043
    ],
    [
      7.73156,
      9.47696,
      0.120043
    ],
    [
      8.07774,
      9.51875,
      0.127585
    ],
    [
      8.46635,
      9.48656,
      -0.29287
    ],
    [
      8.80797,
      9.29856,
      -0.713324
    ],
    [
      9.0431,
      8.98749,
      -1.13378
    ],
    [
      9.13077,
      8.60753,
      -1.55423
    ],
    [
      9.05573,
      8.22489,
      -1.97469
    ],
    [
      8.83445,
      7.90297,
      -2.29475
    ],
    [
      8.57517,
      7.6079,
      -2.24436
    ],
    [
      8.40089,
      7.25907,
      -1.82391
    ],
    [
      8.29168,
      6.86881,
      -1.84412
    ],
    [
      8.18229,
      6.47859,
      -1.84412
    ],
    [
      8.07829,
      6.08707,
      -1.73507
    ],
    [
      8.09944,
      5.68553,
      -1.3013
    ],
    [
      8.28739,
      5.33007,
      -0.867533
    ],
    [
      8.60733,
      5.08652,
      -0.433766
    ],
    [
      9.0,
      5.0,
      0.0
    ]
  ]
}