{
  "robot": {
    "class": "RectangleRobot",
    "radius": 0.35050834917504664,
    "wheelbase": 0.30406433453016757,
    "max_velocity": 9.748180227497738,
    "max_steering_at_zero_v": 0.3570820375200909,
    "max_steering_at_max_v": 0.16904498709020957,
    "acceleration": 5,
    "width": 0.6514154096843912,
    "lenght": 0.2590026551821091
  },
  "planner": {
    "class": "Dubins_pathfinding",
    "start": [
      1.0,
      5.0
    ],
    "goal": [
      9.0,
      5.0
    ],
    "bounds": [
      0,
      10,
      0,
      10
    ],
    "max_runtime": 15.0,
    "goal_threshold": 0.0,
    "interpolate_steps": 50
  },
  "path": [
    [
      1.0,
      5.0,
      0.0
    ],
    [
      1.37779,
      5.09285,
      0.481979
    ],
    [
      1.6695,
      5.35024,
      0.963958
    ],
    [
      1.80868,
      5.71352,
      1.44594
    ],
    [
      1.7636,
      6.09993,
      1.92792
    ],
    [
      1.55996,
      6.43419,
      2.18817
    ],
    [
      1.33256,
      6.7545,
      2.18817
    ],
    [
      1.10515,
      7.0748,
      2.18817
    ],
    [
      0.877749,
      7.39511,
      2.18817
    ],
    [
      0.731486,
      7.78383,
      1.68499
    ],
    [
      0.683635,
      8.20103,
      1.68499
    ],
    [
      0.636003,
      8.61826,
      1.66177
    ],
    [
      0.6786,
      8.96214,
      1.23334
    ],
    [
      0.86021,
      9.25725,
      0.804915
    ],
    [
      1.14801,
      9.45024,
      0.37649
    ],
    [
      1.48998,
      9.50664,
      -0.019752
    ],
    [
      1.83909,
      9.49975,
      -0.019752
    ],
    [
      2.18819,
      9.49285,
      -0.019752
    ],
    [
      2.5373,
      9.48596,
      -0.019752
    ],
    [
      2.88641,
      9.47906,
      -0.019752
    ],
    [
      3.23552,
      9.47216,
      -0.019752
    ],
    [
      3.62833,
      9.46983,
      -0.00572204
    ],
    [
      4.02115,
      9.46759,
      -0.00572204
    ],
    [
      4.41397,
      9.46534,
      -0.00572204
    ],
    [
      4.80678,
      9.46309,
      -0.00572204
    ],
    [
      5.1996,
      9.46084,
      -0.00572204
    ],
    [
      5.59242,
      9.4586,
      -0.00572204
    ],
    [
      5.98524,
      9.45635,
      -0.00572204
    ],
    [
      6.37805,
      9.4541,
      -0.00572204
    ],
    [
      6.72711,
      9.44849,
      -0.0161875
    ],
    [
      7.07617,
      9.44284,
      -0.0161875
    ],
    [
      7.42523,
      9.43719,
      -0.0161875
    ],
    [
      7.77429,
      9.43154,
      -0.0161875
    ],
    [
      8.12335,
      9.42589,
      -0.0161875
    ],
    [
      8.47241,
      9.42024,
      -0.0161875
    ],
    [
      8.82081,
      9.40488,
      -0.170789
    ],
    [
      9.1419,
      9.27478,
      -0.599128
    ],
    [
      9.37995,
      9.02307,
      -1.02747
    ],
    [
      9.49578,
      8.65168,
      -1.50945
    ],
    [
      9.42627,
      8.26891,
      -1.99143
    ],
    [
      9.23833,
      7.92405,
      -2.07745
    ],
    [
      9.04771,
      7.58058,
      -2.07745
    ],
    [
      8.85709,
      7.2371,
      -2.07745
    ],
    [
      8.66647,
      6.89363,
      -2.07745
    ],
    [
      8.47586,
      6.55015,
      -2.07745
    ],
    [
      8.28525,
      6.20667,
      -2.07207
    ],
    [
      8.18509,
      5.80137,
      -1.55405
    ],
    [
      8.29876,
      5.39966,
      -1.03603
    ],
    [
      8.59644,
      5.10693,
      -0.518017
    ],
    [
      9.0,
      5.0,
      0.0
    ]
  ]
}