{
  "robot": {
    "class": "RectangleRobot",
    "radius": 0.2122203703645607,
    "wheelbase": 0.36387029642441704,
    "max_velocity": 12.753042443358124,
    "max_steering_at_zero_v": 0.45573275137615704,
    "max_steering_at_max_v": 0.19889252750572387,
    "acceleration": 5,
    "width": 0.2605730861781567,
    "lenght": 0.33503971279577616
  },
  "planner": {
    "class": "Dubins_pathfinding",
    "start": [
      1.0,
      5.0
    ],
    "goal": [
      9.0,
      5.0
    ],
    "bounds": [
      0,
      10,
      0,
      10
    ],
    "max_runtime": 15.0,
    "goal_threshold": 0.0,
    "interpolate_steps": 50
  },
  "path": [
    [
      1.0,
      5.0,
      0.0
    ],
    [
      1.30796,
      5.06689,
      0.427757
    ],
    [
      1.56042,
      5.2555,
      0.855514
    ],
    [
      1.7119,
      5.53185,
      1.28327
    ],
    [
      1.73512,
      5.84614,
      1.70181
    ],
    [
      1.69363,
      6.16097,
      1.70181
    ],
    [
      1.65215,
      6.47581,
      1.70181
    ],
    [
      1.61066,
      6.79064,
      1.70181
    ],
    [
      1.58597,
      7.10648,
      1.48877
    ],
    [
      1.67787,
      7.40792,
      1.06101
    ],
    [
      1.88388,
      7.64213,
      0.637693
    ],
    [
      2.15419,
      7.80208,
      0.517173
    ],
    [
      2.42735,
      7.95746,
      0.517173
    ],
    [
      2.70051,
      8.11283,
      0.517173
    ],
    [
      2.97367,
      8.26821,
      0.517173
    ],
    [
      3.24683,
      8.42359,
      0.517173
    ],
    [
      3.51999,
      8.57897,
      0.517173
    ],
    [
      3.79315,
      8.73434,
      0.517173
    ],
    [
      4.06631,
      8.88972,
      0.517173
    ],
    [
      4.32028,
      9.07215,
      0.816469
    ],
    [
      4.57342,
      9.24807,
      0.398192
    ],
    [
      4.87617,
      9.30671,
      0.0236316
    ],
    [
      5.18661,
      9.31405,
      0.0236316
    ],
    [
      5.49704,
      9.32138,
      0.0236316
    ],
    [
      5.80747,
      9.32872,
      0.0236316
    ],
    [
      6.1179,
      9.33606,
      0.0236316
    ],
    [
      6.42833,
      9.3434,
      0.0236316
    ],
    [
      6.73876,
      9.35073,
      0.0236316
    ],
    [
      7.04919,
      9.35807,
      0.0236316
    ],
    [
      7.35962,
      9.36537,
      0.0138934
    ],
    [
      7.71839,
      9.30042,
      -0.24926
    ],
    [
      8.07304,
      9.21014,
      -0.24926
    ],
    [
      8.42767,
      9.11981,
      -0.261855
    ],
    [
      8.74413,
      8.94348,
      -0.754812
    ],
    [
      8.93947,
      8.6384,
      -1.24777
    ],
    [
      9.10122,
      8.36699,
      -0.818893
    ],
    [
      9.3525,
      8.17271,
      -0.604755
    ],
    [
      9.58374,
      7.9569,
      -0.958876
    ],
    [
      9.70604,
      7.66558,
      -1.38775
    ],
    [
      9.69613,
      7.34979,
      -1.81663
    ],
    [
      9.55578,
      7.06672,
      -2.2455
    ],
    [
      9.31044,
      6.86764,
      -2.67438
    ],
    [
      9.00453,
      6.78863,
      -3.10325
    ],
    [
      8.65093,
      6.68332,
      -2.60101
    ],
    [
      8.3917,
      6.42079,
      -2.09876
    ],
    [
      8.28836,
      6.06609,
      -1.67872
    ],
    [
      8.25915,
      5.69485,
      -1.50674
    ],
    [
      8.37352,
      5.34408,
      -1.00449
    ],
    [
      8.64262,
      5.09168,
      -0.502247
    ],
    [
      9.0,
      5.0,
      0.0
    ]
  ]
}