{
  "robot": {
    "class": "RectangleRobot",
    "radius": 0.4192542291011089,
    "wheelbase": 0.21373130047935698,
    "max_velocity": 12.647091668134195,
    "max_steering_at_zero_v": 0.4862758152427106,
    "max_steering_at_max_v": 0.19603386497102845,
    "acceleration": 5,
    "width": 0.5514310392873328,
    "lenght": 0.6316804915359919
  },
  "planner": {
    "class": "Dubins_pathfinding",
    "start": [
      1.0,
      5.0
    ],
    "goal": [
      9.0,
      5.0
    ],
    "bounds": [
      0,
      10,
      0,
      10
    ],
    "max_runtime": 15.0,
    "goal_threshold": 0.0,
    "interpolate_steps": 50
  },
  "path": [
    [
      1.0,
      5.0,
      0.0
    ],
    [
      1.30034,
      4.86637,
      -0.837259
    ],
    [
      1.40215,
      4.55381,
      -1.67452
    ],
    [
      1.26014,
      4.25077,
      -2.13543
    ],
    [
      1.07899,
      3.96479,
      -2.13543
    ],
    [
      0.897347,
      3.67914,
      -2.18984
    ],
    [
      0.805908,
      3.33225,
      -1.69043
    ],
    [
      0.762509,
      2.97123,
      -1.69043
    ],
    [
      0.71911,
      2.61021,
      -1.69043
    ],
    [
      0.67571,
      2.24918,
      -1.69043
    ],
    [
      0.632311,
      1.88816,
      -1.69043
    ],
    [
      0.588912,
      1.52714,
      -1.69043
    ],
    [
      0.53628,
      1.16791,
      -1.90626
    ],
    [
      0.574105,
      0.822275,
      -1.01733
    ],
    [
      0.866298,
      0.633809,
      -0.128387
    ],
    [
      1.22519,
      0.615032,
      -0.0487019
    ],
    [
      1.58419,
      0.597534,
      -0.0487019
    ],
    [
      1.94318,
      0.580037,
      -0.0487019
    ],
    [
      2.30194,
      0.572155,
      0.16957
    ],
    [
      2.58613,
      0.772492,
      1.05851
    ],
    [
      2.86095,
      0.971112,
      0.193105
    ],
    [
      3.20534,
      0.92939,
      -0.217669
    ],
    [
      3.54699,
      0.853827,
      -0.217669
    ],
    [
      3.88864,
      0.778264,
      -0.217669
    ],
    [
      4.23028,
      0.702701,
      -0.217669
    ],
    [
      4.57193,
      0.627138,
      -0.217669
    ],
    [
      4.91358,
      0.551575,
      -0.217669
    ],
    [
      5.25665,
      0.485921,
      0.00501842
    ],
    [
      5.67182,
      0.692581,
      0.721726
    ],
    [
      5.99629,
      0.791702,
      -0.033416
    ],
    [
      6.34527,
      0.780036,
      -0.033416
    ],
    [
      6.69425,
      0.76837,
      -0.033416
    ],
    [
      7.04323,
      0.756704,
      -0.033416
    ],
    [
      7.39221,
      0.745038,
      -0.033416
    ],
    [
      7.74119,
      0.733372,
      -0.033416
    ],
    [
      8.09018,
      0.721706,
      -0.033416
    ],
    [
      8.43916,
      0.710041,
      -0.033416
    ],
    [
      8.78814,
      0.698375,
      -0.033416
    ],
    [
      9.11058,
      0.841636,
      0.869619
    ],
    [
      9.2035,
      1.18405,
      1.60383
    ],
    [
      9.19144,
      1.54897,
      1.60383
    ],
    [
      9.17938,
      1.91389,
      1.60383
    ],
    [
      9.16732,
      2.27881,
      1.60383
    ],
    [
      9.15526,
      2.64373,
      1.60383
    ],
    [
      9.1432,
      3.00865,
      1.60383
    ],
    [
      8.98143,
      3.32222,
      2.49856
    ],
    [
      8.78101,
      3.76231,
      1.80226
    ],
    [
      8.66711,
      4.2456,
      1.80226
    ],
    [
      8.61919,
      4.73156,
      1.22806
    ],
    [
      9.0,
      5.0,
      0.0
    ]
  ]
}