{
  "robot": {
    "class": "RectangleRobot",
    "radius": 0.46929628664413703,
    "wheelbase": 0.26061459549968957,
    "max_velocity": 11.150724279967207,
    "max_steering_at_zero_v": 0.34654597208135207,
    "max_steering_at_max_v": 0.22108927726198663,
    "acceleration": 5,
    "width": 0.6754710699512778,
    "lenght": 0.6516861608863427
  },
  "planner": {
    "class": "Dubins_pathfinding",
    "start": [
      1.0,
      5.0
    ],
    "goal": [
      9.0,
      5.0
    ],
    "bounds": [
      0,
      10,
      0,
      10
    ],
    "max_runtime": 15.0,
    "goal_threshold": 0.0,
    "interpolate_steps": 50
  },
  "path": [
    [
      1.0,
      5.0,
      0.0
    ],
    [
      1.34993,
      4.90949,
      -0.506223
    ],
    [
      1.61208,
      4.66065,
      -1.01245
    ],
    [
      1.72071,
      4.31592,
      -1.51867
    ],
    [
      1.64855,
      3.96175,
      -2.02489
    ],
    [
      1.46736,
      3.64455,
      -2.09457
    ],
    [
      1.28464,
      3.32819,
      -2.09457
    ],
    [
      1.10192,
      3.01183,
      -2.09457
    ],
    [
      0.916816,
      2.69695,
      -2.1827
    ],
    [
      0.769209,
      2.32122,
      -1.84248
    ],
    [
      0.660185,
      1.92986,
      -1.84248
    ],
    [
      0.551161,
      1.5385,
      -1.84248
    ],
    [
      0.488001,
      1.14012,
      -1.48326
    ],
    [
      0.632609,
      0.766183,
      -0.92032
    ],
    [
      0.937127,
      0.533852,
      -0.383147
    ],
    [
      1.31764,
      0.490069,
      0.154026
    ],
    [
      1.69955,
      0.556649,
      0.172933
    ],
    [
      2.08384,
      0.589288,
      -0.135118
    ],
    [
      2.43272,
      0.583036,
      0.00129792
    ],
    [
      2.78189,
      0.583489,
      0.00129792
    ],
    [
      3.13107,
      0.583943,
      0.00129792
    ],
    [
      3.48025,
      0.584396,
      0.00129792
    ],
    [
      3.82942,
      0.584849,
      0.00129792
    ],
    [
      4.1786,
      0.585302,
      0.00129792
    ],
    [
      4.52777,
      0.585755,
      0.00129792
    ],
    [
      4.87695,
      0.586209,
      0.00129792
    ],
    [
      5.22613,
      0.586662,
      0.00129792
    ],
    [
      5.61628,
      0.574025,
      -0.0334963
    ],
    [
      6.00642,
      0.560952,
      -0.0334963
    ],
    [
      6.39656,
      0.547879,
      -0.0334963
    ],
    [
      6.7867,
      0.534806,
      -0.0334963
    ],
    [
      7.17684,
      0.521733,
      -0.0334963
    ],
    [
      7.56698,
      0.50866,
      -0.0334963
    ],
    [
      7.95712,
      0.495586,
      -0.0334963
    ],
    [
      8.34718,
      0.480964,
      -0.099073
    ],
    [
      8.74215,
      0.505615,
      0.171653
    ],
    [
      9.0953,
      0.674613,
      0.72102
    ],
    [
      9.30825,
      1.00314,
      1.27039
    ],
    [
      9.31832,
      1.39452,
      1.81976
    ],
    [
      9.19878,
      1.72244,
      1.93378
    ],
    [
      9.0748,
      2.04886,
      1.93378
    ],
    [
      8.95082,
      2.37528,
      1.93378
    ],
    [
      8.82683,
      2.70171,
      1.93378
    ],
    [
      8.70285,
      3.02813,
      1.93378
    ],
    [
      8.57887,
      3.35456,
      1.93378
    ],
    [
      8.45489,
      3.68098,
      1.93378
    ],
    [
      8.33091,
      4.0074,
      1.93378
    ],
    [
      8.28186,
      4.34973,
      1.47168
    ],
    [
      8.5156,
      4.81328,
      0.73584
    ],
    [
      9.0,
      5.0,
      0.0
    ]
  ]
}