{
  "robot": {
    "class": "RectangleRobot",
    "radius": 0.2365859445425359,
    "wheelbase": 0.5657013028150288,
    "max_velocity": 9.746412695498119,
    "max_steering_at_zero_v": 0.5000563541376464,
    "max_steering_at_max_v": 0.1923581072578305,
    "acceleration": 5,
    "width": 0.4176473316603897,
    "lenght": 0.22240131064652469
  },
  "planner": {
    "class": "Dubins_pathfinding",
    "start": [
      1.0,
      5.0
    ],
    "goal": [
      9.0,
      5.0
    ],
    "bounds": [
      0,
      10,
      0,
      10
    ],
    "max_runtime": 15.0,
    "goal_threshold": 0.0,
    "interpolate_steps": 50
  },
  "path": [
    [
      1.0,
      5.0,
      0.0
    ],
    [
      1.38347,
      4.92637,
      -0.379404
    ],
    [
      1.71239,
      4.71595,
      -0.758807
    ],
    [
      1.94,
      4.39868,
      -1.13821
    ],
    [
      2.03391,
      4.01967,
      -1.51761
    ],
    [
      1.98077,
      3.63283,
      -1.89702
    ],
    [
      1.81032,
      3.2794,
      -2.05163
    ],
    [
      1.62863,
      2.93112,
      -2.05163
    ],
    [
      1.44695,
      2.58284,
      -2.05163
    ],
    [
      1.23678,
      2.30607,
      -2.38888
    ],
    [
      0.961445,
      2.092,
      -2.40435
    ],
    [
      0.747022,
      1.81852,
      -2.0671
    ],
    [
      0.635172,
      1.48948,
      -1.72985
    ],
    [
      0.638496,
      1.14198,
      -1.39261
    ],
    [
      0.75662,
      0.815143,
      -1.05536
    ],
    [
      0.976237,
      0.545807,
      -0.718111
    ],
    [
      1.2726,
      0.364313,
      -0.380864
    ],
    [
      1.61233,
      0.291107,
      -0.0436161
    ],
    [
      2.00314,
      0.325081,
      0.123486
    ],
    [
      2.39297,
      0.373466,
      0.123486
    ],
    [
      2.7828,
      0.421851,
      0.123486
    ],
    [
      3.17263,
      0.470235,
      0.123486
    ],
    [
      3.56247,
      0.51862,
      0.123486
    ],
    [
      3.9523,
      0.567005,
      0.123486
    ],
    [
      4.34213,
      0.61539,
      0.123486
    ],
    [
      4.73196,
      0.663775,
      0.123486
    ],
    [
      5.08034,
      0.657958,
      -0.075174
    ],
    [
      5.42853,
      0.631734,
      -0.075174
    ],
    [
      5.77672,
      0.60551,
      -0.075174
    ],
    [
      6.12491,
      0.579285,
      -0.075174
    ],
    [
      6.4731,
      0.553061,
      -0.075174
    ],
    [
      6.82129,
      0.526837,
      -0.075174
    ],
    [
      7.16948,
      0.500613,
      -0.075174
    ],
    [
      7.51767,
      0.474388,
      -0.075174
    ],
    [
      7.86586,
      0.448164,
      -0.075174
    ],
    [
      8.25377,
      0.492786,
      0.30423
    ],
    [
      8.59757,
      0.677905,
      0.683633
    ],
    [
      8.84836,
      0.977192,
      1.06304
    ],
    [
      8.97047,
      1.34808,
      1.44244
    ],
    [
      8.94653,
      1.73782,
      1.82184
    ],
    [
      8.79115,
      2.09746,
      2.04306
    ],
    [
      8.61245,
      2.44728,
      2.04306
    ],
    [
      8.43376,
      2.79711,
      2.04306
    ],
    [
      8.24546,
      3.16572,
      2.04306
    ],
    [
      8.05807,
      3.53479,
      1.99891
    ],
    [
      7.96504,
      3.9353,
      1.59913
    ],
    [
      8.03524,
      4.34043,
      1.19935
    ],
    [
      8.25758,
      4.6863,
      0.799565
    ],
    [
      8.59701,
      4.91836,
      0.399783
    ],
    [
      9.0,
      5.0,
      0.0
    ]
  ]
}