{
  "robot": {
    "class": "RectangleRobot",
    "radius": 0.3132780798684428,
    "wheelbase": 0.25061355732651347,
    "max_velocity": 8.04283637684382,
    "max_steering_at_zero_v": 0.3970009348511786,
    "max_steering_at_max_v": 0.16663073863893355,
    "acceleration": 5,
    "width": 0.4529671561150178,
    "lenght": 0.4328895665008651
  },
  "planner": {
    "class": "Dubins_pathfinding",
    "start": [
      1.0,
      5.0
    ],
    "goal": [
      9.0,
      5.0
    ],
    "bounds": [
      0,
      10,
      0,
      10
    ],
    "max_runtime": 15.0,
    "goal_threshold": 0.0,
    "interpolate_steps": 50
  },
  "path": [
    [
      1.0,
      5.0,
      0.0
    ],
    [
      1.32573,
      4.90345,
      -0.576308
    ],
    [
      1.54624,
      4.645,
      -1.15262
    ],
    [
      1.59029,
      4.30812,
      -1.72892
    ],
    [
      1.51452,
      3.9721,
      -1.79654
    ],
    [
      1.4654,
      3.63289,
      -1.48895
    ],
    [
      1.39633,
      3.30132,
      -2.06341
    ],
    [
      1.21559,
      3.00938,
      -2.12887
    ],
    [
      1.03375,
      2.71809,
      -2.12887
    ],
    [
      0.852228,
      2.42661,
      -2.09352
    ],
    [
      0.773206,
      2.09727,
      -1.51905
    ],
    [
      0.731153,
      1.70738,
      -1.70433
    ],
    [
      0.678876,
      1.31822,
      -1.70433
    ],
    [
      0.698836,
      0.931292,
      -1.21092
    ],
    [
      0.936795,
      0.637867,
      -0.567883
    ],
    [
      1.30258,
      0.534592,
      -0.118157
    ],
    [
      1.68427,
      0.489281,
      -0.118157
    ],
    [
      2.06596,
      0.44397,
      -0.118157
    ],
    [
      2.44766,
      0.398659,
      -0.118157
    ],
    [
      2.82864,
      0.400833,
      0.281346
    ],
    [
      3.17407,
      0.449378,
      0.116346
    ],
    [
      3.52089,
      0.489912,
      0.116346
    ],
    [
      3.8677,
      0.530446,
      0.116346
    ],
    [
      4.21452,
      0.57098,
      0.116346
    ],
    [
      4.56134,
      0.611513,
      0.116346
    ],
    [
      4.90815,
      0.652047,
      0.116346
    ],
    [
      5.25497,
      0.692581,
      0.116346
    ],
    [
      5.60178,
      0.733114,
      0.116346
    ],
    [
      5.9486,
      0.773648,
      0.116346
    ],
    [
      6.30017,
      0.790629,
      0.0437935
    ],
    [
      6.65184,
      0.80604,
      0.0437935
    ],
    [
      7.00352,
      0.821451,
      0.0437935
    ],
    [
      7.3552,
      0.836862,
      0.0437935
    ],
    [
      7.70687,
      0.852273,
      0.0437935
    ],
    [
      8.05855,
      0.867684,
      0.0437935
    ],
    [
      8.40946,
      0.890879,
      0.205625
    ],
    [
      8.76914,
      0.931374,
      0.249379
    ],
    [
      9.07295,
      1.11871,
      0.855741
    ],
    [
      9.21583,
      1.44579,
      1.4621
    ],
    [
      9.14685,
      1.79598,
      2.06846
    ],
    [
      9.04973,
      2.10506,
      1.81738
    ],
    [
      8.9704,
      2.42024,
      1.81738
    ],
    [
      8.89106,
      2.73542,
      1.81738
    ],
    [
      8.81173,
      3.0506,
      1.81738
    ],
    [
      8.72442,
      3.36329,
      1.98468
    ],
    [
      8.52113,
      3.61174,
      2.5284
    ],
    [
      8.27783,
      3.98928,
      1.7581
    ],
    [
      8.3591,
      4.43328,
      1.15036
    ],
    [
      8.58376,
      4.83126,
      0.770302
    ],
    [
      9.0,
      5.0,
      0.0
    ]
  ]
}