{
  "robot": {
    "class": "RectangleRobot",
    "radius": 0.351293097595252,
    "wheelbase": 0.37866307203247696,
    "max_velocity": 9.463153904716167,
    "max_steering_at_zero_v": 0.4100108278418353,
    "max_steering_at_max_v": 0.2545679673065963,
    "acceleration": 5,
    "width": 0.4083817807449521,
    "lenght": 0.5717094391628066
  },
  "planner": {
    "class": "Dubins_pathfinding",
    "start": [
      1.0,
      5.0
    ],
    "goal": [
      9.0,
      5.0
    ],
    "bounds": [
      0,
      10,
      0,
      10
    ],
    "max_runtime": 15.0,
    "goal_threshold": 0.0,
    "interpolate_steps": 50
  },
  "path": [
    [
      1.0,
      5.0,
      0.0
    ],
    [
      1.37965,
      5.08707,
      0.450898
    ],
    [
      1.68341,
      5.33088,
      0.901795
    ],
    [
      1.85056,
      5.68269,
      1.35269
    ],
    [
      1.8477,
      6.07219,
      1.80359
    ],
    [
      1.67581,
      6.42183,
      2.21972
    ],
    [
      1.43842,
      6.7348,
      2.21972
    ],
    [
      1.20102,
      7.04778,
      2.21972
    ],
    [
      0.963623,
      7.36075,
      2.21972
    ],
    [
      0.762484,
      7.69625,
      2.093
    ],
    [
      0.567253,
      8.03549,
      2.093
    ],
    [
      0.422797,
      8.3964,
      1.73637
    ],
    [
      0.445706,
      8.78385,
      1.2871
    ],
    [
      0.634613,
      9.1229,
      0.837829
    ],
    [
      0.952026,
      9.34626,
      0.388557
    ],
    [
      1.33495,
      9.40959,
      -0.060715
    ],
    [
      1.70738,
      9.30034,
      -0.509987
    ],
    [
      2.08122,
      9.191,
      -0.0590892
    ],
    [
      2.47397,
      9.18443,
      -0.0145377
    ],
    [
      2.86676,
      9.17872,
      -0.0145377
    ],
    [
      3.25954,
      9.17301,
      -0.0145377
    ],
    [
      3.65232,
      9.16729,
      -0.0145377
    ],
    [
      4.0451,
      9.16158,
      -0.0145377
    ],
    [
      4.43788,
      9.15587,
      -0.0145377
    ],
    [
      4.83067,
      9.15016,
      -0.0145377
    ],
    [
      5.17941,
      9.15785,
      0.0238672
    ],
    [
      5.52815,
      9.16617,
      0.0238672
    ],
    [
      5.87688,
      9.1745,
      0.0238672
    ],
    [
      6.22562,
      9.18282,
      0.0238672
    ],
    [
      6.57436,
      9.19115,
      0.0238672
    ],
    [
      6.9231,
      9.19947,
      0.0238672
    ],
    [
      7.27183,
      9.2078,
      0.0238672
    ],
    [
      7.62057,
      9.21612,
      0.0238672
    ],
    [
      7.96931,
      9.2232,
      -0.0295261
    ],
    [
      8.34989,
      9.22505,
      0.00631227
    ],
    [
      8.72968,
      9.21298,
      -0.176148
    ],
    [
      9.07824,
      9.06784,
      -0.613002
    ],
    [
      9.33265,
      8.78886,
      -1.04985
    ],
    [
      9.44514,
      8.42843,
      -1.48671
    ],
    [
      9.39457,
      8.05427,
      -1.92356
    ],
    [
      9.19044,
      7.73663,
      -2.36041
    ],
    [
      8.8711,
      7.53519,
      -2.79727
    ],
    [
      8.50515,
      7.28377,
      -2.28196
    ],
    [
      8.31063,
      6.88466,
      -1.76664
    ],
    [
      8.2244,
      6.44408,
      -1.76408
    ],
    [
      8.13888,
      6.00337,
      -1.72309
    ],
    [
      8.18557,
      5.56184,
      -1.20778
    ],
    [
      8.44379,
      5.20066,
      -0.692469
    ],
    [
      8.84647,
      5.01364,
      -0.177157
    ],
    [
      9.0,
      5.0,
      0.0
    ]
  ]
}