{
  "robot": {
    "class": "RectangleRobot",
    "radius": 0.3970493725582676,
    "wheelbase": 0.4641308638923497,
    "max_velocity": 10.247339735976764,
    "max_steering_at_zero_v": 0.5133128647559078,
    "max_steering_at_max_v": 0.22590889184069568,
    "acceleration": 5,
    "width": 0.4531408323730629,
    "lenght": 0.6521167096708255
  },
  "planner": {
    "class": "Dubins_pathfinding",
    "start": [
      1.0,
      5.0
    ],
    "goal": [
      9.0,
      5.0
    ],
    "bounds": [
      0,
      10,
      0,
      10
    ],
    "max_runtime": 15.0,
    "goal_threshold": 0.0,
    "interpolate_steps": 50
  },
  "path": [
    [
      1.0,
      5.0,
      0.0
    ],
    [
      1.35017,
      5.07817,
      0.439294
    ],
    [
      1.63384,
      5.29785,
      0.878588
    ],
    [
      1.79715,
      5.61732,
      1.31788
    ],
    [
      1.80908,
      5.97591,
      1.75718
    ],
    [
      1.71828,
      6.32596,
      1.83075
    ],
    [
      1.62531,
      6.6755,
      1.83075
    ],
    [
      1.46637,
      6.9972,
      2.24883
    ],
    [
      1.26065,
      7.28993,
      2.17753
    ],
    [
      1.05662,
      7.58389,
      2.17753
    ],
    [
      0.852592,
      7.87785,
      2.17753
    ],
    [
      0.648563,
      8.17181,
      2.17753
    ],
    [
      0.471148,
      8.48086,
      1.90464
    ],
    [
      0.429868,
      8.83347,
      1.47004
    ],
    [
      0.536518,
      9.16321,
      1.04594
    ],
    [
      0.769409,
      9.41986,
      0.621842
    ],
    [
      1.08728,
      9.55794,
      0.197746
    ],
    [
      1.43529,
      9.56781,
      -0.0360462
    ],
    [
      1.78424,
      9.55522,
      -0.0360462
    ],
    [
      2.13319,
      9.54264,
      -0.0360462
    ],
    [
      2.48214,
      9.53005,
      -0.0360462
    ],
    [
      2.83109,
      9.51747,
      -0.0360462
    ],
    [
      3.18004,
      9.50489,
      -0.0360462
    ],
    [
      3.57185,
      9.47683,
      -0.0729159
    ],
    [
      3.96363,
      9.44821,
      -0.0729159
    ],
    [
      4.35541,
      9.41959,
      -0.0729159
    ],
    [
      4.74719,
      9.39097,
      -0.0729159
    ],
    [
      5.13897,
      9.36236,
      -0.0729159
    ],
    [
      5.53075,
      9.33374,
      -0.0729159
    ],
    [
      5.92253,
      9.30512,
      -0.0729159
    ],
    [
      6.31431,
      9.2765,
      -0.0729159
    ],
    [
      6.7018,
      9.26202,
      -0.035899
    ],
    [
      7.08931,
      9.24811,
      -0.035899
    ],
    [
      7.47683,
      9.23419,
      -0.035899
    ],
    [
      7.86435,
      9.22027,
      -0.035899
    ],
    [
      8.25187,
      9.20635,
      -0.035899
    ],
    [
      8.63158,
      9.14198,
      -0.388668
    ],
    [
      8.91748,
      8.94609,
      -0.812764
    ],
    [
      9.09743,
      8.64991,
      -1.23686
    ],
    [
      9.13957,
      8.30592,
      -1.66096
    ],
    [
      9.04033,
      7.97319,
      -1.9825
    ],
    [
      8.9006,
      7.65319,
      -1.9825
    ],
    [
      8.76087,
      7.33319,
      -1.9825
    ],
    [
      8.62114,
      7.01319,
      -1.9825
    ],
    [
      8.48141,
      6.69319,
      -1.9825
    ],
    [
      8.34168,
      6.37319,
      -1.9825
    ],
    [
      8.18416,
      5.93426,
      -1.70592
    ],
    [
      8.25282,
      5.47748,
      -1.13728
    ],
    [
      8.55664,
      5.12957,
      -0.56864
    ],
    [
      9.0,
      5.0,
      0.0
    ]
  ]
}