{
  "robot": {
    "class": "RectangleRobot",
    "radius": 0.23846731077062713,
    "wheelbase": 0.5175221291455636,
    "max_velocity": 12.314377372217308,
    "max_steering_at_zero_v": 0.47115423504381393,
    "max_steering_at_max_v": 0.21296058961983805,
    "acceleration": 5,
    "width": 0.27937670727257147,
    "lenght": 0.3865427384626897
  },
  "planner": {
    "class": "Dubins_pathfinding",
    "start": [
      1.0,
      5.0
    ],
    "goal": [
      9.0,
      5.0
    ],
    "bounds": [
      0,
      10,
      0,
      10
    ],
    "max_runtime": 15.0,
    "goal_threshold": 0.0,
    "interpolate_steps": 50
  },
  "path": [
    [
      1.0,
      5.0,
      0.0
    ],
    [
      1.38311,
      4.92499,
      -0.386673
    ],
    [
      1.70964,
      4.71105,
      -0.773345
    ],
    [
      1.93139,
      4.38977,
      -1.16002
    ],
    [
      2.01561,
      4.00858,
      -1.54669
    ],
    [
      1.94986,
      3.62378,
      -1.93336
    ],
    [
      1.74385,
      3.29218,
      -2.32004
    ],
    [
      1.43466,
      3.05168,
      -2.54717
    ],
    [
      1.10922,
      2.83168,
      -2.54717
    ],
    [
      0.764807,
      2.64404,
      -2.54497
    ],
    [
      0.490027,
      2.36675,
      -2.1583
    ],
    [
      0.340105,
      2.0063,
      -1.77163
    ],
    [
      0.337178,
      1.61593,
      -1.38496
    ],
    [
      0.48168,
      1.25328,
      -0.998284
    ],
    [
      0.752272,
      0.971895,
      -0.611611
    ],
    [
      1.109,
      0.813328,
      -0.224939
    ],
    [
      1.49918,
      0.800993,
      0.161734
    ],
    [
      1.89128,
      0.812021,
      -0.00998146
    ],
    [
      2.28408,
      0.8081,
      -0.00998146
    ],
    [
      2.67689,
      0.804179,
      -0.00998146
    ],
    [
      3.06969,
      0.800258,
      -0.00998146
    ],
    [
      3.4625,
      0.796337,
      -0.00998146
    ],
    [
      3.8553,
      0.792416,
      -0.00998146
    ],
    [
      4.2481,
      0.788496,
      -0.00998146
    ],
    [
      4.64091,
      0.784575,
      -0.00998146
    ],
    [
      5.03367,
      0.791182,
      0.0178208
    ],
    [
      5.42643,
      0.798182,
      0.0178208
    ],
    [
      5.81919,
      0.805182,
      0.0178208
    ],
    [
      6.21195,
      0.812182,
      0.0178208
    ],
    [
      6.60471,
      0.819182,
      0.0178208
    ],
    [
      6.99748,
      0.826183,
      0.0178208
    ],
    [
      7.39024,
      0.833183,
      0.0178208
    ],
    [
      7.783,
      0.840183,
      0.0178208
    ],
    [
      8.13094,
      0.836765,
      -0.0110383
    ],
    [
      8.47885,
      0.835964,
      0.0663398
    ],
    [
      8.81539,
      0.917466,
      0.408858
    ],
    [
      9.105,
      1.10726,
      0.751377
    ],
    [
      9.31405,
      1.38331,
      1.0939
    ],
    [
      9.41825,
      1.71353,
      1.43641
    ],
    [
      9.40548,
      2.05956,
      1.77893
    ],
    [
      9.27724,
      2.38121,
      2.12145
    ],
    [
      9.04841,
      2.6411,
      2.46397
    ],
    [
      8.69867,
      2.92256,
      2.46394
    ],
    [
      8.34902,
      3.20416,
      2.44607
    ],
    [
      8.07801,
      3.55749,
      2.00416
    ],
    [
      7.98413,
      3.99277,
      1.56225
    ],
    [
      8.08543,
      4.4264,
      1.12034
    ],
    [
      8.36245,
      4.77504,
      0.678428
    ],
    [
      8.76196,
      4.97172,
      0.236516
    ],
    [
      9.0,
      5.0,
      0.0
    ]
  ]
}