{
  "robot": {
    "class": "RectangleRobot",
    "radius": 0.3034543212028756,
    "wheelbase": 0.2858383745170715,
    "max_velocity": 7.565679211952167,
    "max_steering_at_zero_v": 0.5185873517243542,
    "max_steering_at_max_v": 0.193570928276934,
    "acceleration": 5,
    "width": 0.38765648262958463,
    "lenght": 0.46696954044353944
  },
  "planner": {
    "class": "Dubins_pathfinding",
    "start": [
      1.0,
      5.0
    ],
    "goal": [
      9.0,
      5.0
    ],
    "bounds": [
      0,
      10,
      0,
      10
    ],
    "max_runtime": 15.0,
    "goal_threshold": 0.0,
    "interpolate_steps": 50
  },
  "path": [
    [
      1.0,
      5.0,
      0.0
    ],
    [
      1.28904,
      5.09182,
      0.615156
    ],
    [
      1.47211,
      5.33361,
      1.23031
    ],
    [
      1.48209,
      5.63672,
      1.84547
    ],
    [
      1.3554,
      5.91719,
      2.01971
    ],
    [
      1.22168,
      6.19478,
      2.01971
    ],
    [
      1.08796,
      6.47236,
      2.01971
    ],
    [
      0.982138,
      6.75963,
      1.67579
    ],
    [
      0.903989,
      7.05318,
      1.8584
    ],
    [
      0.81771,
      7.34486,
      1.8584
    ],
    [
      0.731431,
      7.63654,
      1.8584
    ],
    [
      0.630193,
      7.92238,
      2.11185
    ],
    [
      0.566065,
      8.2662,
      1.39853
    ],
    [
      0.635599,
      8.61665,
      1.37452
    ],
    [
      0.704629,
      8.96718,
      1.42572
    ],
    [
      0.847194,
      9.25006,
      0.782223
    ],
    [
      1.13053,
      9.393,
      0.232843
    ],
    [
      1.44414,
      9.46737,
      0.232843
    ],
    [
      1.76096,
      9.51637,
      -0.0871412
    ],
    [
      2.05162,
      9.39043,
      -0.730637
    ],
    [
      2.25899,
      9.16473,
      -0.83693
    ],
    [
      2.46432,
      8.93707,
      -0.83693
    ],
    [
      2.66965,
      8.7094,
      -0.83693
    ],
    [
      2.87498,
      8.48174,
      -0.83693
    ],
    [
      3.08031,
      8.25407,
      -0.83693
    ],
    [
      3.28565,
      8.02641,
      -0.83693
    ],
    [
      3.49098,
      7.79874,
      -0.83693
    ],
    [
      3.68969,
      7.5658,
      -1.02085
    ],
    [
      3.76257,
      7.27292,
      -1.63296
    ],
    [
      3.83022,
      6.98878,
      -1.0412
    ],
    [
      3.99992,
      6.74584,
      -0.954734
    ],
    [
      4.17118,
      6.50394,
      -0.954734
    ],
    [
      4.39074,
      6.31089,
      -0.428988
    ],
    [
      4.7072,
      6.26956,
      0.0414478
    ],
    [
      5.02999,
      6.28294,
      0.0414478
    ],
    [
      5.35279,
      6.29633,
      0.0414478
    ],
    [
      5.67559,
      6.30972,
      0.0414478
    ],
    [
      5.99838,
      6.3231,
      0.0414478
    ],
    [
      6.32013,
      6.34622,
      0.239213
    ],
    [
      6.58884,
      6.51533,
      0.884242
    ],
    [
      6.83912,
      6.67958,
      0.277292
    ],
    [
      7.13837,
      6.67174,
      -0.329657
    ],
    [
      7.40775,
      6.5316,
      -0.505003
    ],
    [
      7.6738,
      6.38453,
      -0.505003
    ],
    [
      7.93985,
      6.23745,
      -0.505003
    ],
    [
      8.20591,
      6.09037,
      -0.505003
    ],
    [
      8.41944,
      5.88046,
      -1.07949
    ],
    [
      8.47533,
      5.58636,
      -1.68644
    ],
    [
      8.61199,
      5.18124,
      -0.804497
    ],
    [
      9.0,
      5.0,
      0.0
    ]
  ]
}