{
  "robot": {
    "class": "RectangleRobot",
    "radius": 0.26000967256254465,
    "wheelbase": 0.21869214289647476,
    "max_velocity": 10.23976337499628,
    "max_steering_at_zero_v": 0.44005360547252337,
    "max_steering_at_max_v": 0.24539474003097927,
    "acceleration": 5,
    "width": 0.45067819180675306,
    "lenght": 0.25944033366869196
  },
  "planner": {
    "class": "Dubins_pathfinding",
    "start": [
      1.0,
      5.0
    ],
    "goal": [
      9.0,
      5.0
    ],
    "bounds": [
      0,
      10,
      0,
      10
    ],
    "max_runtime": 15.0,
    "goal_threshold": 0.0,
    "interpolate_steps": 50
  },
  "path": [
    [
      1.0,
      5.0,
      0.0
    ],
    [
      1.27829,
      5.0926,
      0.642445
    ],
    [
      1.44568,
      5.33345,
      1.26746
    ],
    [
      1.53481,
      5.61822,
      1.26746
    ],
    [
      1.62394,
      5.903,
      1.26746
    ],
    [
      1.71308,
      6.18777,
      1.26746
    ],
    [
      1.80221,
      6.47254,
      1.26746
    ],
    [
      1.89134,
      6.75731,
      1.26746
    ],
    [
      1.98042,
      7.0421,
      1.28275
    ],
    [
      1.97069,
      7.33522,
      1.9252
    ],
    [
      1.96389,
      7.63785,
      1.26136
    ],
    [
      2.14499,
      7.88039,
      0.597525
    ],
    [
      2.43578,
      7.97338,
      0.175765
    ],
    [
      2.73936,
      8.02729,
      0.175765
    ],
    [
      3.04294,
      8.08121,
      0.175765
    ],
    [
      3.34652,
      8.13512,
      0.175765
    ],
    [
      3.65176,
      8.15781,
      -0.191875
    ],
    [
      3.98302,
      8.21773,
      0.549773
    ],
    [
      4.18868,
      8.485,
      1.19865
    ],
    [
      4.31393,
      8.8059,
      1.19865
    ],
    [
      4.43919,
      9.12679,
      1.19865
    ],
    [
      4.61254,
      9.4191,
      0.70616
    ],
    [
      4.89647,
      9.52984,
      0.0376295
    ],
    [
      5.20678,
      9.54084,
      0.0354103
    ],
    [
      5.5171,
      9.55183,
      0.0354103
    ],
    [
      5.82741,
      9.56282,
      0.0354103
    ],
    [
      6.13753,
      9.5766,
      0.144993
    ],
    [
      6.42919,
      9.53893,
      -0.250909
    ],
    [
      6.71655,
      9.46527,
      -0.250909
    ],
    [
      7.00391,
      9.39162,
      -0.250909
    ],
    [
      7.29128,
      9.31797,
      -0.250909
    ],
    [
      7.57864,
      9.24431,
      -0.250909
    ],
    [
      7.866,
      9.17066,
      -0.250909
    ],
    [
      8.15336,
      9.097,
      -0.250909
    ],
    [
      8.44072,
      9.02335,
      -0.250909
    ],
    [
      8.72808,
      8.9497,
      -0.250909
    ],
    [
      9.01558,
      8.87664,
      -0.199593
    ],
    [
      9.28791,
      8.70937,
      -0.90203
    ],
    [
      9.3877,
      8.40576,
      -1.60447
    ],
    [
      9.27042,
      8.10746,
      -2.1855
    ],
    [
      9.07959,
      7.84298,
      -2.30596
    ],
    [
      8.94831,
      7.54924,
      -1.82979
    ],
    [
      8.86487,
      7.23428,
      -1.82979
    ],
    [
      8.78142,
      6.91933,
      -1.82979
    ],
    [
      8.69797,
      6.60437,
      -1.82979
    ],
    [
      8.61452,
      6.28941,
      -1.82979
    ],
    [
      8.53006,
      5.97475,
      -1.8973
    ],
    [
      8.5257,
      5.56365,
      -1.48792
    ],
    [
      8.63831,
      5.17308,
      -0.892631
    ],
    [
      9.0,
      5.0,
      0.0
    ]
  ]
}