{
  "robot": {
    "class": "RectangleRobot",
    "radius": 0.25512830433158845,
    "wheelbase": 0.24645274044141716,
    "max_velocity": 8.176166122738083,
    "max_steering_at_zero_v": 0.3852509040986002,
    "max_steering_at_max_v": 0.2046006732522527,
    "acceleration": 5,
    "width": 0.24551855910981052,
    "lenght": 0.4473057609925105
  },
  "planner": {
    "class": "Dubins_pathfinding",
    "start": [
      1.0,
      5.0
    ],
    "goal": [
      9.0,
      5.0
    ],
    "bounds": [
      0,
      10,
      0,
      10
    ],
    "max_runtime": 15.0,
    "goal_threshold": 0.0,
    "interpolate_steps": 50
  },
  "path": [
    [
      1.0,
      5.0,
      0.0
    ],
    [
      1.33028,
      4.90242,
      -0.574536
    ],
    [
      1.5545,
      4.64102,
      -1.14907
    ],
    [
      1.60067,
      4.29974,
      -1.72361
    ],
    [
      1.49409,
      3.96776,
      -1.91244
    ],
    [
      1.37711,
      3.63877,
      -1.91244
    ],
    [
      1.26012,
      3.30977,
      -1.91244
    ],
    [
      1.14313,
      2.98078,
      -1.91244
    ],
    [
      1.02614,
      2.65178,
      -1.91244
    ],
    [
      0.909158,
      2.32278,
      -1.91244
    ],
    [
      0.803357,
      2.00442,
      -1.89124
    ],
    [
      0.697686,
      1.68602,
      -1.89124
    ],
    [
      0.605414,
      1.36421,
      -1.6778
    ],
    [
      0.667161,
      1.02539,
      -1.10326
    ],
    [
      0.903121,
      0.774535,
      -0.528725
    ],
    [
      1.23752,
      0.690607,
      -0.0262315
    ],
    [
      1.58658,
      0.681449,
      -0.0262315
    ],
    [
      1.93563,
      0.67229,
      -0.0262315
    ],
    [
      2.28469,
      0.663132,
      -0.0262315
    ],
    [
      2.63374,
      0.653974,
      -0.0262315
    ],
    [
      2.9828,
      0.644815,
      -0.0262315
    ],
    [
      3.33186,
      0.635657,
      -0.0262315
    ],
    [
      3.67468,
      0.664422,
      0.0971385
    ],
    [
      4.01725,
      0.697804,
      0.0971385
    ],
    [
      4.35981,
      0.731185,
      0.0971385
    ],
    [
      4.70238,
      0.764567,
      0.0971385
    ],
    [
      5.04495,
      0.797948,
      0.0971385
    ],
    [
      5.38784,
      0.824265,
      -0.0554594
    ],
    [
      5.73698,
      0.81945,
      -0.0121615
    ],
    [
      6.08613,
      0.815203,
      -0.0121615
    ],
    [
      6.43528,
      0.810957,
      -0.0121615
    ],
    [
      6.78443,
      0.80671,
      -0.0121615
    ],
    [
      7.13358,
      0.802464,
      -0.0121615
    ],
    [
      7.48273,
      0.798218,
      -0.0121615
    ],
    [
      7.83188,
      0.793971,
      -0.0121615
    ],
    [
      8.18103,
      0.789725,
      -0.0121615
    ],
    [
      8.53018,
      0.785479,
      -0.0121615
    ],
    [
      8.86162,
      0.879033,
      0.562374
    ],
    [
      9.08901,
      1.13769,
      1.13691
    ],
    [
      9.13932,
      1.47839,
      1.71145
    ],
    [
      9.05401,
      1.81683,
      1.82994
    ],
    [
      8.96453,
      2.15435,
      1.82994
    ],
    [
      8.87505,
      2.49187,
      1.82994
    ],
    [
      8.78557,
      2.82938,
      1.82994
    ],
    [
      8.6961,
      3.1669,
      1.82994
    ],
    [
      8.60662,
      3.50442,
      1.82994
    ],
    [
      8.48685,
      3.9562,
      1.82994
    ],
    [
      8.39257,
      4.41213,
      1.53807
    ],
    [
      8.57734,
      4.82897,
      0.769033
    ],
    [
      9.0,
      5.0,
      0.0
    ]
  ]
}