{
  "robot": {
    "class": "RectangleRobot",
    "radius": 0.42099481053566695,
    "wheelbase": 0.2495787519141265,
    "max_velocity": 12.925689230884535,
    "max_steering_at_zero_v": 0.47617303153940027,
    "max_steering_at_max_v": 0.16063214615012708,
    "acceleration": 5,
    "width": 0.4824105721479087,
    "lenght": 0.6900917054071697
  },
  "planner": {
    "class": "Dubins_pathfinding",
    "start": [
      1.0,
      5.0
    ],
    "goal": [
      9.0,
      5.0
    ],
    "bounds": [
      0,
      10,
      0,
      10
    ],
    "max_runtime": 15.0,
    "goal_threshold": 0.0,
    "interpolate_steps": 50
  },
  "path": [
    [
      1.0,
      5.0,
      0.0
    ],
    [
      1.31046,
      4.88728,
      -0.696538
    ],
    [
      1.47629,
      4.60164,
      -1.39308
    ],
    [
      1.42899,
      4.27257,
      -1.89172
    ],
    [
      1.32267,
      3.95272,
      -1.89172
    ],
    [
      1.21635,
      3.63287,
      -1.89172
    ],
    [
      1.11003,
      3.31302,
      -1.89172
    ],
    [
      1.0037,
      2.99317,
      -1.89172
    ],
    [
      0.891235,
      2.67574,
      -2.05701
    ],
    [
      0.782824,
      2.32339,
      -1.83789
    ],
    [
      0.685351,
      1.96717,
      -1.83789
    ],
    [
      0.587877,
      1.61096,
      -1.83789
    ],
    [
      0.490404,
      1.25474,
      -1.83789
    ],
    [
      0.523207,
      0.895768,
      -1.09843
    ],
    [
      0.794921,
      0.658975,
      -0.335237
    ],
    [
      1.14096,
      0.625408,
      -0.0339759
    ],
    [
      1.48994,
      0.613546,
      -0.0339759
    ],
    [
      1.83891,
      0.601685,
      -0.0339759
    ],
    [
      2.18789,
      0.589824,
      -0.0339759
    ],
    [
      2.53686,
      0.577962,
      -0.0339759
    ],
    [
      2.88584,
      0.566101,
      -0.0339759
    ],
    [
      3.23481,
      0.55424,
      -0.0339759
    ],
    [
      3.58378,
      0.542378,
      -0.0339759
    ],
    [
      3.93276,
      0.530517,
      -0.0339759
    ],
    [
      4.27966,
      0.55126,
      0.0667871
    ],
    [
      4.62648,
      0.574458,
      0.0667871
    ],
    [
      4.97331,
      0.597656,
      0.0667871
    ],
    [
      5.32013,
      0.620853,
      0.0667871
    ],
    [
      5.66695,
      0.644051,
      0.0667871
    ],
    [
      6.01377,
      0.667249,
      0.0667871
    ],
    [
      6.36059,
      0.690446,
      0.0667871
    ],
    [
      6.70741,
      0.713644,
      0.0667871
    ],
    [
      7.05421,
      0.737128,
      0.101262
    ],
    [
      7.44407,
      0.756865,
      0.0488817
    ],
    [
      7.83396,
      0.775939,
      0.0488817
    ],
    [
      8.22386,
      0.795013,
      0.0488817
    ],
    [
      8.61376,
      0.814087,
      0.0488817
    ],
    [
      8.98304,
      0.915085,
      0.642674
    ],
    [
      9.16312,
      1.18767,
      1.33131
    ],
    [
      9.13853,
      1.51567,
      1.81565
    ],
    [
      9.05775,
      1.83896,
      1.81565
    ],
    [
      8.97697,
      2.16226,
      1.81565
    ],
    [
      8.89619,
      2.48556,
      1.81565
    ],
    [
      8.81541,
      2.80885,
      1.81565
    ],
    [
      8.73462,
      3.13215,
      1.81565
    ],
    [
      8.65384,
      3.45545,
      1.81565
    ],
    [
      8.57344,
      3.77883,
      1.77561
    ],
    [
      8.53245,
      4.27692,
      1.6446
    ],
    [
      8.58437,
      4.76392,
      1.03313
    ],
    [
      9.0,
      5.0,
      0.0
    ]
  ]
}