{
  "robot": {
    "class": "RectangleRobot",
    "radius": 0.3191470617899197,
    "wheelbase": 0.30834497339247324,
    "max_velocity": 8.265178382887157,
    "max_steering_at_zero_v": 0.4940324287244443,
    "max_steering_at_max_v": 0.18516073858705462,
    "acceleration": 5,
    "width": 0.2636826910963797,
    "lenght": 0.5812837745995724
  },
  "planner": {
    "class": "Dubins_pathfinding",
    "start": [
      1.0,
      5.0
    ],
    "goal": [
      9.0,
      5.0
    ],
    "bounds": [
      0,
      10,
      0,
      10
    ],
    "max_runtime": 15.0,
    "goal_threshold": 0.0,
    "interpolate_steps": 50
  },
  "path": [
    [
      1.0,
      5.0,
      0.0
    ],
    [
      1.32835,
      4.89649,
      -0.610793
    ],
    [
      1.53796,
      4.62337,
      -1.22159
    ],
    [
      1.55304,
      4.27943,
      -1.83238
    ],
    [
      1.38151,
      3.97759,
      -2.19503
    ],
    [
      1.17713,
      3.69385,
      -2.19503
    ],
    [
      0.984148,
      3.40308,
      -1.97858
    ],
    [
      0.948961,
      3.0606,
      -1.36778
    ],
    [
      0.925759,
      2.69953,
      -1.74851
    ],
    [
      0.861283,
      2.34055,
      -1.74851
    ],
    [
      0.796807,
      1.98158,
      -1.74851
    ],
    [
      0.732332,
      1.6226,
      -1.74851
    ],
    [
      0.667856,
      1.26362,
      -1.74851
    ],
    [
      0.640611,
      0.902515,
      -1.38692
    ],
    [
      0.813279,
      0.588241,
      -0.749876
    ],
    [
      1.13902,
      0.438317,
      -0.112828
    ],
    [
      1.48791,
      0.443572,
      0.032313
    ],
    [
      1.83691,
      0.454853,
      0.032313
    ],
    [
      2.1859,
      0.466134,
      0.032313
    ],
    [
      2.5349,
      0.477415,
      0.032313
    ],
    [
      2.88389,
      0.488696,
      0.032313
    ],
    [
      3.23288,
      0.499977,
      0.032313
    ],
    [
      3.58188,
      0.511258,
      0.032313
    ],
    [
      3.93087,
      0.522539,
      0.032313
    ],
    [
      4.2798,
      0.52848,
      -0.104314
    ],
    [
      4.62619,
      0.538411,
      0.0477227
    ],
    [
      4.9726,
      0.554956,
      0.0477227
    ],
    [
      5.31901,
      0.5715,
      0.0477227
    ],
    [
      5.66542,
      0.588044,
      0.0477227
    ],
    [
      6.01183,
      0.604588,
      0.0477227
    ],
    [
      6.35824,
      0.621132,
      0.0477227
    ],
    [
      6.70465,
      0.637677,
      0.0477227
    ],
    [
      7.05106,
      0.654221,
      0.0477227
    ],
    [
      7.39751,
      0.668182,
      -0.0472843
    ],
    [
      7.74371,
      0.692409,
      0.0840778
    ],
    [
      8.08971,
      0.721568,
      0.0840778
    ],
    [
      8.43571,
      0.750728,
      0.0840778
    ],
    [
      8.75835,
      0.864537,
      0.640328
    ],
    [
      8.95903,
      1.14138,
      1.24682
    ],
    [
      9.02869,
      1.5123,
      1.40381
    ],
    [
      9.09146,
      1.88474,
      1.40381
    ],
    [
      9.15424,
      2.25718,
      1.40381
    ],
    [
      9.20538,
      2.63079,
      1.60605
    ],
    [
      9.07295,
      2.97723,
      2.26577
    ],
    [
      8.75599,
      3.16981,
      2.92548
    ],
    [
      8.38246,
      3.44358,
      2.09274
    ],
    [
      8.32827,
      3.9053,
      1.39892
    ],
    [
      8.40982,
      4.37503,
      1.39892
    ],
    [
      8.57646,
      4.8127,
      0.832747
    ],
    [
      9.0,
      5.0,
      0.0
    ]
  ]
}