{
  "robot": {
    "class": "RectangleRobot",
    "radius": 0.2718913223155939,
    "wheelbase": 0.2515566271879499,
    "max_velocity": 8.573930934337422,
    "max_steering_at_zero_v": 0.42696816901204243,
    "max_steering_at_max_v": 0.21842786800259972,
    "acceleration": 5,
    "width": 0.1969107866966419,
    "lenght": 0.5068783943754145
  },
  "planner": {
    "class": "Dubins_pathfinding",
    "start": [
      1.0,
      5.0
    ],
    "goal": [
      9.0,
      5.0
    ],
    "bounds": [
      0,
      10,
      0,
      10
    ],
    "max_runtime": 15.0,
    "goal_threshold": 0.0,
    "interpolate_steps": 50
  },
  "path": [
    [
      1.0,
      5.0,
      0.0
    ],
    [
      1.30961,
      5.09481,
      0.594324
    ],
    [
      1.51304,
      5.34673,
      1.18865
    ],
    [
      1.57469,
      5.66859,
      1.43077
    ],
    [
      1.62056,
      5.99399,
      1.43077
    ],
    [
      1.66642,
      6.31939,
      1.43077
    ],
    [
      1.71229,
      6.64479,
      1.43077
    ],
    [
      1.75815,
      6.97019,
      1.43077
    ],
    [
      1.80402,
      7.29559,
      1.43077
    ],
    [
      1.89534,
      7.60801,
      1.01627
    ],
    [
      2.12642,
      7.81818,
      0.538493
    ],
    [
      2.39778,
      7.98029,
      0.538493
    ],
    [
      2.66915,
      8.14239,
      0.538493
    ],
    [
      2.94051,
      8.3045,
      0.538493
    ],
    [
      3.21187,
      8.46661,
      0.538493
    ],
    [
      3.48324,
      8.62872,
      0.538493
    ],
    [
      3.7546,
      8.79083,
      0.538493
    ],
    [
      3.99652,
      8.98963,
      0.952007
    ],
    [
      4.24165,
      9.18231,
      0.38036
    ],
    [
      4.543,
      9.27753,
      0.300471
    ],
    [
      4.84491,
      9.37108,
      0.300471
    ],
    [
      5.14683,
      9.46463,
      0.300471
    ],
    [
      5.44874,
      9.55818,
      0.300471
    ],
    [
      5.75066,
      9.65173,
      0.300471
    ],
    [
      6.06233,
      9.661,
      -0.255891
    ],
    [
      6.3848,
      9.62259,
      -0.0971391
    ],
    [
      6.70831,
      9.59107,
      -0.0971391
    ],
    [
      7.03181,
      9.55954,
      -0.0971391
    ],
    [
      7.35532,
      9.52802,
      -0.0971391
    ],
    [
      7.67883,
      9.4965,
      -0.0971391
    ],
    [
      8.00234,
      9.46497,
      -0.0971391
    ],
    [
      8.32584,
      9.43345,
      -0.0991382
    ],
    [
      8.62179,
      9.31073,
      -0.686994
    ],
    [
      8.80001,
      9.04449,
      -1.27485
    ],
    [
      8.90839,
      8.77639,
      -1.17758
    ],
    [
      9.01922,
      8.5092,
      -1.17758
    ],
    [
      9.13006,
      8.24202,
      -1.17758
    ],
    [
      9.24089,
      7.97484,
      -1.17758
    ],
    [
      9.35172,
      7.70766,
      -1.17758
    ],
    [
      9.46255,
      7.44047,
      -1.17758
    ],
    [
      9.54249,
      7.16442,
      -1.51914
    ],
    [
      9.48289,
      6.88473,
      -2.04229
    ],
    [
      9.29154,
      6.67222,
      -2.56543
    ],
    [
      9.0196,
      6.58373,
      -3.08857
    ],
    [
      8.68731,
      6.44988,
      -2.42878
    ],
    [
      8.5068,
      6.14045,
      -1.76899
    ],
    [
      8.46718,
      5.77786,
      -1.67261
    ],
    [
      8.46443,
      5.41548,
      -1.31959
    ],
    [
      8.66108,
      5.11605,
      -0.659793
    ],
    [
      9.0,
      5.0,
      0.0
    ]
  ]
}