{
  "robot": {
    "class": "RectangleRobot",
    "radius": 0.17644948185489598,
    "wheelbase": 0.36959232883133997,
    "max_velocity": 11.5004062627058,
    "max_steering_at_zero_v": 0.3677634977151648,
    "max_steering_at_max_v": 0.2591201523059491,
    "acceleration": 5,
    "width": 0.16421534293279538,
    "lenght": 0.3123635697915323
  },
  "planner": {
    "class": "Dubins_pathfinding",
    "start": [
      1.0,
      5.0
    ],
    "goal": [
      9.0,
      5.0
    ],
    "bounds": [
      0,
      10,
      0,
      10
    ],
    "max_runtime": 15.0,
    "goal_threshold": 0.0,
    "interpolate_steps": 50
  },
  "path": [
    [
      1.0,
      5.0,
      0.0
    ],
    [
      1.38194,
      4.92069,
      -0.40951
    ],
    [
      1.70071,
      4.69586,
      -0.81902
    ],
    [
      1.90361,
      4.36269,
      -1.22853
    ],
    [
      1.95708,
      3.97629,
      -1.63804
    ],
    [
      1.85228,
      3.60055,
      -2.04755
    ],
    [
      1.66887,
      3.25318,
      -2.0567
    ],
    [
      1.48542,
      2.90582,
      -2.0567
    ],
    [
      1.30197,
      2.55846,
      -2.0567
    ],
    [
      1.05346,
      2.25778,
      -2.46621
    ],
    [
      0.737947,
      2.0254,
      -2.3571
    ],
    [
      0.523665,
      1.69944,
      -1.94759
    ],
    [
      0.456885,
      1.31511,
      -1.53808
    ],
    [
      0.54865,
      0.935978,
      -1.12857
    ],
    [
      0.783784,
      0.624726,
      -0.719062
    ],
    [
      1.1234,
      0.432831,
      -0.309552
    ],
    [
      1.51135,
      0.392027,
      0.0999581
    ],
    [
      1.88346,
      0.509059,
      0.509468
    ],
    [
      2.21478,
      0.72004,
      0.571775
    ],
    [
      2.54512,
      0.932607,
      0.571775
    ],
    [
      2.87546,
      1.14517,
      0.571775
    ],
    [
      3.2081,
      1.3539,
      0.475224
    ],
    [
      3.584,
      1.45813,
      0.0657134
    ],
    [
      3.97032,
      1.40407,
      -0.343797
    ],
    [
      4.30317,
      1.20066,
      -0.753307
    ],
    [
      4.61249,
      0.932678,
      -0.711911
    ],
    [
      4.92234,
      0.665315,
      -0.711911
    ],
    [
      5.23275,
      0.39861,
      -0.669622
    ],
    [
      5.59736,
      0.219643,
      -0.242976
    ],
    [
      6.00517,
      0.207941,
      0.185606
    ],
    [
      6.40681,
      0.295711,
      0.216242
    ],
    [
      6.80835,
      0.38392,
      0.216242
    ],
    [
      7.2099,
      0.47213,
      0.216242
    ],
    [
      7.61313,
      0.550337,
      0.0707598
    ],
    [
      8.01692,
      0.49198,
      -0.357823
    ],
    [
      8.45837,
      0.43704,
      0.110189
    ],
    [
      8.87713,
      0.587151,
      0.578201
    ],
    [
      9.18314,
      0.91003,
      1.04621
    ],
    [
      9.3106,
      1.33624,
      1.51422
    ],
    [
      9.23208,
      1.77411,
      1.98224
    ],
    [
      8.96447,
      2.12947,
      2.45025
    ],
    [
      8.56534,
      2.3259,
      2.91826
    ],
    [
      8.1662,
      2.52233,
      2.45025
    ],
    [
      7.8986,
      2.8777,
      1.98224
    ],
    [
      7.82008,
      3.31557,
      1.51422
    ],
    [
      7.92022,
      3.75205,
      1.29307
    ],
    [
      8.04331,
      4.18379,
      1.29307
    ],
    [
      8.2169,
      4.59475,
      0.955092
    ],
    [
      8.55102,
      4.88844,
      0.487081
    ],
    [
      9.0,
      5.0,
      0.0
    ]
  ]
}