{
  "robot": {
    "class": "RectangleRobot",
    "radius": 0.2876742735872417,
    "wheelbase": 0.4265999076385024,
    "max_velocity": 7.5941326837489544,
    "max_steering_at_zero_v": 0.5184338162880406,
    "max_steering_at_max_v": 0.1936869105588232,
    "acceleration": 5,
    "width": 0.5230681716717047,
    "lenght": 0.23963647159772794
  },
  "planner": {
    "class": "Dubins_pathfinding",
    "start": [
      1.0,
      5.0
    ],
    "goal": [
      9.0,
      5.0
    ],
    "bounds": [
      0,
      10,
      0,
      10
    ],
    "max_runtime": 15.0,
    "goal_threshold": 0.0,
    "interpolate_steps": 50
  },
  "path": [
    [
      1.0,
      5.0,
      0.0
    ],
    [
      1.33662,
      5.08005,
      0.466947
    ],
    [
      1.60118,
      5.30307,
      0.933894
    ],
    [
      1.73701,
      5.62131,
      1.40084
    ],
    [
      1.71505,
      5.96662,
      1.86779
    ],
    [
      1.56921,
      6.28345,
      2.03053
    ],
    [
      1.41427,
      6.59637,
      2.03053
    ],
    [
      1.25934,
      6.90929,
      2.03053
    ],
    [
      1.10441,
      7.22221,
      2.03053
    ],
    [
      0.949474,
      7.53513,
      2.03053
    ],
    [
      0.771362,
      7.88832,
      2.03792
    ],
    [
      0.593232,
      8.2415,
      2.03792
    ],
    [
      0.483058,
      8.61728,
      1.59911
    ],
    [
      0.574538,
      8.99739,
      1.07013
    ],
    [
      0.845337,
      9.27938,
      0.541159
    ],
    [
      1.1751,
      9.38417,
      0.0742121
    ],
    [
      1.52422,
      9.38462,
      -0.00551768
    ],
    [
      1.87339,
      9.38269,
      -0.00551768
    ],
    [
      2.22256,
      9.38077,
      -0.00551768
    ],
    [
      2.57173,
      9.37884,
      -0.00551768
    ],
    [
      2.9209,
      9.37691,
      -0.00551768
    ],
    [
      3.27008,
      9.37499,
      -0.00551768
    ],
    [
      3.61925,
      9.37306,
      -0.00551768
    ],
    [
      3.96842,
      9.37113,
      -0.00551768
    ],
    [
      4.36124,
      9.37241,
      0.00331856
    ],
    [
      4.75406,
      9.37371,
      0.00331856
    ],
    [
      5.14688,
      9.37502,
      0.00331856
    ],
    [
      5.5397,
      9.37632,
      0.00331856
    ],
    [
      5.93252,
      9.37762,
      0.00331856
    ],
    [
      6.32534,
      9.37893,
      0.00331856
    ],
    [
      6.71817,
      9.38023,
      0.00331856
    ],
    [
      7.11099,
      9.38153,
      0.00331856
    ],
    [
      7.47745,
      9.35382,
      -0.083067
    ],
    [
      7.84376,
      9.32332,
      -0.083067
    ],
    [
      8.21008,
      9.29282,
      -0.083067
    ],
    [
      8.57639,
      9.26232,
      -0.083067
    ],
    [
      8.93683,
      9.19985,
      -0.378287
    ],
    [
      9.24705,
      8.96897,
      -0.901361
    ],
    [
      9.40045,
      8.61399,
      -1.42444
    ],
    [
      9.3577,
      8.22927,
      -1.87825
    ],
    [
      9.23933,
      7.85646,
      -1.87825
    ],
    [
      9.12095,
      7.48366,
      -1.87825
    ],
    [
      9.00258,
      7.11085,
      -1.87825
    ],
    [
      8.86708,
      6.74491,
      -2.10055
    ],
    [
      8.59204,
      6.47309,
      -2.62362
    ],
    [
      8.30802,
      6.18551,
      -2.0763
    ],
    [
      8.21515,
      5.79213,
      -1.52897
    ],
    [
      8.33539,
      5.40503,
      -1.09465
    ],
    [
      8.61085,
      5.10924,
      -0.547323
    ],
    [
      9.0,
      5.0,
      0.0
    ]
  ]
}