{
  "robot": {
    "class": "RectangleRobot",
    "radius": 0.2800793955551012,
    "wheelbase": 0.3284724781791095,
    "max_velocity": 10.78786444620238,
    "max_steering_at_zero_v": 0.4575452427800554,
    "max_steering_at_max_v": 0.1935133294314187,
    "acceleration": 5,
    "width": 0.4885207784091039,
    "lenght": 0.27408998580868765
  },
  "planner": {
    "class": "Dubins_pathfinding",
    "start": [
      1.0,
      5.0
    ],
    "goal": [
      9.0,
      5.0
    ],
    "bounds": [
      0,
      10,
      0,
      10
    ],
    "max_runtime": 15.0,
    "goal_threshold": 0.0,
    "interpolate_steps": 50
  },
  "path": [
    [
      1.0,
      5.0,
      0.0
    ],
    [
      1.33345,
      4.91068,
      -0.523431
    ],
    [
      1.57761,
      4.66665,
      -1.04686
    ],
    [
      1.66709,
      4.33324,
      -1.57029
    ],
    [
      1.58075,
      3.99836,
      -1.9968
    ],
    [
      1.43646,
      3.6804,
      -1.9968
    ],
    [
      1.29217,
      3.36243,
      -1.9968
    ],
    [
      1.14787,
      3.04446,
      -1.9968
    ],
    [
      1.00358,
      2.72649,
      -1.9968
    ],
    [
      0.859287,
      2.40852,
      -1.9968
    ],
    [
      0.70575,
      2.05526,
      -1.98057
    ],
    [
      0.552293,
      1.70197,
      -1.98057
    ],
    [
      0.462508,
      1.33164,
      -1.53482
    ],
    [
      0.583686,
      0.971635,
      -0.957405
    ],
    [
      0.888841,
      0.733344,
      -0.368545
    ],
    [
      1.27572,
      0.676967,
      -0.0682969
    ],
    [
      1.66763,
      0.650159,
      -0.0682969
    ],
    [
      2.05954,
      0.623351,
      -0.0682969
    ],
    [
      2.45145,
      0.596543,
      -0.0682969
    ],
    [
      2.84335,
      0.569736,
      -0.0682969
    ],
    [
      3.23526,
      0.542928,
      -0.0682969
    ],
    [
      3.62717,
      0.51612,
      -0.0682969
    ],
    [
      4.01447,
      0.529015,
      0.0441539
    ],
    [
      4.40175,
      0.546126,
      0.0441539
    ],
    [
      4.78902,
      0.563236,
      0.0441539
    ],
    [
      5.1763,
      0.580347,
      0.0441539
    ],
    [
      5.56357,
      0.597458,
      0.0441539
    ],
    [
      5.95085,
      0.614569,
      0.0441539
    ],
    [
      6.33812,
      0.63168,
      0.0441539
    ],
    [
      6.72534,
      0.649716,
      0.0968849
    ],
    [
      7.09007,
      0.658778,
      0.019347
    ],
    [
      7.45488,
      0.665837,
      0.019347
    ],
    [
      7.8197,
      0.672896,
      0.019347
    ],
    [
      8.18451,
      0.679955,
      0.019347
    ],
    [
      8.54933,
      0.687014,
      0.019347
    ],
    [
      8.91415,
      0.694073,
      0.019347
    ],
    [
      9.26091,
      0.792202,
      0.548998
    ],
    [
      9.50609,
      1.05628,
      1.09598
    ],
    [
      9.5791,
      1.39368,
      1.61941
    ],
    [
      9.47915,
      1.72525,
      2.00686
    ],
    [
      9.33167,
      2.04175,
      2.00686
    ],
    [
      9.18419,
      2.35825,
      2.00686
    ],
    [
      9.0367,
      2.67475,
      2.00686
    ],
    [
      8.88922,
      2.99125,
      2.00686
    ],
    [
      8.74174,
      3.30775,
      2.00686
    ],
    [
      8.59426,
      3.62425,
      2.00686
    ],
    [
      8.44677,
      3.94076,
      2.00686
    ],
    [
      8.33703,
      4.40692,
      1.45962
    ],
    [
      8.55523,
      4.83009,
      0.729808
    ],
    [
      9.0,
      5.0,
      0.0
    ]
  ]
}