{
  "robot": {
    "class": "RectangleRobot",
    "radius": 0.28997880848214647,
    "wheelbase": 0.2323041243562697,
    "max_velocity": 9.34840110826407,
    "max_steering_at_zero_v": 0.3912645306653255,
    "max_steering_at_max_v": 0.1934842700927126,
    "acceleration": 5,
    "width": 0.36541490949501076,
    "lenght": 0.45035850318790993
  },
  "planner": {
    "class": "Dubins_pathfinding",
    "start": [
      1.0,
      5.0
    ],
    "goal": [
      9.0,
      5.0
    ],
    "bounds": [
      0,
      10,
      0,
      10
    ],
    "max_runtime": 15.0,
    "goal_threshold": 0.0,
    "interpolate_steps": 50
  },
  "path": [
    [
      1.0,
      5.0,
      0.0
    ],
    [
      1.32723,
      4.89517,
      -0.62008
    ],
    [
      1.53261,
      4.6197,
      -1.24016
    ],
    [
      1.53969,
      4.27616,
      -1.86024
    ],
    [
      1.4278,
      3.9454,
      -1.89816
    ],
    [
      1.31552,
      3.61477,
      -1.89816
    ],
    [
      1.20325,
      3.28414,
      -1.89816
    ],
    [
      1.09097,
      2.95351,
      -1.89816
    ],
    [
      0.978691,
      2.62287,
      -1.89816
    ],
    [
      0.866414,
      2.29224,
      -1.89816
    ],
    [
      0.782517,
      1.94777,
      -1.80243
    ],
    [
      0.701109,
      1.60264,
      -1.80243
    ],
    [
      0.619702,
      1.2575,
      -1.80243
    ],
    [
      0.595827,
      0.907725,
      -1.34837
    ],
    [
      0.774336,
      0.608091,
      -0.718641
    ],
    [
      1.08966,
      0.471566,
      -0.0985615
    ],
    [
      1.43737,
      0.49631,
      0.104115
    ],
    [
      1.78465,
      0.532598,
      0.104115
    ],
    [
      2.13194,
      0.568887,
      0.104115
    ],
    [
      2.47922,
      0.605176,
      0.104115
    ],
    [
      2.82651,
      0.641464,
      0.104115
    ],
    [
      3.17379,
      0.677753,
      0.104115
    ],
    [
      3.52108,
      0.714042,
      0.104115
    ],
    [
      3.86836,
      0.750331,
      0.104115
    ],
    [
      4.20818,
      0.767191,
      0.0468643
    ],
    [
      4.54806,
      0.783131,
      0.0468643
    ],
    [
      4.88793,
      0.799071,
      0.0468643
    ],
    [
      5.22781,
      0.81501,
      0.0468643
    ],
    [
      5.56769,
      0.83095,
      0.0468643
    ],
    [
      5.90756,
      0.84689,
      0.0468643
    ],
    [
      6.24734,
      0.864242,
      0.117778
    ],
    [
      6.59626,
      0.87601,
      0.0270852
    ],
    [
      6.9453,
      0.885466,
      0.0270852
    ],
    [
      7.29435,
      0.894922,
      0.0270852
    ],
    [
      7.6434,
      0.904379,
      0.0270852
    ],
    [
      7.99245,
      0.913835,
      0.0270852
    ],
    [
      8.3415,
      0.923291,
      0.0270852
    ],
    [
      8.6897,
      0.94226,
      0.211339
    ],
    [
      8.98766,
      1.1134,
      0.831419
    ],
    [
      9.13069,
      1.42583,
      1.4515
    ],
    [
      9.07365,
      1.78636,
      1.84724
    ],
    [
      8.97316,
      2.14056,
      1.84724
    ],
    [
      8.87267,
      2.49476,
      1.84724
    ],
    [
      8.77218,
      2.84897,
      1.84724
    ],
    [
      8.67169,
      3.20317,
      1.84724
    ],
    [
      8.5712,
      3.55737,
      1.84724
    ],
    [
      8.46617,
      3.91007,
      1.97753
    ],
    [
      8.43272,
      4.37616,
      1.51609
    ],
    [
      8.5809,
      4.81299,
      0.83942
    ],
    [
      9.0,
      5.0,
      0.0
    ]
  ]
}