{
  "robot": {
    "class": "RectangleRobot",
    "radius": 0.3944398118381419,
    "wheelbase": 0.3165737139401682,
    "max_velocity": 9.579217370253689,
    "max_steering_at_zero_v": 0.38610944575942796,
    "max_steering_at_max_v": 0.19701492927806838,
    "acceleration": 5,
    "width": 0.4003274849263103,
    "lenght": 0.6797565486732805
  },
  "planner": {
    "class": "Dubins_pathfinding",
    "start": [
      1.0,
      5.0
    ],
    "goal": [
      9.0,
      5.0
    ],
    "bounds": [
      0,
      10,
      0,
      10
    ],
    "max_runtime": 15.0,
    "goal_threshold": 0.0,
    "interpolate_steps": 50
  },
  "path": [
    [
      1.0,
      5.0,
      0.0
    ],
    [
      1.37638,
      4.90301,
      -0.504427
    ],
    [
      1.659,
      4.63619,
      -1.00885
    ],
    [
      1.77746,
      4.26601,
      -1.51328
    ],
    [
      1.70378,
      3.88404,
      -1.95279
    ],
    [
      1.55734,
      3.51953,
      -1.95279
    ],
    [
      1.41091,
      3.15502,
      -1.95279
    ],
    [
      1.26448,
      2.79051,
      -1.95279
    ],
    [
      1.11804,
      2.426,
      -1.95279
    ],
    [
      0.899633,
      2.08748,
      -2.20496
    ],
    [
      0.659465,
      1.76241,
      -2.25202
    ],
    [
      0.506666,
      1.45169,
      -1.80364
    ],
    [
      0.503671,
      1.10544,
      -1.35526
    ],
    [
      0.65107,
      0.792124,
      -0.906879
    ],
    [
      0.919725,
      0.573676,
      -0.4585
    ],
    [
      1.25645,
      0.491882,
      -0.0701786
    ],
    [
      1.60477,
      0.467397,
      -0.0701786
    ],
    [
      1.95309,
      0.442913,
      -0.0701786
    ],
    [
      2.29718,
      0.482724,
      0.337558
    ],
    [
      2.59022,
      0.667165,
      0.785937
    ],
    [
      2.92484,
      0.864899,
      0.28151
    ],
    [
      3.31474,
      0.892216,
      -0.0201285
    ],
    [
      3.70749,
      0.88431,
      -0.0201285
    ],
    [
      4.10023,
      0.876403,
      -0.0201285
    ],
    [
      4.49297,
      0.868497,
      -0.0201285
    ],
    [
      4.88572,
      0.860591,
      -0.0201285
    ],
    [
      5.27846,
      0.852684,
      -0.0201285
    ],
    [
      5.67121,
      0.844778,
      -0.0201285
    ],
    [
      6.02559,
      0.834285,
      -0.029701
    ],
    [
      6.37997,
      0.823756,
      -0.029701
    ],
    [
      6.73435,
      0.813228,
      -0.029701
    ],
    [
      7.08874,
      0.802699,
      -0.029701
    ],
    [
      7.44312,
      0.79217,
      -0.029701
    ],
    [
      7.7975,
      0.781642,
      -0.029701
    ],
    [
      8.15188,
      0.771113,
      -0.029701
    ],
    [
      8.50583,
      0.773989,
      0.155975
    ],
    [
      8.89141,
      0.951798,
      0.708198
    ],
    [
      9.13872,
      1.29972,
      1.07351
    ],
    [
      9.34377,
      1.67773,
      1.09125
    ],
    [
      9.43142,
      2.05423,
      1.59288
    ],
    [
      9.36691,
      2.439,
      1.76713
    ],
    [
      9.28646,
      2.82114,
      1.87298
    ],
    [
      9.08342,
      3.15009,
      2.37461
    ],
    [
      8.74722,
      3.34088,
      2.87625
    ],
    [
      8.40699,
      3.53558,
      2.3674
    ],
    [
      8.20471,
      3.87137,
      1.85855
    ],
    [
      8.19165,
      4.26316,
      1.3497
    ],
    [
      8.33736,
      4.63035,
      1.01769
    ],
    [
      8.62061,
      4.90134,
      0.508847
    ],
    [
      9.0,
      5.0,
      0.0
    ]
  ]
}