{
  "robot": {
    "class": "RectangleRobot",
    "radius": 0.280652326431116,
    "wheelbase": 0.47610323276551675,
    "max_velocity": 11.658192410049312,
    "max_steering_at_zero_v": 0.4810422504538283,
    "max_steering_at_max_v": 0.20777384723926223,
    "acceleration": 5,
    "width": 0.4250362772577484,
    "lenght": 0.3666157066188861
  },
  "planner": {
    "class": "Dubins_pathfinding",
    "start": [
      1.0,
      5.0
    ],
    "goal": [
      9.0,
      5.0
    ],
    "bounds": [
      0,
      10,
      0,
      10
    ],
    "max_runtime": 15.0,
    "goal_threshold": 0.0,
    "interpolate_steps": 50
  },
  "path": [
    [
      1.0,
      5.0,
      0.0
    ],
    [
      1.38079,
      5.08328,
      0.430639
    ],
    [
      1.69205,
      5.31793,
      0.861279
    ],
    [
      1.87694,
      5.66108,
      1.29192
    ],
    [
      1.9017,
      6.05009,
      1.72256
    ],
    [
      1.76953,
      6.41804,
      2.01463
    ],
    [
      1.60085,
      6.7728,
      2.01463
    ],
    [
      1.43217,
      7.12756,
      2.01463
    ],
    [
      1.26348,
      7.48232,
      2.01463
    ],
    [
      1.02475,
      7.79046,
      2.44527
    ],
    [
      0.69534,
      8.00302,
      2.47773
    ],
    [
      0.446735,
      8.30324,
      2.0471
    ],
    [
      0.346158,
      8.67984,
      1.61646
    ],
    [
      0.411973,
      9.06404,
      1.18582
    ],
    [
      0.632164,
      9.38568,
      0.755178
    ],
    [
      0.966523,
      9.58604,
      0.324538
    ],
    [
      1.354,
      9.62853,
      -0.106101
    ],
    [
      1.74477,
      9.58843,
      -0.102236
    ],
    [
      2.13554,
      9.54834,
      -0.102236
    ],
    [
      2.52631,
      9.50825,
      -0.102236
    ],
    [
      2.91708,
      9.46816,
      -0.102236
    ],
    [
      3.30786,
      9.42807,
      -0.102236
    ],
    [
      3.69863,
      9.38798,
      -0.102236
    ],
    [
      4.0894,
      9.34789,
      -0.102236
    ],
    [
      4.48017,
      9.3078,
      -0.102236
    ],
    [
      4.87201,
      9.32261,
      0.0736871
    ],
    [
      5.26363,
      9.35152,
      0.0736871
    ],
    [
      5.65525,
      9.38043,
      0.0736871
    ],
    [
      6.04687,
      9.40934,
      0.0736871
    ],
    [
      6.43849,
      9.43825,
      0.0736871
    ],
    [
      6.83011,
      9.46716,
      0.0736871
    ],
    [
      7.22174,
      9.49607,
      0.0736871
    ],
    [
      7.61336,
      9.52498,
      0.0757708
    ],
    [
      8.00053,
      9.50087,
      -0.0973223
    ],
    [
      8.38716,
      9.46313,
      -0.0973223
    ],
    [
      8.7738,
      9.42538,
      -0.0973223
    ],
    [
      9.14968,
      9.3371,
      -0.434419
    ],
    [
      9.45722,
      9.10459,
      -0.860288
    ],
    [
      9.64124,
      8.76579,
      -1.28616
    ],
    [
      9.66886,
      8.38124,
      -1.71202
    ],
    [
      9.53515,
      8.01963,
      -2.13789
    ],
    [
      9.29173,
      7.71157,
      -2.2556
    ],
    [
      9.04326,
      7.40731,
      -2.2556
    ],
    [
      8.79479,
      7.10305,
      -2.2556
    ],
    [
      8.54632,
      6.79879,
      -2.2556
    ],
    [
      8.29786,
      6.49453,
      -2.2556
    ],
    [
      8.11889,
      6.14824,
      -1.83256
    ],
    [
      8.10079,
      5.75887,
      -1.40192
    ],
    [
      8.24689,
      5.39749,
      -0.971279
    ],
    [
      9.0,
      5.0,
      0.0
    ]
  ]
}