{
  "robot": {
    "class": "RectangleRobot",
    "radius": 0.30949795427639876,
    "wheelbase": 0.29289349082300287,
    "max_velocity": 12.246617701881158,
    "max_steering_at_zero_v": 0.4111686926978038,
    "max_steering_at_max_v": 0.1816277414033389,
    "acceleration": 5,
    "width": 0.4527073932354265,
    "lenght": 0.4221515733893315
  },
  "planner": {
    "class": "Dubins_pathfinding",
    "start": [
      1.0,
      5.0
    ],
    "goal": [
      9.0,
      5.0
    ],
    "bounds": [
      0,
      10,
      0,
      10
    ],
    "max_runtime": 15.0,
    "goal_threshold": 0.0,
    "interpolate_steps": 50
  },
  "path": [
    [
      1.0,
      5.0,
      0.0
    ],
    [
      1.35248,
      5.09991,
      0.552398
    ],
    [
      1.60012,
      5.36992,
      1.1048
    ],
    [
      1.66924,
      5.72971,
      1.6572
    ],
    [
      1.55405,
      6.08013,
      1.98624
    ],
    [
      1.40428,
      6.41963,
      1.98624
    ],
    [
      1.25452,
      6.75913,
      1.98624
    ],
    [
      1.10026,
      7.09643,
      2.10847
    ],
    [
      0.986014,
      7.39643,
      1.88046
    ],
    [
      0.887928,
      7.703,
      1.88046
    ],
    [
      0.789841,
      8.00956,
      1.88046
    ],
    [
      0.672007,
      8.30792,
      2.13301
    ],
    [
      0.568614,
      8.6647,
      1.57272
    ],
    [
      0.66464,
      9.02488,
      1.15374
    ],
    [
      0.840244,
      9.35602,
      0.872342
    ],
    [
      1.14845,
      9.56336,
      0.312057
    ],
    [
      1.51973,
      9.57521,
      -0.248229
    ],
    [
      1.84053,
      9.38795,
      -0.808514
    ],
    [
      2.13513,
      9.2079,
      -0.288706
    ],
    [
      2.48125,
      9.19022,
      0.0786952
    ],
    [
      2.82934,
      9.21767,
      0.0786952
    ],
    [
      3.17744,
      9.24512,
      0.0786952
    ],
    [
      3.52553,
      9.27257,
      0.0786952
    ],
    [
      3.87363,
      9.30002,
      0.0786952
    ],
    [
      4.22173,
      9.32747,
      0.0786952
    ],
    [
      4.56982,
      9.35492,
      0.0786952
    ],
    [
      4.91792,
      9.38237,
      0.0786952
    ],
    [
      5.26677,
      9.39459,
      0.0330042
    ],
    [
      5.61565,
      9.40611,
      0.0330042
    ],
    [
      5.96453,
      9.41763,
      0.0330042
    ],
    [
      6.31342,
      9.42915,
      0.0330042
    ],
    [
      6.6623,
      9.44067,
      0.0330042
    ],
    [
      7.01118,
      9.45219,
      0.0330042
    ],
    [
      7.36007,
      9.46371,
      0.0330042
    ],
    [
      7.70895,
      9.47522,
      0.0330042
    ],
    [
      8.0578,
      9.48749,
      0.0801264
    ],
    [
      8.44821,
      9.3992,
      -0.524928
    ],
    [
      8.72618,
      9.10882,
      -0.972857
    ],
    [
      8.95498,
      8.7729,
      -0.972857
    ],
    [
      9.1809,
      8.43515,
      -1.07361
    ],
    [
      9.25833,
      8.04244,
      -1.67866
    ],
    [
      9.09863,
      7.67541,
      -2.28372
    ],
    [
      8.92495,
      7.37214,
      -2.02869
    ],
    [
      8.76994,
      7.0576,
      -2.02869
    ],
    [
      8.61492,
      6.74306,
      -2.02869
    ],
    [
      8.45991,
      6.42853,
      -2.02869
    ],
    [
      8.305,
      6.11394,
      -2.01041
    ],
    [
      8.27509,
      5.61718,
      -1.25147
    ],
    [
      8.53774,
      5.18435,
      -0.758939
    ],
    [
      9.0,
      5.0,
      0.0
    ]
  ]
}