{
  "robot": {
    "class": "RectangleRobot",
    "radius": 0.19276253665628756,
    "wheelbase": 0.5464695928240033,
    "max_velocity": 7.715311742088824,
    "max_steering_at_zero_v": 0.5087176557811889,
    "max_steering_at_max_v": 0.23761147814194833,
    "acceleration": 5,
    "width": 0.15965931102613834,
    "lenght": 0.3509109382098615
  },
  "planner": {
    "class": "Dubins_pathfinding",
    "start": [
      1.0,
      5.0
    ],
    "goal": [
      9.0,
      5.0
    ],
    "bounds": [
      0,
      10,
      0,
      10
    ],
    "max_runtime": 15.0,
    "goal_threshold": 0.0,
    "interpolate_steps": 50
  },
  "path": [
    [
      1.0,
      5.0,
      0.0
    ],
    [
      1.38239,
      5.07769,
      0.400879
    ],
    [
      1.70414,
      5.29844,
      0.801758
    ],
    [
      1.91424,
      5.62724,
      1.20264
    ],
    [
      1.97938,
      6.01196,
      1.60352
    ],
    [
      1.88922,
      6.3916,
      2.0044
    ],
    [
      1.65807,
      6.70596,
      2.40527
    ],
    [
      1.32401,
      6.90867,
      2.71855
    ],
    [
      0.965818,
      7.06994,
      2.71855
    ],
    [
      0.658675,
      7.2875,
      2.33204
    ],
    [
      0.456201,
      7.60479,
      1.94553
    ],
    [
      0.355127,
      7.96955,
      1.82109
    ],
    [
      0.283614,
      8.34051,
      1.60591
    ],
    [
      0.34783,
      8.72539,
      1.20503
    ],
    [
      0.557146,
      9.0547,
      0.804151
    ],
    [
      0.87837,
      9.27621,
      0.403272
    ],
    [
      1.26057,
      9.35482,
      0.002393
    ],
    [
      1.6533,
      9.34622,
      -0.0226749
    ],
    [
      2.04602,
      9.33731,
      -0.0226749
    ],
    [
      2.43874,
      9.3284,
      -0.0226749
    ],
    [
      2.83146,
      9.3195,
      -0.0226749
    ],
    [
      3.22185,
      9.27694,
      -0.120509
    ],
    [
      3.61182,
      9.22972,
      -0.120509
    ],
    [
      4.0018,
      9.1825,
      -0.120509
    ],
    [
      4.39177,
      9.13527,
      -0.120509
    ],
    [
      4.78175,
      9.08805,
      -0.120509
    ],
    [
      5.17172,
      9.04082,
      -0.120509
    ],
    [
      5.5617,
      8.9936,
      -0.120509
    ],
    [
      5.95167,
      8.94637,
      -0.120509
    ],
    [
      6.30042,
      8.94705,
      0.0364946
    ],
    [
      6.64937,
      8.95979,
      0.0364946
    ],
    [
      6.99831,
      8.97253,
      0.0364946
    ],
    [
      7.34725,
      8.98527,
      0.0364946
    ],
    [
      7.6962,
      8.99801,
      0.0364946
    ],
    [
      8.04514,
      9.01075,
      0.0364946
    ],
    [
      8.39412,
      9.02119,
      -0.0319643
    ],
    [
      8.73381,
      8.94874,
      -0.388301
    ],
    [
      9.02689,
      8.76234,
      -0.744638
    ],
    [
      9.25542,
      8.44607,
      -1.14552
    ],
    [
      9.34241,
      8.0657,
      -1.5464
    ],
    [
      9.27408,
      7.68153,
      -1.94728
    ],
    [
      9.06124,
      7.35448,
      -2.34815
    ],
    [
      8.77026,
      7.09065,
      -2.40984
    ],
    [
      8.478,
      6.82817,
      -2.40984
    ],
    [
      8.20261,
      6.54946,
      -2.19104
    ],
    [
      8.04358,
      6.19314,
      -1.79016
    ],
    [
      8.04549,
      5.75825,
      -1.34262
    ],
    [
      8.23542,
      5.36702,
      -0.895079
    ],
    [
      8.57595,
      5.09651,
      -0.44754
    ],
    [
      9.0,
      5.0,
      0.0
    ]
  ]
}