{
  "robot": {
    "class": "RectangleRobot",
    "radius": 0.2727596471229498,
    "wheelbase": 0.20743850035772984,
    "max_velocity": 9.42154848011165,
    "max_steering_at_zero_v": 0.42400196390444217,
    "max_steering_at_max_v": 0.18634842100283738,
    "acceleration": 5,
    "width": 0.3805976658749146,
    "lenght": 0.3908154514922757
  },
  "planner": {
    "class": "Dubins_pathfinding",
    "start": [
      1.0,
      5.0
    ],
    "goal": [
      9.0,
      5.0
    ],
    "bounds": [
      0,
      10,
      0,
      10
    ],
    "max_runtime": 15.0,
    "goal_threshold": 0.0,
    "interpolate_steps": 50
  },
  "path": [
    [
      1.0,
      5.0,
      0.0
    ],
    [
      1.27389,
      5.09054,
      0.638491
    ],
    [
      1.43987,
      5.32647,
      1.27698
    ],
    [
      1.50001,
      5.61361,
      1.37128
    ],
    [
      1.55817,
      5.90122,
      1.37128
    ],
    [
      1.61633,
      6.18882,
      1.37128
    ],
    [
      1.67448,
      6.47643,
      1.37128
    ],
    [
      1.73264,
      6.76404,
      1.37128
    ],
    [
      1.78999,
      7.05179,
      1.43082
    ],
    [
      1.87102,
      7.30731,
      1.22891
    ],
    [
      1.96104,
      7.56029,
      1.22891
    ],
    [
      2.07502,
      7.80154,
      0.887699
    ],
    [
      2.29416,
      7.95004,
      0.303396
    ],
    [
      2.56213,
      8.07589,
      0.457434
    ],
    [
      2.82795,
      8.20674,
      0.457434
    ],
    [
      3.09377,
      8.33759,
      0.457434
    ],
    [
      3.35959,
      8.46844,
      0.457434
    ],
    [
      3.62541,
      8.59929,
      0.457434
    ],
    [
      3.89123,
      8.73014,
      0.457434
    ],
    [
      4.15704,
      8.86099,
      0.457434
    ],
    [
      4.42286,
      8.99184,
      0.457434
    ],
    [
      4.71034,
      9.03841,
      -0.161262
    ],
    [
      4.99787,
      9.02724,
      -0.0237308
    ],
    [
      5.2857,
      9.02041,
      -0.0237308
    ],
    [
      5.57353,
      9.01358,
      -0.0237308
    ],
    [
      5.86136,
      9.00675,
      -0.0237308
    ],
    [
      6.14919,
      8.99992,
      -0.0237308
    ],
    [
      6.43702,
      8.99308,
      -0.0237308
    ],
    [
      6.72485,
      8.98625,
      -0.0237308
    ],
    [
      7.0119,
      8.97064,
      -0.219684
    ],
    [
      7.30003,
      8.97244,
      0.0751146
    ],
    [
      7.58863,
      8.99416,
      0.0751146
    ],
    [
      7.87722,
      9.01588,
      0.0751146
    ],
    [
      8.16581,
      9.0376,
      0.0751146
    ],
    [
      8.45378,
      9.03725,
      -0.235269
    ],
    [
      8.72894,
      8.95959,
      -0.276432
    ],
    [
      8.98925,
      8.84767,
      -0.678383
    ],
    [
      9.14374,
      8.61256,
      -1.30053
    ],
    [
      9.13227,
      8.33147,
      -1.92267
    ],
    [
      8.95913,
      8.10973,
      -2.54481
    ],
    [
      8.77984,
      7.87011,
      -1.88152
    ],
    [
      8.74475,
      7.56807,
      -1.64401
    ],
    [
      8.72246,
      7.26406,
      -1.64401
    ],
    [
      8.70016,
      6.96006,
      -1.64401
    ],
    [
      8.67786,
      6.65605,
      -1.64401
    ],
    [
      8.6486,
      6.35296,
      -1.81898
    ],
    [
      8.59634,
      5.95096,
      -1.69076
    ],
    [
      8.54781,
      5.54835,
      -1.69076
    ],
    [
      8.64509,
      5.16761,
      -0.882411
    ],
    [
      9.0,
      5.0,
      0.0
    ]
  ]
}