{
  "robot": {
    "class": "RectangleRobot",
    "radius": 0.3472836518037691,
    "wheelbase": 0.2422713598428858,
    "max_velocity": 7.989141396044008,
    "max_steering_at_zero_v": 0.5136591407781006,
    "max_steering_at_max_v": 0.1995626255537902,
    "acceleration": 5,
    "width": 0.13384533253410136,
    "lenght": 0.6815490930222723
  },
  "planner": {
    "class": "Dubins_pathfinding",
    "start": [
      1.0,
      5.0
    ],
    "goal": [
      9.0,
      5.0
    ],
    "bounds": [
      0,
      10,
      0,
      10
    ],
    "max_runtime": 15.0,
    "goal_threshold": 0.0,
    "interpolate_steps": 50
  },
  "path": [
    [
      1.0,
      5.0,
      0.0
    ],
    [
      1.33083,
      5.15564,
      0.879473
    ],
    [
      1.42185,
      5.50975,
      1.75895
    ],
    [
      1.32148,
      5.8738,
      1.84392
    ],
    [
      1.21961,
      6.23747,
      1.84392
    ],
    [
      1.11774,
      6.60114,
      1.84392
    ],
    [
      1.01587,
      6.96481,
      1.84392
    ],
    [
      0.913996,
      7.32848,
      1.84585
    ],
    [
      0.838108,
      7.6835,
      1.77872
    ],
    [
      0.763162,
      8.03875,
      1.77872
    ],
    [
      0.688216,
      8.39399,
      1.77872
    ],
    [
      0.61327,
      8.74923,
      1.77872
    ],
    [
      0.543627,
      9.10531,
      1.62055
    ],
    [
      0.668773,
      9.43022,
      0.785723
    ],
    [
      0.993604,
      9.55559,
      -0.0396102
    ],
    [
      1.35182,
      9.5414,
      -0.0396102
    ],
    [
      1.71004,
      9.5272,
      -0.0396102
    ],
    [
      2.06826,
      9.513,
      -0.0396102
    ],
    [
      2.42648,
      9.49881,
      -0.0396102
    ],
    [
      2.7847,
      9.48461,
      -0.0396102
    ],
    [
      3.14284,
      9.46921,
      -0.114704
    ],
    [
      3.47846,
      9.46014,
      -0.0214358
    ],
    [
      3.81418,
      9.45295,
      -0.0214358
    ],
    [
      4.1499,
      9.44575,
      -0.0214358
    ],
    [
      4.48561,
      9.43855,
      -0.0214358
    ],
    [
      4.82133,
      9.43135,
      -0.0214358
    ],
    [
      5.15705,
      9.42416,
      -0.0214358
    ],
    [
      5.49277,
      9.41696,
      -0.0214358
    ],
    [
      5.82849,
      9.40976,
      -0.0214358
    ],
    [
      6.16418,
      9.40188,
      -0.0777526
    ],
    [
      6.48134,
      9.40553,
      0.0176644
    ],
    [
      6.79853,
      9.41114,
      0.0176644
    ],
    [
      7.11571,
      9.41674,
      0.0176644
    ],
    [
      7.42913,
      9.44964,
      0.376558
    ],
    [
      7.77705,
      9.43684,
      -0.379487
    ],
    [
      8.10954,
      9.30424,
      -0.379487
    ],
    [
      8.44204,
      9.17163,
      -0.379487
    ],
    [
      8.77454,
      9.03902,
      -0.379487
    ],
    [
      9.09452,
      8.8833,
      -0.730027
    ],
    [
      9.23755,
      8.56639,
      -1.56361
    ],
    [
      9.16085,
      8.22784,
      -1.84083
    ],
    [
      9.06795,
      7.89221,
      -1.84083
    ],
    [
      8.97505,
      7.55657,
      -1.84083
    ],
    [
      8.88215,
      7.22094,
      -1.84083
    ],
    [
      8.78924,
      6.8853,
      -1.84083
    ],
    [
      8.69634,
      6.54967,
      -1.84083
    ],
    [
      8.60347,
      6.21402,
      -1.82831
    ],
    [
      8.57871,
      5.72852,
      -1.59854
    ],
    [
      8.61093,
      5.24767,
      -1.13377
    ],
    [
      9.0,
      5.0,
      0.0
    ]
  ]
}