{
  "robot": {
    "class": "RectangleRobot",
    "radius": 0.21231677448721142,
    "wheelbase": 0.23452132515314716,
    "max_velocity": 11.828775537518384,
    "max_steering_at_zero_v": 0.4613580024207561,
    "max_steering_at_max_v": 0.25906440517420837,
    "acceleration": 5,
    "width": 0.34991904965391507,
    "lenght": 0.24056248586160406
  },
  "planner": {
    "class": "Dubins_pathfinding",
    "start": [
      1.0,
      5.0
    ],
    "goal": [
      9.0,
      5.0
    ],
    "bounds": [
      0,
      10,
      0,
      10
    ],
    "max_runtime": 15.0,
    "goal_threshold": 0.0,
    "interpolate_steps": 50
  },
  "path": [
    [
      1.0,
      5.0,
      0.0
    ],
    [
      1.23868,
      5.06483,
      0.53048
    ],
    [
      1.41175,
      5.24151,
      1.06096
    ],
    [
      1.47164,
      5.48148,
      1.59144
    ],
    [
      1.46108,
      5.7315,
      1.61347
    ],
    [
      1.4504,
      5.98152,
      1.61347
    ],
    [
      1.43972,
      6.23154,
      1.61347
    ],
    [
      1.42905,
      6.48156,
      1.61347
    ],
    [
      1.43682,
      6.73065,
      1.33331
    ],
    [
      1.55599,
      6.94737,
      0.802829
    ],
    [
      1.70664,
      7.17448,
      1.0293
    ],
    [
      1.84745,
      7.40858,
      1.0293
    ],
    [
      1.98825,
      7.64268,
      1.0293
    ],
    [
      2.12335,
      7.87979,
      1.19473
    ],
    [
      2.26507,
      8.07301,
      0.681161
    ],
    [
      2.48344,
      8.17167,
      0.167588
    ],
    [
      2.7221,
      8.15033,
      -0.345984
    ],
    [
      2.92107,
      8.01602,
      -0.762954
    ],
    [
      3.09618,
      7.8486,
      -0.762954
    ],
    [
      3.27129,
      7.68117,
      -0.762954
    ],
    [
      3.43507,
      7.50373,
      -1.01643
    ],
    [
      3.57445,
      7.28478,
      -1.00377
    ],
    [
      3.71386,
      7.06584,
      -1.00377
    ],
    [
      3.85328,
      6.8469,
      -1.00377
    ],
    [
      3.94641,
      6.60771,
      -1.46797
    ],
    [
      4.03262,
      6.38078,
      -0.947519
    ],
    [
      4.22026,
      6.22677,
      -0.427072
    ],
    [
      4.45964,
      6.18645,
      0.0933743
    ],
    [
      4.70087,
      6.23174,
      0.195618
    ],
    [
      4.9417,
      6.27946,
      0.195618
    ],
    [
      5.18254,
      6.32718,
      0.195618
    ],
    [
      5.42337,
      6.3749,
      0.195618
    ],
    [
      5.6642,
      6.42263,
      0.195618
    ],
    [
      5.90503,
      6.47035,
      0.195618
    ],
    [
      6.14587,
      6.51807,
      0.195618
    ],
    [
      6.37433,
      6.60191,
      0.598825
    ],
    [
      6.53289,
      6.78572,
      1.11927
    ],
    [
      6.68926,
      6.96804,
      0.604451
    ],
    [
      6.91513,
      7.04973,
      0.0896312
    ],
    [
      7.15194,
      7.00962,
      -0.425189
    ],
    [
      7.34492,
      6.86442,
      -0.743107
    ],
    [
      7.52376,
      6.7001,
      -0.743107
    ],
    [
      7.70259,
      6.53579,
      -0.743107
    ],
    [
      7.88143,
      6.37147,
      -0.743107
    ],
    [
      8.06026,
      6.20716,
      -0.743107
    ],
    [
      8.23884,
      6.04256,
      -0.783354
    ],
    [
      8.36027,
      5.83533,
      -1.29817
    ],
    [
      8.49248,
      5.48024,
      -1.20946
    ],
    [
      8.6605,
      5.1442,
      -0.803325
    ],
    [
      9.0,
      5.0,
      0.0
    ]
  ]
}