{
  "robot": {
    "class": "RectangleRobot",
    "radius": 0.2422550038603966,
    "wheelbase": 0.31674502475390315,
    "max_velocity": 11.77426011304556,
    "max_steering_at_zero_v": 0.3900333219557226,
    "max_steering_at_max_v": 0.16641688973420388,
    "acceleration": 5,
    "width": 0.19650333791524266,
    "lenght": 0.44287287766329864
  },
  "planner": {
    "class": "Dubins_pathfinding",
    "start": [
      1.0,
      5.0
    ],
    "goal": [
      9.0,
      5.0
    ],
    "bounds": [
      0,
      10,
      0,
      10
    ],
    "max_runtime": 15.0,
    "goal_threshold": 0.0,
    "interpolate_steps": 50
  },
  "path": [
    [
      1.0,
      5.0,
      0.0
    ],
    [
      1.33735,
      5.07778,
      0.453185
    ],
    [
      1.60659,
      5.2954,
      0.906371
    ],
    [
      1.75337,
      5.60894,
      1.35956
    ],
    [
      1.74805,
      5.9551,
      1.81274
    ],
    [
      1.64528,
      6.28878,
      1.87366
    ],
    [
      1.54114,
      6.62206,
      1.87366
    ],
    [
      1.43699,
      6.95535,
      1.87366
    ],
    [
      1.33285,
      7.28863,
      1.87366
    ],
    [
      1.22871,
      7.62192,
      1.87366
    ],
    [
      1.04685,
      7.95076,
      2.15888
    ],
    [
      0.837447,
      8.26481,
      2.15888
    ],
    [
      0.662507,
      8.59689,
      1.84069
    ],
    [
      0.653186,
      8.97047,
      1.35079
    ],
    [
      0.820743,
      9.3045,
      0.860902
    ],
    [
      1.12576,
      9.5204,
      0.371008
    ],
    [
      1.49649,
      9.56738,
      -0.118885
    ],
    [
      1.84573,
      9.4344,
      -0.608778
    ],
    [
      2.16642,
      9.30537,
      -0.156277
    ],
    [
      2.51351,
      9.31667,
      0.112036
    ],
    [
      2.85998,
      9.35565,
      0.112036
    ],
    [
      3.20644,
      9.39463,
      0.112036
    ],
    [
      3.5529,
      9.43361,
      0.112036
    ],
    [
      3.90008,
      9.45024,
      -0.12908
    ],
    [
      4.22416,
      9.32998,
      -0.581582
    ],
    [
      4.56326,
      9.20792,
      -0.109462
    ],
    [
      4.92618,
      9.18333,
      -0.0656247
    ],
    [
      5.28916,
      9.15947,
      -0.0656247
    ],
    [
      5.65215,
      9.13562,
      -0.0656247
    ],
    [
      6.01513,
      9.11176,
      -0.0656247
    ],
    [
      6.37811,
      9.08791,
      -0.0656247
    ],
    [
      6.74104,
      9.06344,
      -0.105396
    ],
    [
      7.08824,
      9.07458,
      0.0637024
    ],
    [
      7.43536,
      9.09672,
      0.0637024
    ],
    [
      7.78247,
      9.11886,
      0.0637024
    ],
    [
      8.12959,
      9.14101,
      0.0637024
    ],
    [
      8.47405,
      9.11464,
      -0.292027
    ],
    [
      8.77372,
      8.94396,
      -0.743455
    ],
    [
      8.96892,
      8.65963,
      -1.19488
    ],
    [
      9.02052,
      8.31864,
      -1.64631
    ],
    [
      8.93844,
      7.98378,
      -1.86389
    ],
    [
      8.83858,
      7.6529,
      -1.86389
    ],
    [
      8.73873,
      7.32202,
      -1.86389
    ],
    [
      8.63887,
      6.99114,
      -1.86389
    ],
    [
      8.53825,
      6.66051,
      -1.90975
    ],
    [
      8.35525,
      6.37072,
      -2.35832
    ],
    [
      8.13836,
      5.94805,
      -1.73151
    ],
    [
      8.21061,
      5.47849,
      -1.10471
    ],
    [
      8.54451,
      5.14051,
      -0.492616
    ],
    [
      9.0,
      5.0,
      0.0
    ]
  ]
}