{
  "robot": {
    "class": "RectangleRobot",
    "radius": 0.30182870244546917,
    "wheelbase": 0.42465625897993564,
    "max_velocity": 12.296559071475912,
    "max_steering_at_zero_v": 0.4787356886887498,
    "max_steering_at_max_v": 0.2238593382668247,
    "acceleration": 5,
    "width": 0.44602438514048337,
    "lenght": 0.4067732910845008
  },
  "planner": {
    "class": "Dubins_pathfinding",
    "start": [
      1.0,
      5.0
    ],
    "goal": [
      9.0,
      5.0
    ],
    "bounds": [
      0,
      10,
      0,
      10
    ],
    "max_runtime": 15.0,
    "goal_threshold": 0.0,
    "interpolate_steps": 50
  },
  "path": [
    [
      1.0,
      5.0,
      0.0
    ],
    [
      1.33867,
      5.07338,
      0.426755
    ],
    [
      1.6166,
      5.28037,
      0.85351
    ],
    [
      1.78392,
      5.58383,
      1.28027
    ],
    [
      1.81063,
      5.92933,
      1.70702
    ],
    [
      1.6953,
      6.25673,
      2.037
    ],
    [
      1.53835,
      6.56864,
      2.037
    ],
    [
      1.38139,
      6.88055,
      2.037
    ],
    [
      1.22444,
      7.19247,
      2.037
    ],
    [
      1.0885,
      7.51296,
      1.80125
    ],
    [
      0.952514,
      7.85258,
      1.99242
    ],
    [
      0.802534,
      8.18696,
      1.99242
    ],
    [
      0.685782,
      8.5325,
      1.69937
    ],
    [
      0.72039,
      8.89427,
      1.25147
    ],
    [
      0.908258,
      9.20537,
      0.803572
    ],
    [
      1.21232,
      9.40442,
      0.355672
    ],
    [
      1.5726,
      9.45215,
      -0.0922281
    ],
    [
      1.918,
      9.33915,
      -0.540128
    ],
    [
      2.27995,
      9.22479,
      -0.0719497
    ],
    [
      2.66248,
      9.20456,
      -0.0524123
    ],
    [
      3.04502,
      9.18449,
      -0.0524123
    ],
    [
      3.42757,
      9.16442,
      -0.0524123
    ],
    [
      3.81011,
      9.14436,
      -0.0524123
    ],
    [
      4.19265,
      9.12429,
      -0.0524123
    ],
    [
      4.5752,
      9.10422,
      -0.0524123
    ],
    [
      4.95533,
      9.06499,
      -0.269801
    ],
    [
      5.29011,
      9.04376,
      0.143103
    ],
    [
      5.61368,
      9.13895,
      0.327101
    ],
    [
      5.93361,
      9.2475,
      0.327101
    ],
    [
      6.25354,
      9.35605,
      0.327101
    ],
    [
      6.58288,
      9.4222,
      0.000787123
    ],
    [
      6.93821,
      9.36732,
      -0.198131
    ],
    [
      7.29142,
      9.2964,
      -0.198131
    ],
    [
      7.64463,
      9.22549,
      -0.198131
    ],
    [
      7.99784,
      9.15458,
      -0.198131
    ],
    [
      8.35104,
      9.08367,
      -0.198131
    ],
    [
      8.69872,
      8.99299,
      -0.422271
    ],
    [
      8.98484,
      8.77889,
      -0.862568
    ],
    [
      9.15241,
      8.46326,
      -1.30287
    ],
    [
      9.20901,
      8.1013,
      -1.43521
    ],
    [
      9.25823,
      7.73801,
      -1.4641
    ],
    [
      9.21567,
      7.37695,
      -1.91217
    ],
    [
      9.02089,
      7.06998,
      -2.36023
    ],
    [
      8.71236,
      6.87769,
      -2.80829
    ],
    [
      8.36007,
      6.63846,
      -2.28179
    ],
    [
      8.17572,
      6.2546,
      -1.75528
    ],
    [
      8.17931,
      5.82524,
      -1.5012
    ],
    [
      8.28904,
      5.41323,
      -1.05301
    ],
    [
      8.58883,
      5.11081,
      -0.526507
    ],
    [
      9.0,
      5.0,
      0.0
    ]
  ]
}