{
  "robot": {
    "class": "RectangleRobot",
    "radius": 0.15327570017596207,
    "wheelbase": 0.40648823981755816,
    "max_velocity": 8.382478955590912,
    "max_steering_at_zero_v": 0.4737353297598116,
    "max_steering_at_max_v": 0.20679976343962908,
    "acceleration": 5,
    "width": 0.20895445451360198,
    "lenght": 0.22430291348230125
  },
  "planner": {
    "class": "Dubins_pathfinding",
    "start": [
      1.0,
      5.0
    ],
    "goal": [
      9.0,
      5.0
    ],
    "bounds": [
      0,
      10,
      0,
      10
    ],
    "max_runtime": 15.0,
    "goal_threshold": 0.0,
    "interpolate_steps": 50
  },
  "path": [
    [
      1.0,
      5.0,
      0.0
    ],
    [
      1.33031,
      4.92792,
      -0.429704
    ],
    [
      1.60057,
      4.72478,
      -0.859407
    ],
    [
      1.76163,
      4.42752,
      -1.28911
    ],
    [
      1.80809,
      4.09057,
      -1.47315
    ],
    [
      1.8413,
      3.75149,
      -1.47315
    ],
    [
      1.89193,
      3.41536,
      -1.26197
    ],
    [
      1.93411,
      3.08796,
      -1.52596
    ],
    [
      1.94897,
      2.75691,
      -1.52596
    ],
    [
      2.0083,
      2.43291,
      -1.18839
    ],
    [
      2.1917,
      2.1598,
      -0.770439
    ],
    [
      2.47018,
      1.98465,
      -0.352489
    ],
    [
      2.79577,
      1.9376,
      0.0654614
    ],
    [
      3.11244,
      2.02675,
      0.483412
    ],
    [
      3.36566,
      2.23676,
      0.901362
    ],
    [
      3.51184,
      2.53148,
      1.31931
    ],
    [
      3.67199,
      2.84348,
      0.888439
    ],
    [
      3.89499,
      3.11792,
      0.888439
    ],
    [
      4.11798,
      3.39235,
      0.888439
    ],
    [
      4.34872,
      3.65976,
      0.726014
    ],
    [
      4.65597,
      3.82882,
      0.280031
    ],
    [
      5.00608,
      3.84881,
      -0.165952
    ],
    [
      5.33058,
      3.71583,
      -0.611934
    ],
    [
      5.66752,
      3.58086,
      -0.150048
    ],
    [
      6.03021,
      3.53009,
      -0.13893
    ],
    [
      6.3929,
      3.47938,
      -0.13893
    ],
    [
      6.75559,
      3.42866,
      -0.13893
    ],
    [
      7.11828,
      3.37795,
      -0.13893
    ],
    [
      7.48109,
      3.32819,
      -0.0895487
    ],
    [
      7.84044,
      3.37934,
      0.372338
    ],
    [
      8.13934,
      3.58528,
      0.834224
    ],
    [
      8.43884,
      3.79144,
      0.371531
    ],
    [
      8.79892,
      3.84309,
      -0.0449488
    ],
    [
      9.16022,
      3.79114,
      -0.346015
    ],
    [
      9.46487,
      3.59268,
      -0.808707
    ],
    [
      9.64892,
      3.27911,
      -1.2714
    ],
    [
      9.67364,
      2.91635,
      -1.73409
    ],
    [
      9.53364,
      2.58042,
      -2.19724
    ],
    [
      9.2583,
      2.34242,
      -2.66038
    ],
    [
      8.90564,
      2.2525,
      -3.12352
    ],
    [
      8.54996,
      2.32962,
      2.69652
    ],
    [
      8.2662,
      2.55751,
      2.23337
    ],
    [
      8.11415,
      2.88817,
      1.77023
    ],
    [
      8.11447,
      3.25365,
      1.47752
    ],
    [
      8.14867,
      3.61927,
      1.47752
    ],
    [
      8.18287,
      3.98489,
      1.47752
    ],
    [
      8.22013,
      4.35013,
      1.38943
    ],
    [
      8.36618,
      4.68349,
      0.926288
    ],
    [
      8.64577,
      4.91647,
      0.463144
    ],
    [
      9.0,
      5.0,
      0.0
    ]
  ]
}