{
  "robot": {
    "class": "RectangleRobot",
    "radius": 0.29170449913276403,
    "wheelbase": 0.27581583661690046,
    "max_velocity": 10.620086154272302,
    "max_steering_at_zero_v": 0.5164752252427961,
    "max_steering_at_max_v": 0.24616192835563294,
    "acceleration": 5,
    "width": 0.2861265498056401,
    "lenght": 0.5084266483510748
  },
  "planner": {
    "class": "Dubins_pathfinding",
    "start": [
      1.0,
      5.0
    ],
    "goal": [
      9.0,
      5.0
    ],
    "bounds": [
      0,
      10,
      0,
      10
    ],
    "max_runtime": 15.0,
    "goal_threshold": 0.0,
    "interpolate_steps": 50
  },
  "path": [
    [
      1.0,
      5.0,
      0.0
    ],
    [
      1.30872,
      4.88926,
      -0.688825
    ],
    [
      1.47665,
      4.60754,
      -1.37765
    ],
    [
      1.44202,
      4.2783,
      -1.81268
    ],
    [
      1.36188,
      3.95349,
      -1.81268
    ],
    [
      1.28175,
      3.62868,
      -1.81268
    ],
    [
      1.20161,
      3.30387,
      -1.81268
    ],
    [
      1.12147,
      2.97906,
      -1.81268
    ],
    [
      1.04133,
      2.65424,
      -1.81268
    ],
    [
      0.9587,
      2.33014,
      -1.91608
    ],
    [
      0.85767,
      2.00048,
      -1.86644
    ],
    [
      0.75721,
      1.67063,
      -1.86644
    ],
    [
      0.659916,
      1.33995,
      -1.7503
    ],
    [
      0.718853,
      1.00752,
      -1.04036
    ],
    [
      0.960782,
      0.800957,
      -0.373058
    ],
    [
      1.27141,
      0.708673,
      -0.282665
    ],
    [
      1.58264,
      0.618278,
      -0.282665
    ],
    [
      1.90085,
      0.587397,
      0.215799
    ],
    [
      2.17215,
      0.753523,
      0.883098
    ],
    [
      2.5094,
      0.929423,
      0.0784012
    ],
    [
      2.90019,
      0.93128,
      0.00103485
    ],
    [
      3.29102,
      0.931684,
      0.00103485
    ],
    [
      3.68185,
      0.932089,
      0.00103485
    ],
    [
      4.06298,
      0.990511,
      0.494863
    ],
    [
      4.38153,
      1.04076,
      -0.181956
    ],
    [
      4.69082,
      0.930629,
      -0.367461
    ],
    [
      4.99759,
      0.812537,
      -0.367461
    ],
    [
      5.31453,
      0.739516,
      0.0698867
    ],
    [
      5.65341,
      0.731832,
      -0.0297838
    ],
    [
      5.99229,
      0.721736,
      -0.0297838
    ],
    [
      6.33117,
      0.711639,
      -0.0297838
    ],
    [
      6.67005,
      0.701543,
      -0.0297838
    ],
    [
      7.00894,
      0.691447,
      -0.0297838
    ],
    [
      7.34782,
      0.681351,
      -0.0297838
    ],
    [
      7.6867,
      0.671255,
      -0.0297838
    ],
    [
      8.02466,
      0.651573,
      -0.229026
    ],
    [
      8.34875,
      0.688493,
      0.455883
    ],
    [
      8.63229,
      0.8623,
      0.557433
    ],
    [
      8.91459,
      1.03827,
      0.557433
    ],
    [
      9.15191,
      1.26417,
      1.08549
    ],
    [
      9.19835,
      1.58704,
      1.7704
    ],
    [
      9.10881,
      1.93478,
      1.8248
    ],
    [
      9.01858,
      2.28235,
      1.8248
    ],
    [
      8.92835,
      2.62992,
      1.8248
    ],
    [
      8.83811,
      2.97749,
      1.8248
    ],
    [
      8.74788,
      3.32507,
      1.8248
    ],
    [
      8.65691,
      3.67244,
      1.8808
    ],
    [
      8.56082,
      4.20273,
      1.74131
    ],
    [
      8.56496,
      4.73026,
      1.11005
    ],
    [
      9.0,
      5.0,
      0.0
    ]
  ]
}