{
  "robot": {
    "class": "RectangleRobot",
    "radius": 0.1332666383317593,
    "wheelbase": 0.2888873559435415,
    "max_velocity": 12.295647737274988,
    "max_steering_at_zero_v": 0.4056048902539538,
    "max_steering_at_max_v": 0.2596007739770411,
    "acceleration": 5,
    "width": 0.13267361199376868,
    "lenght": 0.2311659582410842
  },
  "planner": {
    "class": "Dubins_pathfinding",
    "start": [
      1.0,
      5.0
    ],
    "goal": [
      9.0,
      5.0
    ],
    "bounds": [
      0,
      10,
      0,
      10
    ],
    "max_runtime": 15.0,
    "goal_threshold": 0.0,
    "interpolate_steps": 50
  },
  "path": [
    [
      1.0,
      5.0,
      0.0
    ],
    [
      1.30617,
      5.07371,
      0.472497
    ],
    [
      1.54526,
      5.27869,
      0.944995
    ],
    [
      1.67324,
      5.56778,
      1.25678
    ],
    [
      1.77143,
      5.8701,
      1.25678
    ],
    [
      1.86961,
      6.17243,
      1.25678
    ],
    [
      1.9678,
      6.47476,
      1.25678
    ],
    [
      2.04462,
      6.78206,
      1.51236
    ],
    [
      1.98892,
      7.09202,
      1.98486
    ],
    [
      1.93249,
      7.38646,
      1.53544
    ],
    [
      2.00958,
      7.67619,
      1.08603
    ],
    [
      2.20488,
      7.90365,
      0.636609
    ],
    [
      2.46111,
      8.06403,
      0.551163
    ],
    [
      2.71868,
      8.22236,
      0.551163
    ],
    [
      2.97625,
      8.38069,
      0.551163
    ],
    [
      3.23382,
      8.53902,
      0.551163
    ],
    [
      3.4862,
      8.70484,
      0.715836
    ],
    [
      3.7731,
      8.85197,
      0.231852
    ],
    [
      4.09469,
      8.90259,
      0.149057
    ],
    [
      4.41667,
      8.95095,
      0.149057
    ],
    [
      4.73866,
      8.9993,
      0.149057
    ],
    [
      5.06065,
      9.04765,
      0.149057
    ],
    [
      5.38263,
      9.09601,
      0.149057
    ],
    [
      5.70462,
      9.14436,
      0.149057
    ],
    [
      6.02782,
      9.17707,
      -0.0670679
    ],
    [
      6.34995,
      9.20628,
      0.131205
    ],
    [
      6.67122,
      9.24868,
      0.131205
    ],
    [
      6.99249,
      9.29107,
      0.131205
    ],
    [
      7.31376,
      9.33347,
      0.131205
    ],
    [
      7.63503,
      9.37587,
      0.131205
    ],
    [
      7.95631,
      9.41826,
      0.131205
    ],
    [
      8.27758,
      9.46066,
      0.131205
    ],
    [
      8.59958,
      9.46538,
      -0.204002
    ],
    [
      8.8643,
      9.34675,
      -0.638611
    ],
    [
      9.0554,
      9.12825,
      -1.01623
    ],
    [
      9.20763,
      8.87867,
      -1.09341
    ],
    [
      9.28223,
      8.59834,
      -1.52802
    ],
    [
      9.23186,
      8.31267,
      -1.96263
    ],
    [
      9.06588,
      8.07475,
      -2.39724
    ],
    [
      8.89226,
      7.81748,
      -1.93169
    ],
    [
      8.80679,
      7.51625,
      -1.83779
    ],
    [
      8.72416,
      7.21415,
      -1.83779
    ],
    [
      8.64153,
      6.91205,
      -1.83779
    ],
    [
      8.55889,
      6.60995,
      -1.83779
    ],
    [
      8.47626,
      6.30785,
      -1.83779
    ],
    [
      8.39363,
      6.00575,
      -1.83779
    ],
    [
      8.32782,
      5.70039,
      -1.6119
    ],
    [
      8.40839,
      5.35246,
      -1.0746
    ],
    [
      8.65568,
      5.09479,
      -0.537299
    ],
    [
      9.0,
      5.0,
      0.0
    ]
  ]
}