{
  "robot": {
    "class": "RectangleRobot",
    "radius": 0.3285934230615611,
    "wheelbase": 0.3496316503753204,
    "max_velocity": 10.46988839407144,
    "max_steering_at_zero_v": 0.42405716631458834,
    "max_steering_at_max_v": 0.2319962213207383,
    "acceleration": 5,
    "width": 0.5501229379936794,
    "lenght": 0.3595264994551287
  },
  "planner": {
    "class": "Dubins_pathfinding",
    "start": [
      1.0,
      5.0
    ],
    "goal": [
      9.0,
      5.0
    ],
    "bounds": [
      0,
      10,
      0,
      10
    ],
    "max_runtime": 15.0,
    "goal_threshold": 0.0,
    "interpolate_steps": 50
  },
  "path": [
    [
      1.0,
      5.0,
      0.0
    ],
    [
      1.33747,
      4.92261,
      -0.45086
    ],
    [
      1.60749,
      4.70591,
      -0.901719
    ],
    [
      1.7561,
      4.3932,
      -1.35258
    ],
    [
      1.7536,
      4.04698,
      -1.80344
    ],
    [
      1.63103,
      3.72039,
      -1.95546
    ],
    [
      1.5,
      3.39673,
      -1.95546
    ],
    [
      1.36897,
      3.07307,
      -1.95546
    ],
    [
      1.23795,
      2.74941,
      -1.95546
    ],
    [
      1.10692,
      2.42575,
      -1.95546
    ],
    [
      0.918448,
      2.10586,
      -2.13783
    ],
    [
      0.718724,
      1.79222,
      -2.13783
    ],
    [
      0.558762,
      1.45916,
      -1.79926
    ],
    [
      0.563033,
      1.09091,
      -1.31914
    ],
    [
      0.736911,
      0.766268,
      -0.839019
    ],
    [
      1.04108,
      0.558641,
      -0.358901
    ],
    [
      1.38425,
      0.512196,
      0.0609795
    ],
    [
      1.73278,
      0.533475,
      0.0609795
    ],
    [
      2.08131,
      0.554755,
      0.0609795
    ],
    [
      2.42983,
      0.576034,
      0.0609795
    ],
    [
      2.77836,
      0.597314,
      0.0609795
    ],
    [
      3.12689,
      0.618593,
      0.0609795
    ],
    [
      3.47541,
      0.639872,
      0.0609795
    ],
    [
      3.82394,
      0.661152,
      0.0609795
    ],
    [
      4.17247,
      0.682431,
      0.0609795
    ],
    [
      4.55817,
      0.674341,
      -0.0291118
    ],
    [
      4.94388,
      0.66311,
      -0.0291118
    ],
    [
      5.32959,
      0.651878,
      -0.0291118
    ],
    [
      5.7153,
      0.640646,
      -0.0291118
    ],
    [
      6.10101,
      0.629414,
      -0.0291118
    ],
    [
      6.48672,
      0.618182,
      -0.0291118
    ],
    [
      6.87243,
      0.60695,
      -0.0291118
    ],
    [
      7.25224,
      0.654001,
      0.360653
    ],
    [
      7.60001,
      0.718112,
      0.118212
    ],
    [
      7.95226,
      0.759948,
      0.118212
    ],
    [
      8.30452,
      0.801784,
      0.118212
    ],
    [
      8.65678,
      0.843619,
      0.118212
    ],
    [
      8.99362,
      0.945412,
      0.518945
    ],
    [
      9.25139,
      1.18458,
      0.976979
    ],
    [
      9.37685,
      1.51308,
      1.43501
    ],
    [
      9.33816,
      1.88033,
      1.91647
    ],
    [
      9.17249,
      2.2141,
      2.05006
    ],
    [
      9.00055,
      2.54496,
      2.05006
    ],
    [
      8.82861,
      2.87582,
      2.05006
    ],
    [
      8.65667,
      3.20668,
      2.05006
    ],
    [
      8.48473,
      3.53754,
      2.05006
    ],
    [
      8.31279,
      3.8684,
      2.05007
    ],
    [
      8.24161,
      4.3825,
      1.36671
    ],
    [
      8.511,
      4.8261,
      0.683355
    ],
    [
      9.0,
      5.0,
      0.0
    ]
  ]
}