{
  "robot": {
    "class": "RectangleRobot",
    "radius": 0.17946310286960326,
    "wheelbase": 0.4132007765755813,
    "max_velocity": 8.884865994994533,
    "max_steering_at_zero_v": 0.42220333404808597,
    "max_steering_at_max_v": 0.17639989167408776,
    "acceleration": 5,
    "width": 0.2765487222719371,
    "lenght": 0.22879865684942785
  },
  "planner": {
    "class": "Dubins_pathfinding",
    "start": [
      1.0,
      5.0
    ],
    "goal": [
      9.0,
      5.0
    ],
    "bounds": [
      0,
      10,
      0,
      10
    ],
    "max_runtime": 15.0,
    "goal_threshold": 0.0,
    "interpolate_steps": 50
  },
  "path": [
    [
      1.0,
      5.0,
      0.0
    ],
    [
      1.34085,
      4.93452,
      -0.379613
    ],
    [
      1.63317,
      4.74739,
      -0.759225
    ],
    [
      1.83533,
      4.46526,
      -1.13884
    ],
    [
      1.91856,
      4.1283,
      -1.51845
    ],
    [
      1.871,
      3.78449,
      -1.89806
    ],
    [
      1.69943,
      3.48279,
      -2.27768
    ],
    [
      1.47178,
      3.21802,
      -2.28097
    ],
    [
      1.24413,
      2.95326,
      -2.28097
    ],
    [
      1.01647,
      2.6885,
      -2.28097
    ],
    [
      0.809484,
      2.38608,
      -2.14928
    ],
    [
      0.609139,
      2.07891,
      -2.12838
    ],
    [
      0.481405,
      1.73773,
      -1.72968
    ],
    [
      0.496144,
      1.37371,
      -1.33098
    ],
    [
      0.651044,
      1.04397,
      -0.932277
    ],
    [
      0.921806,
      0.800234,
      -0.533576
    ],
    [
      1.24858,
      0.683253,
      -0.153963
    ],
    [
      1.59692,
      0.661277,
      -0.0483084
    ],
    [
      1.94569,
      0.644416,
      -0.0483084
    ],
    [
      2.29446,
      0.627554,
      -0.0483084
    ],
    [
      2.64323,
      0.610692,
      -0.0483084
    ],
    [
      2.992,
      0.593831,
      -0.0483084
    ],
    [
      3.34077,
      0.576969,
      -0.0483084
    ],
    [
      3.68954,
      0.560108,
      -0.0483084
    ],
    [
      4.03831,
      0.543246,
      -0.0483084
    ],
    [
      4.38692,
      0.55972,
      0.0637487
    ],
    [
      4.73539,
      0.581964,
      0.0637487
    ],
    [
      5.08386,
      0.604208,
      0.0637487
    ],
    [
      5.43233,
      0.626453,
      0.0637487
    ],
    [
      5.78079,
      0.648697,
      0.0637487
    ],
    [
      6.12926,
      0.670942,
      0.0637487
    ],
    [
      6.47773,
      0.693186,
      0.0637487
    ],
    [
      6.82619,
      0.715431,
      0.0637487
    ],
    [
      7.17466,
      0.737675,
      0.0637487
    ],
    [
      7.54554,
      0.711368,
      -0.106648
    ],
    [
      7.91576,
      0.671734,
      -0.106648
    ],
    [
      8.28505,
      0.693361,
      0.259019
    ],
    [
      8.61618,
      0.858001,
      0.663809
    ],
    [
      8.85571,
      1.13974,
      1.0686
    ],
    [
      8.96492,
      1.49304,
      1.47339
    ],
    [
      8.92617,
      1.86081,
      1.87818
    ],
    [
      8.74571,
      2.18359,
      2.28297
    ],
    [
      8.54032,
      2.5788,
      1.89957
    ],
    [
      8.39537,
      3.0037,
      1.89957
    ],
    [
      8.25041,
      3.42859,
      1.89957
    ],
    [
      8.10832,
      3.85438,
      1.81881
    ],
    [
      8.10655,
      4.29887,
      1.33074
    ],
    [
      8.31343,
      4.6923,
      0.842665
    ],
    [
      8.68063,
      4.94278,
      0.354592
    ],
    [
      9.0,
      5.0,
      0.0
    ]
  ]
}