{
  "robot": {
    "class": "RectangleRobot",
    "radius": 0.27080716394427823,
    "wheelbase": 0.33557601744337134,
    "max_velocity": 12.326362400259777,
    "max_steering_at_zero_v": 0.42749163270224466,
    "max_steering_at_max_v": 0.22125559482379864,
    "acceleration": 5,
    "width": 0.42935231981369026,
    "lenght": 0.3301555173623112
  },
  "planner": {
    "class": "Dubins_pathfinding",
    "start": [
      1.0,
      5.0
    ],
    "goal": [
      9.0,
      5.0
    ],
    "bounds": [
      0,
      10,
      0,
      10
    ],
    "max_runtime": 15.0,
    "goal_threshold": 0.0,
    "interpolate_steps": 50
  },
  "path": [
    [
      1.0,
      5.0,
      0.0
    ],
    [
      1.33624,
      4.91877,
      -0.474053
    ],
    [
      1.59833,
      4.69301,
      -0.948105
    ],
    [
      1.72846,
      4.3725,
      -1.42216
    ],
    [
      1.69792,
      4.02794,
      -1.89621
    ],
    [
      1.53684,
      3.71885,
      -2.09133
    ],
    [
      1.36318,
      3.41592,
      -2.09133
    ],
    [
      1.18952,
      3.11299,
      -2.09133
    ],
    [
      1.01586,
      2.81006,
      -2.09133
    ],
    [
      0.842203,
      2.50713,
      -2.09133
    ],
    [
      0.745718,
      2.1805,
      -1.62472
    ],
    [
      0.74288,
      1.83683,
      -1.57657
    ],
    [
      0.740894,
      1.49314,
      -1.57657
    ],
    [
      0.746692,
      1.14978,
      -1.43109
    ],
    [
      0.89847,
      0.795301,
      -0.901404
    ],
    [
      1.20855,
      0.566082,
      -0.371719
    ],
    [
      1.59229,
      0.521359,
      0.0590161
    ],
    [
      1.98177,
      0.544371,
      0.0590161
    ],
    [
      2.3713,
      0.565929,
      -0.00384015
    ],
    [
      2.74307,
      0.463564,
      -0.533525
    ],
    [
      3.11073,
      0.361227,
      -0.00942829
    ],
    [
      3.49104,
      0.42253,
      0.202678
    ],
    [
      3.86918,
      0.500236,
      0.202678
    ],
    [
      4.24731,
      0.577943,
      0.202678
    ],
    [
      4.62545,
      0.65565,
      0.202678
    ],
    [
      5.00359,
      0.733356,
      0.202678
    ],
    [
      5.38172,
      0.811063,
      0.202678
    ],
    [
      5.76007,
      0.887634,
      0.146677
    ],
    [
      6.13288,
      0.892331,
      -0.0123244
    ],
    [
      6.50607,
      0.887732,
      -0.0123244
    ],
    [
      6.87926,
      0.883132,
      -0.0123244
    ],
    [
      7.25245,
      0.878532,
      -0.0123244
    ],
    [
      7.62564,
      0.873933,
      -0.0123244
    ],
    [
      7.99883,
      0.869333,
      -0.0123244
    ],
    [
      8.37196,
      0.86798,
      0.0815777
    ],
    [
      8.71134,
      0.983219,
      0.573103
    ],
    [
      8.95616,
      1.24499,
      1.06099
    ],
    [
      9.13284,
      1.561,
      1.06099
    ],
    [
      9.30752,
      1.87806,
      1.13944
    ],
    [
      9.37366,
      2.23032,
      1.63096
    ],
    [
      9.26571,
      2.57209,
      2.12249
    ],
    [
      9.00924,
      2.82245,
      2.61401
    ],
    [
      8.66496,
      2.92212,
      3.10554
    ],
    [
      8.26868,
      3.0551,
      2.53015
    ],
    [
      8.00856,
      3.38231,
      1.95475
    ],
    [
      7.96839,
      3.79837,
      1.37936
    ],
    [
      8.13409,
      4.1866,
      1.09939
    ],
    [
      8.32657,
      4.5642,
      1.09939
    ],
    [
      8.59918,
      4.88139,
      0.575395
    ],
    [
      9.0,
      5.0,
      0.0
    ]
  ]
}