{
  "robot": {
    "class": "RectangleRobot",
    "radius": 0.1322235873296577,
    "wheelbase": 0.23240145271164994,
    "max_velocity": 9.583115628262146,
    "max_steering_at_zero_v": 0.3916922258257543,
    "max_steering_at_max_v": 0.19901625139036222,
    "acceleration": 5,
    "width": 0.13084912566748222,
    "lenght": 0.2298060366860495
  },
  "planner": {
    "class": "Dubins_pathfinding",
    "start": [
      1.0,
      5.0
    ],
    "goal": [
      9.0,
      5.0
    ],
    "bounds": [
      0,
      10,
      0,
      10
    ],
    "max_runtime": 15.0,
    "goal_threshold": 0.0,
    "interpolate_steps": 50
  },
  "path": [
    [
      1.0,
      5.0,
      0.0
    ],
    [
      1.23437,
      4.94887,
      -0.429627
    ],
    [
      1.42614,
      4.80476,
      -0.859253
    ],
    [
      1.54046,
      4.59386,
      -1.28888
    ],
    [
      1.58802,
      4.35692,
      -1.383
    ],
    [
      1.63315,
      4.11943,
      -1.383
    ],
    [
      1.67828,
      3.88194,
      -1.383
    ],
    [
      1.72341,
      3.64446,
      -1.383
    ],
    [
      1.76855,
      3.40697,
      -1.383
    ],
    [
      1.81368,
      3.16948,
      -1.383
    ],
    [
      1.85881,
      2.932,
      -1.383
    ],
    [
      1.90394,
      2.69451,
      -1.383
    ],
    [
      1.94907,
      2.45702,
      -1.383
    ],
    [
      1.9942,
      2.21953,
      -1.383
    ],
    [
      2.08819,
      1.99883,
      -0.953371
    ],
    [
      2.26557,
      1.83734,
      -0.523745
    ],
    [
      2.4941,
      1.7644,
      -0.094118
    ],
    [
      2.73224,
      1.79329,
      0.335509
    ],
    [
      2.9367,
      1.91874,
      0.765135
    ],
    [
      3.09853,
      2.09826,
      0.844549
    ],
    [
      3.25906,
      2.279,
      0.844549
    ],
    [
      3.41959,
      2.45974,
      0.844549
    ],
    [
      3.58012,
      2.64048,
      0.844549
    ],
    [
      3.74065,
      2.82122,
      0.844549
    ],
    [
      3.90118,
      3.00196,
      0.844549
    ],
    [
      4.06171,
      3.1827,
      0.844549
    ],
    [
      4.21857,
      3.36643,
      0.974186
    ],
    [
      4.3869,
      3.52811,
      0.556356
    ],
    [
      4.60634,
      3.60758,
      0.138526
    ],
    [
      4.84053,
      3.62816,
      0.084135
    ],
    [
      5.07479,
      3.64792,
      0.084135
    ],
    [
      5.30906,
      3.66767,
      0.084135
    ],
    [
      5.54333,
      3.68743,
      0.084135
    ],
    [
      5.7776,
      3.70719,
      0.084135
    ],
    [
      6.01187,
      3.72694,
      0.084135
    ],
    [
      6.24613,
      3.7467,
      0.084135
    ],
    [
      6.47928,
      3.73207,
      -0.266195
    ],
    [
      6.68682,
      3.6253,
      -0.684025
    ],
    [
      6.88346,
      3.52163,
      -0.286347
    ],
    [
      7.1049,
      3.50221,
      0.111332
    ],
    [
      7.31658,
      3.57005,
      0.50901
    ],
    [
      7.49132,
      3.70882,
      0.735761
    ],
    [
      7.6572,
      3.859,
      0.735761
    ],
    [
      7.82307,
      4.00918,
      0.735761
    ],
    [
      7.98895,
      4.15935,
      0.735761
    ],
    [
      8.15483,
      4.30953,
      0.735761
    ],
    [
      8.32071,
      4.45971,
      0.735761
    ],
    [
      8.46033,
      4.63281,
      1.08837
    ],
    [
      8.67628,
      4.89755,
      0.613005
    ],
    [
      9.0,
      5.0,
      0.0
    ]
  ]
}