{
  "robot": {
    "class": "RectangleRobot",
    "radius": 0.2551471965374962,
    "wheelbase": 0.35754242053710006,
    "max_velocity": 7.984318089168733,
    "max_steering_at_zero_v": 0.4152746277099637,
    "max_steering_at_max_v": 0.17588066833890362,
    "acceleration": 5,
    "width": 0.24623981052862803,
    "lenght": 0.4469522606661702
  },
  "planner": {
    "class": "Dubins_pathfinding",
    "start": [
      1.0,
      5.0
    ],
    "goal": [
      9.0,
      5.0
    ],
    "bounds": [
      0,
      10,
      0,
      10
    ],
    "max_runtime": 15.0,
    "goal_threshold": 0.0,
    "interpolate_steps": 50
  },
  "path": [
    [
      1.0,
      5.0,
      0.0
    ],
    [
      1.44535,
      5.04188,
      -0.0830947
    ],
    [
      1.86018,
      4.88578,
      -0.636723
    ],
    [
      2.13098,
      4.53489,
      -1.19035
    ],
    [
      2.17683,
      4.09404,
      -1.74398
    ],
    [
      1.98404,
      3.69493,
      -2.29761
    ],
    [
      1.61021,
      3.45681,
      -2.85124
    ],
    [
      1.16702,
      3.4508,
      2.87832
    ],
    [
      0.803878,
      3.66115,
      2.35484
    ],
    [
      0.594516,
      4.02485,
      1.83137
    ],
    [
      0.547175,
      4.44611,
      1.65201
    ],
    [
      0.512737,
      4.86921,
      1.65201
    ],
    [
      0.478298,
      5.2923,
      1.65201
    ],
    [
      0.400824,
      5.70707,
      1.98131
    ],
    [
      0.339519,
      6.14655,
      1.5019
    ],
    [
      0.370425,
      6.59443,
      1.5019
    ],
    [
      0.401331,
      7.04231,
      1.5019
    ],
    [
      0.432237,
      7.49018,
      1.5019
    ],
    [
      0.463143,
      7.93806,
      1.5019
    ],
    [
      0.494048,
      8.38593,
      1.5019
    ],
    [
      0.546347,
      8.83067,
      1.2708
    ],
    [
      0.788065,
      9.20218,
      0.717169
    ],
    [
      1.18901,
      9.39111,
      0.163541
    ],
    [
      1.63726,
      9.39389,
      -0.0263353
    ],
    [
      2.08604,
      9.38206,
      -0.0263353
    ],
    [
      2.53483,
      9.37024,
      -0.0263353
    ],
    [
      2.98361,
      9.35842,
      -0.0263353
    ],
    [
      3.4324,
      9.3466,
      -0.0263353
    ],
    [
      3.87935,
      9.30486,
      -0.0977266
    ],
    [
      4.32615,
      9.26105,
      -0.0977266
    ],
    [
      4.77295,
      9.21725,
      -0.0977266
    ],
    [
      5.21974,
      9.17344,
      -0.0977266
    ],
    [
      5.66654,
      9.12964,
      -0.0977266
    ],
    [
      6.11334,
      9.08584,
      -0.0977266
    ],
    [
      6.56014,
      9.04203,
      -0.0977266
    ],
    [
      7.00098,
      9.0508,
      0.0363996
    ],
    [
      7.44188,
      9.06685,
      0.0363996
    ],
    [
      7.88277,
      9.08291,
      0.0363996
    ],
    [
      8.32369,
      9.09614,
      -0.0470268
    ],
    [
      8.73747,
      8.95945,
      -0.591096
    ],
    [
      9.02075,
      8.62832,
      -1.13517
    ],
    [
      9.09172,
      8.19837,
      -1.67924
    ],
    [
      9.14836,
      7.78243,
      -1.29175
    ],
    [
      9.17929,
      7.36479,
      -1.75454
    ],
    [
      8.99926,
      6.98702,
      -2.2765
    ],
    [
      8.65486,
      6.74932,
      -2.79845
    ],
    [
      8.20461,
      6.35274,
      -2.04053
    ],
    [
      8.15022,
      5.7552,
      -1.2826
    ],
    [
      8.44257,
      5.22198,
      -0.757927
    ],
    [
      9.0,
      5.0,
      0.0
    ]
  ]
}