{
  "robot": {
    "class": "RectangleRobot",
    "radius": 0.35399392354606524,
    "wheelbase": 0.26903317962106327,
    "max_velocity": 8.868123529212784,
    "max_steering_at_zero_v": 0.31658658703302306,
    "max_steering_at_max_v": 0.16173895210382133,
    "acceleration": 5,
    "width": 0.6687685171191303,
    "lenght": 0.23236923664811865
  },
  "planner": {
    "class": "Dubins_pathfinding",
    "start": [
      1.0,
      5.0
    ],
    "goal": [
      9.0,
      5.0
    ],
    "bounds": [
      0,
      10,
      0,
      10
    ],
    "max_runtime": 15.0,
    "goal_threshold": 0.0,
    "interpolate_steps": 50
  },
  "path": [
    [
      1.0,
      5.0,
      0.0
    ],
    [
      1.37801,
      5.09217,
      0.478346
    ],
    [
      1.67117,
      5.34801,
      0.956693
    ],
    [
      1.81366,
      5.71007,
      1.43504
    ],
    [
      1.77349,
      6.09708,
      1.91339
    ],
    [
      1.58436,
      6.44047,
      2.11788
    ],
    [
      1.38002,
      6.77596,
      2.11788
    ],
    [
      1.17567,
      7.11145,
      2.11788
    ],
    [
      0.971326,
      7.44694,
      2.11788
    ],
    [
      0.830799,
      7.81413,
      1.87492
    ],
    [
      0.712697,
      8.19042,
      1.87492
    ],
    [
      0.628106,
      8.57377,
      1.58578
    ],
    [
      0.696144,
      8.91357,
      1.16059
    ],
    [
      0.898295,
      9.19506,
      0.735389
    ],
    [
      1.19856,
      9.36809,
      0.310192
    ],
    [
      1.54257,
      9.42405,
      0.117748
    ],
    [
      1.88933,
      9.46507,
      0.117748
    ],
    [
      2.23608,
      9.50609,
      0.117748
    ],
    [
      2.58284,
      9.54711,
      0.117748
    ],
    [
      2.9296,
      9.58813,
      0.117748
    ],
    [
      3.27636,
      9.62915,
      0.117748
    ],
    [
      3.6677,
      9.60886,
      -0.102414
    ],
    [
      4.05847,
      9.5687,
      -0.102414
    ],
    [
      4.44923,
      9.52854,
      -0.102414
    ],
    [
      4.84,
      9.48838,
      -0.102414
    ],
    [
      5.23076,
      9.44822,
      -0.102414
    ],
    [
      5.62153,
      9.40806,
      -0.102414
    ],
    [
      6.01229,
      9.3679,
      -0.102414
    ],
    [
      6.40306,
      9.32774,
      -0.102414
    ],
    [
      6.76927,
      9.23486,
      -0.28419
    ],
    [
      7.13393,
      9.13458,
      -0.163367
    ],
    [
      7.50814,
      9.1597,
      0.297401
    ],
    [
      7.83215,
      9.34858,
      0.758169
    ],
    [
      8.1284,
      9.52841,
      0.332972
    ],
    [
      8.47244,
      9.57003,
      -0.0922243
    ],
    [
      8.80302,
      9.46602,
      -0.517421
    ],
    [
      9.06125,
      9.23491,
      -0.942618
    ],
    [
      9.20116,
      8.91785,
      -1.36781
    ],
    [
      9.23991,
      8.57096,
      -1.47243
    ],
    [
      9.2742,
      8.22347,
      -1.47243
    ],
    [
      9.27618,
      7.87583,
      -1.75328
    ],
    [
      9.1428,
      7.55598,
      -2.17847
    ],
    [
      8.89894,
      7.17904,
      -2.14393
    ],
    [
      8.6555,
      6.80184,
      -2.14393
    ],
    [
      8.41205,
      6.42463,
      -2.14393
    ],
    [
      8.20547,
      6.02883,
      -1.82639
    ],
    [
      8.21333,
      5.58553,
      -1.27971
    ],
    [
      8.45051,
      5.21093,
      -0.733029
    ],
    [
      8.84785,
      5.01422,
      -0.186348
    ],
    [
      9.0,
      5.0,
      0.0
    ]
  ]
}