{
  "robot": {
    "class": "RectangleRobot",
    "radius": 0.17196822051338806,
    "wheelbase": 0.2645422840315208,
    "max_velocity": 12.095608645352518,
    "max_steering_at_zero_v": 0.3719858798911861,
    "max_steering_at_max_v": 0.21567940705211647,
    "acceleration": 5,
    "width": 0.17084030540097073,
    "lenght": 0.2985060560803886
  },
  "planner": {
    "class": "Dubins_pathfinding",
    "start": [
      1.0,
      5.0
    ],
    "goal": [
      9.0,
      5.0
    ],
    "bounds": [
      0,
      10,
      0,
      10
    ],
    "max_runtime": 15.0,
    "goal_threshold": 0.0,
    "interpolate_steps": 50
  },
  "path": [
    [
      1.0,
      5.0,
      0.0
    ],
    [
      1.24967,
      5.04764,
      0.377087
    ],
    [
      1.46425,
      5.18386,
      0.754175
    ],
    [
      1.6136,
      5.38953,
      1.13126
    ],
    [
      1.67673,
      5.63574,
      1.50835
    ],
    [
      1.64794,
      5.8887,
      1.78714
    ],
    [
      1.59306,
      6.13843,
      1.78714
    ],
    [
      1.53817,
      6.38815,
      1.78714
    ],
    [
      1.48328,
      6.63788,
      1.78714
    ],
    [
      1.47058,
      6.89176,
      1.43294
    ],
    [
      1.55208,
      7.13252,
      1.05585
    ],
    [
      1.7165,
      7.32635,
      0.678763
    ],
    [
      1.88297,
      7.52376,
      1.05182
    ],
    [
      2.01215,
      7.74917,
      1.01911
    ],
    [
      2.18689,
      7.93929,
      0.635939
    ],
    [
      2.42003,
      8.0503,
      0.252768
    ],
    [
      2.67777,
      8.06608,
      -0.130403
    ],
    [
      2.92273,
      7.98437,
      -0.513574
    ],
    [
      3.12312,
      7.81226,
      -0.905656
    ],
    [
      3.27454,
      7.59378,
      -0.970023
    ],
    [
      3.42482,
      7.37448,
      -0.970023
    ],
    [
      3.5751,
      7.15518,
      -0.970023
    ],
    [
      3.72538,
      6.93588,
      -0.970023
    ],
    [
      3.87566,
      6.71658,
      -0.970023
    ],
    [
      4.02595,
      6.49727,
      -0.970023
    ],
    [
      4.18934,
      6.28847,
      -0.747307
    ],
    [
      4.41436,
      6.15011,
      -0.355226
    ],
    [
      4.67517,
      6.10824,
      0.0368557
    ],
    [
      4.9237,
      6.16492,
      0.379193
    ],
    [
      5.16185,
      6.25982,
      0.379193
    ],
    [
      5.4,
      6.35472,
      0.379193
    ],
    [
      5.63816,
      6.44962,
      0.379193
    ],
    [
      5.87631,
      6.54451,
      0.379193
    ],
    [
      6.11763,
      6.62991,
      0.207232
    ],
    [
      6.37242,
      6.63454,
      -0.170854
    ],
    [
      6.64361,
      6.64284,
      0.231995
    ],
    [
      6.89634,
      6.7449,
      0.434812
    ],
    [
      7.14408,
      6.85996,
      0.434812
    ],
    [
      7.39182,
      6.97502,
      0.434812
    ],
    [
      7.64209,
      7.08387,
      0.294038
    ],
    [
      7.91224,
      7.10896,
      -0.108812
    ],
    [
      8.1706,
      7.02614,
      -0.511661
    ],
    [
      8.3758,
      6.84865,
      -0.91451
    ],
    [
      8.495,
      6.60493,
      -1.31736
    ],
    [
      8.50911,
      6.33399,
      -1.72021
    ],
    [
      8.41586,
      6.0792,
      -2.12306
    ],
    [
      8.31507,
      5.72657,
      -1.57535
    ],
    [
      8.39713,
      5.36772,
      -1.09541
    ],
    [
      8.64692,
      5.09919,
      -0.547707
    ],
    [
      9.0,
      5.0,
      0.0
    ]
  ]
}