{
  "robot": {
    "class": "RectangleRobot",
    "radius": 0.41337943442780667,
    "wheelbase": 0.2674023388392549,
    "max_velocity": 11.075463681341997,
    "max_steering_at_zero_v": 0.4451423363735566,
    "max_steering_at_max_v": 0.2331831507459401,
    "acceleration": 5,
    "width": 0.6873562190931269,
    "lenght": 0.45942535335505214
  },
  "planner": {
    "class": "Dubins_pathfinding",
    "start": [
      1.0,
      5.0
    ],
    "goal": [
      9.0,
      5.0
    ],
    "bounds": [
      0,
      10,
      0,
      10
    ],
    "max_runtime": 15.0,
    "goal_threshold": 0.0,
    "interpolate_steps": 50
  },
  "path": [
    [
      1.0,
      5.0,
      0.0
    ],
    [
      1.32702,
      4.89471,
      -0.622972
    ],
    [
      1.53119,
      4.61839,
      -1.24594
    ],
    [
      1.53578,
      4.27487,
      -1.86892
    ],
    [
      1.40287,
      3.95206,
      -1.96947
    ],
    [
      1.26733,
      3.63027,
      -1.96947
    ],
    [
      1.13178,
      3.30848,
      -1.96947
    ],
    [
      0.996231,
      2.98668,
      -1.96947
    ],
    [
      0.860683,
      2.66489,
      -1.96947
    ],
    [
      0.725136,
      2.3431,
      -1.96947
    ],
    [
      0.625863,
      2.02311,
      -1.86196
    ],
    [
      0.529657,
      1.70208,
      -1.86196
    ],
    [
      0.433953,
      1.38091,
      -1.8188
    ],
    [
      0.450771,
      1.05117,
      -1.22087
    ],
    [
      0.650289,
      0.788106,
      -0.622953
    ],
    [
      1.05114,
      0.65219,
      -0.221344
    ],
    [
      1.46764,
      0.558464,
      -0.221344
    ],
    [
      1.88468,
      0.467563,
      -0.120065
    ],
    [
      2.23359,
      0.470841,
      0.026654
    ],
    [
      2.58265,
      0.480147,
      0.026654
    ],
    [
      2.9317,
      0.489452,
      0.026654
    ],
    [
      3.28075,
      0.498758,
      0.026654
    ],
    [
      3.6298,
      0.508064,
      0.026654
    ],
    [
      3.97886,
      0.51737,
      0.026654
    ],
    [
      4.32791,
      0.526676,
      0.026654
    ],
    [
      4.67696,
      0.535982,
      0.026654
    ],
    [
      5.02601,
      0.545287,
      0.026654
    ],
    [
      5.37518,
      0.547958,
      0.00734818
    ],
    [
      5.72435,
      0.550523,
      0.00734818
    ],
    [
      6.07351,
      0.553089,
      0.00734818
    ],
    [
      6.42268,
      0.555655,
      0.00734818
    ],
    [
      6.77185,
      0.558221,
      0.00734818
    ],
    [
      7.12101,
      0.560787,
      0.00734818
    ],
    [
      7.47018,
      0.563352,
      0.00734818
    ],
    [
      7.81935,
      0.565918,
      0.00734818
    ],
    [
      8.16851,
      0.568484,
      0.00734818
    ],
    [
      8.55415,
      0.643471,
      0.226043
    ],
    [
      8.92025,
      0.777365,
      0.644823
    ],
    [
      9.12989,
      1.10096,
      1.34706
    ],
    [
      9.14968,
      1.48969,
      1.54927
    ],
    [
      9.15807,
      1.87944,
      1.54927
    ],
    [
      9.16646,
      2.26919,
      1.54927
    ],
    [
      9.17485,
      2.65894,
      1.54927
    ],
    [
      9.18324,
      3.04868,
      1.54927
    ],
    [
      9.18197,
      3.43804,
      1.73512
    ],
    [
      8.99478,
      3.77106,
      2.43064
    ],
    [
      8.62382,
      4.02399,
      2.40582
    ],
    [
      8.43981,
      4.42096,
      1.60388
    ],
    [
      8.59716,
      4.82922,
      0.801941
    ],
    [
      9.0,
      5.0,
      0.0
    ]
  ]
}