{
  "robot": {
    "class": "RectangleRobot",
    "radius": 0.34159357349380676,
    "wheelbase": 0.2153770502295733,
    "max_velocity": 12.25976000782691,
    "max_steering_at_zero_v": 0.444283339063435,
    "max_steering_at_max_v": 0.24510212253960328,
    "acceleration": 5,
    "width": 0.6208741656940778,
    "lenght": 0.2850613060075986
  },
  "planner": {
    "class": "Dubins_pathfinding",
    "start": [
      1.0,
      5.0
    ],
    "goal": [
      9.0,
      5.0
    ],
    "bounds": [
      0,
      10,
      0,
      10
    ],
    "max_runtime": 15.0,
    "goal_threshold": 0.0,
    "interpolate_steps": 50
  },
  "path": [
    [
      1.0,
      5.0,
      0.0
    ],
    [
      1.35526,
      4.82773,
      -0.903004
    ],
    [
      1.43999,
      4.44211,
      -1.80601
    ],
    [
      1.33635,
      4.04722,
      -1.67668
    ],
    [
      1.24741,
      3.69887,
      -1.83691
    ],
    [
      1.15279,
      3.35174,
      -1.83691
    ],
    [
      1.05817,
      3.00462,
      -1.83691
    ],
    [
      0.963554,
      2.6575,
      -1.83691
    ],
    [
      0.868936,
      2.31037,
      -1.83691
    ],
    [
      0.774318,
      1.96325,
      -1.83691
    ],
    [
      0.675005,
      1.61766,
      -1.98471
    ],
    [
      0.654172,
      1.30671,
      -1.35946
    ],
    [
      0.720821,
      0.99605,
      -1.35946
    ],
    [
      0.840402,
      0.70647,
      -0.855837
    ],
    [
      1.14749,
      0.551963,
      -0.0764818
    ],
    [
      1.49913,
      0.525731,
      -0.0744577
    ],
    [
      1.85077,
      0.4995,
      -0.0744577
    ],
    [
      2.20241,
      0.473269,
      -0.0744577
    ],
    [
      2.55406,
      0.447038,
      -0.0744577
    ],
    [
      2.9057,
      0.420807,
      -0.0744577
    ],
    [
      3.25734,
      0.394576,
      -0.0744577
    ],
    [
      3.60833,
      0.363168,
      -0.226367
    ],
    [
      3.93663,
      0.353089,
      0.00649645
    ],
    [
      4.26581,
      0.355228,
      0.00649645
    ],
    [
      4.59498,
      0.357366,
      0.00649645
    ],
    [
      4.92415,
      0.359505,
      0.00649645
    ],
    [
      5.25332,
      0.361643,
      0.00649645
    ],
    [
      5.5825,
      0.363782,
      0.00649645
    ],
    [
      5.91167,
      0.36592,
      0.00649645
    ],
    [
      6.24084,
      0.368059,
      0.00649645
    ],
    [
      6.55791,
      0.434454,
      0.546301
    ],
    [
      6.91798,
      0.529451,
      0.175107
    ],
    [
      7.2872,
      0.594773,
      0.175107
    ],
    [
      7.65642,
      0.660095,
      0.175107
    ],
    [
      8.02564,
      0.725417,
      0.175107
    ],
    [
      8.39486,
      0.790739,
      0.175107
    ],
    [
      8.76408,
      0.856061,
      0.175107
    ],
    [
      9.11475,
      0.973696,
      0.672132
    ],
    [
      9.28437,
      1.29611,
      1.50085
    ],
    [
      9.24615,
      1.6517,
      1.70388
    ],
    [
      9.19862,
      2.00669,
      1.70388
    ],
    [
      9.1511,
      2.36167,
      1.70388
    ],
    [
      9.10358,
      2.71665,
      1.70388
    ],
    [
      9.05606,
      3.07163,
      1.70388
    ],
    [
      9.00853,
      3.42661,
      1.70388
    ],
    [
      8.94834,
      3.77885,
      1.94349
    ],
    [
      8.74032,
      4.11652,
      2.14632
    ],
    [
      8.55524,
      4.46449,
      1.75542
    ],
    [
      8.65194,
      4.83663,
      0.877709
    ],
    [
      9.0,
      5.0,
      0.0
    ]
  ]
}