{
  "robot": {
    "class": "RectangleRobot",
    "radius": 0.32780408970406366,
    "wheelbase": 0.2558502365283526,
    "max_velocity": 11.005427063271524,
    "max_steering_at_zero_v": 0.3888606869408786,
    "max_steering_at_max_v": 0.23816191448428384,
    "acceleration": 5,
    "width": 0.48875519150524005,
    "lenght": 0.4369673302244864
  },
  "planner": {
    "class": "Dubins_pathfinding",
    "start": [
      1.0,
      5.0
    ],
    "goal": [
      9.0,
      5.0
    ],
    "bounds": [
      0,
      10,
      0,
      10
    ],
    "max_runtime": 15.0,
    "goal_threshold": 0.0,
    "interpolate_steps": 50
  },
  "path": [
    [
      1.0,
      5.0,
      0.0
    ],
    [
      1.33126,
      4.90489,
      -0.559178
    ],
    [
      1.56162,
      4.64854,
      -1.11836
    ],
    [
      1.62089,
      4.30903,
      -1.67753
    ],
    [
      1.51084,
      3.9793,
      -1.96854
    ],
    [
      1.37559,
      3.65738,
      -1.96854
    ],
    [
      1.24033,
      3.33546,
      -1.96854
    ],
    [
      1.10508,
      3.01354,
      -1.96854
    ],
    [
      0.969832,
      2.69162,
      -1.96854
    ],
    [
      0.834581,
      2.36971,
      -1.96854
    ],
    [
      0.754123,
      1.99399,
      -1.73919
    ],
    [
      0.689575,
      1.6143,
      -1.73919
    ],
    [
      0.63315,
      1.23367,
      -1.57731
    ],
    [
      0.745849,
      0.871746,
      -0.960538
    ],
    [
      1.04712,
      0.641693,
      -0.343767
    ],
    [
      1.42595,
      0.628283,
      0.273004
    ],
    [
      1.77891,
      0.671358,
      0.0930843
    ],
    [
      2.13342,
      0.704452,
      0.0930843
    ],
    [
      2.48792,
      0.737547,
      0.0930843
    ],
    [
      2.84243,
      0.770641,
      0.0930843
    ],
    [
      3.19693,
      0.803736,
      0.0930843
    ],
    [
      3.55144,
      0.83683,
      0.0930843
    ],
    [
      3.90594,
      0.869924,
      0.0912195
    ],
    [
      4.24799,
      0.864423,
      -0.0293274
    ],
    [
      4.59008,
      0.854387,
      -0.0293274
    ],
    [
      4.93218,
      0.844352,
      -0.0293274
    ],
    [
      5.27427,
      0.834316,
      -0.0293274
    ],
    [
      5.61636,
      0.824281,
      -0.0293274
    ],
    [
      5.95846,
      0.814245,
      -0.0293274
    ],
    [
      6.30055,
      0.804209,
      -0.0293274
    ],
    [
      6.64265,
      0.794174,
      -0.0293274
    ],
    [
      6.98408,
      0.799151,
      0.190204
    ],
    [
      7.33094,
      0.804506,
      -0.0267905
    ],
    [
      7.67846,
      0.795193,
      -0.0267905
    ],
    [
      8.02598,
      0.785881,
      -0.0267905
    ],
    [
      8.3735,
      0.776568,
      -0.0267905
    ],
    [
      8.7201,
      0.784875,
      0.211116
    ],
    [
      9.02297,
      0.946224,
      0.767844
    ],
    [
      9.19485,
      1.24325,
      1.32457
    ],
    [
      9.18383,
      1.58625,
      1.8813
    ],
    [
      9.10771,
      1.9174,
      1.78889
    ],
    [
      9.03417,
      2.2492,
      1.78889
    ],
    [
      8.96064,
      2.58101,
      1.78889
    ],
    [
      8.8871,
      2.91281,
      1.78889
    ],
    [
      8.79293,
      3.2381,
      2.05241
    ],
    [
      8.56321,
      3.48285,
      2.59666
    ],
    [
      8.27834,
      3.87686,
      1.79692
    ],
    [
      8.34171,
      4.36435,
      1.26534
    ],
    [
      8.55216,
      4.81073,
      0.799742
    ],
    [
      9.0,
      5.0,
      0.0
    ]
  ]
}