{
  "robot": {
    "class": "RectangleRobot",
    "radius": 0.3042924531181128,
    "wheelbase": 0.29611792521356894,
    "max_velocity": 8.552004695714448,
    "max_steering_at_zero_v": 0.3403872735345867,
    "max_steering_at_max_v": 0.16793453969382233,
    "acceleration": 5,
    "width": 0.5412818767450822,
    "lenght": 0.278189715852109
  },
  "planner": {
    "class": "Dubins_pathfinding",
    "start": [
      1.0,
      5.0
    ],
    "goal": [
      9.0,
      5.0
    ],
    "bounds": [
      0,
      10,
      0,
      10
    ],
    "max_runtime": 15.0,
    "goal_threshold": 0.0,
    "interpolate_steps": 50
  },
  "path": [
    [
      1.0,
      5.0,
      0.0
    ],
    [
      1.33911,
      5.07186,
      0.417633
    ],
    [
      1.61994,
      5.27509,
      0.835266
    ],
    [
      1.79419,
      5.57475,
      1.2529
    ],
    [
      1.83193,
      5.91933,
      1.67053
    ],
    [
      1.72666,
      6.24961,
      2.08817
    ],
    [
      1.55033,
      6.55099,
      2.10035
    ],
    [
      1.37394,
      6.85234,
      2.10035
    ],
    [
      1.19755,
      7.15369,
      2.10035
    ],
    [
      1.02117,
      7.45504,
      2.10035
    ],
    [
      0.844901,
      7.80068,
      2.03823
    ],
    [
      0.670062,
      8.14708,
      2.03823
    ],
    [
      0.54036,
      8.51017,
      1.69839
    ],
    [
      0.580456,
      8.89262,
      1.23429
    ],
    [
      0.787502,
      9.21667,
      0.770198
    ],
    [
      1.1177,
      9.41377,
      0.306104
    ],
    [
      1.50119,
      9.44222,
      -0.15799
    ],
    [
      1.85686,
      9.29601,
      -0.622084
    ],
    [
      2.21727,
      9.14905,
      -0.152247
    ],
    [
      2.60941,
      9.14917,
      0.0393153
    ],
    [
      3.00193,
      9.16461,
      0.0393153
    ],
    [
      3.39445,
      9.18005,
      0.0393153
    ],
    [
      3.78697,
      9.19549,
      0.0393153
    ],
    [
      4.17949,
      9.21093,
      0.0393153
    ],
    [
      4.57201,
      9.22637,
      0.0393153
    ],
    [
      4.96453,
      9.24181,
      0.0393153
    ],
    [
      5.34487,
      9.23654,
      -0.0173892
    ],
    [
      5.72521,
      9.22993,
      -0.0173892
    ],
    [
      6.10554,
      9.22331,
      -0.0173892
    ],
    [
      6.48588,
      9.2167,
      -0.0173892
    ],
    [
      6.86622,
      9.21009,
      -0.0173892
    ],
    [
      7.24656,
      9.20347,
      -0.0173892
    ],
    [
      7.62689,
      9.19686,
      -0.0173892
    ],
    [
      8.00647,
      9.1795,
      -0.177968
    ],
    [
      8.35011,
      9.14422,
      -0.0937046
    ],
    [
      8.69411,
      9.11186,
      -0.102504
    ],
    [
      9.02091,
      9.00749,
      -0.515761
    ],
    [
      9.27829,
      8.78066,
      -0.929018
    ],
    [
      9.4229,
      8.46957,
      -1.34227
    ],
    [
      9.43041,
      8.12659,
      -1.75553
    ],
    [
      9.29955,
      7.80946,
      -2.16879
    ],
    [
      9.05239,
      7.43469,
      -2.1536
    ],
    [
      8.8053,
      7.05986,
      -2.1536
    ],
    [
      8.55822,
      6.68503,
      -2.1536
    ],
    [
      8.31114,
      6.3102,
      -2.1536
    ],
    [
      8.16573,
      5.8911,
      -1.63664
    ],
    [
      8.255,
      5.4566,
      -1.09968
    ],
    [
      8.55395,
      5.12892,
      -0.562728
    ],
    [
      8.55395,
      5.12892,
      -0.562728
    ],
    [
      9.0,
      5.0,
      0.0
    ]
  ]
}