{
  "robot": {
    "class": "RectangleRobot",
    "radius": 0.3092762730365431,
    "wheelbase": 0.2487323981754667,
    "max_velocity": 8.159348532823245,
    "max_steering_at_zero_v": 0.5233243076202525,
    "max_steering_at_max_v": 0.21607528202420534,
    "acceleration": 5,
    "width": 0.12321954813584649,
    "lenght": 0.606155256688165
  },
  "planner": {
    "class": "Dubins_pathfinding",
    "start": [
      1.0,
      5.0
    ],
    "goal": [
      9.0,
      5.0
    ],
    "bounds": [
      0,
      10,
      0,
      10
    ],
    "max_runtime": 15.0,
    "goal_threshold": 0.0,
    "interpolate_steps": 50
  },
  "path": [
    [
      1.0,
      5.0,
      0.0
    ],
    [
      1.31223,
      5.13385,
      0.809984
    ],
    [
      1.43057,
      5.45228,
      1.61997
    ],
    [
      1.33352,
      5.78645,
      1.90262
    ],
    [
      1.21977,
      6.11658,
      1.90262
    ],
    [
      1.10602,
      6.44671,
      1.90262
    ],
    [
      0.992271,
      6.77684,
      1.90262
    ],
    [
      0.878521,
      7.10697,
      1.90262
    ],
    [
      0.764772,
      7.4371,
      1.90262
    ],
    [
      0.651022,
      7.76723,
      1.90262
    ],
    [
      0.645132,
      8.11213,
      1.47522
    ],
    [
      0.678373,
      8.45887,
      1.47522
    ],
    [
      0.711613,
      8.80561,
      1.47522
    ],
    [
      0.75012,
      9.15157,
      1.31801
    ],
    [
      0.957066,
      9.41999,
      0.509988
    ],
    [
      1.29655,
      9.48369,
      0.0620668
    ],
    [
      1.64506,
      9.50535,
      0.0620668
    ],
    [
      1.99356,
      9.52701,
      0.0620668
    ],
    [
      2.34206,
      9.54867,
      0.0620668
    ],
    [
      2.69057,
      9.57033,
      0.0620668
    ],
    [
      3.03907,
      9.59198,
      0.0620668
    ],
    [
      3.38758,
      9.61364,
      0.0620668
    ],
    [
      3.73608,
      9.6353,
      0.0620668
    ],
    [
      4.08458,
      9.65696,
      0.0620668
    ],
    [
      4.42682,
      9.64519,
      -0.0410688
    ],
    [
      4.76903,
      9.63113,
      -0.0410688
    ],
    [
      5.11125,
      9.61706,
      -0.0410688
    ],
    [
      5.45347,
      9.603,
      -0.0410688
    ],
    [
      5.79569,
      9.58894,
      -0.0410688
    ],
    [
      6.13791,
      9.57488,
      -0.0410688
    ],
    [
      6.48013,
      9.56081,
      -0.0410688
    ],
    [
      6.82234,
      9.54675,
      -0.0410688
    ],
    [
      7.1643,
      9.52946,
      -0.163765
    ],
    [
      7.54436,
      9.50776,
      -0.0496685
    ],
    [
      7.92467,
      9.48885,
      -0.0496685
    ],
    [
      8.30498,
      9.46995,
      -0.0496685
    ],
    [
      8.68528,
      9.45104,
      -0.0496685
    ],
    [
      9.03777,
      9.33501,
      -0.738837
    ],
    [
      9.17855,
      9.01879,
      -1.56509
    ],
    [
      9.13265,
      8.66577,
      -1.71337
    ],
    [
      9.08204,
      8.3132,
      -1.71337
    ],
    [
      9.03143,
      7.96062,
      -1.71337
    ],
    [
      8.98082,
      7.60804,
      -1.71337
    ],
    [
      8.9302,
      7.25547,
      -1.71337
    ],
    [
      8.88587,
      6.90235,
      -1.54231
    ],
    [
      8.88161,
      6.48207,
      -1.58173
    ],
    [
      8.83731,
      6.06799,
      -2.01466
    ],
    [
      8.63189,
      5.65867,
      -2.03614
    ],
    [
      8.62344,
      5.22124,
      -1.06237
    ],
    [
      9.0,
      5.0,
      0.0
    ]
  ]
}