{
  "robot": {
    "class": "RectangleRobot",
    "radius": 0.29433335498702173,
    "wheelbase": 0.26425711384600686,
    "max_velocity": 10.596720226040068,
    "max_steering_at_zero_v": 0.48078166830908076,
    "max_steering_at_max_v": 0.21037887281941425,
    "acceleration": 5,
    "width": 0.5447841893951549,
    "lenght": 0.2230217083979239
  },
  "planner": {
    "class": "Dubins_pathfinding",
    "start": [
      1.0,
      5.0
    ],
    "goal": [
      9.0,
      5.0
    ],
    "bounds": [
      0,
      10,
      0,
      10
    ],
    "max_runtime": 15.0,
    "goal_threshold": 0.0,
    "interpolate_steps": 50
  },
  "path": [
    [
      1.0,
      5.0,
      0.0
    ],
    [
      1.32218,
      4.88436,
      -0.689223
    ],
    [
      1.49728,
      4.59023,
      -1.37845
    ],
    [
      1.4544,
      4.24841,
      -1.87205
    ],
    [
      1.35079,
      3.91496,
      -1.87205
    ],
    [
      1.24718,
      3.58151,
      -1.87205
    ],
    [
      1.14358,
      3.24806,
      -1.87205
    ],
    [
      1.03997,
      2.91461,
      -1.87205
    ],
    [
      0.936361,
      2.58116,
      -1.87205
    ],
    [
      0.805801,
      2.25958,
      -2.21359
    ],
    [
      0.625006,
      1.95027,
      -2.22203
    ],
    [
      0.521983,
      1.61723,
      -1.51957
    ],
    [
      0.628038,
      1.27958,
      -1.18877
    ],
    [
      0.760714,
      0.949349,
      -1.18877
    ],
    [
      0.903482,
      0.624023,
      -0.978185
    ],
    [
      1.1858,
      0.419499,
      -0.27572
    ],
    [
      1.53341,
      0.445798,
      0.426746
    ],
    [
      1.87447,
      0.5137,
      0.134868
    ],
    [
      2.22047,
      0.56065,
      0.134868
    ],
    [
      2.56648,
      0.6076,
      0.134868
    ],
    [
      2.91248,
      0.65455,
      0.134868
    ],
    [
      3.25849,
      0.7015,
      0.134868
    ],
    [
      3.60449,
      0.74845,
      0.134868
    ],
    [
      3.9505,
      0.7954,
      0.134868
    ],
    [
      4.29651,
      0.84235,
      0.134868
    ],
    [
      4.64251,
      0.8893,
      0.134868
    ],
    [
      5.02584,
      0.888589,
      -0.0170816
    ],
    [
      5.40937,
      0.882037,
      -0.0170816
    ],
    [
      5.79291,
      0.875741,
      0.0147148
    ],
    [
      6.14208,
      0.874914,
      -0.00258613
    ],
    [
      6.49126,
      0.874011,
      -0.00258613
    ],
    [
      6.84043,
      0.873108,
      -0.00258613
    ],
    [
      7.18961,
      0.872205,
      -0.00258613
    ],
    [
      7.53878,
      0.871302,
      -0.00258613
    ],
    [
      7.88796,
      0.870399,
      -0.00258613
    ],
    [
      8.23713,
      0.869496,
      -0.00258613
    ],
    [
      8.58631,
      0.868593,
      -0.00258613
    ],
    [
      8.93548,
      0.86769,
      -0.00258613
    ],
    [
      9.29048,
      1.01159,
      0.772789
    ],
    [
      9.44328,
      1.36285,
      1.54817
    ],
    [
      9.35523,
      1.74383,
      1.86077
    ],
    [
      9.24291,
      2.12026,
      1.86077
    ],
    [
      9.13059,
      2.49668,
      1.86077
    ],
    [
      9.01828,
      2.8731,
      1.86077
    ],
    [
      8.90596,
      3.24953,
      1.86077
    ],
    [
      8.75825,
      3.61012,
      2.25285
    ],
    [
      8.60549,
      4.00928,
      1.83332
    ],
    [
      8.49778,
      4.42675,
      1.70268
    ],
    [
      8.61894,
      4.82723,
      0.851342
    ],
    [
      9.0,
      5.0,
      0.0
    ]
  ]
}