{
  "robot": {
    "class": "RectangleRobot",
    "radius": 0.2791760034905537,
    "wheelbase": 0.3906270855577796,
    "max_velocity": 12.409946981100347,
    "max_steering_at_zero_v": 0.3855254440902529,
    "max_steering_at_max_v": 0.21898702545292636,
    "acceleration": 5,
    "width": 0.5052020451362738,
    "lenght": 0.23775587750875282
  },
  "planner": {
    "class": "Dubins_pathfinding",
    "start": [
      1.0,
      5.0
    ],
    "goal": [
      9.0,
      5.0
    ],
    "bounds": [
      0,
      10,
      0,
      10
    ],
    "max_runtime": 15.0,
    "goal_threshold": 0.0,
    "interpolate_steps": 50
  },
  "path": [
    [
      1.0,
      5.0,
      0.0
    ],
    [
      1.38201,
      5.07905,
      0.408116
    ],
    [
      1.70127,
      5.30322,
      0.816231
    ],
    [
      1.90534,
      5.63569,
      1.22435
    ],
    [
      1.9607,
      6.02185,
      1.63246
    ],
    [
      1.85826,
      6.39826,
      2.04058
    ],
    [
      1.62321,
      6.71128,
      2.29269
    ],
    [
      1.36363,
      7.00612,
      2.29269
    ],
    [
      1.10405,
      7.30095,
      2.29269
    ],
    [
      0.795988,
      7.54178,
      2.52595
    ],
    [
      0.529764,
      7.82693,
      2.11784
    ],
    [
      0.398573,
      8.19431,
      1.70972
    ],
    [
      0.423963,
      8.58358,
      1.30161
    ],
    [
      0.601763,
      8.93081,
      0.893493
    ],
    [
      0.902768,
      9.17895,
      0.485377
    ],
    [
      1.27754,
      9.28726,
      0.0772614
    ],
    [
      1.66451,
      9.23793,
      -0.330854
    ],
    [
      2.05153,
      9.18378,
      -0.0227635
    ],
    [
      2.44425,
      9.17484,
      -0.0227635
    ],
    [
      2.83697,
      9.1659,
      -0.0227635
    ],
    [
      3.22969,
      9.15696,
      -0.0227635
    ],
    [
      3.62242,
      9.14802,
      -0.0227635
    ],
    [
      4.01514,
      9.13907,
      -0.0227635
    ],
    [
      4.40786,
      9.13013,
      -0.0227635
    ],
    [
      4.80058,
      9.12119,
      -0.0227635
    ],
    [
      5.14896,
      9.12773,
      0.0214768
    ],
    [
      5.49734,
      9.13522,
      0.0214768
    ],
    [
      5.84571,
      9.1427,
      0.0214768
    ],
    [
      6.19408,
      9.15018,
      0.0214768
    ],
    [
      6.54246,
      9.15767,
      0.0214768
    ],
    [
      6.89083,
      9.16515,
      0.0214768
    ],
    [
      7.23921,
      9.17263,
      0.0214768
    ],
    [
      7.58758,
      9.18012,
      0.0214768
    ],
    [
      7.93073,
      9.13142,
      -0.32147
    ],
    [
      8.31815,
      9.08572,
      0.0866452
    ],
    [
      8.70876,
      9.08334,
      -0.201359
    ],
    [
      9.06724,
      8.92949,
      -0.609474
    ],
    [
      9.33521,
      8.64599,
      -1.01759
    ],
    [
      9.46866,
      8.27943,
      -1.42571
    ],
    [
      9.44567,
      7.89,
      -1.83382
    ],
    [
      9.27002,
      7.54169,
      -2.24194
    ],
    [
      8.97055,
      7.29169,
      -2.65005
    ],
    [
      8.63289,
      7.00052,
      -2.29471
    ],
    [
      8.33555,
      6.66416,
      -2.29471
    ],
    [
      8.09465,
      6.28934,
      -1.91722
    ],
    [
      8.04439,
      5.84731,
      -1.4508
    ],
    [
      8.19828,
      5.42989,
      -0.984385
    ],
    [
      8.52344,
      5.12626,
      -0.517967
    ],
    [
      8.9504,
      5.00128,
      -0.0515495
    ],
    [
      9.0,
      5.0,
      0.0
    ]
  ]
}