{
  "robot": {
    "class": "RectangleRobot",
    "radius": 0.17007961426512266,
    "wheelbase": 0.27591147161686647,
    "max_velocity": 11.869762534318983,
    "max_steering_at_zero_v": 0.4017953935718679,
    "max_steering_at_max_v": 0.2319376985360223,
    "acceleration": 5,
    "width": 0.27074909709089434,
    "lenght": 0.2059204389533908
  },
  "planner": {
    "class": "Dubins_pathfinding",
    "start": [
      1.0,
      5.0
    ],
    "goal": [
      9.0,
      5.0
    ],
    "bounds": [
      0,
      10,
      0,
      10
    ],
    "max_runtime": 15.0,
    "goal_threshold": 0.0,
    "interpolate_steps": 50
  },
  "path": [
    [
      1.0,
      5.0,
      0.0
    ],
    [
      1.30065,
      5.0738,
      0.481395
    ],
    [
      1.53297,
      5.27842,
      0.962789
    ],
    [
      1.64414,
      5.56734,
      1.44418
    ],
    [
      1.67995,
      5.87787,
      1.45613
    ],
    [
      1.71572,
      6.18841,
      1.45613
    ],
    [
      1.74464,
      6.4994,
      1.60149
    ],
    [
      1.66166,
      6.79765,
      2.08288
    ],
    [
      1.57862,
      7.09757,
      1.59891
    ],
    [
      1.64467,
      7.40168,
      1.11495
    ],
    [
      1.84463,
      7.64013,
      0.63098
    ],
    [
      2.12934,
      7.76966,
      0.339008
    ],
    [
      2.42571,
      7.87417,
      0.339008
    ],
    [
      2.72208,
      7.97868,
      0.339008
    ],
    [
      3.01846,
      8.08318,
      0.339008
    ],
    [
      3.31483,
      8.18769,
      0.339008
    ],
    [
      3.6112,
      8.2922,
      0.339008
    ],
    [
      3.90757,
      8.3967,
      0.339008
    ],
    [
      4.17813,
      8.57705,
      0.781384
    ],
    [
      4.41125,
      8.80831,
      0.781384
    ],
    [
      4.64437,
      9.03957,
      0.781384
    ],
    [
      4.87749,
      9.27082,
      0.781384
    ],
    [
      5.1108,
      9.5019,
      0.753106
    ],
    [
      5.39587,
      9.65773,
      0.24741
    ],
    [
      5.73413,
      9.66555,
      -0.0773969
    ],
    [
      6.07344,
      9.63923,
      -0.0773969
    ],
    [
      6.41276,
      9.61292,
      -0.0773969
    ],
    [
      6.75227,
      9.59645,
      0.0968806
    ],
    [
      7.06679,
      9.57357,
      -0.121589
    ],
    [
      7.38057,
      9.53523,
      -0.121589
    ],
    [
      7.69434,
      9.49689,
      -0.121589
    ],
    [
      8.00811,
      9.45855,
      -0.121589
    ],
    [
      8.32189,
      9.42021,
      -0.121589
    ],
    [
      8.63566,
      9.38187,
      -0.121589
    ],
    [
      8.93983,
      9.3042,
      -0.475334
    ],
    [
      9.1754,
      9.09811,
      -0.962147
    ],
    [
      9.28933,
      8.78578,
      -1.4799
    ],
    [
      9.23553,
      8.4573,
      -1.92068
    ],
    [
      9.12029,
      8.14147,
      -1.92068
    ],
    [
      9.00504,
      7.82565,
      -1.92068
    ],
    [
      8.88979,
      7.50982,
      -1.92068
    ],
    [
      8.77455,
      7.19399,
      -1.92068
    ],
    [
      8.63571,
      6.8894,
      -2.20474
    ],
    [
      8.37677,
      6.68088,
      -2.72249
    ],
    [
      8.08829,
      6.42853,
      -2.12331
    ],
    [
      7.99238,
      6.05744,
      -1.52412
    ],
    [
      8.12246,
      5.69691,
      -0.924939
    ],
    [
      8.36855,
      5.39555,
      -0.884664
    ],
    [
      8.63379,
      5.11312,
      -0.599184
    ],
    [
      9.0,
      5.0,
      0.0
    ]
  ]
}