{
  "robot": {
    "class": "RectangleRobot",
    "radius": 0.23510008531403231,
    "wheelbase": 0.3977431678831482,
    "max_velocity": 9.46147316226998,
    "max_steering_at_zero_v": 0.45457971931491703,
    "max_steering_at_max_v": 0.25749651562636044,
    "acceleration": 5,
    "width": 0.3721446252891143,
    "lenght": 0.2873962044409873
  },
  "planner": {
    "class": "Dubins_pathfinding",
    "start": [
      1.0,
      5.0
    ],
    "goal": [
      9.0,
      5.0
    ],
    "bounds": [
      0,
      10,
      0,
      10
    ],
    "max_runtime": 15.0,
    "goal_threshold": 0.0,
    "interpolate_steps": 50
  },
  "path": [
    [
      1.0,
      5.0,
      0.0
    ],
    [
      1.30446,
      4.94091,
      -0.383422
    ],
    [
      1.5647,
      4.77221,
      -0.766843
    ],
    [
      1.74294,
      4.5184,
      -1.15027
    ],
    [
      1.81329,
      4.21634,
      -1.53369
    ],
    [
      1.80478,
      3.90445,
      -1.60464
    ],
    [
      1.79422,
      3.59258,
      -1.60464
    ],
    [
      1.78366,
      3.28071,
      -1.60464
    ],
    [
      1.7731,
      2.96884,
      -1.60464
    ],
    [
      1.80507,
      2.66013,
      -1.28045
    ],
    [
      1.94931,
      2.38476,
      -0.896138
    ],
    [
      2.18564,
      2.18255,
      -0.565822
    ],
    [
      2.44967,
      2.01487,
      -0.565822
    ],
    [
      2.7137,
      1.84719,
      -0.565822
    ],
    [
      2.97773,
      1.67951,
      -0.565822
    ],
    [
      3.24175,
      1.51182,
      -0.565822
    ],
    [
      3.50578,
      1.34414,
      -0.565822
    ],
    [
      3.76981,
      1.17646,
      -0.565822
    ],
    [
      4.02872,
      1.00154,
      -0.713477
    ],
    [
      4.28885,
      0.850011,
      -0.341434
    ],
    [
      4.58627,
      0.802377,
      -0.0198425
    ],
    [
      4.88899,
      0.79637,
      -0.0198425
    ],
    [
      5.19172,
      0.790362,
      -0.0198425
    ],
    [
      5.49445,
      0.784354,
      -0.0198425
    ],
    [
      5.79718,
      0.778346,
      -0.0198425
    ],
    [
      6.09991,
      0.772339,
      -0.0198425
    ],
    [
      6.40264,
      0.767694,
      0.0380279
    ],
    [
      6.74345,
      0.786334,
      0.0549834
    ],
    [
      7.08425,
      0.805092,
      0.0549834
    ],
    [
      7.42505,
      0.823849,
      0.0549834
    ],
    [
      7.76586,
      0.842606,
      0.0549834
    ],
    [
      8.10666,
      0.861364,
      0.0549834
    ],
    [
      8.44746,
      0.880121,
      0.0549834
    ],
    [
      8.7865,
      0.913689,
      0.246535
    ],
    [
      9.07286,
      1.04937,
      0.638399
    ],
    [
      9.28571,
      1.28413,
      1.03026
    ],
    [
      9.39276,
      1.58238,
      1.42213
    ],
    [
      9.39333,
      1.90067,
      1.61783
    ],
    [
      9.37833,
      2.21923,
      1.61783
    ],
    [
      9.35466,
      2.53697,
      1.76422
    ],
    [
      9.23437,
      2.83013,
      2.15609
    ],
    [
      9.01124,
      3.05514,
      2.54795
    ],
    [
      8.71909,
      3.17787,
      2.93981
    ],
    [
      8.38054,
      3.33435,
      2.47743
    ],
    [
      8.14734,
      3.62543,
      2.01505
    ],
    [
      8.06848,
      3.98996,
      1.55267
    ],
    [
      8.16051,
      4.3514,
      1.09028
    ],
    [
      8.35016,
      4.67611,
      0.924764
    ],
    [
      8.63696,
      4.91454,
      0.462382
    ],
    [
      9.0,
      5.0,
      0.0
    ]
  ]
}