{
  "robot": {
    "class": "RectangleRobot",
    "radius": 0.2716540224360747,
    "wheelbase": 0.31709460155929536,
    "max_velocity": 8.203918281564274,
    "max_steering_at_zero_v": 0.39024723805731215,
    "max_steering_at_max_v": 0.2339196123202696,
    "acceleration": 5,
    "width": 0.49979439521107927,
    "lenght": 0.21304739880690665
  },
  "planner": {
    "class": "Dubins_pathfinding",
    "start": [
      1.0,
      5.0
    ],
    "goal": [
      9.0,
      5.0
    ],
    "bounds": [
      0,
      10,
      0,
      10
    ],
    "max_runtime": 15.0,
    "goal_threshold": 0.0,
    "interpolate_steps": 50
  },
  "path": [
    [
      1.0,
      5.0,
      0.0
    ],
    [
      1.38481,
      4.89708,
      -0.522663
    ],
    [
      1.66687,
      4.61581,
      -1.04533
    ],
    [
      1.77087,
      4.23129,
      -1.56799
    ],
    [
      1.6845,
      3.84007,
      -1.95537
    ],
    [
      1.54358,
      3.47907,
      -1.94281
    ],
    [
      1.40272,
      3.11806,
      -1.94281
    ],
    [
      1.26186,
      2.75704,
      -1.94281
    ],
    [
      1.12099,
      2.39603,
      -1.94281
    ],
    [
      0.968842,
      2.04022,
      -2.12247
    ],
    [
      0.781062,
      1.7044,
      -2.07874
    ],
    [
      0.636396,
      1.35062,
      -1.7328
    ],
    [
      0.669696,
      0.9713,
      -1.23367
    ],
    [
      0.880499,
      0.654194,
      -0.734546
    ],
    [
      1.21737,
      0.476676,
      -0.235422
    ],
    [
      1.59811,
      0.48206,
      0.263703
    ],
    [
      1.92983,
      0.669033,
      0.762827
    ],
    [
      2.22741,
      0.84594,
      0.309866
    ],
    [
      2.57267,
      0.877938,
      -0.0523274
    ],
    [
      2.92137,
      0.859675,
      -0.0523274
    ],
    [
      3.27007,
      0.841412,
      -0.0523274
    ],
    [
      3.61877,
      0.823149,
      -0.0523274
    ],
    [
      3.96746,
      0.804886,
      -0.0523274
    ],
    [
      4.31616,
      0.786622,
      -0.0523274
    ],
    [
      4.66486,
      0.768359,
      -0.0523274
    ],
    [
      5.01356,
      0.750096,
      -0.0523274
    ],
    [
      5.40636,
      0.749807,
      0.0021792
    ],
    [
      5.79919,
      0.750663,
      0.0021792
    ],
    [
      6.19201,
      0.751519,
      0.0021792
    ],
    [
      6.58483,
      0.752375,
      0.0021792
    ],
    [
      6.97765,
      0.753231,
      0.0021792
    ],
    [
      7.37048,
      0.754087,
      0.0021792
    ],
    [
      7.7633,
      0.754943,
      0.0021792
    ],
    [
      8.15612,
      0.7558,
      0.0021792
    ],
    [
      8.50754,
      0.747827,
      -0.0233992
    ],
    [
      8.85883,
      0.745791,
      0.103351
    ],
    [
      9.18835,
      0.859155,
      0.559338
    ],
    [
      9.43428,
      1.10604,
      1.01533
    ],
    [
      9.54637,
      1.43599,
      1.47131
    ],
    [
      9.50171,
      1.78159,
      1.9273
    ],
    [
      9.30943,
      2.07221,
      2.38329
    ],
    [
      9.00882,
      2.24847,
      2.83928
    ],
    [
      8.64189,
      2.49601,
      2.2569
    ],
    [
      8.46882,
      2.90412,
      1.75998
    ],
    [
      8.3844,
      3.34505,
      1.75998
    ],
    [
      8.29997,
      3.78598,
      1.75998
    ],
    [
      8.22913,
      4.22864,
      1.57143
    ],
    [
      8.35593,
      4.65271,
      0.989052
    ],
    [
      8.69508,
      4.93713,
      0.406673
    ],
    [
      9.0,
      5.0,
      0.0
    ]
  ]
}