{
  "robot": {
    "class": "RectangleRobot",
    "radius": 0.42446485345554674,
    "wheelbase": 0.2941842338339027,
    "max_velocity": 8.982325682946943,
    "max_steering_at_zero_v": 0.4330965884316558,
    "max_steering_at_max_v": 0.1961121024538238,
    "acceleration": 5,
    "width": 0.639737156906117,
    "lenght": 0.5580484005441045
  },
  "planner": {
    "class": "Dubins_pathfinding",
    "start": [
      1.0,
      5.0
    ],
    "goal": [
      9.0,
      5.0
    ],
    "bounds": [
      0,
      10,
      0,
      10
    ],
    "max_runtime": 15.0,
    "goal_threshold": 0.0,
    "interpolate_steps": 50
  },
  "path": [
    [
      1.0,
      5.0,
      0.0
    ],
    [
      1.37701,
      4.87627,
      -0.634226
    ],
    [
      1.60739,
      4.5532,
      -1.26845
    ],
    [
      1.60182,
      4.15635,
      -1.87143
    ],
    [
      1.4858,
      3.76999,
      -1.76514
    ],
    [
      1.36459,
      3.4416,
      -1.95815
    ],
    [
      1.23215,
      3.11697,
      -1.95815
    ],
    [
      1.09971,
      2.79234,
      -1.95815
    ],
    [
      0.967274,
      2.46772,
      -1.95815
    ],
    [
      0.834837,
      2.14309,
      -1.95815
    ],
    [
      0.68272,
      1.82859,
      -2.22218
    ],
    [
      0.515887,
      1.46776,
      -1.94097
    ],
    [
      0.43313,
      1.08183,
      -1.49413
    ],
    [
      0.582496,
      0.718768,
      -0.866862
    ],
    [
      0.91652,
      0.512489,
      -0.239597
    ],
    [
      1.30803,
      0.541528,
      0.387668
    ],
    [
      1.65072,
      0.597854,
      0.0726052
    ],
    [
      1.99898,
      0.623184,
      0.0726052
    ],
    [
      2.34723,
      0.648513,
      0.0726052
    ],
    [
      2.69549,
      0.673843,
      0.0726052
    ],
    [
      3.04375,
      0.699173,
      0.0726052
    ],
    [
      3.392,
      0.724502,
      0.0726052
    ],
    [
      3.74026,
      0.749832,
      0.0726052
    ],
    [
      4.08852,
      0.775162,
      0.0726052
    ],
    [
      4.43677,
      0.800492,
      0.0726052
    ],
    [
      4.81576,
      0.791455,
      -0.0332295
    ],
    [
      5.19476,
      0.778857,
      -0.0332295
    ],
    [
      5.57376,
      0.766258,
      -0.0332295
    ],
    [
      5.95276,
      0.75366,
      -0.0332295
    ],
    [
      6.33177,
      0.741461,
      0.00224359
    ],
    [
      6.68056,
      0.725343,
      -0.0485275
    ],
    [
      7.02932,
      0.708405,
      -0.0485275
    ],
    [
      7.37809,
      0.691467,
      -0.0485275
    ],
    [
      7.72685,
      0.674529,
      -0.0485275
    ],
    [
      8.07562,
      0.657591,
      -0.0485275
    ],
    [
      8.42438,
      0.640653,
      -0.0485275
    ],
    [
      8.76854,
      0.676273,
      0.35966
    ],
    [
      9.04633,
      0.880547,
      0.908466
    ],
    [
      9.17676,
      1.19974,
      1.45727
    ],
    [
      9.21265,
      1.57107,
      1.47471
    ],
    [
      9.24844,
      1.94241,
      1.47471
    ],
    [
      9.28424,
      2.31376,
      1.47471
    ],
    [
      9.32003,
      2.6851,
      1.47471
    ],
    [
      9.34093,
      3.0568,
      1.69122
    ],
    [
      9.19314,
      3.39353,
      2.27757
    ],
    [
      8.8837,
      3.59224,
      2.86392
    ],
    [
      8.50295,
      3.8933,
      2.08119
    ],
    [
      8.36376,
      4.36715,
      1.56546
    ],
    [
      8.55131,
      4.81485,
      0.782731
    ],
    [
      9.0,
      5.0,
      0.0
    ]
  ]
}