{
  "robot": {
    "class": "RectangleRobot",
    "radius": 0.22563222025310617,
    "wheelbase": 0.2132389669475333,
    "max_velocity": 12.958670538721517,
    "max_steering_at_zero_v": 0.4339374636922256,
    "max_steering_at_max_v": 0.258151593565937,
    "acceleration": 5,
    "width": 0.3513900136344792,
    "lenght": 0.2831336320244301
  },
  "planner": {
    "class": "Dubins_pathfinding",
    "start": [
      1.0,
      5.0
    ],
    "goal": [
      9.0,
      5.0
    ],
    "bounds": [
      0,
      10,
      0,
      10
    ],
    "max_runtime": 15.0,
    "goal_threshold": 0.0,
    "interpolate_steps": 50
  },
  "path": [
    [
      1.0,
      5.0,
      0.0
    ],
    [
      1.28713,
      5.10057,
      0.673802
    ],
    [
      1.44879,
      5.3583,
      1.3353
    ],
    [
      1.52113,
      5.65981,
      1.3353
    ],
    [
      1.59348,
      5.96131,
      1.3353
    ],
    [
      1.66582,
      6.26281,
      1.3353
    ],
    [
      1.73817,
      6.56431,
      1.3353
    ],
    [
      1.81051,
      6.86582,
      1.3353
    ],
    [
      1.88286,
      7.16732,
      1.3353
    ],
    [
      1.9552,
      7.46882,
      1.3353
    ],
    [
      2.06258,
      7.75672,
      0.930247
    ],
    [
      2.30305,
      7.92358,
      0.282942
    ],
    [
      2.59873,
      7.92986,
      -0.0806939
    ],
    [
      2.89562,
      7.90585,
      -0.0806939
    ],
    [
      3.19252,
      7.88184,
      -0.0806939
    ],
    [
      3.48849,
      7.88512,
      0.264377
    ],
    [
      3.73202,
      8.04748,
      0.911682
    ],
    [
      3.82837,
      8.32386,
      1.55899
    ],
    [
      3.94218,
      8.62143,
      0.85202
    ],
    [
      4.19691,
      8.82283,
      0.636098
    ],
    [
      4.45771,
      9.01724,
      0.715638
    ],
    [
      4.72946,
      9.12914,
      0.0655965
    ],
    [
      5.02848,
      9.13717,
      0.0256101
    ],
    [
      5.32751,
      9.14483,
      0.0256101
    ],
    [
      5.62654,
      9.15249,
      0.0256101
    ],
    [
      5.92556,
      9.16015,
      0.0256101
    ],
    [
      6.22459,
      9.16781,
      0.0256101
    ],
    [
      6.52362,
      9.17547,
      0.0256101
    ],
    [
      6.82265,
      9.18313,
      0.0256101
    ],
    [
      7.12153,
      9.18506,
      -0.132209
    ],
    [
      7.39718,
      9.14683,
      -0.137859
    ],
    [
      7.67283,
      9.10858,
      -0.137859
    ],
    [
      7.94848,
      9.07034,
      -0.137859
    ],
    [
      8.22413,
      9.03209,
      -0.137859
    ],
    [
      8.49978,
      8.99385,
      -0.137859
    ],
    [
      8.77232,
      8.94174,
      -0.386575
    ],
    [
      8.98387,
      8.76751,
      -0.991335
    ],
    [
      9.05885,
      8.50389,
      -1.5961
    ],
    [
      8.97064,
      8.24441,
      -2.20086
    ],
    [
      8.87413,
      7.95658,
      -1.72538
    ],
    [
      8.82679,
      7.65284,
      -1.72538
    ],
    [
      8.77946,
      7.34909,
      -1.72538
    ],
    [
      8.73213,
      7.04535,
      -1.72538
    ],
    [
      8.6848,
      6.74161,
      -1.72538
    ],
    [
      8.61841,
      6.44277,
      -2.01818
    ],
    [
      8.5669,
      6.10712,
      -1.61325
    ],
    [
      8.55236,
      5.76484,
      -1.61325
    ],
    [
      8.54137,
      5.42256,
      -1.48897
    ],
    [
      8.68819,
      5.12174,
      -0.744487
    ],
    [
      9.0,
      5.0,
      0.0
    ]
  ]
}