{
  "robot": {
    "class": "RectangleRobot",
    "radius": 0.32361912581401814,
    "wheelbase": 0.26392253005253874,
    "max_velocity": 9.037366466402247,
    "max_steering_at_zero_v": 0.4119270456685861,
    "max_steering_at_max_v": 0.1705000548549676,
    "acceleration": 5,
    "width": 0.463346362902867,
    "lenght": 0.45191537078882577
  },
  "planner": {
    "class": "Dubins_pathfinding",
    "start": [
      1.0,
      5.0
    ],
    "goal": [
      9.0,
      5.0
    ],
    "bounds": [
      0,
      10,
      0,
      10
    ],
    "max_runtime": 15.0,
    "goal_threshold": 0.0,
    "interpolate_steps": 50
  },
  "path": [
    [
      1.0,
      5.0,
      0.0
    ],
    [
      1.33005,
      5.09814,
      0.578062
    ],
    [
      1.55285,
      5.36068,
      1.15612
    ],
    [
      1.596,
      5.7023,
      1.73419
    ],
    [
      1.46887,
      6.02604,
      2.0113
    ],
    [
      1.31998,
      6.34188,
      2.0113
    ],
    [
      1.1711,
      6.65773,
      2.0113
    ],
    [
      1.02221,
      6.97357,
      2.0113
    ],
    [
      0.873321,
      7.28941,
      2.0113
    ],
    [
      0.724434,
      7.60526,
      2.0113
    ],
    [
      0.588016,
      7.95751,
      1.93571
    ],
    [
      0.453194,
      8.31042,
      1.93571
    ],
    [
      0.351365,
      8.67186,
      1.59929
    ],
    [
      0.455582,
      9.02861,
      0.973861
    ],
    [
      0.74893,
      9.25681,
      0.348433
    ],
    [
      1.09387,
      9.29389,
      0.00558264
    ],
    [
      1.44304,
      9.29584,
      0.00558264
    ],
    [
      1.79221,
      9.29779,
      0.00558264
    ],
    [
      2.14138,
      9.29974,
      0.00558264
    ],
    [
      2.49055,
      9.30169,
      0.00558264
    ],
    [
      2.83972,
      9.30364,
      0.00558264
    ],
    [
      3.1889,
      9.30559,
      0.00558264
    ],
    [
      3.53807,
      9.30754,
      0.00558264
    ],
    [
      3.88724,
      9.30949,
      0.00558264
    ],
    [
      4.24416,
      9.30988,
      0.00108851
    ],
    [
      4.60108,
      9.31027,
      0.00108851
    ],
    [
      4.958,
      9.31066,
      0.00108851
    ],
    [
      5.31492,
      9.31105,
      0.00108851
    ],
    [
      5.67184,
      9.31144,
      0.00108851
    ],
    [
      6.02876,
      9.31183,
      0.00108851
    ],
    [
      6.38555,
      9.30869,
      -0.107031
    ],
    [
      6.74983,
      9.30013,
      -0.0167401
    ],
    [
      7.11423,
      9.29403,
      -0.0167401
    ],
    [
      7.47862,
      9.28793,
      -0.0167401
    ],
    [
      7.84301,
      9.28183,
      -0.0167401
    ],
    [
      8.20741,
      9.27573,
      -0.0167401
    ],
    [
      8.57133,
      9.26261,
      -0.169379
    ],
    [
      8.89118,
      9.09971,
      -0.772719
    ],
    [
      9.05847,
      8.80134,
      -1.34688
    ],
    [
      9.04246,
      8.45847,
      -1.78278
    ],
    [
      8.96949,
      8.11942,
      -1.78278
    ],
    [
      8.89652,
      7.78036,
      -1.78278
    ],
    [
      8.82355,
      7.44131,
      -1.78278
    ],
    [
      8.72662,
      7.10988,
      -2.07164
    ],
    [
      8.63021,
      6.78258,
      -1.78494
    ],
    [
      8.55739,
      6.44774,
      -1.78494
    ],
    [
      8.48457,
      6.11289,
      -1.78494
    ],
    [
      8.41256,
      5.77788,
      -1.73245
    ],
    [
      8.51577,
      5.24295,
      -0.930053
    ],
    [
      9.0,
      5.0,
      0.0
    ]
  ]
}