{
  "robot": {
    "class": "RectangleRobot",
    "radius": 0.17753813277406397,
    "wheelbase": 0.27693658627688034,
    "max_velocity": 12.91189946761828,
    "max_steering_at_zero_v": 0.366071191456546,
    "max_steering_at_max_v": 0.18620450907006247,
    "acceleration": 5,
    "width": 0.14693281493050492,
    "lenght": 0.3232489787334257
  },
  "planner": {
    "class": "Dubins_pathfinding",
    "start": [
      1.0,
      5.0
    ],
    "goal": [
      9.0,
      5.0
    ],
    "bounds": [
      0,
      10,
      0,
      10
    ],
    "max_runtime": 15.0,
    "goal_threshold": 0.0,
    "interpolate_steps": 50
  },
  "path": [
    [
      1.0,
      5.0,
      0.0
    ],
    [
      1.29231,
      5.06178,
      0.416581
    ],
    [
      1.53463,
      5.23656,
      0.833162
    ],
    [
      1.6855,
      5.49444,
      1.24974
    ],
    [
      1.72446,
      5.79139,
      1.54463
    ],
    [
      1.7309,
      6.09224,
      1.60766
    ],
    [
      1.75685,
      6.41041,
      1.4671
    ],
    [
      1.78992,
      6.72817,
      1.4671
    ],
    [
      1.82299,
      7.04594,
      1.4671
    ],
    [
      1.85606,
      7.3637,
      1.4671
    ],
    [
      1.93144,
      7.67203,
      1.12008
    ],
    [
      2.12867,
      7.92005,
      0.677842
    ],
    [
      2.41308,
      8.0598,
      0.235602
    ],
    [
      2.69572,
      8.15999,
      0.358981
    ],
    [
      2.97664,
      8.2654,
      0.358981
    ],
    [
      3.25756,
      8.37081,
      0.358981
    ],
    [
      3.53848,
      8.47623,
      0.358981
    ],
    [
      3.8194,
      8.58164,
      0.358981
    ],
    [
      4.10033,
      8.68705,
      0.358981
    ],
    [
      4.37718,
      8.8017,
      0.526175
    ],
    [
      4.64832,
      8.91651,
      0.371122
    ],
    [
      4.92301,
      9.02341,
      0.371122
    ],
    [
      5.19771,
      9.13031,
      0.371122
    ],
    [
      5.4724,
      9.23721,
      0.371122
    ],
    [
      5.74732,
      9.34353,
      0.32958
    ],
    [
      6.03773,
      9.38019,
      -0.0784454
    ],
    [
      6.37527,
      9.42048,
      0.201814
    ],
    [
      6.70974,
      9.48891,
      0.201814
    ],
    [
      7.04421,
      9.55734,
      0.201814
    ],
    [
      7.37868,
      9.62577,
      0.201814
    ],
    [
      7.71685,
      9.61873,
      -0.256928
    ],
    [
      8.00595,
      9.49235,
      -0.458441
    ],
    [
      8.28946,
      9.35244,
      -0.458441
    ],
    [
      8.57297,
      9.21253,
      -0.458441
    ],
    [
      8.85648,
      9.07261,
      -0.458441
    ],
    [
      9.13134,
      8.91797,
      -0.676008
    ],
    [
      9.32757,
      8.6733,
      -1.11365
    ],
    [
      9.40175,
      8.35497,
      -1.57005
    ],
    [
      9.34567,
      8.03099,
      -1.80015
    ],
    [
      9.27071,
      7.70991,
      -1.80015
    ],
    [
      9.19575,
      7.38883,
      -1.80015
    ],
    [
      9.11787,
      7.06853,
      -1.89163
    ],
    [
      8.94729,
      6.78971,
      -2.34804
    ],
    [
      8.67129,
      6.61461,
      -2.80445
    ],
    [
      8.36404,
      6.40565,
      -2.28425
    ],
    [
      8.2013,
      6.07162,
      -1.76406
    ],
    [
      8.22611,
      5.70088,
      -1.24387
    ],
    [
      8.37685,
      5.35695,
      -1.04038
    ],
    [
      8.64093,
      5.09556,
      -0.520191
    ],
    [
      9.0,
      5.0,
      0.0
    ]
  ]
}