{
  "robot": {
    "class": "RectangleRobot",
    "radius": 0.3035713874923042,
    "wheelbase": 0.20876121959217114,
    "max_velocity": 12.664824134492983,
    "max_steering_at_zero_v": 0.4811874604648436,
    "max_steering_at_max_v": 0.2459885128456536,
    "acceleration": 5,
    "width": 0.4840975424561498,
    "lenght": 0.3664313286332477
  },
  "planner": {
    "class": "Dubins_pathfinding",
    "start": [
      1.0,
      5.0
    ],
    "goal": [
      9.0,
      5.0
    ],
    "bounds": [
      0,
      10,
      0,
      10
    ],
    "max_runtime": 15.0,
    "goal_threshold": 0.0,
    "interpolate_steps": 50
  },
  "path": [
    [
      1.0,
      5.0,
      0.0
    ],
    [
      1.32014,
      5.16029,
      0.928419
    ],
    [
      1.38359,
      5.51265,
      1.85684
    ],
    [
      1.23756,
      5.8538,
      1.98394
    ],
    [
      1.08852,
      6.19378,
      1.98394
    ],
    [
      0.94019,
      6.53405,
      1.9218
    ],
    [
      0.854764,
      6.89351,
      1.7955
    ],
    [
      0.772412,
      7.25381,
      1.7955
    ],
    [
      0.690059,
      7.61411,
      1.7955
    ],
    [
      0.607707,
      7.9744,
      1.7955
    ],
    [
      0.525355,
      8.3347,
      1.7955
    ],
    [
      0.443003,
      8.695,
      1.7955
    ],
    [
      0.464402,
      9.05356,
      1.06976
    ],
    [
      0.740716,
      9.25436,
      0.1871
    ],
    [
      1.09211,
      9.28646,
      0.0852013
    ],
    [
      1.44374,
      9.31649,
      0.0852013
    ],
    [
      1.79538,
      9.34652,
      0.0852013
    ],
    [
      2.14701,
      9.37655,
      0.0852013
    ],
    [
      2.49865,
      9.40659,
      0.0852013
    ],
    [
      2.85028,
      9.43662,
      0.0852013
    ],
    [
      3.18693,
      9.36827,
      -0.625303
    ],
    [
      3.52007,
      9.28908,
      -0.0334036
    ],
    [
      3.86905,
      9.27742,
      -0.0334036
    ],
    [
      4.21803,
      9.26576,
      -0.0334036
    ],
    [
      4.56701,
      9.2541,
      -0.0334036
    ],
    [
      4.916,
      9.24244,
      -0.0334036
    ],
    [
      5.26498,
      9.23078,
      -0.0334036
    ],
    [
      5.61396,
      9.21911,
      -0.0334036
    ],
    [
      5.96294,
      9.20745,
      -0.0334036
    ],
    [
      6.31192,
      9.19579,
      -0.0334036
    ],
    [
      6.64065,
      9.19515,
      -0.00134105
    ],
    [
      6.96939,
      9.1947,
      -0.00134105
    ],
    [
      7.29812,
      9.19426,
      -0.00134105
    ],
    [
      7.62685,
      9.19382,
      -0.00134105
    ],
    [
      7.95559,
      9.19338,
      -0.00134105
    ],
    [
      8.28432,
      9.19294,
      -0.00134105
    ],
    [
      8.61306,
      9.1925,
      -0.00134105
    ],
    [
      8.93052,
      9.13215,
      -0.555908
    ],
    [
      9.11195,
      8.8691,
      -1.37809
    ],
    [
      9.09316,
      8.53972,
      -1.68411
    ],
    [
      9.0557,
      8.21054,
      -1.68411
    ],
    [
      9.01824,
      7.88137,
      -1.68411
    ],
    [
      8.98078,
      7.5522,
      -1.68411
    ],
    [
      8.94332,
      7.22303,
      -1.68411
    ],
    [
      8.90586,
      6.89386,
      -1.68411
    ],
    [
      8.80745,
      6.58369,
      -2.25175
    ],
    [
      8.69152,
      6.14602,
      -1.69683
    ],
    [
      8.6337,
      5.68969,
      -1.69683
    ],
    [
      8.63498,
      5.23666,
      -1.15043
    ],
    [
      9.0,
      5.0,
      0.0
    ]
  ]
}