{
  "robot": {
    "class": "RectangleRobot",
    "radius": 0.35064647496153495,
    "wheelbase": 0.31782087263488057,
    "max_velocity": 11.74316309163275,
    "max_steering_at_zero_v": 0.5139587394825047,
    "max_steering_at_max_v": 0.2077835064068898,
    "acceleration": 5,
    "width": 0.6475330414224171,
    "lenght": 0.2692819375265183
  },
  "planner": {
    "class": "Dubins_pathfinding",
    "start": [
      1.0,
      5.0
    ],
    "goal": [
      9.0,
      5.0
    ],
    "bounds": [
      0,
      10,
      0,
      10
    ],
    "max_runtime": 15.0,
    "goal_threshold": 0.0,
    "interpolate_steps": 50
  },
  "path": [
    [
      1.0,
      5.0,
      0.0
    ],
    [
      1.3453,
      4.88166,
      -0.660332
    ],
    [
      1.54543,
      4.5764,
      -1.32066
    ],
    [
      1.51813,
      4.21186,
      -1.89643
    ],
    [
      1.39921,
      3.85966,
      -1.89643
    ],
    [
      1.28029,
      3.50747,
      -1.89643
    ],
    [
      1.16137,
      3.15527,
      -1.89643
    ],
    [
      1.04446,
      2.80246,
      -1.81013
    ],
    [
      0.911711,
      2.45462,
      -1.95016
    ],
    [
      0.773752,
      2.10858,
      -1.95016
    ],
    [
      0.635794,
      1.76253,
      -1.95016
    ],
    [
      0.529708,
      1.40784,
      -1.60706
    ],
    [
      0.635914,
      1.05783,
      -0.945313
    ],
    [
      0.891385,
      0.851969,
      -0.536181
    ],
    [
      1.17607,
      0.682796,
      -0.536181
    ],
    [
      1.461,
      0.514045,
      -0.494541
    ],
    [
      1.78087,
      0.449067,
      0.0937157
    ],
    [
      2.12996,
      0.450096,
      -0.00488402
    ],
    [
      2.47913,
      0.448391,
      -0.00488402
    ],
    [
      2.82831,
      0.446686,
      -0.00488402
    ],
    [
      3.17748,
      0.44498,
      -0.00488402
    ],
    [
      3.52665,
      0.443275,
      -0.00488402
    ],
    [
      3.87582,
      0.44157,
      -0.00488402
    ],
    [
      4.22499,
      0.439864,
      -0.00488402
    ],
    [
      4.57417,
      0.438159,
      -0.00488402
    ],
    [
      4.92334,
      0.436453,
      -0.00488402
    ],
    [
      5.29618,
      0.459893,
      0.0666378
    ],
    [
      5.66896,
      0.484772,
      0.0666378
    ],
    [
      6.04175,
      0.50965,
      0.0666378
    ],
    [
      6.41453,
      0.534528,
      0.0666378
    ],
    [
      6.78731,
      0.559406,
      0.0666378
    ],
    [
      7.16009,
      0.584285,
      0.0666378
    ],
    [
      7.53298,
      0.605444,
      -0.0483431
    ],
    [
      7.86672,
      0.638946,
      0.125284
    ],
    [
      8.19989,
      0.680906,
      0.125284
    ],
    [
      8.53306,
      0.722867,
      0.125284
    ],
    [
      8.86325,
      0.779359,
      0.355014
    ],
    [
      9.13008,
      0.98627,
      0.96418
    ],
    [
      9.23052,
      1.30864,
      1.57335
    ],
    [
      9.19225,
      1.64928,
      1.69474
    ],
    [
      9.14986,
      1.98957,
      1.69474
    ],
    [
      9.10746,
      2.32987,
      1.69474
    ],
    [
      9.06507,
      2.67017,
      1.69474
    ],
    [
      9.02267,
      3.01046,
      1.69474
    ],
    [
      8.97808,
      3.35042,
      1.78357
    ],
    [
      8.81109,
      3.64388,
      2.39274
    ],
    [
      8.58084,
      4.01995,
      2.04265
    ],
    [
      8.43706,
      4.43406,
      1.57612
    ],
    [
      8.60088,
      4.83406,
      0.788058
    ],
    [
      9.0,
      5.0,
      0.0
    ]
  ]
}