{
  "robot": {
    "class": "RectangleRobot",
    "radius": 0.3870439879140226,
    "wheelbase": 0.21790554280585975,
    "max_velocity": 12.651391729873879,
    "max_steering_at_zero_v": 0.43108850146616023,
    "max_steering_at_max_v": 0.17342148836171378,
    "acceleration": 5,
    "width": 0.6204075650523627,
    "lenght": 0.4629326598408873
  },
  "planner": {
    "class": "Dubins_pathfinding",
    "start": [
      1.0,
      5.0
    ],
    "goal": [
      9.0,
      5.0
    ],
    "bounds": [
      0,
      10,
      0,
      10
    ],
    "max_runtime": 15.0,
    "goal_threshold": 0.0,
    "interpolate_steps": 50
  },
  "path": [
    [
      1.0,
      5.0,
      0.0
    ],
    [
      1.31841,
      5.12295,
      0.737016
    ],
    [
      1.47155,
      5.428,
      1.47403
    ],
    [
      1.40537,
      5.7679,
      1.86822
    ],
    [
      1.30304,
      6.10175,
      1.86822
    ],
    [
      1.20071,
      6.43559,
      1.86822
    ],
    [
      1.09838,
      6.76944,
      1.86822
    ],
    [
      0.996053,
      7.10328,
      1.86822
    ],
    [
      0.893724,
      7.43713,
      1.86822
    ],
    [
      0.791395,
      7.77098,
      1.86822
    ],
    [
      0.674062,
      8.12794,
      1.88863
    ],
    [
      0.556634,
      8.48487,
      1.88863
    ],
    [
      0.442769,
      8.84282,
      1.76359
    ],
    [
      0.516826,
      9.20123,
      0.97048
    ],
    [
      0.82417,
      9.39993,
      0.177367
    ],
    [
      1.17262,
      9.41995,
      0.0456297
    ],
    [
      1.52143,
      9.43588,
      0.0456297
    ],
    [
      1.87024,
      9.45181,
      0.0456297
    ],
    [
      2.21905,
      9.46773,
      0.0456297
    ],
    [
      2.56787,
      9.48366,
      0.0456297
    ],
    [
      2.91668,
      9.49959,
      0.0456297
    ],
    [
      3.26549,
      9.51551,
      0.0456297
    ],
    [
      3.61431,
      9.53144,
      0.0456297
    ],
    [
      3.96312,
      9.54737,
      0.0456297
    ],
    [
      4.3592,
      9.51937,
      -0.0799781
    ],
    [
      4.75513,
      9.48763,
      -0.0799781
    ],
    [
      5.15107,
      9.4559,
      -0.0799781
    ],
    [
      5.547,
      9.42417,
      -0.0799781
    ],
    [
      5.94294,
      9.39243,
      -0.0799781
    ],
    [
      6.33904,
      9.36687,
      0.0815256
    ],
    [
      6.68612,
      9.37411,
      0.0181225
    ],
    [
      7.03324,
      9.3804,
      0.0181225
    ],
    [
      7.38036,
      9.3867,
      0.0181225
    ],
    [
      7.72747,
      9.39299,
      0.0181225
    ],
    [
      8.07459,
      9.39928,
      0.0181225
    ],
    [
      8.42171,
      9.40557,
      0.0181225
    ],
    [
      8.76883,
      9.41186,
      0.0181225
    ],
    [
      9.10703,
      9.35904,
      -0.486023
    ],
    [
      9.33045,
      9.10347,
      -1.21882
    ],
    [
      9.3188,
      8.71848,
      -1.81456
    ],
    [
      9.22399,
      8.33727,
      -1.81456
    ],
    [
      9.12917,
      7.95606,
      -1.81456
    ],
    [
      9.03436,
      7.57485,
      -1.81456
    ],
    [
      8.93955,
      7.19364,
      -1.81456
    ],
    [
      8.84474,
      6.81243,
      -1.81456
    ],
    [
      8.74993,
      6.43122,
      -1.81456
    ],
    [
      8.65511,
      6.05001,
      -1.81456
    ],
    [
      8.62137,
      5.18899,
      -0.925937
    ],
    [
      8.62137,
      5.18899,
      -0.925937
    ],
    [
      9.0,
      5.0,
      0.0
    ]
  ]
}