{
  "robot": {
    "class": "RectangleRobot",
    "radius": 0.25711704848525835,
    "wheelbase": 0.4521280843061583,
    "max_velocity": 7.012141144278003,
    "max_steering_at_zero_v": 0.4716489384702319,
    "max_steering_at_max_v": 0.20879515398170018,
    "acceleration": 5,
    "width": 0.3800144883836264,
    "lenght": 0.34644724721898634
  },
  "planner": {
    "class": "Dubins_pathfinding",
    "start": [
      1.0,
      5.0
    ],
    "goal": [
      9.0,
      5.0
    ],
    "bounds": [
      0,
      10,
      0,
      10
    ],
    "max_runtime": 15.0,
    "goal_threshold": 0.0,
    "interpolate_steps": 50
  },
  "path": [
    [
      1.0,
      5.0,
      0.0
    ],
    [
      1.34022,
      5.06789,
      0.393903
    ],
    [
      1.62832,
      5.26115,
      0.787806
    ],
    [
      1.8202,
      5.55018,
      1.18171
    ],
    [
      1.88644,
      5.89072,
      1.57561
    ],
    [
      1.81692,
      6.23061,
      1.96951
    ],
    [
      1.63072,
      6.52472,
      2.20632
    ],
    [
      1.42345,
      6.80572,
      2.20632
    ],
    [
      1.21618,
      7.08673,
      2.20632
    ],
    [
      1.0089,
      7.36773,
      2.20632
    ],
    [
      0.85529,
      7.70922,
      1.7807
    ],
    [
      0.803483,
      8.08287,
      1.70114
    ],
    [
      0.754446,
      8.45696,
      1.70114
    ],
    [
      0.715468,
      8.83186,
      1.5502
    ],
    [
      0.802074,
      9.19615,
      1.12458
    ],
    [
      1.03137,
      9.49219,
      0.698966
    ],
    [
      1.36243,
      9.66714,
      0.273348
    ],
    [
      1.73619,
      9.6898,
      -0.15227
    ],
    [
      2.0846,
      9.66897,
      -0.0451517
    ],
    [
      2.43342,
      9.65321,
      -0.0451517
    ],
    [
      2.78224,
      9.63745,
      -0.0451517
    ],
    [
      3.13106,
      9.62169,
      -0.0451517
    ],
    [
      3.47988,
      9.60593,
      -0.0451517
    ],
    [
      3.8287,
      9.59017,
      -0.0451517
    ],
    [
      4.17752,
      9.57441,
      -0.0451517
    ],
    [
      4.52634,
      9.55865,
      -0.0451517
    ],
    [
      4.87516,
      9.54289,
      -0.0451517
    ],
    [
      5.22334,
      9.51653,
      -0.0768205
    ],
    [
      5.57149,
      9.48973,
      -0.0768205
    ],
    [
      5.91963,
      9.46294,
      -0.0768205
    ],
    [
      6.26778,
      9.43614,
      -0.0768205
    ],
    [
      6.61593,
      9.40934,
      -0.0768205
    ],
    [
      6.96407,
      9.38254,
      -0.0768205
    ],
    [
      7.31222,
      9.35575,
      -0.0768205
    ],
    [
      7.66037,
      9.32895,
      -0.0768205
    ],
    [
      8.00873,
      9.31792,
      0.111881
    ],
    [
      8.39601,
      9.27527,
      -0.33126
    ],
    [
      8.72759,
      9.07068,
      -0.7744
    ],
    [
      8.93942,
      8.74368,
      -1.21754
    ],
    [
      8.99058,
      8.35743,
      -1.66068
    ],
    [
      8.88071,
      7.98218,
      -1.94992
    ],
    [
      8.73533,
      7.61726,
      -1.94992
    ],
    [
      8.58994,
      7.25233,
      -1.94992
    ],
    [
      8.44456,
      6.8874,
      -1.94992
    ],
    [
      8.29326,
      6.50762,
      -1.94992
    ],
    [
      8.14658,
      6.1262,
      -1.84466
    ],
    [
      8.12905,
      5.72139,
      -1.3835
    ],
    [
      8.29349,
      5.35107,
      -0.92233
    ],
    [
      8.60554,
      5.0926,
      -0.461165
    ],
    [
      9.0,
      5.0,
      0.0
    ]
  ]
}