{
  "robot": {
    "class": "RectangleRobot",
    "radius": 0.3535839164271804,
    "wheelbase": 0.28612847154057447,
    "max_velocity": 7.317568936747726,
    "max_steering_at_zero_v": 0.4447633207312456,
    "max_steering_at_max_v": 0.23021047268556244,
    "acceleration": 5,
    "width": 0.43894995281803684,
    "lenght": 0.554445022292541
  },
  "planner": {
    "class": "Dubins_pathfinding",
    "start": [
      1.0,
      5.0
    ],
    "goal": [
      9.0,
      5.0
    ],
    "bounds": [
      0,
      10,
      0,
      10
    ],
    "max_runtime": 15.0,
    "goal_threshold": 0.0,
    "interpolate_steps": 50
  },
  "path": [
    [
      1.0,
      5.0,
      0.0
    ],
    [
      1.33856,
      4.89543,
      -0.599156
    ],
    [
      1.55917,
      4.61814,
      -1.19831
    ],
    [
      1.58498,
      4.26475,
      -1.79747
    ],
    [
      1.47504,
      3.92233,
      -1.88836
    ],
    [
      1.36272,
      3.58062,
      -1.88836
    ],
    [
      1.24977,
      3.23914,
      -1.93593
    ],
    [
      1.10926,
      2.93163,
      -2.00343
    ],
    [
      0.967509,
      2.62468,
      -2.00343
    ],
    [
      0.825754,
      2.31772,
      -2.00343
    ],
    [
      0.683999,
      2.01076,
      -2.00343
    ],
    [
      0.549932,
      1.70076,
      -1.83738
    ],
    [
      0.564278,
      1.33908,
      -1.22492
    ],
    [
      0.742998,
      1.01838,
      -1.03205
    ],
    [
      0.970862,
      0.734198,
      -0.621927
    ],
    [
      1.31494,
      0.621816,
      -0.00946751
    ],
    [
      1.70508,
      0.640438,
      0.0504522
    ],
    [
      2.09518,
      0.660136,
      0.0504522
    ],
    [
      2.48529,
      0.679834,
      0.0504522
    ],
    [
      2.87539,
      0.699533,
      0.0504522
    ],
    [
      3.2655,
      0.719231,
      0.0504522
    ],
    [
      3.6556,
      0.73893,
      0.0504522
    ],
    [
      4.04571,
      0.758628,
      0.0504522
    ],
    [
      4.43582,
      0.778324,
      0.0472869
    ],
    [
      4.78483,
      0.788852,
      0.0298973
    ],
    [
      5.13385,
      0.79929,
      0.0298973
    ],
    [
      5.48287,
      0.809728,
      0.0298973
    ],
    [
      5.83189,
      0.820166,
      0.0298973
    ],
    [
      6.18091,
      0.830604,
      0.0298973
    ],
    [
      6.52993,
      0.841042,
      0.0298973
    ],
    [
      6.87896,
      0.851479,
      0.0298973
    ],
    [
      7.22798,
      0.861917,
      0.0298973
    ],
    [
      7.577,
      0.872355,
      0.0298973
    ],
    [
      7.95505,
      0.843894,
      -0.0857133
    ],
    [
      8.33291,
      0.811426,
      -0.0857133
    ],
    [
      8.71011,
      0.773827,
      -0.217051
    ],
    [
      9.08616,
      0.812801,
      0.423599
    ],
    [
      9.36434,
      1.06882,
      1.06425
    ],
    [
      9.43434,
      1.44034,
      1.7049
    ],
    [
      9.29868,
      1.79842,
      2.0014
    ],
    [
      9.13814,
      2.14791,
      2.0014
    ],
    [
      8.9776,
      2.49741,
      2.0014
    ],
    [
      8.81559,
      2.84619,
      2.07517
    ],
    [
      8.53796,
      3.10281,
      2.71582
    ],
    [
      8.25227,
      3.37455,
      2.04662
    ],
    [
      8.19677,
      3.76492,
      1.37742
    ],
    [
      8.30494,
      4.15177,
      1.29279
    ],
    [
      8.4152,
      4.53809,
      1.29279
    ],
    [
      8.62758,
      4.87052,
      0.669199
    ],
    [
      9.0,
      5.0,
      0.0
    ]
  ]
}