{
  "robot": {
    "class": "RectangleRobot",
    "radius": 0.35217254777844886,
    "wheelbase": 0.24652635266601727,
    "max_velocity": 10.349509230856132,
    "max_steering_at_zero_v": 0.41055661162047796,
    "max_steering_at_max_v": 0.20323816382052756,
    "acceleration": 5,
    "width": 0.5089590213281457,
    "lenght": 0.48689087919548407
  },
  "planner": {
    "class": "Dubins_pathfinding",
    "start": [
      1.0,
      5.0
    ],
    "goal": [
      9.0,
      5.0
    ],
    "bounds": [
      0,
      10,
      0,
      10
    ],
    "max_runtime": 15.0,
    "goal_threshold": 0.0,
    "interpolate_steps": 50
  },
  "path": [
    [
      1.0,
      5.0,
      0.0
    ],
    [
      1.32747,
      4.89573,
      -0.616543
    ],
    [
      1.53436,
      4.6213,
      -1.23309
    ],
    [
      1.54447,
      4.27778,
      -1.84963
    ],
    [
      1.38694,
      3.96714,
      -2.08497
    ],
    [
      1.21521,
      3.66311,
      -2.08497
    ],
    [
      1.04348,
      3.35908,
      -2.08497
    ],
    [
      0.871751,
      3.05506,
      -2.08497
    ],
    [
      0.700022,
      2.75103,
      -2.08497
    ],
    [
      0.528293,
      2.447,
      -2.08497
    ],
    [
      0.46256,
      2.07612,
      -1.42415
    ],
    [
      0.518661,
      1.6963,
      -1.42415
    ],
    [
      0.574763,
      1.31648,
      -1.42415
    ],
    [
      0.626309,
      0.936188,
      -1.55136
    ],
    [
      0.73693,
      0.610806,
      -0.934813
    ],
    [
      1.01532,
      0.409295,
      -0.31827
    ],
    [
      1.36057,
      0.397144,
      0.121333
    ],
    [
      1.70718,
      0.439407,
      0.121333
    ],
    [
      2.05379,
      0.48167,
      0.121333
    ],
    [
      2.4004,
      0.523932,
      0.121333
    ],
    [
      2.747,
      0.566195,
      0.121333
    ],
    [
      3.09361,
      0.608457,
      0.121333
    ],
    [
      3.44023,
      0.650701,
      0.113235
    ],
    [
      3.78467,
      0.679162,
      0.0816225
    ],
    [
      4.12914,
      0.707342,
      0.0816225
    ],
    [
      4.47361,
      0.735521,
      0.0816225
    ],
    [
      4.81808,
      0.7637,
      0.0816225
    ],
    [
      5.16255,
      0.791879,
      0.0816225
    ],
    [
      5.50702,
      0.820058,
      0.0816225
    ],
    [
      5.8515,
      0.848238,
      0.0816225
    ],
    [
      6.19597,
      0.876417,
      0.0816225
    ],
    [
      6.54054,
      0.902792,
      0.00174099
    ],
    [
      6.92625,
      0.907131,
      0.011316
    ],
    [
      7.31197,
      0.911496,
      0.011316
    ],
    [
      7.69768,
      0.915861,
      0.011316
    ],
    [
      8.08339,
      0.920226,
      0.011316
    ],
    [
      8.46911,
      0.924076,
      -0.031325
    ],
    [
      8.80626,
      1.02247,
      0.599221
    ],
    [
      9.02057,
      1.30073,
      1.22977
    ],
    [
      9.03023,
      1.65199,
      1.81322
    ],
    [
      8.9445,
      1.99865,
      1.81322
    ],
    [
      8.85877,
      2.34532,
      1.81322
    ],
    [
      8.77305,
      2.69198,
      1.81322
    ],
    [
      8.68732,
      3.03865,
      1.81322
    ],
    [
      8.56579,
      3.37162,
      2.18184
    ],
    [
      8.46089,
      3.74511,
      1.611
    ],
    [
      8.44503,
      4.13947,
      1.611
    ],
    [
      8.44251,
      4.53339,
      1.39376
    ],
    [
      8.6365,
      4.86796,
      0.696881
    ],
    [
      9.0,
      5.0,
      0.0
    ]
  ]
}