{
  "robot": {
    "class": "RectangleRobot",
    "radius": 0.27887032118379246,
    "wheelbase": 0.34345722118725636,
    "max_velocity": 9.326752243760321,
    "max_steering_at_zero_v": 0.5052355910903371,
    "max_steering_at_max_v": 0.25189924832770805,
    "acceleration": 5,
    "width": 0.32246062510442663,
    "lenght": 0.4550755645009614
  },
  "planner": {
    "class": "Dubins_pathfinding",
    "start": [
      1.0,
      5.0
    ],
    "goal": [
      9.0,
      5.0
    ],
    "bounds": [
      0,
      10,
      0,
      10
    ],
    "max_runtime": 15.0,
    "goal_threshold": 0.0,
    "interpolate_steps": 50
  },
  "path": [
    [
      1.0,
      5.0,
      0.0
    ],
    [
      1.32026,
      4.91104,
      -0.541898
    ],
    [
      1.54875,
      4.66964,
      -1.0838
    ],
    [
      1.62001,
      4.34498,
      -1.62569
    ],
    [
      1.51956,
      4.02685,
      -2.01985
    ],
    [
      1.37349,
      3.72372,
      -2.01985
    ],
    [
      1.22741,
      3.42059,
      -2.01985
    ],
    [
      1.08144,
      3.11742,
      -2.0012
    ],
    [
      0.944709,
      2.77872,
      -1.95246
    ],
    [
      0.80866,
      2.43974,
      -1.95246
    ],
    [
      0.67261,
      2.10075,
      -1.95246
    ],
    [
      0.536561,
      1.76177,
      -1.95246
    ],
    [
      0.489866,
      1.40463,
      -1.4083
    ],
    [
      0.648602,
      1.0815,
      -0.820065
    ],
    [
      0.955837,
      0.882274,
      -0.475347
    ],
    [
      1.28354,
      0.713603,
      -0.475347
    ],
    [
      1.61124,
      0.544933,
      -0.475347
    ],
    [
      1.95546,
      0.422613,
      -0.076354
    ],
    [
      2.30985,
      0.502017,
      0.517194
    ],
    [
      2.55921,
      0.766051,
      1.11074
    ],
    [
      2.81001,
      1.0309,
      0.514539
    ],
    [
      3.16625,
      1.10923,
      -0.0816642
    ],
    [
      3.53462,
      1.07238,
      -0.0999727
    ],
    [
      3.90298,
      1.03543,
      -0.0999727
    ],
    [
      4.27134,
      0.998485,
      -0.0999727
    ],
    [
      4.6397,
      0.961536,
      -0.0999727
    ],
    [
      5.00806,
      0.924587,
      -0.0999727
    ],
    [
      5.37642,
      0.887595,
      -0.111637
    ],
    [
      5.71805,
      0.855353,
      -0.0938114
    ],
    [
      6.05969,
      0.823209,
      -0.0938114
    ],
    [
      6.40133,
      0.791065,
      -0.0938114
    ],
    [
      6.74298,
      0.759014,
      -0.0764258
    ],
    [
      7.07503,
      0.826286,
      0.476198
    ],
    [
      7.40345,
      0.894059,
      -0.0430749
    ],
    [
      7.74262,
      0.87944,
      -0.0430749
    ],
    [
      8.0818,
      0.864821,
      -0.0430749
    ],
    [
      8.42098,
      0.850202,
      -0.0430749
    ],
    [
      8.7575,
      0.872355,
      0.302091
    ],
    [
      9.06991,
      1.09314,
      0.928352
    ],
    [
      9.19363,
      1.45513,
      1.55461
    ],
    [
      9.09948,
      1.82936,
      1.92889
    ],
    [
      8.96318,
      2.19356,
      1.92889
    ],
    [
      8.82688,
      2.55777,
      1.92889
    ],
    [
      8.69059,
      2.92198,
      1.92889
    ],
    [
      8.55429,
      3.28618,
      1.92889
    ],
    [
      8.40869,
      3.64625,
      2.11003
    ],
    [
      8.3281,
      4.06195,
      1.43047
    ],
    [
      8.38899,
      4.4897,
      1.39166
    ],
    [
      8.60196,
      4.85564,
      0.695828
    ],
    [
      9.0,
      5.0,
      0.0
    ]
  ]
}