{
  "robot": {
    "class": "RectangleRobot",
    "radius": 0.3319417898662066,
    "wheelbase": 0.34811235484892017,
    "max_velocity": 11.996788579289218,
    "max_steering_at_zero_v": 0.4402686457959279,
    "max_steering_at_max_v": 0.1971605580709309,
    "acceleration": 5,
    "width": 0.5112952081277707,
    "lenght": 0.4234602904451643
  },
  "planner": {
    "class": "Dubins_pathfinding",
    "start": [
      1.0,
      5.0
    ],
    "goal": [
      9.0,
      5.0
    ],
    "bounds": [
      0,
      10,
      0,
      10
    ],
    "max_runtime": 15.0,
    "goal_threshold": 0.0,
    "interpolate_steps": 50
  },
  "path": [
    [
      1.0,
      5.0,
      0.0
    ],
    [
      1.33633,
      4.91902,
      -0.472549
    ],
    [
      1.59894,
      4.69384,
      -0.945097
    ],
    [
      1.73027,
      4.3738,
      -1.41765
    ],
    [
      1.70155,
      4.02906,
      -1.89019
    ],
    [
      1.56132,
      3.70941,
      -1.99607
    ],
    [
      1.41726,
      3.39134,
      -1.99607
    ],
    [
      1.2732,
      3.07327,
      -1.99607
    ],
    [
      1.12914,
      2.75519,
      -1.99607
    ],
    [
      0.985079,
      2.43712,
      -1.99607
    ],
    [
      0.838166,
      2.11366,
      -1.99713
    ],
    [
      0.691253,
      1.79019,
      -1.99713
    ],
    [
      0.590817,
      1.45209,
      -1.63329
    ],
    [
      0.653081,
      1.10579,
      -1.15251
    ],
    [
      0.868441,
      0.827545,
      -0.671719
    ],
    [
      1.18807,
      0.680445,
      -0.190931
    ],
    [
      1.53611,
      0.677443,
      0.0556216
    ],
    [
      1.88475,
      0.696855,
      0.0556216
    ],
    [
      2.23338,
      0.716267,
      0.0556216
    ],
    [
      2.58202,
      0.735678,
      0.0556216
    ],
    [
      2.93065,
      0.75509,
      0.0556216
    ],
    [
      3.27929,
      0.774502,
      0.0556216
    ],
    [
      3.62793,
      0.793914,
      0.0556216
    ],
    [
      3.97656,
      0.813325,
      0.0556216
    ],
    [
      4.3252,
      0.832737,
      0.0556216
    ],
    [
      4.6736,
      0.812929,
      -0.074769
    ],
    [
      5.0218,
      0.786846,
      -0.074769
    ],
    [
      5.37,
      0.760763,
      -0.074769
    ],
    [
      5.7182,
      0.73468,
      -0.074769
    ],
    [
      6.0664,
      0.708596,
      -0.074769
    ],
    [
      6.4146,
      0.682513,
      -0.074769
    ],
    [
      6.7628,
      0.65643,
      -0.074769
    ],
    [
      7.111,
      0.630347,
      -0.074769
    ],
    [
      7.4592,
      0.604263,
      -0.074769
    ],
    [
      7.82893,
      0.67,
      0.360376
    ],
    [
      8.18378,
      0.803719,
      0.360376
    ],
    [
      8.53863,
      0.937438,
      0.360376
    ],
    [
      8.89251,
      1.07353,
      0.443693
    ],
    [
      9.1793,
      1.31523,
      0.956884
    ],
    [
      9.31146,
      1.67708,
      1.48432
    ],
    [
      9.24354,
      2.05628,
      2.01175
    ],
    [
      9.06148,
      2.40086,
      2.05899
    ],
    [
      8.87869,
      2.74506,
      2.05899
    ],
    [
      8.69589,
      3.08926,
      2.05899
    ],
    [
      8.51309,
      3.43347,
      2.05899
    ],
    [
      8.32706,
      3.77581,
      2.15948
    ],
    [
      8.20279,
      4.1738,
      1.58746
    ],
    [
      8.31373,
      4.5757,
      1.01544
    ],
    [
      8.6,
      4.88237,
      0.572021
    ],
    [
      9.0,
      5.0,
      0.0
    ]
  ]
}