{
  "robot": {
    "class": "RectangleRobot",
    "radius": 0.2752595856605779,
    "wheelbase": 0.2539939298133813,
    "max_velocity": 8.735507163945346,
    "max_steering_at_zero_v": 0.47308973425907375,
    "max_steering_at_max_v": 0.162774767664374,
    "acceleration": 5,
    "width": 0.4952462173433787,
    "lenght": 0.24042159262264085
  },
  "planner": {
    "class": "Dubins_pathfinding",
    "start": [
      1.0,
      5.0
    ],
    "goal": [
      9.0,
      5.0
    ],
    "bounds": [
      0,
      10,
      0,
      10
    ],
    "max_runtime": 15.0,
    "goal_threshold": 0.0,
    "interpolate_steps": 50
  },
  "path": [
    [
      1.0,
      5.0,
      0.0
    ],
    [
      1.31829,
      5.11553,
      0.696355
    ],
    [
      1.48837,
      5.40832,
      1.39271
    ],
    [
      1.44222,
      5.74639,
      1.86912
    ],
    [
      1.34066,
      6.07667,
      1.86912
    ],
    [
      1.2391,
      6.40695,
      1.86912
    ],
    [
      1.13753,
      6.73723,
      1.86912
    ],
    [
      1.03597,
      7.06751,
      1.86912
    ],
    [
      0.911656,
      7.38807,
      2.18536
    ],
    [
      0.810782,
      7.67753,
      1.76419
    ],
    [
      0.751286,
      7.98132,
      1.76419
    ],
    [
      0.654773,
      8.27261,
      2.16191
    ],
    [
      0.574392,
      8.61057,
      1.44669
    ],
    [
      0.734904,
      8.91888,
      0.7817
    ],
    [
      0.986786,
      9.1689,
      0.7817
    ],
    [
      1.28009,
      9.35836,
      0.235604
    ],
    [
      1.6249,
      9.31608,
      -0.479615
    ],
    [
      1.96502,
      9.25737,
      -0.0233238
    ],
    [
      2.31411,
      9.24922,
      -0.0233238
    ],
    [
      2.66319,
      9.24108,
      -0.0233238
    ],
    [
      3.01227,
      9.23294,
      -0.0233238
    ],
    [
      3.36135,
      9.22479,
      -0.0233238
    ],
    [
      3.71043,
      9.21665,
      -0.0233238
    ],
    [
      4.05951,
      9.20851,
      -0.0233238
    ],
    [
      4.40859,
      9.20036,
      -0.0233238
    ],
    [
      4.75767,
      9.19222,
      -0.0233238
    ],
    [
      5.09742,
      9.18531,
      -0.0203214
    ],
    [
      5.43717,
      9.17841,
      -0.0203214
    ],
    [
      5.77692,
      9.1715,
      -0.0203214
    ],
    [
      6.11666,
      9.1646,
      -0.0203214
    ],
    [
      6.45641,
      9.15769,
      -0.0203214
    ],
    [
      6.79616,
      9.15079,
      -0.0203214
    ],
    [
      7.13591,
      9.14388,
      -0.0203214
    ],
    [
      7.47565,
      9.13698,
      -0.0203214
    ],
    [
      7.81485,
      9.12297,
      -0.189866
    ],
    [
      8.14635,
      9.05632,
      -0.198458
    ],
    [
      8.47785,
      8.98965,
      -0.198458
    ],
    [
      8.80935,
      8.92299,
      -0.198458
    ],
    [
      9.10826,
      8.77796,
      -0.786126
    ],
    [
      9.2507,
      8.47848,
      -1.46755
    ],
    [
      9.22182,
      8.13205,
      -1.68876
    ],
    [
      9.18083,
      7.78615,
      -1.68876
    ],
    [
      9.13983,
      7.44026,
      -1.68876
    ],
    [
      9.0893,
      7.09614,
      -1.88663
    ],
    [
      8.87827,
      6.82802,
      -2.58857
    ],
    [
      8.64671,
      6.46972,
      -1.72236
    ],
    [
      8.58014,
      6.03386,
      -1.72236
    ],
    [
      8.51357,
      5.598,
      -1.72236
    ],
    [
      8.61485,
      5.18334,
      -0.888555
    ],
    [
      9.0,
      5.0,
      0.0
    ]
  ]
}