{
  "robot": {
    "class": "RectangleRobot",
    "radius": 0.34465753332709476,
    "wheelbase": 0.3641479028607749,
    "max_velocity": 9.058873488861016,
    "max_steering_at_zero_v": 0.4784754989245581,
    "max_steering_at_max_v": 0.19796412700687016,
    "acceleration": 5,
    "width": 0.3641227646917259,
    "lenght": 0.5852946893230143
  },
  "planner": {
    "class": "Dubins_pathfinding",
    "start": [
      1.0,
      5.0
    ],
    "goal": [
      9.0,
      5.0
    ],
    "bounds": [
      0,
      10,
      0,
      10
    ],
    "max_runtime": 15.0,
    "goal_threshold": 0.0,
    "interpolate_steps": 50
  },
  "path": [
    [
      1.0,
      5.0,
      0.0
    ],
    [
      1.33496,
      4.91494,
      -0.49735
    ],
    [
      1.58876,
      4.68038,
      -0.9947
    ],
    [
      1.6999,
      4.35316,
      -1.49205
    ],
    [
      1.64146,
      4.01254,
      -1.9894
    ],
    [
      1.46968,
      3.70868,
      -2.09692
    ],
    [
      1.29433,
      3.40673,
      -2.09692
    ],
    [
      1.11898,
      3.10477,
      -2.09692
    ],
    [
      0.943634,
      2.80282,
      -2.09692
    ],
    [
      0.768285,
      2.50086,
      -2.09692
    ],
    [
      0.673007,
      2.13808,
      -1.59023
    ],
    [
      0.665629,
      1.75856,
      -1.59023
    ],
    [
      0.658251,
      1.37904,
      -1.59023
    ],
    [
      0.705582,
      1.00572,
      -1.19333
    ],
    [
      0.931862,
      0.7067,
      -0.652655
    ],
    [
      1.2491,
      0.570939,
      -0.156068
    ],
    [
      1.59728,
      0.559026,
      -0.0138544
    ],
    [
      1.94588,
      0.554196,
      -0.0138544
    ],
    [
      2.29449,
      0.549366,
      -0.0138544
    ],
    [
      2.6431,
      0.544536,
      -0.0138544
    ],
    [
      2.9917,
      0.539706,
      -0.0138544
    ],
    [
      3.34031,
      0.534876,
      -0.0138544
    ],
    [
      3.68892,
      0.530046,
      -0.0138544
    ],
    [
      4.03752,
      0.524929,
      -0.0424295
    ],
    [
      4.38086,
      0.545773,
      0.074597
    ],
    [
      4.72402,
      0.57142,
      0.074597
    ],
    [
      5.06719,
      0.597067,
      0.074597
    ],
    [
      5.41035,
      0.622714,
      0.074597
    ],
    [
      5.75352,
      0.64836,
      0.074597
    ],
    [
      6.09669,
      0.674007,
      0.074597
    ],
    [
      6.43985,
      0.699654,
      0.074597
    ],
    [
      6.78302,
      0.7253,
      0.074597
    ],
    [
      7.12612,
      0.751607,
      0.118028
    ],
    [
      7.52728,
      0.747252,
      -0.0299909
    ],
    [
      7.92859,
      0.735213,
      -0.0299909
    ],
    [
      8.32989,
      0.723174,
      -0.0299909
    ],
    [
      8.72966,
      0.736663,
      0.240194
    ],
    [
      9.07214,
      0.935547,
      0.812052
    ],
    [
      9.25249,
      1.28813,
      1.38391
    ],
    [
      9.23167,
      1.63144,
      1.87884
    ],
    [
      9.12275,
      1.96141,
      1.88976
    ],
    [
      9.01379,
      2.29136,
      1.88976
    ],
    [
      8.90483,
      2.62131,
      1.88976
    ],
    [
      8.79587,
      2.95126,
      1.88976
    ],
    [
      8.68691,
      3.28121,
      1.88976
    ],
    [
      8.52039,
      3.58251,
      2.31881
    ],
    [
      8.33396,
      4.00188,
      1.71703
    ],
    [
      8.31807,
      4.46491,
      1.33065
    ],
    [
      8.5666,
      4.85026,
      0.665323
    ],
    [
      9.0,
      5.0,
      0.0
    ]
  ]
}