{
  "robot": {
    "class": "RectangleRobot",
    "radius": 0.28487306834782133,
    "wheelbase": 0.20202600413273208,
    "max_velocity": 7.191053709152275,
    "max_steering_at_zero_v": 0.4698514042280654,
    "max_steering_at_max_v": 0.17802499233765723,
    "acceleration": 5,
    "width": 0.4628964665114482,
    "lenght": 0.33217092222352274
  },
  "planner": {
    "class": "Dubins_pathfinding",
    "start": [
      1.0,
      5.0
    ],
    "goal": [
      9.0,
      5.0
    ],
    "bounds": [
      0,
      10,
      0,
      10
    ],
    "max_runtime": 15.0,
    "goal_threshold": 0.0,
    "interpolate_steps": 50
  },
  "path": [
    [
      1.0,
      5.0,
      0.0
    ],
    [
      1.30605,
      4.85636,
      -0.877631
    ],
    [
      1.39111,
      4.52916,
      -1.75526
    ],
    [
      1.29377,
      4.1939,
      -1.85956
    ],
    [
      1.19434,
      3.85918,
      -1.85956
    ],
    [
      1.09491,
      3.52446,
      -1.85956
    ],
    [
      0.995476,
      3.18974,
      -1.85956
    ],
    [
      0.896044,
      2.85502,
      -1.85956
    ],
    [
      0.796612,
      2.5203,
      -1.85956
    ],
    [
      0.697179,
      2.18558,
      -1.85956
    ],
    [
      0.682634,
      1.83354,
      -1.56267
    ],
    [
      0.685507,
      1.47992,
      -1.56267
    ],
    [
      0.694271,
      1.12669,
      -1.39034
    ],
    [
      0.894403,
      0.849224,
      -0.501502
    ],
    [
      1.22648,
      0.703258,
      -0.409497
    ],
    [
      1.55927,
      0.558815,
      -0.409497
    ],
    [
      1.90393,
      0.462178,
      0.0898251
    ],
    [
      2.20338,
      0.644028,
      1.00167
    ],
    [
      2.5409,
      0.827476,
      -0.0059563
    ],
    [
      2.94168,
      0.817865,
      -0.0241402
    ],
    [
      3.34234,
      0.812692,
      0.126394
    ],
    [
      3.68373,
      0.789529,
      -0.096519
    ],
    [
      4.0249,
      0.756497,
      -0.096519
    ],
    [
      4.36606,
      0.723465,
      -0.096519
    ],
    [
      4.70723,
      0.690433,
      -0.096519
    ],
    [
      5.0484,
      0.657401,
      -0.096519
    ],
    [
      5.38957,
      0.624369,
      -0.096519
    ],
    [
      5.73074,
      0.591338,
      -0.096519
    ],
    [
      6.0715,
      0.555392,
      -0.218135
    ],
    [
      6.44644,
      0.502437,
      -0.136838
    ],
    [
      6.82159,
      0.450779,
      -0.136838
    ],
    [
      7.19675,
      0.399121,
      -0.136838
    ],
    [
      7.57224,
      0.375101,
      0.236637
    ],
    [
      7.94676,
      0.459649,
      0.0416857
    ],
    [
      8.22029,
      0.583514,
      0.745601
    ],
    [
      8.44625,
      0.792162,
      0.745601
    ],
    [
      8.6722,
      1.00081,
      0.745601
    ],
    [
      8.89815,
      1.20946,
      0.745601
    ],
    [
      9.1241,
      1.41811,
      0.745601
    ],
    [
      9.32955,
      1.64411,
      1.11377
    ],
    [
      9.35069,
      1.94332,
      1.88679
    ],
    [
      9.24221,
      2.24272,
      1.91904
    ],
    [
      9.13354,
      2.54206,
      1.91904
    ],
    [
      9.02487,
      2.8414,
      1.91904
    ],
    [
      8.9162,
      3.14073,
      1.91904
    ],
    [
      8.80753,
      3.44007,
      1.91904
    ],
    [
      8.71221,
      3.74296,
      1.65532
    ],
    [
      8.64726,
      4.2358,
      1.70272
    ],
    [
      8.62251,
      4.72781,
      1.24943
    ],
    [
      9.0,
      5.0,
      0.0
    ]
  ]
}