{
  "robot": {
    "class": "RectangleRobot",
    "radius": 0.3389179539504096,
    "wheelbase": 0.3622535701493857,
    "max_velocity": 8.394949175762608,
    "max_steering_at_zero_v": 0.4904624770520965,
    "max_steering_at_max_v": 0.25394950940912364,
    "acceleration": 5,
    "width": 0.5106823872937449,
    "lenght": 0.4457185405025119
  },
  "planner": {
    "class": "Dubins_pathfinding",
    "start": [
      1.0,
      5.0
    ],
    "goal": [
      9.0,
      5.0
    ],
    "bounds": [
      0,
      10,
      0,
      10
    ],
    "max_runtime": 15.0,
    "goal_threshold": 0.0,
    "interpolate_steps": 50
  },
  "path": [
    [
      1.0,
      5.0,
      0.0
    ],
    [
      1.33396,
      5.0879,
      0.514706
    ],
    [
      1.58139,
      5.3288,
      1.02941
    ],
    [
      1.67816,
      5.6603,
      1.54412
    ],
    [
      1.60083,
      5.99726,
      1.98601
    ],
    [
      1.45998,
      6.31676,
      1.98601
    ],
    [
      1.31913,
      6.63627,
      1.98601
    ],
    [
      1.17827,
      6.95578,
      1.98601
    ],
    [
      1.03742,
      7.27528,
      1.98601
    ],
    [
      0.896571,
      7.59479,
      1.98601
    ],
    [
      0.809101,
      7.92027,
      1.79777
    ],
    [
      0.733139,
      8.24917,
      1.79777
    ],
    [
      0.661091,
      8.57883,
      1.68934
    ],
    [
      0.708874,
      8.92085,
      1.17463
    ],
    [
      0.918832,
      9.19503,
      0.659924
    ],
    [
      1.23656,
      9.33032,
      0.145219
    ],
    [
      1.58534,
      9.34274,
      0.0204706
    ],
    [
      1.93444,
      9.34988,
      0.0204706
    ],
    [
      2.28354,
      9.35703,
      0.0204706
    ],
    [
      2.63264,
      9.36418,
      0.0204706
    ],
    [
      2.98175,
      9.37133,
      0.0204706
    ],
    [
      3.33085,
      9.37847,
      0.0204706
    ],
    [
      3.68003,
      9.37898,
      0.00107656
    ],
    [
      4.0292,
      9.37935,
      0.00107656
    ],
    [
      4.37838,
      9.37973,
      0.00107656
    ],
    [
      4.72755,
      9.3801,
      0.00107656
    ],
    [
      5.07673,
      9.38048,
      0.00107656
    ],
    [
      5.42591,
      9.38086,
      0.00107656
    ],
    [
      5.77508,
      9.38123,
      0.00107656
    ],
    [
      6.12426,
      9.38161,
      0.00107656
    ],
    [
      6.47343,
      9.38198,
      0.00107656
    ],
    [
      6.84842,
      9.38766,
      0.015306
    ],
    [
      7.22341,
      9.3934,
      0.015306
    ],
    [
      7.5984,
      9.39914,
      0.015306
    ],
    [
      7.97339,
      9.40488,
      0.015306
    ],
    [
      8.3483,
      9.40672,
      -0.0918404
    ],
    [
      8.67514,
      9.28694,
      -0.610762
    ],
    [
      8.89955,
      9.02082,
      -1.12968
    ],
    [
      9.01228,
      8.68754,
      -1.2613
    ],
    [
      9.1195,
      8.35223,
      -1.2613
    ],
    [
      9.22673,
      8.01692,
      -1.2613
    ],
    [
      9.27185,
      7.67123,
      -1.69323
    ],
    [
      9.13016,
      7.33266,
      -2.24108
    ],
    [
      8.85849,
      7.07977,
      -2.4217
    ],
    [
      8.57424,
      6.84081,
      -2.57292
    ],
    [
      8.29402,
      6.47772,
      -1.88325
    ],
    [
      8.2837,
      6.01438,
      -1.46887
    ],
    [
      8.334,
      5.5493,
      -1.37932
    ],
    [
      8.56835,
      5.15504,
      -0.689661
    ],
    [
      9.0,
      5.0,
      0.0
    ]
  ]
}