{
  "robot": {
    "class": "RectangleRobot",
    "radius": 0.443335358176755,
    "wheelbase": 0.28602058878591125,
    "max_velocity": 9.85080147680041,
    "max_steering_at_zero_v": 0.41849840977860187,
    "max_steering_at_max_v": 0.16034045209462786,
    "acceleration": 5,
    "width": 0.57629591224884,
    "lenght": 0.6738456653894302
  },
  "planner": {
    "class": "Dubins_pathfinding",
    "start": [
      1.0,
      5.0
    ],
    "goal": [
      9.0,
      5.0
    ],
    "bounds": [
      0,
      10,
      0,
      10
    ],
    "max_runtime": 15.0,
    "goal_threshold": 0.0,
    "interpolate_steps": 50
  },
  "path": [
    [
      1.0,
      5.0,
      0.0
    ],
    [
      1.3633,
      4.88754,
      -0.600375
    ],
    [
      1.59954,
      4.5895,
      -1.20075
    ],
    [
      1.62609,
      4.21012,
      -1.80113
    ],
    [
      1.43807,
      3.87806,
      -2.26524
    ],
    [
      1.19099,
      3.58139,
      -2.26524
    ],
    [
      0.955568,
      3.27632,
      -2.05375
    ],
    [
      0.861362,
      2.95059,
      -1.78338
    ],
    [
      0.789546,
      2.61787,
      -1.78338
    ],
    [
      0.717729,
      2.28514,
      -1.78338
    ],
    [
      0.645913,
      1.95242,
      -1.78338
    ],
    [
      0.574097,
      1.61969,
      -1.78338
    ],
    [
      0.503199,
      1.28679,
      -1.72942
    ],
    [
      0.542045,
      0.944081,
      -1.18644
    ],
    [
      0.752377,
      0.670735,
      -0.643457
    ],
    [
      1.07369,
      0.545381,
      -0.100475
    ],
    [
      1.42008,
      0.578837,
      0.157455
    ],
    [
      1.76493,
      0.63359,
      0.157455
    ],
    [
      2.10979,
      0.688342,
      0.157455
    ],
    [
      2.45465,
      0.743095,
      0.157455
    ],
    [
      2.7995,
      0.797848,
      0.157455
    ],
    [
      3.13209,
      0.895072,
      0.528963
    ],
    [
      3.50921,
      0.980805,
      -0.081892
    ],
    [
      3.89775,
      0.923179,
      -0.151166
    ],
    [
      4.2861,
      0.864024,
      -0.151166
    ],
    [
      4.67444,
      0.804869,
      -0.151166
    ],
    [
      5.06278,
      0.745713,
      -0.151166
    ],
    [
      5.45113,
      0.686558,
      -0.151166
    ],
    [
      5.83947,
      0.627402,
      -0.151166
    ],
    [
      6.22781,
      0.568247,
      -0.151166
    ],
    [
      6.59225,
      0.577743,
      0.068422
    ],
    [
      6.95677,
      0.602723,
      0.068422
    ],
    [
      7.32128,
      0.627703,
      0.068422
    ],
    [
      7.68579,
      0.652682,
      0.068422
    ],
    [
      8.05031,
      0.677662,
      0.068422
    ],
    [
      8.41482,
      0.702642,
      0.068422
    ],
    [
      8.77262,
      0.764128,
      0.408733
    ],
    [
      9.04076,
      0.98106,
      0.951715
    ],
    [
      9.15828,
      1.30533,
      1.48423
    ],
    [
      9.18847,
      1.6532,
      1.48423
    ],
    [
      9.21866,
      2.00107,
      1.48423
    ],
    [
      9.24886,
      2.34894,
      1.48423
    ],
    [
      9.27905,
      2.69681,
      1.48423
    ],
    [
      9.30335,
      3.04492,
      1.61961
    ],
    [
      9.19476,
      3.37228,
      2.16259
    ],
    [
      8.93264,
      3.59645,
      2.70557
    ],
    [
      8.54013,
      3.90741,
      2.34481
    ],
    [
      8.35695,
      4.36181,
      1.56321
    ],
    [
      8.54701,
      4.81337,
      0.781604
    ],
    [
      9.0,
      5.0,
      0.0
    ]
  ]
}