{
  "robot": {
    "class": "RectangleRobot",
    "radius": 0.30418172076524647,
    "wheelbase": 0.4686708828024102,
    "max_velocity": 8.180961622613788,
    "max_steering_at_zero_v": 0.4859210032550004,
    "max_steering_at_max_v": 0.21989678252382128,
    "acceleration": 5,
    "width": 0.28393625316960996,
    "lenght": 0.5380392932926261
  },
  "planner": {
    "class": "Dubins_pathfinding",
    "start": [
      1.0,
      5.0
    ],
    "goal": [
      9.0,
      5.0
    ],
    "bounds": [
      0,
      10,
      0,
      10
    ],
    "max_runtime": 15.0,
    "goal_threshold": 0.0,
    "interpolate_steps": 50
  },
  "path": [
    [
      1.0,
      5.0,
      0.0
    ],
    [
      1.34023,
      4.93218,
      -0.393498
    ],
    [
      1.62846,
      4.73909,
      -0.786996
    ],
    [
      1.82063,
      4.45025,
      -1.18049
    ],
    [
      1.88736,
      4.1098,
      -1.57399
    ],
    [
      1.81846,
      3.76978,
      -1.96749
    ],
    [
      1.63835,
      3.47144,
      -2.16195
    ],
    [
      1.44374,
      3.18152,
      -2.16195
    ],
    [
      1.25055,
      2.89069,
      -2.1004
    ],
    [
      1.1372,
      2.56281,
      -1.7069
    ],
    [
      1.00825,
      2.20929,
      -2.13421
    ],
    [
      0.800637,
      1.892,
      -2.13582
    ],
    [
      0.669351,
      1.52516,
      -1.69313
    ],
    [
      0.707863,
      1.13744,
      -1.25045
    ],
    [
      0.908747,
      0.803598,
      -0.807764
    ],
    [
      1.23327,
      0.587987,
      -0.365079
    ],
    [
      1.61895,
      0.529463,
      -0.000616934
    ],
    [
      2.01177,
      0.529221,
      -0.000616934
    ],
    [
      2.4046,
      0.528978,
      -0.000616934
    ],
    [
      2.79742,
      0.528736,
      -0.000616934
    ],
    [
      3.14654,
      0.535126,
      0.018778
    ],
    [
      3.49565,
      0.541682,
      0.018778
    ],
    [
      3.84477,
      0.548238,
      0.018778
    ],
    [
      4.19388,
      0.554795,
      0.018778
    ],
    [
      4.54299,
      0.561351,
      0.018778
    ],
    [
      4.89211,
      0.567908,
      0.018778
    ],
    [
      5.24122,
      0.574464,
      0.018778
    ],
    [
      5.59034,
      0.581021,
      0.018778
    ],
    [
      5.93882,
      0.596963,
      0.164433
    ],
    [
      6.325,
      0.611034,
      0.00858639
    ],
    [
      6.71182,
      0.614355,
      0.00858639
    ],
    [
      7.09865,
      0.617677,
      0.00858639
    ],
    [
      7.48548,
      0.620999,
      0.00858639
    ],
    [
      7.8723,
      0.62432,
      0.00858639
    ],
    [
      8.25913,
      0.627642,
      0.00858639
    ],
    [
      8.6451,
      0.643944,
      0.17989
    ],
    [
      8.99891,
      0.792641,
      0.615833
    ],
    [
      9.23747,
      1.04453,
      1.00933
    ],
    [
      9.36121,
      1.36864,
      1.40283
    ],
    [
      9.35123,
      1.71543,
      1.79633
    ],
    [
      9.21139,
      2.03337,
      2.11061
    ],
    [
      9.03192,
      2.3329,
      2.11061
    ],
    [
      8.85245,
      2.63242,
      2.11061
    ],
    [
      8.67298,
      2.93194,
      2.11061
    ],
    [
      8.49351,
      3.23147,
      2.11061
    ],
    [
      8.31405,
      3.53099,
      2.11061
    ],
    [
      8.12081,
      3.99244,
      1.70667
    ],
    [
      8.19453,
      4.48498,
      1.13778
    ],
    [
      8.52198,
      4.86024,
      0.56889
    ],
    [
      9.0,
      5.0,
      0.0
    ]
  ]
}