{
  "robot": {
    "class": "RectangleRobot",
    "radius": 0.23554360245060713,
    "wheelbase": 0.536593066504646,
    "max_velocity": 11.000455812381144,
    "max_steering_at_zero_v": 0.4808157036152496,
    "max_steering_at_max_v": 0.2135131182688297,
    "acceleration": 5,
    "width": 0.2895681693041855,
    "lenght": 0.3715823326632487
  },
  "planner": {
    "class": "Dubins_pathfinding",
    "start": [
      1.0,
      5.0
    ],
    "goal": [
      9.0,
      5.0
    ],
    "bounds": [
      0,
      10,
      0,
      10
    ],
    "max_runtime": 15.0,
    "goal_threshold": 0.0,
    "interpolate_steps": 50
  },
  "path": [
    [
      1.0,
      5.0,
      0.0
    ],
    [
      1.34251,
      4.9413,
      -0.339451
    ],
    [
      1.64593,
      4.77191,
      -0.678902
    ],
    [
      1.87563,
      4.51115,
      -1.01835
    ],
    [
      2.00541,
      4.18879,
      -1.3578
    ],
    [
      2.02044,
      3.84161,
      -1.69726
    ],
    [
      1.91901,
      3.50924,
      -2.03671
    ],
    [
      1.73268,
      3.21418,
      -2.15447
    ],
    [
      1.54025,
      2.92281,
      -2.15447
    ],
    [
      1.34782,
      2.63145,
      -2.15447
    ],
    [
      1.11178,
      2.37643,
      -2.42726
    ],
    [
      0.863477,
      2.13252,
      -2.22187
    ],
    [
      0.702685,
      1.82479,
      -1.88272
    ],
    [
      0.653428,
      1.4811,
      -1.54357
    ],
    [
      0.72132,
      1.1406,
      -1.20441
    ],
    [
      0.898626,
      0.842085,
      -0.865255
    ],
    [
      1.16514,
      0.619561,
      -0.5261
    ],
    [
      1.49051,
      0.498382,
      -0.186945
    ],
    [
      1.83766,
      0.492352,
      0.152209
    ],
    [
      2.22968,
      0.514385,
      0.0395327
    ],
    [
      2.62219,
      0.529911,
      0.0395327
    ],
    [
      3.01471,
      0.545436,
      0.0395327
    ],
    [
      3.40723,
      0.560961,
      0.0395327
    ],
    [
      3.79974,
      0.576487,
      0.0395327
    ],
    [
      4.19226,
      0.592012,
      0.0395327
    ],
    [
      4.58477,
      0.607537,
      0.0395327
    ],
    [
      4.97729,
      0.623063,
      0.0395327
    ],
    [
      5.32593,
      0.642489,
      0.0560659
    ],
    [
      5.67455,
      0.662055,
      0.0560659
    ],
    [
      6.02318,
      0.681622,
      0.0560659
    ],
    [
      6.37181,
      0.701189,
      0.0560659
    ],
    [
      6.72044,
      0.720755,
      0.0560659
    ],
    [
      7.06906,
      0.740322,
      0.0560659
    ],
    [
      7.41769,
      0.759888,
      0.0560659
    ],
    [
      7.76632,
      0.779455,
      0.0560659
    ],
    [
      8.11495,
      0.799022,
      0.0560659
    ],
    [
      8.49354,
      0.894486,
      0.437948
    ],
    [
      8.80928,
      1.12416,
      0.819831
    ],
    [
      9.01668,
      1.45496,
      1.20171
    ],
    [
      9.08587,
      1.83922,
      1.5836
    ],
    [
      9.00687,
      2.22159,
      1.96548
    ],
    [
      8.79665,
      2.55164,
      2.22835
    ],
    [
      8.55656,
      2.86256,
      2.22835
    ],
    [
      8.31648,
      3.17347,
      2.22835
    ],
    [
      8.07797,
      3.5153,
      2.03013
    ],
    [
      7.97281,
      3.91655,
      1.6241
    ],
    [
      8.03468,
      4.3267,
      1.21808
    ],
    [
      8.25351,
      4.67907,
      0.81205
    ],
    [
      8.59372,
      4.91637,
      0.406025
    ],
    [
      9.0,
      5.0,
      0.0
    ]
  ]
}