{
  "robot": {
    "class": "RectangleRobot",
    "radius": 0.3763932420543328,
    "wheelbase": 0.35961515844981157,
    "max_velocity": 8.082042582959971,
    "max_steering_at_zero_v": 0.4644750896392645,
    "max_steering_at_max_v": 0.2372306194656443,
    "acceleration": 5,
    "width": 0.6930513722890477,
    "lenght": 0.29388311626385405
  },
  "planner": {
    "class": "Dubins_pathfinding",
    "start": [
      1.0,
      5.0
    ],
    "goal": [
      9.0,
      5.0
    ],
    "bounds": [
      0,
      10,
      0,
      10
    ],
    "max_runtime": 15.0,
    "goal_threshold": 0.0,
    "interpolate_steps": 50
  },
  "path": [
    [
      1.0,
      5.0,
      0.0
    ],
    [
      1.3735,
      5.10484,
      0.547302
    ],
    [
      1.63789,
      5.38873,
      1.0946
    ],
    [
      1.71593,
      5.76874,
      1.64191
    ],
    [
      1.59649,
      6.14008,
      1.99713
    ],
    [
      1.43404,
      6.49774,
      1.99713
    ],
    [
      1.27159,
      6.8554,
      1.99713
    ],
    [
      1.10915,
      7.21306,
      1.99713
    ],
    [
      0.946699,
      7.57072,
      1.99713
    ],
    [
      0.802245,
      7.88228,
      2.00501
    ],
    [
      0.65777,
      8.19383,
      2.00501
    ],
    [
      0.515385,
      8.50628,
      1.92537
    ],
    [
      0.476238,
      8.84417,
      1.44691
    ],
    [
      0.618183,
      9.19127,
      0.918298
    ],
    [
      0.915808,
      9.41941,
      0.389691
    ],
    [
      1.28787,
      9.4663,
      -0.138916
    ],
    [
      1.653,
      9.36454,
      -0.294757
    ],
    [
      2.01605,
      9.25432,
      -0.294757
    ],
    [
      2.37909,
      9.1441,
      -0.294757
    ],
    [
      2.74213,
      9.03388,
      -0.294757
    ],
    [
      3.11005,
      8.9466,
      -0.0388595
    ],
    [
      3.45837,
      8.97858,
      0.116173
    ],
    [
      3.80614,
      9.01917,
      0.116173
    ],
    [
      4.15391,
      9.05975,
      0.116173
    ],
    [
      4.50167,
      9.10033,
      0.116173
    ],
    [
      4.84944,
      9.14092,
      0.116173
    ],
    [
      5.19721,
      9.1815,
      0.116173
    ],
    [
      5.54515,
      9.2202,
      0.0434227
    ],
    [
      5.94412,
      9.22093,
      0.000153082
    ],
    [
      6.34311,
      9.22099,
      0.000153082
    ],
    [
      6.74209,
      9.22105,
      0.000153082
    ],
    [
      7.14108,
      9.22111,
      0.000153082
    ],
    [
      7.54006,
      9.22117,
      0.000153082
    ],
    [
      7.93895,
      9.21799,
      -0.0950004
    ],
    [
      8.31853,
      9.14427,
      -0.202526
    ],
    [
      8.69557,
      9.05927,
      -0.346523
    ],
    [
      9.00747,
      8.83849,
      -0.885428
    ],
    [
      9.16187,
      8.48893,
      -1.42433
    ],
    [
      9.11499,
      8.10969,
      -1.96324
    ],
    [
      8.88012,
      7.80825,
      -2.50214
    ],
    [
      8.52385,
      7.67007,
      -3.04105
    ],
    [
      8.11938,
      7.49269,
      -2.41556
    ],
    [
      7.89533,
      7.11207,
      -1.79007
    ],
    [
      7.93378,
      6.67134,
      -1.25533
    ],
    [
      8.07306,
      6.24455,
      -1.25533
    ],
    [
      8.21235,
      5.81777,
      -1.25533
    ],
    [
      8.35943,
      5.39397,
      -1.1028
    ],
    [
      8.67027,
      5.08022,
      -0.477311
    ],
    [
      8.67027,
      5.08022,
      -0.477311
    ],
    [
      9.0,
      5.0,
      0.0
    ]
  ]
}