{
  "robot": {
    "class": "RectangleRobot",
    "radius": 0.2682193043807269,
    "wheelbase": 0.42376726156530425,
    "max_velocity": 12.965968315118186,
    "max_steering_at_zero_v": 0.4122284844335939,
    "max_steering_at_max_v": 0.17716914399153863,
    "acceleration": 5,
    "width": 0.21763072174754036,
    "lenght": 0.49030934105069696
  },
  "planner": {
    "class": "Dubins_pathfinding",
    "start": [
      1.0,
      5.0
    ],
    "goal": [
      9.0,
      5.0
    ],
    "bounds": [
      0,
      10,
      0,
      10
    ],
    "max_runtime": 15.0,
    "goal_threshold": 0.0,
    "interpolate_steps": 50
  },
  "path": [
    [
      1.0,
      5.0,
      0.0
    ],
    [
      1.34167,
      5.06223,
      0.360313
    ],
    [
      1.63946,
      5.24092,
      0.720626
    ],
    [
      1.85513,
      5.51313,
      1.08094
    ],
    [
      1.96097,
      5.8439,
      1.44125
    ],
    [
      1.9434,
      6.19075,
      1.80157
    ],
    [
      1.81699,
      6.51551,
      1.99257
    ],
    [
      1.67405,
      6.83409,
      1.99257
    ],
    [
      1.52779,
      7.15106,
      2.07971
    ],
    [
      1.30698,
      7.41911,
      2.44002
    ],
    [
      1.06392,
      7.72417,
      2.10496
    ],
    [
      0.864161,
      8.06187,
      2.10496
    ],
    [
      0.705392,
      8.41847,
      1.79935
    ],
    [
      0.695215,
      8.80802,
      1.39448
    ],
    [
      0.839299,
      9.17008,
      0.98962
    ],
    [
      1.11435,
      9.44611,
      0.584756
    ],
    [
      1.47589,
      9.59149,
      0.179891
    ],
    [
      1.86547,
      9.58271,
      -0.224974
    ],
    [
      2.21184,
      9.54043,
      -0.0996879
    ],
    [
      2.55928,
      9.50568,
      -0.0996879
    ],
    [
      2.90672,
      9.47093,
      -0.0996879
    ],
    [
      3.25417,
      9.43618,
      -0.0996879
    ],
    [
      3.60161,
      9.40143,
      -0.0996879
    ],
    [
      3.94905,
      9.36668,
      -0.0996879
    ],
    [
      4.2965,
      9.33192,
      -0.0996879
    ],
    [
      4.64394,
      9.29717,
      -0.0996879
    ],
    [
      4.99138,
      9.26242,
      -0.0996879
    ],
    [
      5.38376,
      9.27024,
      0.0461186
    ],
    [
      5.77617,
      9.28835,
      0.0461186
    ],
    [
      6.16857,
      9.30646,
      0.0461186
    ],
    [
      6.56098,
      9.32457,
      0.0461186
    ],
    [
      6.95338,
      9.34268,
      0.0461186
    ],
    [
      7.34579,
      9.36079,
      0.0461186
    ],
    [
      7.73819,
      9.3789,
      0.0461186
    ],
    [
      8.1306,
      9.39701,
      0.0461186
    ],
    [
      8.47478,
      9.3506,
      -0.314195
    ],
    [
      8.78049,
      9.18582,
      -0.674508
    ],
    [
      9.00847,
      8.92384,
      -1.03482
    ],
    [
      9.12945,
      8.59831,
      -1.39513
    ],
    [
      9.12789,
      8.25102,
      -1.75545
    ],
    [
      9.00425,
      7.92643,
      -2.09092
    ],
    [
      8.83071,
      7.62343,
      -2.09092
    ],
    [
      8.65718,
      7.32043,
      -2.09092
    ],
    [
      8.48364,
      7.01743,
      -2.09092
    ],
    [
      8.2617,
      6.62993,
      -2.09092
    ],
    [
      8.06665,
      6.22984,
      -1.84322
    ],
    [
      8.04805,
      5.78761,
      -1.38242
    ],
    [
      8.22805,
      5.38324,
      -0.92161
    ],
    [
      8.56907,
      5.10108,
      -0.460805
    ],
    [
      9.0,
      5.0,
      0.0
    ]
  ]
}