{
  "robot": {
    "class": "RectangleRobot",
    "radius": 0.254013584860226,
    "wheelbase": 0.35310976657044035,
    "max_velocity": 10.018982942233563,
    "max_steering_at_zero_v": 0.36298704275597743,
    "max_steering_at_max_v": 0.18729987281782898,
    "acceleration": 5,
    "width": 0.15063726249562576,
    "lenght": 0.48518039977105104
  },
  "planner": {
    "class": "Dubins_pathfinding",
    "start": [
      1.0,
      5.0
    ],
    "goal": [
      9.0,
      5.0
    ],
    "bounds": [
      0,
      10,
      0,
      10
    ],
    "max_runtime": 15.0,
    "goal_threshold": 0.0,
    "interpolate_steps": 50
  },
  "path": [
    [
      1.0,
      5.0,
      0.0
    ],
    [
      1.38124,
      4.91824,
      -0.422534
    ],
    [
      1.69542,
      4.68733,
      -0.845068
    ],
    [
      1.88728,
      4.34789,
      -1.2676
    ],
    [
      1.92307,
      3.95963,
      -1.69014
    ],
    [
      1.79773,
      3.59016,
      -2.05763
    ],
    [
      1.61396,
      3.24297,
      -2.05763
    ],
    [
      1.43018,
      2.89579,
      -2.05763
    ],
    [
      1.24641,
      2.5486,
      -2.05763
    ],
    [
      0.995788,
      2.24991,
      -2.48017
    ],
    [
      0.675897,
      2.02364,
      -2.37384
    ],
    [
      0.458393,
      1.70004,
      -1.9513
    ],
    [
      0.392719,
      1.3157,
      -1.52877
    ],
    [
      0.490427,
      0.938236,
      -1.10624
    ],
    [
      0.734331,
      0.634034,
      -0.683702
    ],
    [
      1.08153,
      0.456604,
      -0.261168
    ],
    [
      1.47095,
      0.437156,
      0.161366
    ],
    [
      1.86255,
      0.466567,
      0.0636755
    ],
    [
      2.25458,
      0.491563,
      0.0636755
    ],
    [
      2.64661,
      0.516559,
      0.0636755
    ],
    [
      3.03863,
      0.541556,
      0.0636755
    ],
    [
      3.43066,
      0.566552,
      0.0636755
    ],
    [
      3.82269,
      0.591548,
      0.0636755
    ],
    [
      4.21472,
      0.616545,
      0.0636755
    ],
    [
      4.60674,
      0.641541,
      0.0636755
    ],
    [
      4.99532,
      0.637991,
      -0.0168958
    ],
    [
      5.38393,
      0.631425,
      -0.0168958
    ],
    [
      5.77253,
      0.624859,
      -0.0168958
    ],
    [
      6.16114,
      0.618292,
      -0.0168958
    ],
    [
      6.54974,
      0.611726,
      -0.0168958
    ],
    [
      6.93835,
      0.605159,
      -0.0168958
    ],
    [
      7.32696,
      0.598593,
      -0.0168958
    ],
    [
      7.71545,
      0.589415,
      -0.0918842
    ],
    [
      8.09166,
      0.482407,
      -0.304455
    ],
    [
      8.47987,
      0.446125,
      0.118079
    ],
    [
      8.84883,
      0.57223,
      0.540613
    ],
    [
      9.13362,
      0.838542,
      0.963147
    ],
    [
      9.28415,
      1.19822,
      1.38568
    ],
    [
      9.27396,
      1.58799,
      1.80822
    ],
    [
      9.10482,
      1.93931,
      2.23075
    ],
    [
      8.8065,
      2.19036,
      2.65328
    ],
    [
      8.50817,
      2.44142,
      2.23075
    ],
    [
      8.33904,
      2.79274,
      1.80822
    ],
    [
      8.25123,
      3.17562,
      1.79605
    ],
    [
      8.16349,
      3.55852,
      1.79605
    ],
    [
      8.0792,
      3.94211,
      1.70915
    ],
    [
      8.10761,
      4.33098,
      1.28661
    ],
    [
      8.29298,
      4.674,
      0.864077
    ],
    [
      8.60271,
      4.91084,
      0.441543
    ],
    [
      9.0,
      5.0,
      0.0
    ]
  ]
}