{
  "robot": {
    "class": "RectangleRobot",
    "radius": 0.21659953867750562,
    "wheelbase": 0.5016185199191759,
    "max_velocity": 8.32165068501092,
    "max_steering_at_zero_v": 0.5108399554358767,
    "max_steering_at_max_v": 0.15982140661172625,
    "acceleration": 5,
    "width": 0.12920382639471545,
    "lenght": 0.41348254118668326
  },
  "planner": {
    "class": "Dubins_pathfinding",
    "start": [
      1.0,
      5.0
    ],
    "goal": [
      9.0,
      5.0
    ],
    "bounds": [
      0,
      10,
      0,
      10
    ],
    "max_runtime": 15.0,
    "goal_threshold": 0.0,
    "interpolate_steps": 50
  },
  "path": [
    [
      1.0,
      5.0,
      0.0
    ],
    [
      1.38668,
      4.91216,
      -0.446753
    ],
    [
      1.69746,
      4.66588,
      -0.893507
    ],
    [
      1.87133,
      4.3095,
      -1.34026
    ],
    [
      1.87417,
      3.91298,
      -1.78701
    ],
    [
      1.75857,
      3.53029,
      -1.8723
    ],
    [
      1.63986,
      3.14847,
      -1.86314
    ],
    [
      1.45185,
      2.81189,
      -2.2973
    ],
    [
      1.1445,
      2.57704,
      -2.58316
    ],
    [
      0.819426,
      2.36464,
      -2.45031
    ],
    [
      0.58231,
      2.06065,
      -2.01615
    ],
    [
      0.495066,
      1.68512,
      -1.58199
    ],
    [
      0.575633,
      1.30386,
      -1.14309
    ],
    [
      0.810578,
      0.99298,
      -0.704184
    ],
    [
      1.15537,
      0.811401,
      -0.26528
    ],
    [
      1.54485,
      0.765899,
      -0.075166
    ],
    [
      1.93656,
      0.7364,
      -0.075166
    ],
    [
      2.32828,
      0.7069,
      -0.075166
    ],
    [
      2.71999,
      0.677401,
      -0.075166
    ],
    [
      3.1117,
      0.647902,
      -0.075166
    ],
    [
      3.47169,
      0.672024,
      0.108767
    ],
    [
      3.83095,
      0.711255,
      0.108767
    ],
    [
      4.19021,
      0.750486,
      0.108767
    ],
    [
      4.54947,
      0.789717,
      0.108767
    ],
    [
      4.90874,
      0.828948,
      0.108767
    ],
    [
      5.2682,
      0.865804,
      0.0357935
    ],
    [
      5.64075,
      0.838779,
      -0.0919346
    ],
    [
      6.01295,
      0.804464,
      -0.0919346
    ],
    [
      6.38514,
      0.77015,
      -0.0919346
    ],
    [
      6.75734,
      0.735836,
      -0.0919346
    ],
    [
      7.12515,
      0.676244,
      -0.331563
    ],
    [
      7.44334,
      0.485349,
      -0.749182
    ],
    [
      7.7559,
      0.296415,
      -0.33823
    ],
    [
      8.11791,
      0.248072,
      0.0727221
    ],
    [
      8.46909,
      0.348371,
      0.483674
    ],
    [
      8.75096,
      0.58061,
      0.894626
    ],
    [
      8.91806,
      0.905655,
      1.24695
    ],
    [
      9.0351,
      1.25434,
      1.24695
    ],
    [
      9.08107,
      1.61667,
      1.65
    ],
    [
      8.9785,
      1.96719,
      2.06095
    ],
    [
      8.74444,
      2.24755,
      2.4719
    ],
    [
      8.41786,
      2.41107,
      2.88285
    ],
    [
      8.03005,
      2.62777,
      2.38125
    ],
    [
      7.7942,
      3.00424,
      1.87964
    ],
    [
      7.76843,
      3.44774,
      1.37804
    ],
    [
      7.92579,
      3.86719,
      1.16797
    ],
    [
      8.10178,
      4.2802,
      1.16797
    ],
    [
      8.31035,
      4.67545,
      0.879698
    ],
    [
      8.66961,
      4.93679,
      0.378094
    ],
    [
      9.0,
      5.0,
      0.0
    ]
  ]
}