{
  "robot": {
    "class": "RectangleRobot",
    "radius": 0.3989384239203119,
    "wheelbase": 0.20576252208751972,
    "max_velocity": 10.776136415672504,
    "max_steering_at_zero_v": 0.4002780404060886,
    "max_steering_at_max_v": 0.19409124418838994,
    "acceleration": 5,
    "width": 0.5571227320668839,
    "lenght": 0.5711582317838211
  },
  "planner": {
    "class": "Dubins_pathfinding",
    "start": [
      1.0,
      5.0
    ],
    "goal": [
      9.0,
      5.0
    ],
    "bounds": [
      0,
      10,
      0,
      10
    ],
    "max_runtime": 15.0,
    "goal_threshold": 0.0,
    "interpolate_steps": 50
  },
  "path": [
    [
      1.0,
      5.0,
      0.0
    ],
    [
      1.30603,
      4.89163,
      -0.680662
    ],
    [
      1.47567,
      4.61483,
      -1.36132
    ],
    [
      1.43435,
      4.29248,
      -1.9733
    ],
    [
      1.30469,
      3.98792,
      -1.9733
    ],
    [
      1.17503,
      3.68337,
      -1.9733
    ],
    [
      1.04537,
      3.37882,
      -1.9733
    ],
    [
      0.945035,
      3.0657,
      -1.6182
    ],
    [
      0.86816,
      2.70461,
      -1.80298
    ],
    [
      0.783111,
      2.34492,
      -1.80298
    ],
    [
      0.698063,
      1.98523,
      -1.80298
    ],
    [
      0.613014,
      1.62554,
      -1.80298
    ],
    [
      0.527965,
      1.26585,
      -1.80298
    ],
    [
      0.492203,
      0.902135,
      -1.35073
    ],
    [
      0.695938,
      0.604393,
      -0.590685
    ],
    [
      1.04874,
      0.528952,
      0.169359
    ],
    [
      1.4177,
      0.578614,
      0.13293
    ],
    [
      1.78671,
      0.627957,
      0.13293
    ],
    [
      2.15571,
      0.677301,
      0.13293
    ],
    [
      2.52524,
      0.719979,
      -0.0329425
    ],
    [
      2.88897,
      0.720114,
      0.00114784
    ],
    [
      3.2527,
      0.720532,
      0.00114784
    ],
    [
      3.61644,
      0.720949,
      0.00114784
    ],
    [
      3.98017,
      0.721367,
      0.00114784
    ],
    [
      4.3439,
      0.721784,
      0.00114784
    ],
    [
      4.70763,
      0.722202,
      0.00114784
    ],
    [
      5.07129,
      0.724807,
      0.096035
    ],
    [
      5.42039,
      0.729319,
      0.00746325
    ],
    [
      5.76956,
      0.731925,
      0.00746325
    ],
    [
      6.11872,
      0.734531,
      0.00746325
    ],
    [
      6.46789,
      0.737136,
      0.00746325
    ],
    [
      6.81706,
      0.739742,
      0.00746325
    ],
    [
      7.16622,
      0.742348,
      0.00746325
    ],
    [
      7.51539,
      0.744954,
      0.00746325
    ],
    [
      7.86456,
      0.74756,
      0.00746325
    ],
    [
      8.21372,
      0.750166,
      0.00746325
    ],
    [
      8.5085,
      0.756718,
      0.0224053
    ],
    [
      8.80278,
      0.76966,
      0.18414
    ],
    [
      9.09533,
      0.946277,
      0.902171
    ],
    [
      9.19944,
      1.27175,
      1.6202
    ],
    [
      9.13185,
      1.61402,
      1.78456
    ],
    [
      9.05778,
      1.95525,
      1.78456
    ],
    [
      8.9837,
      2.29648,
      1.78456
    ],
    [
      8.90962,
      2.63771,
      1.78456
    ],
    [
      8.83555,
      2.97893,
      1.78456
    ],
    [
      8.76147,
      3.32016,
      1.78456
    ],
    [
      8.6874,
      3.66139,
      1.78456
    ],
    [
      8.5619,
      4.23952,
      1.78456
    ],
    [
      8.61078,
      4.80524,
      0.927913
    ],
    [
      9.0,
      5.0,
      0.0
    ]
  ]
}