{
  "robot": {
    "class": "RectangleRobot",
    "radius": 0.1820005450043898,
    "wheelbase": 0.31772963196600623,
    "max_velocity": 7.059177185802598,
    "max_steering_at_zero_v": 0.38911372530063015,
    "max_steering_at_max_v": 0.2499372884713505,
    "acceleration": 5,
    "width": 0.11002763078386855,
    "lenght": 0.34697365028438165
  },
  "planner": {
    "class": "Dubins_pathfinding",
    "start": [
      1.0,
      5.0
    ],
    "goal": [
      9.0,
      5.0
    ],
    "bounds": [
      0,
      10,
      0,
      10
    ],
    "max_runtime": 15.0,
    "goal_threshold": 0.0,
    "interpolate_steps": 50
  },
  "path": [
    [
      1.0,
      5.0,
      0.0
    ],
    [
      1.29278,
      5.05744,
      0.387445
    ],
    [
      1.54216,
      5.22124,
      0.77489
    ],
    [
      1.71116,
      5.46712,
      1.16234
    ],
    [
      1.77614,
      5.75854,
      1.48962
    ],
    [
      1.80049,
      6.05779,
      1.48962
    ],
    [
      1.82483,
      6.35704,
      1.48962
    ],
    [
      1.84582,
      6.65646,
      1.58283
    ],
    [
      1.89527,
      6.96848,
      1.34383
    ],
    [
      1.96658,
      7.27726,
      1.34383
    ],
    [
      2.04314,
      7.58461,
      1.22533
    ],
    [
      2.20762,
      7.85291,
      0.816369
    ],
    [
      2.46522,
      8.03368,
      0.407411
    ],
    [
      2.74363,
      8.18454,
      0.509252
    ],
    [
      3.0202,
      8.33897,
      0.509252
    ],
    [
      3.29677,
      8.4934,
      0.509252
    ],
    [
      3.57334,
      8.64783,
      0.509252
    ],
    [
      3.84991,
      8.80226,
      0.509252
    ],
    [
      4.13825,
      8.93019,
      0.235401
    ],
    [
      4.45267,
      8.93994,
      -0.173374
    ],
    [
      4.76201,
      8.93171,
      0.0201328
    ],
    [
      5.07199,
      8.93795,
      0.0201328
    ],
    [
      5.38197,
      8.94419,
      0.0201328
    ],
    [
      5.69195,
      8.95043,
      0.0201328
    ],
    [
      6.00193,
      8.95667,
      0.0201328
    ],
    [
      6.31191,
      8.96292,
      0.0201328
    ],
    [
      6.62189,
      8.96916,
      0.0201328
    ],
    [
      6.92401,
      9.02918,
      0.395407
    ],
    [
      7.2429,
      9.10249,
      0.161363
    ],
    [
      7.56681,
      9.15522,
      0.161363
    ],
    [
      7.89172,
      9.19896,
      0.00856374
    ],
    [
      8.21075,
      9.13323,
      -0.414937
    ],
    [
      8.50626,
      8.96914,
      -0.51937
    ],
    [
      8.79981,
      8.80131,
      -0.51937
    ],
    [
      9.09335,
      8.63349,
      -0.51937
    ],
    [
      9.37614,
      8.44972,
      -0.742286
    ],
    [
      9.56841,
      8.17483,
      -1.17864
    ],
    [
      9.62648,
      7.84444,
      -1.61499
    ],
    [
      9.55608,
      7.55431,
      -2.00267
    ],
    [
      9.38124,
      7.31233,
      -2.39035
    ],
    [
      9.14094,
      7.13238,
      -2.52072
    ],
    [
      8.89659,
      6.95761,
      -2.52072
    ],
    [
      8.6363,
      6.81033,
      -2.8074
    ],
    [
      8.33746,
      6.62111,
      -2.34688
    ],
    [
      8.15383,
      6.31879,
      -1.88637
    ],
    [
      8.12369,
      5.96636,
      -1.42585
    ],
    [
      8.22976,
      5.62637,
      -1.22435
    ],
    [
      8.38299,
      5.30609,
      -0.921037
    ],
    [
      8.65562,
      5.08073,
      -0.460518
    ],
    [
      9.0,
      5.0,
      0.0
    ]
  ]
}