{
  "robot": {
    "class": "RectangleRobot",
    "radius": 0.3814264265485719,
    "wheelbase": 0.30422473526683,
    "max_velocity": 7.443132317757085,
    "max_steering_at_zero_v": 0.513223509066123,
    "max_steering_at_max_v": 0.1858748893263379,
    "acceleration": 5,
    "width": 0.49684254793632376,
    "lenght": 0.5788712793347017
  },
  "planner": {
    "class": "Dubins_pathfinding",
    "start": [
      1.0,
      5.0
    ],
    "goal": [
      9.0,
      5.0
    ],
    "bounds": [
      0,
      10,
      0,
      10
    ],
    "max_runtime": 15.0,
    "goal_threshold": 0.0,
    "interpolate_steps": 50
  },
  "path": [
    [
      1.0,
      5.0,
      0.0
    ],
    [
      1.32533,
      5.10905,
      0.646874
    ],
    [
      1.51921,
      5.39215,
      1.29375
    ],
    [
      1.50361,
      5.73501,
      1.90536
    ],
    [
      1.38895,
      6.06483,
      1.90536
    ],
    [
      1.2743,
      6.39464,
      1.90536
    ],
    [
      1.15964,
      6.72446,
      1.90536
    ],
    [
      1.04499,
      7.05427,
      1.90536
    ],
    [
      0.930332,
      7.38409,
      1.90536
    ],
    [
      0.815676,
      7.7139,
      1.90536
    ],
    [
      0.737378,
      8.03714,
      1.79934
    ],
    [
      0.662008,
      8.36117,
      1.79934
    ],
    [
      0.586637,
      8.6852,
      1.79934
    ],
    [
      0.596919,
      9.01266,
      1.23326
    ],
    [
      0.793955,
      9.27417,
      0.616946
    ],
    [
      1.10591,
      9.37368,
      0.000637167
    ],
    [
      1.45502,
      9.38028,
      0.0191441
    ],
    [
      1.80413,
      9.38696,
      0.0191441
    ],
    [
      2.15324,
      9.39365,
      0.0191441
    ],
    [
      2.50236,
      9.40033,
      0.0191441
    ],
    [
      2.85147,
      9.40701,
      0.0191441
    ],
    [
      3.20058,
      9.4137,
      0.0191441
    ],
    [
      3.54969,
      9.42038,
      0.0191441
    ],
    [
      3.8988,
      9.42707,
      0.0191441
    ],
    [
      4.24792,
      9.43375,
      0.0191441
    ],
    [
      4.59663,
      9.41632,
      -0.0541019
    ],
    [
      4.94529,
      9.39743,
      -0.0541019
    ],
    [
      5.29396,
      9.37855,
      -0.0541019
    ],
    [
      5.64262,
      9.35967,
      -0.0541019
    ],
    [
      5.99129,
      9.34079,
      -0.0541019
    ],
    [
      6.33995,
      9.32191,
      -0.0541019
    ],
    [
      6.68862,
      9.30302,
      -0.0541019
    ],
    [
      7.03728,
      9.28414,
      -0.0541019
    ],
    [
      7.38595,
      9.26526,
      -0.0541019
    ],
    [
      7.74356,
      9.2714,
      0.0214796
    ],
    [
      8.10117,
      9.27908,
      0.0214796
    ],
    [
      8.45878,
      9.28677,
      0.0214796
    ],
    [
      8.81502,
      9.27458,
      -0.250429
    ],
    [
      9.10338,
      9.08805,
      -0.897915
    ],
    [
      9.22086,
      8.76534,
      -1.5454
    ],
    [
      9.14418,
      8.42645,
      -1.87916
    ],
    [
      9.0381,
      8.09343,
      -1.87916
    ],
    [
      8.8932,
      7.77876,
      -2.27893
    ],
    [
      8.75864,
      7.44945,
      -1.74934
    ],
    [
      8.6945,
      7.09404,
      -1.74934
    ],
    [
      8.63036,
      6.73863,
      -1.74934
    ],
    [
      8.56622,
      6.38322,
      -1.74934
    ],
    [
      8.50208,
      6.02781,
      -1.74934
    ],
    [
      8.4552,
      5.67077,
      -1.49565
    ],
    [
      9.0,
      5.0,
      0.0
    ]
  ]
}