{
  "robot": {
    "class": "RectangleRobot",
    "radius": 0.39326571404471017,
    "wheelbase": 0.3442183442152598,
    "max_velocity": 11.436042825484162,
    "max_steering_at_zero_v": 0.41097392529575294,
    "max_steering_at_max_v": 0.2295533227021785,
    "acceleration": 5,
    "width": 0.6285066524651035,
    "lenght": 0.4728753273110076
  },
  "planner": {
    "class": "Dubins_pathfinding",
    "start": [
      1.0,
      5.0
    ],
    "goal": [
      9.0,
      5.0
    ],
    "bounds": [
      0,
      10,
      0,
      10
    ],
    "max_runtime": 15.0,
    "goal_threshold": 0.0,
    "interpolate_steps": 50
  },
  "path": [
    [
      1.0,
      5.0,
      0.0
    ],
    [
      1.33791,
      4.92407,
      -0.442066
    ],
    [
      1.61086,
      4.71088,
      -0.884133
    ],
    [
      1.76636,
      4.40141,
      -1.3262
    ],
    [
      1.77452,
      4.05516,
      -1.76827
    ],
    [
      1.64692,
      3.73137,
      -2.01495
    ],
    [
      1.49688,
      3.41607,
      -2.01495
    ],
    [
      1.34684,
      3.10078,
      -2.01495
    ],
    [
      1.1968,
      2.78548,
      -2.01495
    ],
    [
      1.04676,
      2.47018,
      -2.01495
    ],
    [
      0.881392,
      2.15197,
      -2.05155
    ],
    [
      0.715548,
      1.834,
      -2.05155
    ],
    [
      0.550865,
      1.51545,
      -1.99425
    ],
    [
      0.481468,
      1.16674,
      -1.54023
    ],
    [
      0.572043,
      0.822918,
      -1.0862
    ],
    [
      0.804236,
      0.553655,
      -0.632174
    ],
    [
      1.131,
      0.413509,
      -0.178149
    ],
    [
      1.52284,
      0.411864,
      0.0464547
    ],
    [
      1.91523,
      0.430106,
      0.0464547
    ],
    [
      2.30763,
      0.448348,
      0.0464547
    ],
    [
      2.70003,
      0.46659,
      0.0464547
    ],
    [
      3.09243,
      0.484832,
      0.0464547
    ],
    [
      3.48483,
      0.503074,
      0.0464547
    ],
    [
      3.87723,
      0.521315,
      0.0464547
    ],
    [
      4.26955,
      0.540757,
      0.101623
    ],
    [
      4.61828,
      0.557538,
      0.0443777
    ],
    [
      4.96709,
      0.573027,
      0.0443777
    ],
    [
      5.3159,
      0.588517,
      0.0443777
    ],
    [
      5.66472,
      0.604007,
      0.0443777
    ],
    [
      6.01353,
      0.619496,
      0.0443777
    ],
    [
      6.36234,
      0.634986,
      0.0443777
    ],
    [
      6.71115,
      0.650475,
      0.0443777
    ],
    [
      7.05996,
      0.665965,
      0.0443777
    ],
    [
      7.40877,
      0.681495,
      0.0544867
    ],
    [
      7.79363,
      0.692631,
      0.0282189
    ],
    [
      8.17851,
      0.703495,
      0.0282189
    ],
    [
      8.56268,
      0.723267,
      0.178693
    ],
    [
      8.9104,
      0.879559,
      0.666148
    ],
    [
      9.14441,
      1.18051,
      1.1536
    ],
    [
      9.21021,
      1.55601,
      1.64106
    ],
    [
      9.09867,
      1.93025,
      1.96749
    ],
    [
      8.94689,
      2.29257,
      1.96749
    ],
    [
      8.79512,
      2.65488,
      1.96749
    ],
    [
      8.64334,
      3.0172,
      1.96749
    ],
    [
      8.49157,
      3.37952,
      1.96749
    ],
    [
      8.33979,
      3.74184,
      1.96749
    ],
    [
      8.21612,
      4.11302,
      1.69405
    ],
    [
      8.26475,
      4.49876,
      1.19672
    ],
    [
      8.55507,
      4.86277,
      0.598361
    ],
    [
      9.0,
      5.0,
      0.0
    ]
  ]
}