{
  "robot": {
    "class": "RectangleRobot",
    "radius": 0.3480684622848479,
    "wheelbase": 0.21227117970729564,
    "max_velocity": 8.356080227693184,
    "max_steering_at_zero_v": 0.41454728927095374,
    "max_steering_at_max_v": 0.20390855446103934,
    "acceleration": 5,
    "width": 0.4964996515908835,
    "lenght": 0.48794949914871893
  },
  "planner": {
    "class": "Dubins_pathfinding",
    "start": [
      1.0,
      5.0
    ],
    "goal": [
      9.0,
      5.0
    ],
    "bounds": [
      0,
      10,
      0,
      10
    ],
    "max_runtime": 15.0,
    "goal_threshold": 0.0,
    "interpolate_steps": 50
  },
  "path": [
    [
      1.0,
      5.0,
      0.0
    ],
    [
      1.338,
      4.86178,
      -0.776369
    ],
    [
      1.4823,
      4.52633,
      -1.55274
    ],
    [
      1.39693,
      4.16342,
      -1.8641
    ],
    [
      1.28866,
      3.80491,
      -1.8641
    ],
    [
      1.18038,
      3.4464,
      -1.8641
    ],
    [
      1.05884,
      3.0931,
      -2.10743
    ],
    [
      0.94641,
      2.77889,
      -1.87579
    ],
    [
      0.845975,
      2.45987,
      -1.87579
    ],
    [
      0.745539,
      2.14084,
      -1.87579
    ],
    [
      0.645104,
      1.82182,
      -1.87579
    ],
    [
      0.618849,
      1.49393,
      -1.31682
    ],
    [
      0.623359,
      1.17794,
      -1.63158
    ],
    [
      0.673122,
      0.869131,
      -1.09242
    ],
    [
      0.898531,
      0.653519,
      -0.433952
    ],
    [
      1.24107,
      0.614712,
      0.0458642
    ],
    [
      1.58988,
      0.630721,
      0.0458642
    ],
    [
      1.93869,
      0.64673,
      0.0458642
    ],
    [
      2.2875,
      0.66274,
      0.0458642
    ],
    [
      2.6363,
      0.678749,
      0.0458642
    ],
    [
      2.98511,
      0.694758,
      0.0458642
    ],
    [
      3.33392,
      0.710767,
      0.0458642
    ],
    [
      3.68273,
      0.726776,
      0.0458642
    ],
    [
      4.03154,
      0.742785,
      0.0458642
    ],
    [
      4.37633,
      0.750135,
      0.020879
    ],
    [
      4.72113,
      0.757335,
      0.020879
    ],
    [
      5.06592,
      0.764536,
      0.020879
    ],
    [
      5.41072,
      0.771736,
      0.020879
    ],
    [
      5.75551,
      0.778936,
      0.020879
    ],
    [
      6.10031,
      0.786136,
      0.020879
    ],
    [
      6.4451,
      0.793336,
      0.020879
    ],
    [
      6.7899,
      0.800536,
      0.020879
    ],
    [
      7.13446,
      0.811523,
      0.146335
    ],
    [
      7.51629,
      0.816087,
      -0.00190242
    ],
    [
      7.89838,
      0.81536,
      -0.00190242
    ],
    [
      8.28047,
      0.814633,
      -0.00190242
    ],
    [
      8.6594,
      0.84192,
      0.340536
    ],
    [
      8.90237,
      1.03314,
      0.993025
    ],
    [
      9.01758,
      1.32509,
      1.24256
    ],
    [
      9.11905,
      1.62304,
      1.24256
    ],
    [
      9.22052,
      1.92098,
      1.24256
    ],
    [
      9.26436,
      2.22845,
      1.73634
    ],
    [
      9.11835,
      2.501,
      2.38883
    ],
    [
      8.89945,
      2.8716,
      2.03474
    ],
    [
      8.70595,
      3.25887,
      2.00321
    ],
    [
      8.63043,
      3.65675,
      1.70618
    ],
    [
      8.57556,
      4.05957,
      1.70618
    ],
    [
      8.52079,
      4.46239,
      1.68553
    ],
    [
      8.63991,
      4.8386,
      0.842765
    ],
    [
      9.0,
      5.0,
      0.0
    ]
  ]
}