{
  "robot": {
    "class": "RectangleRobot",
    "radius": 0.18277357551346562,
    "wheelbase": 0.43957784187595084,
    "max_velocity": 9.906721860807597,
    "max_steering_at_zero_v": 0.4359927044549835,
    "max_steering_at_max_v": 0.19379243434267102,
    "acceleration": 5,
    "width": 0.13461381687465893,
    "lenght": 0.33985855871280024
  },
  "planner": {
    "class": "Dubins_pathfinding",
    "start": [
      1.0,
      5.0
    ],
    "goal": [
      9.0,
      5.0
    ],
    "bounds": [
      0,
      10,
      0,
      10
    ],
    "max_runtime": 15.0,
    "goal_threshold": 0.0,
    "interpolate_steps": 50
  },
  "path": [
    [
      1.0,
      5.0,
      0.0
    ],
    [
      1.30848,
      5.05185,
      0.333073
    ],
    [
      1.58305,
      5.20171,
      0.666145
    ],
    [
      1.79354,
      5.43311,
      0.999218
    ],
    [
      1.91681,
      5.72061,
      1.33229
    ],
    [
      1.93931,
      6.03261,
      1.65973
    ],
    [
      1.9114,
      6.34562,
      1.65973
    ],
    [
      1.88349,
      6.65864,
      1.65973
    ],
    [
      1.85557,
      6.97166,
      1.65973
    ],
    [
      1.87794,
      7.28367,
      1.33276
    ],
    [
      2.00107,
      7.57122,
      0.999683
    ],
    [
      2.21145,
      7.80272,
      0.66661
    ],
    [
      2.47413,
      7.97499,
      0.564983
    ],
    [
      2.73955,
      8.14325,
      0.564983
    ],
    [
      3.00497,
      8.3115,
      0.564983
    ],
    [
      3.27039,
      8.47976,
      0.564983
    ],
    [
      3.53582,
      8.64801,
      0.564983
    ],
    [
      3.80124,
      8.81627,
      0.564983
    ],
    [
      4.06666,
      8.98452,
      0.564983
    ],
    [
      4.33208,
      9.15278,
      0.564983
    ],
    [
      4.5975,
      9.32103,
      0.564983
    ],
    [
      4.88581,
      9.4424,
      0.231911
    ],
    [
      5.19809,
      9.46592,
      -0.0201338
    ],
    [
      5.51229,
      9.4596,
      -0.0201338
    ],
    [
      5.82648,
      9.45327,
      -0.0201338
    ],
    [
      6.14068,
      9.44694,
      -0.0201338
    ],
    [
      6.45487,
      9.44062,
      -0.0201338
    ],
    [
      6.76907,
      9.43429,
      -0.0201338
    ],
    [
      7.08326,
      9.42796,
      -0.0201338
    ],
    [
      7.39746,
      9.42164,
      -0.0201338
    ],
    [
      7.71165,
      9.41531,
      -0.0201338
    ],
    [
      8.0568,
      9.46144,
      0.132059
    ],
    [
      8.4035,
      9.44305,
      -0.238021
    ],
    [
      8.72008,
      9.30052,
      -0.608102
    ],
    [
      8.96367,
      9.05312,
      -0.978182
    ],
    [
      9.10129,
      8.73438,
      -1.34826
    ],
    [
      9.1143,
      8.38743,
      -1.71834
    ],
    [
      9.00095,
      8.05927,
      -2.08842
    ],
    [
      8.77658,
      7.79433,
      -2.4585
    ],
    [
      8.47157,
      7.62847,
      -2.82859
    ],
    [
      8.16656,
      7.46262,
      -2.4585
    ],
    [
      7.94219,
      7.19767,
      -2.08842
    ],
    [
      7.82883,
      6.86951,
      -1.71834
    ],
    [
      7.84185,
      6.52257,
      -1.34826
    ],
    [
      7.94056,
      6.18768,
      -1.27734
    ],
    [
      8.04157,
      5.85344,
      -1.27734
    ],
    [
      8.15502,
      5.52372,
      -1.10971
    ],
    [
      8.36406,
      5.24652,
      -0.739625
    ],
    [
      8.65921,
      5.06369,
      -0.369545
    ],
    [
      9.0,
      5.0,
      0.0
    ]
  ]
}