{
  "robot": {
    "class": "RectangleRobot",
    "radius": 0.14346837862772177,
    "wheelbase": 0.25491175055145676,
    "max_velocity": 10.365273556146049,
    "max_steering_at_zero_v": 0.4895931292351795,
    "max_steering_at_max_v": 0.2224501702760936,
    "acceleration": 5,
    "width": 0.151181919092867,
    "lenght": 0.24387851484636192
  },
  "planner": {
    "class": "Dubins_pathfinding",
    "start": [
      1.0,
      5.0
    ],
    "goal": [
      9.0,
      5.0
    ],
    "bounds": [
      0,
      10,
      0,
      10
    ],
    "max_runtime": 15.0,
    "goal_threshold": 0.0,
    "interpolate_steps": 50
  },
  "path": [
    [
      1.0,
      5.0,
      0.0
    ],
    [
      1.22665,
      5.0571,
      0.493592
    ],
    [
      1.3992,
      5.21477,
      0.987183
    ],
    [
      1.48485,
      5.43352,
      1.29091
    ],
    [
      1.55008,
      5.66046,
      1.29091
    ],
    [
      1.61531,
      5.88739,
      1.29091
    ],
    [
      1.68054,
      6.11433,
      1.29091
    ],
    [
      1.74577,
      6.34126,
      1.29091
    ],
    [
      1.811,
      6.5682,
      1.29091
    ],
    [
      1.87623,
      6.79514,
      1.29091
    ],
    [
      1.94145,
      7.02207,
      1.29091
    ],
    [
      2.00668,
      7.24901,
      1.29091
    ],
    [
      2.0496,
      7.47994,
      1.59916
    ],
    [
      2.09174,
      7.69026,
      1.14691
    ],
    [
      2.22156,
      7.86103,
      0.694658
    ],
    [
      2.41296,
      7.9579,
      0.242407
    ],
    [
      2.62744,
      7.96139,
      -0.209844
    ],
    [
      2.8232,
      7.87276,
      -0.562695
    ],
    [
      3.00127,
      7.75052,
      -0.750432
    ],
    [
      3.16194,
      7.58885,
      -0.790123
    ],
    [
      3.32236,
      7.42691,
      -0.790123
    ],
    [
      3.48277,
      7.26498,
      -0.790123
    ],
    [
      3.64318,
      7.10304,
      -0.790123
    ],
    [
      3.80359,
      6.94111,
      -0.790123
    ],
    [
      3.96401,
      6.77917,
      -0.790123
    ],
    [
      4.12442,
      6.61724,
      -0.790123
    ],
    [
      4.28483,
      6.4553,
      -0.790123
    ],
    [
      4.4477,
      6.296,
      -0.66733
    ],
    [
      4.675,
      6.19835,
      -0.144247
    ],
    [
      4.92432,
      6.17723,
      -0.0806461
    ],
    [
      5.17374,
      6.15707,
      -0.0806461
    ],
    [
      5.42198,
      6.16743,
      0.27732
    ],
    [
      5.64204,
      6.18803,
      0.0244981
    ],
    [
      5.86375,
      6.19347,
      0.0244981
    ],
    [
      6.08547,
      6.1989,
      0.0244981
    ],
    [
      6.30718,
      6.20433,
      0.0244981
    ],
    [
      6.5289,
      6.20976,
      0.0244981
    ],
    [
      6.75061,
      6.2152,
      0.0244981
    ],
    [
      6.97233,
      6.22063,
      0.0244981
    ],
    [
      7.19404,
      6.22606,
      0.0244981
    ],
    [
      7.41576,
      6.23149,
      0.0244981
    ],
    [
      7.63747,
      6.23693,
      0.0244981
    ],
    [
      7.85455,
      6.20172,
      -0.390008
    ],
    [
      8.03321,
      6.07369,
      -0.85362
    ],
    [
      8.13576,
      5.87927,
      -1.31723
    ],
    [
      8.25942,
      5.65599,
      -0.914534
    ],
    [
      8.41655,
      5.45196,
      -0.914534
    ],
    [
      8.57367,
      5.24793,
      -0.914534
    ],
    [
      8.75474,
      5.06766,
      -0.538319
    ],
    [
      9.0,
      5.0,
      0.0
    ]
  ]
}