{
  "robot": {
    "class": "RectangleRobot",
    "radius": 0.2624656557817397,
    "wheelbase": 0.25875130746137,
    "max_velocity": 7.92844928493091,
    "max_steering_at_zero_v": 0.4320376630716317,
    "max_steering_at_max_v": 0.2578094242140577,
    "acceleration": 5,
    "width": 0.2766546938154814,
    "lenght": 0.446111042510289
  },
  "planner": {
    "class": "Dubins_pathfinding",
    "start": [
      1.0,
      5.0
    ],
    "goal": [
      9.0,
      5.0
    ],
    "bounds": [
      0,
      10,
      0,
      10
    ],
    "max_runtime": 15.0,
    "goal_threshold": 0.0,
    "interpolate_steps": 50
  },
  "path": [
    [
      1.0,
      5.0,
      0.0
    ],
    [
      1.32708,
      4.89483,
      -0.622225
    ],
    [
      1.53155,
      4.61873,
      -1.24445
    ],
    [
      1.53679,
      4.2752,
      -1.86668
    ],
    [
      1.40371,
      3.95247,
      -1.97057
    ],
    [
      1.26781,
      3.63083,
      -1.97057
    ],
    [
      1.13191,
      3.30919,
      -1.97057
    ],
    [
      0.996009,
      2.98754,
      -1.97057
    ],
    [
      0.860107,
      2.6659,
      -1.97057
    ],
    [
      0.724205,
      2.34426,
      -1.97057
    ],
    [
      0.632461,
      2.05059,
      -1.86306
    ],
    [
      0.543787,
      1.75587,
      -1.86306
    ],
    [
      0.467254,
      1.45842,
      -1.65231
    ],
    [
      0.525457,
      1.16012,
      -1.10388
    ],
    [
      0.806088,
      0.892045,
      -0.523422
    ],
    [
      1.14824,
      0.694583,
      -0.523422
    ],
    [
      1.51425,
      0.560664,
      -0.0299305
    ],
    [
      1.88129,
      0.683135,
      0.67403
    ],
    [
      2.18714,
      0.804097,
      0.0791975
    ],
    [
      2.51939,
      0.777404,
      -0.110316
    ],
    [
      2.85117,
      0.740655,
      -0.110316
    ],
    [
      3.18294,
      0.703905,
      -0.110316
    ],
    [
      3.51472,
      0.667156,
      -0.110316
    ],
    [
      3.8465,
      0.630406,
      -0.110316
    ],
    [
      4.17829,
      0.593816,
      -0.0863998
    ],
    [
      4.51109,
      0.633172,
      0.174337
    ],
    [
      4.84223,
      0.691494,
      0.174337
    ],
    [
      5.17337,
      0.749816,
      0.174337
    ],
    [
      5.50451,
      0.808138,
      0.174337
    ],
    [
      5.83566,
      0.866461,
      0.174337
    ],
    [
      6.1668,
      0.924783,
      0.174337
    ],
    [
      6.49794,
      0.983105,
      0.174337
    ],
    [
      6.83041,
      1.0285,
      -0.0409811
    ],
    [
      7.16837,
      1.02589,
      -0.00675763
    ],
    [
      7.50633,
      1.02361,
      -0.00675763
    ],
    [
      7.8443,
      1.02132,
      -0.00675763
    ],
    [
      8.18226,
      1.01904,
      -0.00675763
    ],
    [
      8.52023,
      1.01676,
      -0.00675763
    ],
    [
      8.84649,
      1.08573,
      0.502395
    ],
    [
      9.08586,
      1.34254,
      1.13867
    ],
    [
      9.12579,
      1.69133,
      1.77495
    ],
    [
      9.01483,
      2.03056,
      1.899
    ],
    [
      8.89974,
      2.36856,
      1.899
    ],
    [
      8.78464,
      2.70656,
      1.899
    ],
    [
      8.66954,
      3.04456,
      1.899
    ],
    [
      8.55445,
      3.38257,
      1.899
    ],
    [
      8.43327,
      3.71815,
      2.05179
    ],
    [
      8.40339,
      4.2447,
      1.42176
    ],
    [
      8.54002,
      4.76028,
      0.960858
    ],
    [
      9.0,
      5.0,
      0.0
    ]
  ]
}