{
  "robot": {
    "class": "RectangleRobot",
    "radius": 0.29324443537741407,
    "wheelbase": 0.2643075253772485,
    "max_velocity": 10.805472605976291,
    "max_steering_at_zero_v": 0.32721968907803606,
    "max_steering_at_max_v": 0.16328752221052098,
    "acceleration": 5,
    "width": 0.3372110259614661,
    "lenght": 0.4798519766441407
  },
  "planner": {
    "class": "Dubins_pathfinding",
    "start": [
      1.0,
      5.0
    ],
    "goal": [
      9.0,
      5.0
    ],
    "bounds": [
      0,
      10,
      0,
      10
    ],
    "max_runtime": 15.0,
    "goal_threshold": 0.0,
    "interpolate_steps": 50
  },
  "path": [
    [
      1.0,
      5.0,
      0.0
    ],
    [
      1.37637,
      4.903,
      -0.50446
    ],
    [
      1.65898,
      4.63617,
      -1.00892
    ],
    [
      1.77742,
      4.26598,
      -1.51338
    ],
    [
      1.70218,
      3.88467,
      -2.01598
    ],
    [
      1.53302,
      3.53013,
      -2.01598
    ],
    [
      1.36386,
      3.17559,
      -2.01598
    ],
    [
      1.1947,
      2.82106,
      -2.01598
    ],
    [
      1.02554,
      2.46652,
      -2.01598
    ],
    [
      0.89347,
      2.09926,
      -1.90338
    ],
    [
      0.765997,
      1.73021,
      -1.90338
    ],
    [
      0.691048,
      1.35004,
      -1.53132
    ],
    [
      0.801595,
      0.979827,
      -1.02992
    ],
    [
      1.07648,
      0.708318,
      -0.528516
    ],
    [
      1.44803,
      0.602356,
      -0.0271113
    ],
    [
      1.82478,
      0.688026,
      0.474293
    ],
    [
      2.11398,
      0.944238,
      0.975698
    ],
    [
      2.36698,
      1.18064,
      0.527289
    ],
    [
      2.69745,
      1.28399,
      0.0788798
    ],
    [
      3.04061,
      1.23547,
      -0.303084
    ],
    [
      3.37387,
      1.13125,
      -0.303084
    ],
    [
      3.70713,
      1.02704,
      -0.303084
    ],
    [
      4.0404,
      0.92282,
      -0.303084
    ],
    [
      4.37366,
      0.818603,
      -0.303084
    ],
    [
      4.70692,
      0.714386,
      -0.303084
    ],
    [
      5.04018,
      0.610169,
      -0.303084
    ],
    [
      5.42091,
      0.562353,
      -0.0700599
    ],
    [
      5.80475,
      0.535417,
      -0.0700599
    ],
    [
      6.18859,
      0.508481,
      -0.0700599
    ],
    [
      6.57243,
      0.481545,
      -0.0700599
    ],
    [
      6.95628,
      0.454609,
      -0.0700599
    ],
    [
      7.34012,
      0.427673,
      -0.0700599
    ],
    [
      7.72159,
      0.449653,
      0.285218
    ],
    [
      8.10784,
      0.540396,
      0.227482
    ],
    [
      8.4944,
      0.629881,
      0.227482
    ],
    [
      8.88096,
      0.719366,
      0.227482
    ],
    [
      9.23864,
      0.881717,
      0.677426
    ],
    [
      9.45344,
      1.1533,
      1.12583
    ],
    [
      9.52926,
      1.49116,
      1.57424
    ],
    [
      9.45111,
      1.82848,
      2.02265
    ],
    [
      9.28116,
      2.13348,
      2.08327
    ],
    [
      9.10994,
      2.43779,
      2.08327
    ],
    [
      8.93873,
      2.74211,
      2.08327
    ],
    [
      8.76751,
      3.04643,
      2.08327
    ],
    [
      8.5963,
      3.35075,
      2.08327
    ],
    [
      8.42509,
      3.65507,
      2.08327
    ],
    [
      8.23613,
      4.07007,
      1.76624
    ],
    [
      8.28075,
      4.51973,
      1.1775
    ],
    [
      8.56757,
      4.8689,
      0.588748
    ],
    [
      9.0,
      5.0,
      0.0
    ]
  ]
}