{
  "robot": {
    "class": "RectangleRobot",
    "radius": 0.3987597172413883,
    "wheelbase": 0.2910831566875944,
    "max_velocity": 12.11681390251493,
    "max_steering_at_zero_v": 0.5014571579425607,
    "max_steering_at_max_v": 0.25771251626042785,
    "acceleration": 5,
    "width": 0.457757139295634,
    "lenght": 0.6530663441041847
  },
  "planner": {
    "class": "Dubins_pathfinding",
    "start": [
      1.0,
      5.0
    ],
    "goal": [
      9.0,
      5.0
    ],
    "bounds": [
      0,
      10,
      0,
      10
    ],
    "max_runtime": 15.0,
    "goal_threshold": 0.0,
    "interpolate_steps": 50
  },
  "path": [
    [
      1.0,
      5.0,
      0.0
    ],
    [
      1.34833,
      5.13022,
      0.71551
    ],
    [
      1.52581,
      5.45701,
      1.43102
    ],
    [
      1.45676,
      5.82531,
      1.92922
    ],
    [
      1.32349,
      6.18109,
      1.92922
    ],
    [
      1.19021,
      6.53687,
      1.92922
    ],
    [
      1.05693,
      6.89265,
      1.92922
    ],
    [
      0.922601,
      7.24801,
      1.99464
    ],
    [
      0.80968,
      7.6518,
      1.82539
    ],
    [
      0.703992,
      8.05791,
      1.82539
    ],
    [
      0.604636,
      8.46533,
      1.66931
    ],
    [
      0.590587,
      8.82773,
      1.60667
    ],
    [
      0.609824,
      9.18758,
      1.25701
    ],
    [
      0.826577,
      9.46958,
      0.573957
    ],
    [
      1.15929,
      9.55443,
      -0.00562509
    ],
    [
      1.50846,
      9.55246,
      -0.00562509
    ],
    [
      1.85764,
      9.5505,
      -0.00562509
    ],
    [
      2.20681,
      9.54853,
      -0.00562509
    ],
    [
      2.55598,
      9.54657,
      -0.00562509
    ],
    [
      2.90515,
      9.5446,
      -0.00562509
    ],
    [
      3.25432,
      9.54264,
      -0.00562509
    ],
    [
      3.60349,
      9.54068,
      -0.00562509
    ],
    [
      3.95266,
      9.53871,
      -0.00562509
    ],
    [
      4.30178,
      9.54231,
      0.0104906
    ],
    [
      4.65089,
      9.54597,
      0.0104906
    ],
    [
      5.00001,
      9.54963,
      0.0104906
    ],
    [
      5.34912,
      9.55329,
      0.0104906
    ],
    [
      5.69824,
      9.55696,
      0.0104906
    ],
    [
      6.04735,
      9.56062,
      0.0104906
    ],
    [
      6.39647,
      9.56428,
      0.0104906
    ],
    [
      6.74559,
      9.56794,
      0.0104906
    ],
    [
      7.0947,
      9.57152,
      -0.00749545
    ],
    [
      7.5027,
      9.56725,
      -0.0104738
    ],
    [
      7.9107,
      9.56298,
      -0.0104738
    ],
    [
      8.3187,
      9.5587,
      -0.0104738
    ],
    [
      8.72511,
      9.53762,
      -0.262887
    ],
    [
      9.00961,
      9.34651,
      -0.920111
    ],
    [
      9.11809,
      9.02141,
      -1.57734
    ],
    [
      9.09805,
      8.67302,
      -1.6304
    ],
    [
      9.07727,
      8.32466,
      -1.6304
    ],
    [
      9.05648,
      7.97631,
      -1.6304
    ],
    [
      9.03569,
      7.62795,
      -1.6304
    ],
    [
      9.01826,
      7.27952,
      -1.51795
    ],
    [
      8.90949,
      6.92851,
      -2.22463
    ],
    [
      8.62386,
      6.68698,
      -2.48896
    ],
    [
      8.3304,
      6.45366,
      -2.32466
    ],
    [
      8.18712,
      6.11526,
      -1.61798
    ],
    [
      8.34357,
      5.65284,
      -1.10306
    ],
    [
      8.57352,
      5.21467,
      -0.932642
    ],
    [
      9.0,
      5.0,
      0.0
    ]
  ]
}