{
  "robot": {
    "class": "RectangleRobot",
    "radius": 0.3381347515295922,
    "wheelbase": 0.37009706852999913,
    "max_velocity": 11.978771403166506,
    "max_steering_at_zero_v": 0.457069085422538,
    "max_steering_at_max_v": 0.18861349772924974,
    "acceleration": 5,
    "width": 0.6153524554146155,
    "lenght": 0.2805027564626056
  },
  "planner": {
    "class": "Dubins_pathfinding",
    "start": [
      1.0,
      5.0
    ],
    "goal": [
      9.0,
      5.0
    ],
    "bounds": [
      0,
      10,
      0,
      10
    ],
    "max_runtime": 15.0,
    "goal_threshold": 0.0,
    "interpolate_steps": 50
  },
  "path": [
    [
      1.0,
      5.0,
      0.0
    ],
    [
      1.37522,
      5.10022,
      0.522003
    ],
    [
      1.65051,
      5.37419,
      1.04401
    ],
    [
      1.75252,
      5.74893,
      1.56601
    ],
    [
      1.65553,
      6.12536,
      2.02266
    ],
    [
      1.484,
      6.47876,
      2.02266
    ],
    [
      1.31248,
      6.83216,
      2.02266
    ],
    [
      1.14095,
      7.18555,
      2.02266
    ],
    [
      0.96943,
      7.53895,
      2.02266
    ],
    [
      0.780392,
      7.88893,
      2.06798
    ],
    [
      0.590671,
      8.23855,
      2.06798
    ],
    [
      0.439985,
      8.60401,
      1.73285
    ],
    [
      0.480114,
      8.99512,
      1.20426
    ],
    [
      0.712009,
      9.31261,
      0.67567
    ],
    [
      1.07237,
      9.46983,
      0.147082
    ],
    [
      1.46284,
      9.42385,
      -0.381507
    ],
    [
      1.80504,
      9.37218,
      0.0646811
    ],
    [
      2.15348,
      9.39475,
      0.0646811
    ],
    [
      2.50193,
      9.41732,
      0.0646811
    ],
    [
      2.85038,
      9.43989,
      0.0646811
    ],
    [
      3.19882,
      9.46246,
      0.0646811
    ],
    [
      3.54727,
      9.48503,
      0.0646811
    ],
    [
      3.89571,
      9.5076,
      0.0646811
    ],
    [
      4.24416,
      9.53017,
      0.0646811
    ],
    [
      4.59261,
      9.55274,
      0.0646811
    ],
    [
      4.98509,
      9.56732,
      0.036352
    ],
    [
      5.37759,
      9.58159,
      0.036352
    ],
    [
      5.77009,
      9.59586,
      0.036352
    ],
    [
      6.16258,
      9.61014,
      0.036352
    ],
    [
      6.55508,
      9.62441,
      0.036352
    ],
    [
      6.94758,
      9.63869,
      0.036352
    ],
    [
      7.34008,
      9.65296,
      0.036352
    ],
    [
      7.73189,
      9.64889,
      -0.184668
    ],
    [
      8.05485,
      9.5075,
      -0.568995
    ],
    [
      8.35419,
      9.31606,
      -0.568995
    ],
    [
      8.65353,
      9.12462,
      -0.568995
    ],
    [
      8.95287,
      8.93318,
      -0.568995
    ],
    [
      9.24618,
      8.73336,
      -0.734665
    ],
    [
      9.44497,
      8.44282,
      -1.20684
    ],
    [
      9.49763,
      8.09446,
      -1.53499
    ],
    [
      9.51032,
      7.74025,
      -1.53499
    ],
    [
      9.52301,
      7.38605,
      -1.53499
    ],
    [
      9.46149,
      7.04026,
      -1.98174
    ],
    [
      9.24997,
      6.75995,
      -2.45272
    ],
    [
      8.93428,
      6.60614,
      -2.92371
    ],
    [
      8.53488,
      6.37178,
      -2.2982
    ],
    [
      8.28237,
      5.97903,
      -1.87653
    ],
    [
      8.28562,
      5.51597,
      -1.25102
    ],
    [
      8.55939,
      5.14248,
      -0.625509
    ],
    [
      9.0,
      5.0,
      0.0
    ]
  ]
}