{
  "robot": {
    "class": "RectangleRobot",
    "radius": 0.2143377602406632,
    "wheelbase": 0.47237618182128177,
    "max_velocity": 10.938375069095999,
    "max_steering_at_zero_v": 0.48763553681615945,
    "max_steering_at_max_v": 0.22561159886856125,
    "acceleration": 5,
    "width": 0.18296192938697053,
    "lenght": 0.38766949100352643
  },
  "planner": {
    "class": "Dubins_pathfinding",
    "start": [
      1.0,
      5.0
    ],
    "goal": [
      9.0,
      5.0
    ],
    "bounds": [
      0,
      10,
      0,
      10
    ],
    "max_runtime": 15.0,
    "goal_threshold": 0.0,
    "interpolate_steps": 50
  },
  "path": [
    [
      1.0,
      5.0,
      0.0
    ],
    [
      1.38021,
      5.08523,
      0.441038
    ],
    [
      1.68766,
      5.32461,
      0.882075
    ],
    [
      1.8635,
      5.67232,
      1.32311
    ],
    [
      1.87408,
      6.06183,
      1.76415
    ],
    [
      1.71738,
      6.41857,
      2.20519
    ],
    [
      1.43252,
      6.68707,
      2.45836
    ],
    [
      1.12787,
      6.93506,
      2.45836
    ],
    [
      0.82322,
      7.18305,
      2.45836
    ],
    [
      0.585843,
      7.48157,
      2.02682
    ],
    [
      0.471711,
      7.84778,
      1.82643
    ],
    [
      0.374521,
      8.21966,
      1.82643
    ],
    [
      0.278513,
      8.59183,
      1.77419
    ],
    [
      0.283235,
      8.97319,
      1.34264
    ],
    [
      0.447039,
      9.31762,
      0.911096
    ],
    [
      0.739891,
      9.56195,
      0.47955
    ],
    [
      1.11654,
      9.66176,
      0.0385119
    ],
    [
      1.50931,
      9.65661,
      -0.0165573
    ],
    [
      1.90208,
      9.6501,
      -0.0165573
    ],
    [
      2.29485,
      9.6436,
      -0.0165573
    ],
    [
      2.68761,
      9.63709,
      -0.0165573
    ],
    [
      3.08038,
      9.63059,
      -0.0165573
    ],
    [
      3.47315,
      9.62409,
      -0.0165573
    ],
    [
      3.86592,
      9.61758,
      -0.0165573
    ],
    [
      4.25091,
      9.58863,
      -0.0796628
    ],
    [
      4.63579,
      9.5579,
      -0.0796628
    ],
    [
      5.02067,
      9.52718,
      -0.0796628
    ],
    [
      5.40555,
      9.49645,
      -0.0796628
    ],
    [
      5.79043,
      9.46572,
      -0.0796628
    ],
    [
      6.17531,
      9.435,
      -0.0796628
    ],
    [
      6.56019,
      9.40427,
      -0.0796628
    ],
    [
      6.94537,
      9.38614,
      0.0885895
    ],
    [
      7.2871,
      9.43109,
      0.133358
    ],
    [
      7.62873,
      9.47692,
      0.133358
    ],
    [
      7.97035,
      9.52275,
      0.133358
    ],
    [
      8.31286,
      9.51356,
      -0.218745
    ],
    [
      8.62671,
      9.37632,
      -0.605739
    ],
    [
      8.86555,
      9.13078,
      -0.992733
    ],
    [
      8.99405,
      8.81326,
      -1.37973
    ],
    [
      8.99322,
      8.47072,
      -1.76672
    ],
    [
      8.86317,
      8.15382,
      -2.15372
    ],
    [
      8.71484,
      7.80808,
      -1.90055
    ],
    [
      8.59258,
      7.45088,
      -1.90055
    ],
    [
      8.47033,
      7.09367,
      -1.90055
    ],
    [
      8.34807,
      6.73647,
      -1.90055
    ],
    [
      8.22582,
      6.37926,
      -1.90055
    ],
    [
      8.11846,
      6.01797,
      -1.7142
    ],
    [
      8.14413,
      5.64412,
      -1.29031
    ],
    [
      8.32128,
      5.31392,
      -0.866428
    ],
    [
      9.0,
      5.0,
      0.0
    ]
  ]
}