{
  "robot": {
    "class": "RectangleRobot",
    "radius": 0.3012267677706972,
    "wheelbase": 0.24621446891859933,
    "max_velocity": 8.901829094891657,
    "max_steering_at_zero_v": 0.42454522820365415,
    "max_steering_at_max_v": 0.22249323701172669,
    "acceleration": 5,
    "width": 0.3616944304790134,
    "lenght": 0.4817960164289326
  },
  "planner": {
    "class": "Dubins_pathfinding",
    "start": [
      1.0,
      5.0
    ],
    "goal": [
      9.0,
      5.0
    ],
    "bounds": [
      0,
      10,
      0,
      10
    ],
    "max_runtime": 15.0,
    "goal_threshold": 0.0,
    "interpolate_steps": 50
  },
  "path": [
    [
      1.0,
      5.0,
      0.0
    ],
    [
      1.33941,
      4.88132,
      -0.672742
    ],
    [
      1.53091,
      4.57701,
      -1.34548
    ],
    [
      1.50244,
      4.21605,
      -1.80873
    ],
    [
      1.41608,
      3.85994,
      -1.80873
    ],
    [
      1.32971,
      3.50384,
      -1.80873
    ],
    [
      1.24335,
      3.14773,
      -1.80873
    ],
    [
      1.15698,
      2.79162,
      -1.80873
    ],
    [
      0.994912,
      2.46956,
      -2.36317
    ],
    [
      0.836515,
      2.15406,
      -1.76378
    ],
    [
      0.767621,
      1.80151,
      -1.76378
    ],
    [
      0.698727,
      1.44895,
      -1.76378
    ],
    [
      0.64606,
      1.09459,
      -1.51872
    ],
    [
      0.777502,
      0.767244,
      -0.859207
    ],
    [
      1.08195,
      0.589086,
      -0.199699
    ],
    [
      1.43172,
      0.634833,
      0.459809
    ],
    [
      1.78573,
      0.679703,
      -0.20766
    ],
    [
      2.13711,
      0.586445,
      -0.261606
    ],
    [
      2.4883,
      0.492417,
      -0.261606
    ],
    [
      2.84048,
      0.402882,
      -0.131579
    ],
    [
      3.18879,
      0.416932,
      0.0728616
    ],
    [
      3.53704,
      0.442351,
      0.0728616
    ],
    [
      3.88529,
      0.46777,
      0.0728616
    ],
    [
      4.23353,
      0.493189,
      0.0728616
    ],
    [
      4.58178,
      0.518608,
      0.0728616
    ],
    [
      4.93003,
      0.544027,
      0.0728616
    ],
    [
      5.27828,
      0.569446,
      0.0728616
    ],
    [
      5.62653,
      0.594865,
      0.0728616
    ],
    [
      5.97478,
      0.620284,
      0.0728616
    ],
    [
      6.3215,
      0.661589,
      0.120331
    ],
    [
      6.66815,
      0.703505,
      0.120331
    ],
    [
      7.0148,
      0.74542,
      0.120331
    ],
    [
      7.36145,
      0.787335,
      0.120331
    ],
    [
      7.7081,
      0.82925,
      0.120331
    ],
    [
      8.05476,
      0.871166,
      0.120331
    ],
    [
      8.40141,
      0.913081,
      0.120331
    ],
    [
      8.73814,
      0.994042,
      0.505734
    ],
    [
      8.97072,
      1.24645,
      1.1468
    ],
    [
      9.01323,
      1.54928,
      1.71588
    ],
    [
      8.96124,
      1.85486,
      1.73983
    ],
    [
      8.90909,
      2.1604,
      1.73983
    ],
    [
      8.85694,
      2.46595,
      1.73983
    ],
    [
      8.8048,
      2.77149,
      1.73983
    ],
    [
      8.75265,
      3.07704,
      1.73983
    ],
    [
      8.70051,
      3.38259,
      1.73983
    ],
    [
      8.58286,
      3.66513,
      2.24654
    ],
    [
      8.4622,
      4.05604,
      1.58823
    ],
    [
      8.45565,
      4.47429,
      1.53597
    ],
    [
      8.62162,
      4.84712,
      0.767984
    ],
    [
      9.0,
      5.0,
      0.0
    ]
  ]
}