{
  "robot": {
    "class": "RectangleRobot",
    "radius": 0.295294607246325,
    "wheelbase": 0.3985492333551083,
    "max_velocity": 12.57567761191981,
    "max_steering_at_zero_v": 0.4045744287787886,
    "max_steering_at_max_v": 0.20004503271109034,
    "acceleration": 5,
    "width": 0.4651096669047834,
    "lenght": 0.3639623854559242
  },
  "planner": {
    "class": "Dubins_pathfinding",
    "start": [
      1.0,
      5.0
    ],
    "goal": [
      9.0,
      5.0
    ],
    "bounds": [
      0,
      10,
      0,
      10
    ],
    "max_runtime": 15.0,
    "goal_threshold": 0.0,
    "interpolate_steps": 50
  },
  "path": [
    [
      1.0,
      5.0,
      0.0
    ],
    [
      1.38127,
      4.91833,
      -0.422044
    ],
    [
      1.69562,
      4.68765,
      -0.844088
    ],
    [
      1.8879,
      4.34844,
      -1.26613
    ],
    [
      1.92436,
      3.96023,
      -1.68818
    ],
    [
      1.80253,
      3.58914,
      -2.01283
    ],
    [
      1.63449,
      3.23407,
      -2.01283
    ],
    [
      1.46645,
      2.87901,
      -2.01283
    ],
    [
      1.30938,
      2.51944,
      -1.85313
    ],
    [
      1.12472,
      2.17603,
      -2.27517
    ],
    [
      0.84882,
      1.89753,
      -2.22041
    ],
    [
      0.683238,
      1.54452,
      -1.79836
    ],
    [
      0.676788,
      1.15466,
      -1.37632
    ],
    [
      0.8306,
      0.796369,
      -0.954274
    ],
    [
      1.11768,
      0.53252,
      -0.53223
    ],
    [
      1.48766,
      0.409418,
      -0.110186
    ],
    [
      1.87559,
      0.448669,
      0.311857
    ],
    [
      2.25659,
      0.525243,
      0.176399
    ],
    [
      2.63946,
      0.593491,
      0.176399
    ],
    [
      3.02233,
      0.661739,
      0.176399
    ],
    [
      3.40522,
      0.729938,
      0.166067
    ],
    [
      3.79095,
      0.713399,
      -0.251772
    ],
    [
      4.13678,
      0.541757,
      -0.66961
    ],
    [
      4.44436,
      0.380833,
      -0.29446
    ],
    [
      4.78951,
      0.3438,
      0.0806902
    ],
    [
      5.13297,
      0.405701,
      0.196036
    ],
    [
      5.47546,
      0.473714,
      0.196036
    ],
    [
      5.81795,
      0.541728,
      0.196036
    ],
    [
      6.16044,
      0.609741,
      0.196036
    ],
    [
      6.50293,
      0.677755,
      0.196036
    ],
    [
      6.84541,
      0.745768,
      0.196036
    ],
    [
      7.1879,
      0.813782,
      0.196036
    ],
    [
      7.53502,
      0.816719,
      -0.179114
    ],
    [
      7.85955,
      0.693084,
      -0.490456
    ],
    [
      8.19088,
      0.589544,
      -0.115306
    ],
    [
      8.53711,
      0.614609,
      0.259844
    ],
    [
      8.85007,
      0.764793,
      0.634995
    ],
    [
      9.08624,
      1.0192,
      1.01014
    ],
    [
      9.21276,
      1.34246,
      1.38529
    ],
    [
      9.21204,
      1.68959,
      1.76045
    ],
    [
      9.08418,
      2.01232,
      2.1356
    ],
    [
      8.89142,
      2.35457,
      2.08006
    ],
    [
      8.69991,
      2.69754,
      2.08006
    ],
    [
      8.50839,
      3.04052,
      2.08006
    ],
    [
      8.31687,
      3.38349,
      2.08006
    ],
    [
      8.13312,
      3.73035,
      1.94346
    ],
    [
      8.07037,
      4.11518,
      1.52141
    ],
    [
      8.17076,
      4.49195,
      1.09937
    ],
    [
      8.41668,
      4.79454,
      0.677325
    ],
    [
      9.0,
      5.0,
      0.0
    ]
  ]
}