{
  "robot": {
    "class": "RectangleRobot",
    "radius": 0.3501518479974012,
    "wheelbase": 0.31771708934110066,
    "max_velocity": 9.453648925611065,
    "max_steering_at_zero_v": 0.44686343760273783,
    "max_steering_at_max_v": 0.2525120660812824,
    "acceleration": 5,
    "width": 0.51884455831426,
    "lenght": 0.47034624579309764
  },
  "planner": {
    "class": "Dubins_pathfinding",
    "start": [
      1.0,
      5.0
    ],
    "goal": [
      9.0,
      5.0
    ],
    "bounds": [
      0,
      10,
      0,
      10
    ],
    "max_runtime": 15.0,
    "goal_threshold": 0.0,
    "interpolate_steps": 50
  },
  "path": [
    [
      1.0,
      5.0,
      0.0
    ],
    [
      1.33326,
      4.91016,
      -0.52664
    ],
    [
      1.5762,
      4.66499,
      -1.05328
    ],
    [
      1.663,
      4.33092,
      -1.57992
    ],
    [
      1.59129,
      3.9905,
      -1.84503
    ],
    [
      1.49673,
      3.65437,
      -1.84503
    ],
    [
      1.40217,
      3.31824,
      -1.84503
    ],
    [
      1.30761,
      2.98211,
      -1.84503
    ],
    [
      1.21305,
      2.64598,
      -1.84503
    ],
    [
      1.11849,
      2.30986,
      -1.84503
    ],
    [
      0.916654,
      1.99027,
      -2.42314
    ],
    [
      0.645702,
      1.7227,
      -2.12035
    ],
    [
      0.548347,
      1.35747,
      -1.54224
    ],
    [
      0.666392,
      0.998385,
      -0.964128
    ],
    [
      0.961473,
      0.76216,
      -0.386016
    ],
    [
      1.30432,
      0.711581,
      -0.0180572
    ],
    [
      1.65344,
      0.705276,
      -0.0180572
    ],
    [
      2.00256,
      0.698971,
      -0.0180572
    ],
    [
      2.35168,
      0.692666,
      -0.0180572
    ],
    [
      2.7008,
      0.686362,
      -0.0180572
    ],
    [
      3.04992,
      0.680057,
      -0.0180572
    ],
    [
      3.39904,
      0.673752,
      -0.0180572
    ],
    [
      3.74816,
      0.667447,
      -0.0180572
    ],
    [
      4.09728,
      0.661142,
      -0.0180572
    ],
    [
      4.47225,
      0.664204,
      0.0088028
    ],
    [
      4.84722,
      0.667505,
      0.0088028
    ],
    [
      5.22218,
      0.670806,
      0.0088028
    ],
    [
      5.59715,
      0.674107,
      0.0088028
    ],
    [
      5.97212,
      0.677407,
      0.0088028
    ],
    [
      6.34709,
      0.680708,
      0.0088028
    ],
    [
      6.72206,
      0.684009,
      0.0088028
    ],
    [
      7.09702,
      0.687702,
      0.0431986
    ],
    [
      7.41474,
      0.719979,
      0.105237
    ],
    [
      7.73235,
      0.753528,
      0.105237
    ],
    [
      8.04997,
      0.787077,
      0.105237
    ],
    [
      8.36758,
      0.820625,
      0.105237
    ],
    [
      8.6823,
      0.870146,
      0.32666
    ],
    [
      8.98599,
      1.08231,
      0.892939
    ],
    [
      9.1331,
      1.42338,
      1.33966
    ],
    [
      9.21912,
      1.78886,
      1.33966
    ],
    [
      9.30513,
      2.15433,
      1.33966
    ],
    [
      9.36714,
      2.52321,
      1.61031
    ],
    [
      9.24968,
      2.87456,
      2.17659
    ],
    [
      8.96205,
      3.10804,
      2.74287
    ],
    [
      8.65426,
      3.37245,
      2.12089
    ],
    [
      8.503,
      3.75529,
      1.91207
    ],
    [
      8.36564,
      4.14412,
      1.86594
    ],
    [
      8.37207,
      4.54984,
      1.24396
    ],
    [
      8.61369,
      4.87583,
      0.621979
    ],
    [
      9.0,
      5.0,
      0.0
    ]
  ]
}