{
  "robot": {
    "class": "RectangleRobot",
    "radius": 0.1527255570058992,
    "wheelbase": 0.40258590655224497,
    "max_velocity": 10.35589522095546,
    "max_steering_at_zero_v": 0.39857415506134497,
    "max_steering_at_max_v": 0.16863611306151588,
    "acceleration": 5,
    "width": 0.14469973331390407,
    "lenght": 0.26900254688373065
  },
  "planner": {
    "class": "Dubins_pathfinding",
    "start": [
      1.0,
      5.0
    ],
    "goal": [
      9.0,
      5.0
    ],
    "bounds": [
      0,
      10,
      0,
      10
    ],
    "max_runtime": 15.0,
    "goal_threshold": 0.0,
    "interpolate_steps": 50
  },
  "path": [
    [
      1.0,
      5.0,
      0.0
    ],
    [
      1.34146,
      4.93694,
      -0.365246
    ],
    [
      1.63788,
      4.75607,
      -0.730492
    ],
    [
      1.85014,
      4.48126,
      -1.09574
    ],
    [
      1.95024,
      4.14877,
      -1.46098
    ],
    [
      1.92498,
      3.80245,
      -1.82623
    ],
    [
      1.77769,
      3.488,
      -2.19148
    ],
    [
      1.55718,
      3.21732,
      -2.26103
    ],
    [
      1.33486,
      2.94807,
      -2.26103
    ],
    [
      1.11253,
      2.67882,
      -2.26103
    ],
    [
      0.930324,
      2.33383,
      -1.88089
    ],
    [
      0.810455,
      1.95974,
      -1.88089
    ],
    [
      0.690585,
      1.58566,
      -1.88089
    ],
    [
      0.619625,
      1.20154,
      -1.55723
    ],
    [
      0.704373,
      0.820791,
      -1.14633
    ],
    [
      0.934151,
      0.505587,
      -0.735431
    ],
    [
      1.27071,
      0.308403,
      -0.32453
    ],
    [
      1.65801,
      0.262064,
      0.0863717
    ],
    [
      2.00182,
      0.322275,
      0.187311
    ],
    [
      2.34489,
      0.387298,
      0.187311
    ],
    [
      2.68796,
      0.45232,
      0.187311
    ],
    [
      3.03103,
      0.517343,
      0.187311
    ],
    [
      3.3741,
      0.582366,
      0.187311
    ],
    [
      3.71717,
      0.647389,
      0.187311
    ],
    [
      4.06024,
      0.712411,
      0.187311
    ],
    [
      4.4033,
      0.777434,
      0.187311
    ],
    [
      4.74637,
      0.842457,
      0.187311
    ],
    [
      5.12649,
      0.844234,
      -0.0951658
    ],
    [
      5.50657,
      0.807954,
      -0.0951658
    ],
    [
      5.88664,
      0.771674,
      -0.0951658
    ],
    [
      6.26672,
      0.735394,
      -0.0951658
    ],
    [
      6.6468,
      0.699114,
      -0.0951658
    ],
    [
      7.02688,
      0.662834,
      -0.0951658
    ],
    [
      7.40695,
      0.626554,
      -0.0951658
    ],
    [
      7.78655,
      0.586428,
      -0.18523
    ],
    [
      8.13378,
      0.585523,
      0.180016
    ],
    [
      8.45844,
      0.708703,
      0.545262
    ],
    [
      8.71768,
      0.939718,
      0.910508
    ],
    [
      8.87731,
      1.24809,
      1.27575
    ],
    [
      8.91626,
      1.59314,
      1.641
    ],
    [
      8.82947,
      1.92937,
      1.99391
    ],
    [
      8.6861,
      2.24775,
      1.99391
    ],
    [
      8.54273,
      2.56614,
      1.99391
    ],
    [
      8.39936,
      2.88452,
      1.99391
    ],
    [
      8.24521,
      3.31069,
      1.91052
    ],
    [
      8.09426,
      3.73808,
      1.89652
    ],
    [
      8.05451,
      4.18536,
      1.42239
    ],
    [
      8.22334,
      4.60144,
      0.948258
    ],
    [
      8.56352,
      4.89454,
      0.474129
    ],
    [
      9.0,
      5.0,
      0.0
    ]
  ]
}