{
  "robot": {
    "class": "RectangleRobot",
    "radius": 0.16475422071050053,
    "wheelbase": 0.37069093963148425,
    "max_velocity": 7.240632057114821,
    "max_steering_at_zero_v": 0.44692846118948015,
    "max_steering_at_max_v": 0.25352162211159346,
    "acceleration": 5,
    "width": 0.25974443818364584,
    "lenght": 0.20275265670357928
  },
  "planner": {
    "class": "Dubins_pathfinding",
    "start": [
      1.0,
      5.0
    ],
    "goal": [
      9.0,
      5.0
    ],
    "bounds": [
      0,
      10,
      0,
      10
    ],
    "max_runtime": 15.0,
    "goal_threshold": 0.0,
    "interpolate_steps": 50
  },
  "path": [
    [
      1.0,
      5.0,
      0.0
    ],
    [
      1.31849,
      4.93138,
      -0.42441
    ],
    [
      1.58047,
      4.7377,
      -0.848819
    ],
    [
      1.73945,
      4.45333,
      -1.27323
    ],
    [
      1.8202,
      4.13517,
      -1.32546
    ],
    [
      1.89993,
      3.81674,
      -1.32546
    ],
    [
      1.94741,
      3.49349,
      -1.61619
    ],
    [
      1.86441,
      3.17844,
      -2.0406
    ],
    [
      1.78166,
      2.86856,
      -1.62288
    ],
    [
      1.83173,
      2.55175,
      -1.20516
    ],
    [
      2.00603,
      2.2825,
      -0.787442
    ],
    [
      2.27456,
      2.10711,
      -0.369722
    ],
    [
      2.59033,
      2.0438,
      -0.127995
    ],
    [
      2.91077,
      2.00256,
      -0.127995
    ],
    [
      3.23122,
      1.96132,
      -0.127995
    ],
    [
      3.5512,
      1.91717,
      -0.215211
    ],
    [
      3.8428,
      1.78573,
      -0.631765
    ],
    [
      4.07299,
      1.56104,
      -0.812452
    ],
    [
      4.29456,
      1.32715,
      -0.812452
    ],
    [
      4.51613,
      1.09325,
      -0.812452
    ],
    [
      4.74543,
      0.867568,
      -0.641593
    ],
    [
      5.03573,
      0.733266,
      -0.225039
    ],
    [
      5.35554,
      0.727905,
      0.191515
    ],
    [
      5.59924,
      0.78901,
      0.25115
    ],
    [
      5.84514,
      0.83827,
      0.064756
    ],
    [
      6.16386,
      0.850154,
      0.0362875
    ],
    [
      6.48259,
      0.861725,
      0.0362875
    ],
    [
      6.80132,
      0.873296,
      0.0362875
    ],
    [
      7.12005,
      0.884867,
      0.0362875
    ],
    [
      7.43879,
      0.896438,
      0.0362875
    ],
    [
      7.75752,
      0.908009,
      0.0362875
    ],
    [
      8.07625,
      0.91958,
      0.0362875
    ],
    [
      8.39309,
      0.948692,
      0.250012
    ],
    [
      8.67739,
      1.0882,
      0.662377
    ],
    [
      8.87413,
      1.31588,
      1.05393
    ],
    [
      8.9691,
      1.60142,
      1.44548
    ],
    [
      8.99977,
      1.9027,
      1.47012
    ],
    [
      9.03021,
      2.20401,
      1.47012
    ],
    [
      9.06065,
      2.50532,
      1.47012
    ],
    [
      9.08335,
      2.80704,
      1.6117
    ],
    [
      9.0128,
      3.09956,
      2.00325
    ],
    [
      8.83595,
      3.34302,
      2.3948
    ],
    [
      8.57957,
      3.50057,
      2.78635
    ],
    [
      8.30395,
      3.67655,
      2.36034
    ],
    [
      8.12569,
      3.95071,
      1.93432
    ],
    [
      8.07665,
      4.27402,
      1.5083
    ],
    [
      8.16561,
      4.58871,
      1.08228
    ],
    [
      8.37666,
      4.8385,
      0.656267
    ],
    [
      8.67207,
      4.97875,
      0.230249
    ],
    [
      9.0,
      5.0,
      0.0
    ]
  ]
}