{
  "robot": {
    "class": "RectangleRobot",
    "radius": 0.3268116640411155,
    "wheelbase": 0.25825809447115133,
    "max_velocity": 9.558768892082245,
    "max_steering_at_zero_v": 0.39710403729347243,
    "max_steering_at_max_v": 0.20848339539864233,
    "acceleration": 5,
    "width": 0.5434155360209122,
    "lenght": 0.3632120733461326
  },
  "planner": {
    "class": "Dubins_pathfinding",
    "start": [
      1.0,
      5.0
    ],
    "goal": [
      9.0,
      5.0
    ],
    "bounds": [
      0,
      10,
      0,
      10
    ],
    "max_runtime": 15.0,
    "goal_threshold": 0.0,
    "interpolate_steps": 50
  },
  "path": [
    [
      1.0,
      5.0,
      0.0
    ],
    [
      1.33076,
      4.90363,
      -0.567025
    ],
    [
      1.558,
      4.64468,
      -1.13405
    ],
    [
      1.61059,
      4.3042,
      -1.70108
    ],
    [
      1.4861,
      3.98028,
      -2.03712
    ],
    [
      1.32911,
      3.66838,
      -2.03712
    ],
    [
      1.17212,
      3.35649,
      -2.03712
    ],
    [
      1.01513,
      3.04459,
      -2.03712
    ],
    [
      0.858139,
      2.7327,
      -2.03712
    ],
    [
      0.701148,
      2.4208,
      -2.03712
    ],
    [
      0.636304,
      2.09312,
      -1.55047
    ],
    [
      0.643175,
      1.7552,
      -1.55047
    ],
    [
      0.650045,
      1.41728,
      -1.55047
    ],
    [
      0.656916,
      1.07936,
      -1.55047
    ],
    [
      0.710399,
      0.748533,
      -1.15831
    ],
    [
      0.955097,
      0.468938,
      -0.545406
    ],
    [
      1.31609,
      0.380998,
      0.067502
    ],
    [
      1.69192,
      0.415748,
      0.0927207
    ],
    [
      2.06773,
      0.450694,
      0.0927207
    ],
    [
      2.44354,
      0.485639,
      0.0927207
    ],
    [
      2.81935,
      0.520585,
      0.0927207
    ],
    [
      3.19516,
      0.55553,
      0.0927207
    ],
    [
      3.57105,
      0.589297,
      0.0307543
    ],
    [
      3.9274,
      0.583088,
      -0.0196114
    ],
    [
      4.28376,
      0.576099,
      -0.0196114
    ],
    [
      4.64011,
      0.569109,
      -0.0196114
    ],
    [
      4.99646,
      0.56212,
      -0.0196114
    ],
    [
      5.35281,
      0.55513,
      -0.0196114
    ],
    [
      5.70916,
      0.548241,
      -0.00162865
    ],
    [
      6.04617,
      0.64799,
      0.577159
    ],
    [
      6.36045,
      0.747665,
      0.0669239
    ],
    [
      6.6934,
      0.769981,
      0.0669239
    ],
    [
      7.02635,
      0.792296,
      0.0669239
    ],
    [
      7.3593,
      0.814612,
      0.0669239
    ],
    [
      7.69224,
      0.836927,
      0.0669239
    ],
    [
      8.02519,
      0.859243,
      0.0669239
    ],
    [
      8.35814,
      0.881558,
      0.0669239
    ],
    [
      8.68548,
      0.93563,
      0.391024
    ],
    [
      8.94548,
      1.13824,
      0.93291
    ],
    [
      9.06609,
      1.48052,
      1.5311
    ],
    [
      9.02494,
      1.84613,
      1.70943
    ],
    [
      8.97404,
      2.21096,
      1.70943
    ],
    [
      8.92313,
      2.5758,
      1.70943
    ],
    [
      8.87223,
      2.94063,
      1.70943
    ],
    [
      8.82133,
      3.30547,
      1.70943
    ],
    [
      8.72648,
      3.65828,
      2.09489
    ],
    [
      8.4911,
      4.03649,
      2.12826
    ],
    [
      8.38892,
      4.46035,
      1.44681
    ],
    [
      8.59237,
      4.84578,
      0.723405
    ],
    [
      9.0,
      5.0,
      0.0
    ]
  ]
}