{
  "robot": {
    "class": "RectangleRobot",
    "radius": 0.33783449431596646,
    "wheelbase": 0.20542743901232036,
    "max_velocity": 12.689983299679556,
    "max_steering_at_zero_v": 0.4717914230635133,
    "max_steering_at_max_v": 0.22626970054773493,
    "acceleration": 5,
    "width": 0.3328319128616728,
    "lenght": 0.5880063774992061
  },
  "planner": {
    "class": "Dubins_pathfinding",
    "start": [
      1.0,
      5.0
    ],
    "goal": [
      9.0,
      5.0
    ],
    "bounds": [
      0,
      10,
      0,
      10
    ],
    "max_runtime": 15.0,
    "goal_threshold": 0.0,
    "interpolate_steps": 50
  },
  "path": [
    [
      1.0,
      5.0,
      0.0
    ],
    [
      1.28378,
      5.11701,
      0.782191
    ],
    [
      1.40262,
      5.40004,
      1.56438
    ],
    [
      1.34137,
      5.70824,
      1.80337
    ],
    [
      1.26879,
      6.01469,
      1.80337
    ],
    [
      1.19815,
      6.32153,
      1.70407
    ],
    [
      1.11541,
      6.66114,
      1.81712
    ],
    [
      1.03015,
      7.00022,
      1.81712
    ],
    [
      0.9449,
      7.3393,
      1.81712
    ],
    [
      0.859646,
      7.67837,
      1.81712
    ],
    [
      0.774392,
      8.01745,
      1.81712
    ],
    [
      0.687761,
      8.35614,
      1.90142
    ],
    [
      0.639929,
      8.69384,
      1.68361
    ],
    [
      0.601471,
      9.03329,
      1.68361
    ],
    [
      0.68752,
      9.35361,
      0.885525
    ],
    [
      0.984349,
      9.50114,
      0.0370179
    ],
    [
      1.33283,
      9.48015,
      -0.0663078
    ],
    [
      1.68124,
      9.45702,
      -0.0663078
    ],
    [
      2.02964,
      9.43388,
      -0.0663078
    ],
    [
      2.37805,
      9.41074,
      -0.0663078
    ],
    [
      2.72646,
      9.38761,
      -0.0663078
    ],
    [
      3.07487,
      9.36447,
      -0.0663078
    ],
    [
      3.42328,
      9.34133,
      -0.0663078
    ],
    [
      3.77169,
      9.3182,
      -0.0663078
    ],
    [
      4.1201,
      9.29506,
      -0.0663078
    ],
    [
      4.46898,
      9.28385,
      -0.0314146
    ],
    [
      4.81787,
      9.27289,
      -0.0314146
    ],
    [
      5.16675,
      9.26193,
      -0.0314146
    ],
    [
      5.51564,
      9.25096,
      -0.0314146
    ],
    [
      5.86453,
      9.24,
      -0.0314146
    ],
    [
      6.21342,
      9.22903,
      -0.0314146
    ],
    [
      6.56231,
      9.21807,
      -0.0314146
    ],
    [
      6.9112,
      9.20711,
      -0.0314146
    ],
    [
      7.26009,
      9.19616,
      -0.0236219
    ],
    [
      7.64984,
      9.18182,
      -0.0368474
    ],
    [
      8.0396,
      9.16745,
      -0.0368474
    ],
    [
      8.42936,
      9.15333,
      -0.00224488
    ],
    [
      8.70788,
      9.0417,
      -0.701665
    ],
    [
      8.94251,
      8.84341,
      -0.701665
    ],
    [
      9.0859,
      8.58013,
      -1.45347
    ],
    [
      9.00763,
      8.29074,
      -2.21643
    ],
    [
      8.91561,
      7.92178,
      -1.64784
    ],
    [
      8.88582,
      7.53585,
      -1.64784
    ],
    [
      8.85602,
      7.14992,
      -1.64784
    ],
    [
      8.80751,
      6.76739,
      -1.9557
    ],
    [
      8.73717,
      6.37145,
      -1.71858
    ],
    [
      8.67785,
      5.97296,
      -1.71858
    ],
    [
      8.61852,
      5.57448,
      -1.71858
    ],
    [
      8.66107,
      5.1853,
      -1.00063
    ],
    [
      9.0,
      5.0,
      0.0
    ]
  ]
}