{
  "robot": {
    "class": "RectangleRobot",
    "radius": 0.37235886036995625,
    "wheelbase": 0.3481794526906888,
    "max_velocity": 12.124816934745908,
    "max_steering_at_zero_v": 0.4179146550913935,
    "max_steering_at_max_v": 0.16669305468819598,
    "acceleration": 5,
    "width": 0.3403039857463789,
    "lenght": 0.6624180559655501
  },
  "planner": {
    "class": "Dubins_pathfinding",
    "start": [
      1.0,
      5.0
    ],
    "goal": [
      9.0,
      5.0
    ],
    "bounds": [
      0,
      10,
      0,
      10
    ],
    "max_runtime": 15.0,
    "goal_threshold": 0.0,
    "interpolate_steps": 50
  },
  "path": [
    [
      1.0,
      5.0,
      0.0
    ],
    [
      1.42481,
      5.12506,
      0.572586
    ],
    [
      1.72108,
      5.45633,
      1.0019
    ],
    [
      1.95374,
      5.83974,
      1.166
    ],
    [
      2.00609,
      6.27947,
      1.73859
    ],
    [
      1.81185,
      6.67743,
      2.31118
    ],
    [
      1.43297,
      6.90667,
      2.88376
    ],
    [
      0.990315,
      6.89407,
      -2.82684
    ],
    [
      0.625092,
      6.64364,
      -2.25425
    ],
    [
      0.453803,
      6.23528,
      -1.68166
    ],
    [
      0.454951,
      5.78656,
      -1.55402
    ],
    [
      0.462481,
      5.33769,
      -1.55402
    ],
    [
      0.470011,
      4.88881,
      -1.55402
    ],
    [
      0.477541,
      4.43993,
      -1.55402
    ],
    [
      0.48507,
      3.99105,
      -1.55402
    ],
    [
      0.50457,
      3.51121,
      -1.5297
    ],
    [
      0.524302,
      3.03137,
      -1.5297
    ],
    [
      0.544033,
      2.55153,
      -1.5297
    ],
    [
      0.563765,
      2.07169,
      -1.5297
    ],
    [
      0.583497,
      1.59186,
      -1.5297
    ],
    [
      0.622077,
      1.11419,
      -1.30956
    ],
    [
      0.852606,
      0.736089,
      -0.736974
    ],
    [
      1.25122,
      0.5432,
      -0.164388
    ],
    [
      1.69732,
      0.568572,
      0.134898
    ],
    [
      2.14218,
      0.62895,
      0.134898
    ],
    [
      2.58704,
      0.689328,
      0.134898
    ],
    [
      3.0319,
      0.749706,
      0.134898
    ],
    [
      3.47677,
      0.810084,
      0.134898
    ],
    [
      3.92386,
      0.786138,
      -0.102741
    ],
    [
      4.37043,
      0.740095,
      -0.102741
    ],
    [
      4.81701,
      0.694051,
      -0.102741
    ],
    [
      5.26358,
      0.648008,
      -0.102741
    ],
    [
      5.71015,
      0.601964,
      -0.102741
    ],
    [
      6.15673,
      0.555921,
      -0.102741
    ],
    [
      6.6033,
      0.509877,
      -0.102741
    ],
    [
      7.12118,
      0.4853,
      -0.0448934
    ],
    [
      7.63914,
      0.462031,
      -0.0448934
    ],
    [
      8.15711,
      0.438762,
      -0.0448934
    ],
    [
      8.67512,
      0.418156,
      0.0375334
    ],
    [
      9.15009,
      0.601385,
      0.698818
    ],
    [
      9.41241,
      1.03769,
      1.3601
    ],
    [
      9.37897,
      1.47925,
      1.93269
    ],
    [
      9.19495,
      1.88871,
      1.99675
    ],
    [
      9.00945,
      2.29754,
      1.99675
    ],
    [
      8.82395,
      2.70636,
      1.99675
    ],
    [
      8.63846,
      3.11519,
      1.99675
    ],
    [
      8.45296,
      3.52402,
      1.99675
    ],
    [
      8.26864,
      3.93335,
      1.93952
    ],
    [
      8.26864,
      3.93335,
      1.93952
    ],
    [
      9.0,
      5.0,
      0.0
    ]
  ]
}