{
  "robot": {
    "class": "RectangleRobot",
    "radius": 0.32012393054013016,
    "wheelbase": 0.48735907135572354,
    "max_velocity": 12.024409458077793,
    "max_steering_at_zero_v": 0.5109668217387378,
    "max_steering_at_max_v": 0.18942261262851162,
    "acceleration": 5,
    "width": 0.23857083902877632,
    "lenght": 0.5941391069294749
  },
  "planner": {
    "class": "Dubins_pathfinding",
    "start": [
      1.0,
      5.0
    ],
    "goal": [
      9.0,
      5.0
    ],
    "bounds": [
      0,
      10,
      0,
      10
    ],
    "max_runtime": 15.0,
    "goal_threshold": 0.0,
    "interpolate_steps": 50
  },
  "path": [
    [
      1.0,
      5.0,
      0.0
    ],
    [
      1.37959,
      5.08725,
      0.45188
    ],
    [
      1.68298,
      5.3315,
      0.903761
    ],
    [
      1.84926,
      5.68371,
      1.35564
    ],
    [
      1.84506,
      6.07318,
      1.80752
    ],
    [
      1.67328,
      6.42324,
      2.18268
    ],
    [
      1.44764,
      6.7448,
      2.18268
    ],
    [
      1.222,
      7.06635,
      2.18268
    ],
    [
      0.996355,
      7.3879,
      2.18268
    ],
    [
      0.840779,
      7.69972,
      1.98499
    ],
    [
      0.700254,
      8.01937,
      1.98499
    ],
    [
      0.559728,
      8.33902,
      1.98493
    ],
    [
      0.486308,
      8.67799,
      1.58326
    ],
    [
      0.551257,
      9.01869,
      1.18159
    ],
    [
      0.744234,
      9.30688,
      0.779917
    ],
    [
      1.03452,
      9.49669,
      0.378245
    ],
    [
      1.37591,
      9.55789,
      -0.0234262
    ],
    [
      1.71406,
      9.48076,
      -0.425098
    ],
    [
      2.09585,
      9.40344,
      0.0021666
    ],
    [
      2.48868,
      9.40429,
      0.0021666
    ],
    [
      2.8815,
      9.40514,
      0.0021666
    ],
    [
      3.27432,
      9.406,
      0.0021666
    ],
    [
      3.66714,
      9.40685,
      0.0021666
    ],
    [
      4.05997,
      9.4077,
      0.0021666
    ],
    [
      4.45279,
      9.40855,
      0.0021666
    ],
    [
      4.84561,
      9.4094,
      0.0021666
    ],
    [
      5.19457,
      9.42166,
      0.0366059
    ],
    [
      5.54351,
      9.43444,
      0.0366059
    ],
    [
      5.89245,
      9.44722,
      0.0366059
    ],
    [
      6.24139,
      9.46,
      0.0366059
    ],
    [
      6.59033,
      9.47278,
      0.0366059
    ],
    [
      6.93928,
      9.48556,
      0.0366059
    ],
    [
      7.28822,
      9.49834,
      0.0366059
    ],
    [
      7.63716,
      9.51112,
      0.0366059
    ],
    [
      7.9861,
      9.5239,
      0.0366059
    ],
    [
      8.25956,
      9.55702,
      0.0479909
    ],
    [
      8.6429,
      9.48808,
      -0.40389
    ],
    [
      8.95766,
      9.25867,
      -0.85577
    ],
    [
      9.14065,
      8.91484,
      -1.30765
    ],
    [
      9.15514,
      8.52562,
      -1.75953
    ],
    [
      9.02074,
      8.15743,
      -1.96955
    ],
    [
      8.86822,
      7.79543,
      -1.96955
    ],
    [
      8.71569,
      7.43343,
      -1.96955
    ],
    [
      8.56317,
      7.07142,
      -1.96955
    ],
    [
      8.39166,
      6.66435,
      -1.96955
    ],
    [
      8.22015,
      6.25729,
      -1.96955
    ],
    [
      8.13163,
      5.82899,
      -1.5244
    ],
    [
      8.26096,
      5.41158,
      -1.01626
    ],
    [
      8.57704,
      5.10983,
      -0.508132
    ],
    [
      9.0,
      5.0,
      0.0
    ]
  ]
}