{
  "robot": {
    "class": "RectangleRobot",
    "radius": 0.3787876872014131,
    "wheelbase": 0.2704896263816447,
    "max_velocity": 11.809566731554344,
    "max_steering_at_zero_v": 0.38414913363059555,
    "max_steering_at_max_v": 0.17819355131377188,
    "acceleration": 5,
    "width": 0.5207428238997964,
    "lenght": 0.55022482610152
  },
  "planner": {
    "class": "Dubins_pathfinding",
    "start": [
      1.0,
      5.0
    ],
    "goal": [
      9.0,
      5.0
    ],
    "bounds": [
      0,
      10,
      0,
      10
    ],
    "max_runtime": 15.0,
    "goal_threshold": 0.0,
    "interpolate_steps": 50
  },
  "path": [
    [
      1.0,
      5.0,
      0.0
    ],
    [
      1.34805,
      4.90236,
      -0.54702
    ],
    [
      1.59453,
      4.63792,
      -1.09404
    ],
    [
      1.66749,
      4.28388,
      -1.64106
    ],
    [
      1.56328,
      3.9349,
      -1.94568
    ],
    [
      1.42925,
      3.59429,
      -1.94568
    ],
    [
      1.29522,
      3.25367,
      -1.94568
    ],
    [
      1.16119,
      2.91306,
      -1.94568
    ],
    [
      1.02668,
      2.57264,
      -1.98492
    ],
    [
      0.93009,
      2.29641,
      -1.8987
    ],
    [
      0.785614,
      2.04449,
      -2.3094
    ],
    [
      0.616565,
      1.67823,
      -1.69703
    ],
    [
      0.591986,
      1.26924,
      -1.62679
    ],
    [
      0.664596,
      0.871964,
      -1.0882
    ],
    [
      0.91967,
      0.604792,
      -0.528916
    ],
    [
      1.27764,
      0.513665,
      0.0303676
    ],
    [
      1.62958,
      0.626094,
      0.559406
    ],
    [
      1.96815,
      0.777891,
      0.166384
    ],
    [
      2.3168,
      0.784188,
      -0.0126011
    ],
    [
      2.66595,
      0.779788,
      -0.0126011
    ],
    [
      3.0151,
      0.775388,
      -0.0126011
    ],
    [
      3.36424,
      0.770988,
      -0.0126011
    ],
    [
      3.71339,
      0.766588,
      -0.0126011
    ],
    [
      4.06254,
      0.762188,
      -0.0126011
    ],
    [
      4.41169,
      0.757788,
      -0.0126011
    ],
    [
      4.76084,
      0.753389,
      -0.0126011
    ],
    [
      5.10999,
      0.748989,
      -0.0126011
    ],
    [
      5.45824,
      0.732781,
      -0.0476882
    ],
    [
      5.80648,
      0.716161,
      -0.0476882
    ],
    [
      6.15472,
      0.699542,
      -0.0476882
    ],
    [
      6.50296,
      0.682922,
      -0.0476882
    ],
    [
      6.85119,
      0.666303,
      -0.0476882
    ],
    [
      7.19943,
      0.649683,
      -0.0476882
    ],
    [
      7.54767,
      0.633064,
      -0.0476882
    ],
    [
      7.89591,
      0.616444,
      -0.0476882
    ],
    [
      8.24366,
      0.594454,
      -0.174672
    ],
    [
      8.63805,
      0.644801,
      0.428611
    ],
    [
      8.93426,
      0.910016,
      1.03189
    ],
    [
      9.05474,
      1.29304,
      1.34946
    ],
    [
      9.14337,
      1.68688,
      1.34946
    ],
    [
      9.2292,
      2.08125,
      1.44157
    ],
    [
      9.16587,
      2.46324,
      2.02431
    ],
    [
      8.99377,
      2.81636,
      2.02431
    ],
    [
      8.82166,
      3.16947,
      2.02431
    ],
    [
      8.64955,
      3.52259,
      2.02431
    ],
    [
      8.47745,
      3.8757,
      2.02431
    ],
    [
      8.33701,
      4.24029,
      1.70656
    ],
    [
      8.39785,
      4.62269,
      1.1195
    ],
    [
      8.66031,
      4.90737,
      0.532452
    ],
    [
      9.0,
      5.0,
      0.0
    ]
  ]
}