{
  "robot": {
    "class": "RectangleRobot",
    "radius": 0.17091654370776968,
    "wheelbase": 0.3724829117633506,
    "max_velocity": 12.661131065984012,
    "max_steering_at_zero_v": 0.35697598871311664,
    "max_steering_at_max_v": 0.1681247937441517,
    "acceleration": 5,
    "width": 0.25589578614267405,
    "lenght": 0.2266433460008535
  },
  "planner": {
    "class": "Dubins_pathfinding",
    "start": [
      1.0,
      5.0
    ],
    "goal": [
      9.0,
      5.0
    ],
    "bounds": [
      0,
      10,
      0,
      10
    ],
    "max_runtime": 15.0,
    "goal_threshold": 0.0,
    "interpolate_steps": 50
  },
  "path": [
    [
      1.0,
      5.0,
      0.0
    ],
    [
      1.34211,
      4.93958,
      -0.349618
    ],
    [
      1.64282,
      4.76563,
      -0.699236
    ],
    [
      1.86576,
      4.4992,
      -1.04885
    ],
    [
      1.98394,
      4.17252,
      -1.39847
    ],
    [
      1.98308,
      3.82512,
      -1.74809
    ],
    [
      1.87025,
      3.49571,
      -1.9733
    ],
    [
      1.73347,
      3.17444,
      -1.9733
    ],
    [
      1.59669,
      2.85317,
      -1.9733
    ],
    [
      1.45991,
      2.5319,
      -1.9733
    ],
    [
      1.25679,
      2.20297,
      -2.17792
    ],
    [
      1.03574,
      1.88476,
      -2.17792
    ],
    [
      0.833706,
      1.55523,
      -1.96731
    ],
    [
      0.756252,
      1.17807,
      -1.57937
    ],
    [
      0.827227,
      0.799643,
      -1.19143
    ],
    [
      1.03608,
      0.476184,
      -0.803484
    ],
    [
      1.35178,
      0.255768,
      -0.415541
    ],
    [
      1.72739,
      0.171154,
      -0.0275975
    ],
    [
      2.07507,
      0.199982,
      0.109653
    ],
    [
      2.42215,
      0.238194,
      0.109653
    ],
    [
      2.76923,
      0.276405,
      0.109653
    ],
    [
      3.11631,
      0.314617,
      0.109653
    ],
    [
      3.46339,
      0.352828,
      0.109653
    ],
    [
      3.81047,
      0.39104,
      0.109653
    ],
    [
      4.15755,
      0.429251,
      0.109653
    ],
    [
      4.50463,
      0.467462,
      0.109653
    ],
    [
      4.85171,
      0.505674,
      0.109653
    ],
    [
      5.1926,
      0.551437,
      0.134328
    ],
    [
      5.53346,
      0.597501,
      0.134328
    ],
    [
      5.87432,
      0.643565,
      0.134328
    ],
    [
      6.21518,
      0.68963,
      0.134328
    ],
    [
      6.55604,
      0.735694,
      0.134328
    ],
    [
      6.8969,
      0.781758,
      0.134328
    ],
    [
      7.23777,
      0.827823,
      0.134328
    ],
    [
      7.57863,
      0.873887,
      0.134328
    ],
    [
      7.92093,
      0.897005,
      -0.0803839
    ],
    [
      8.30626,
      0.941534,
      0.310486
    ],
    [
      8.64556,
      1.12951,
      0.701356
    ],
    [
      8.88766,
      1.43259,
      1.09223
    ],
    [
      8.99602,
      1.80504,
      1.4831
    ],
    [
      8.95431,
      2.19068,
      1.87397
    ],
    [
      8.82402,
      2.55804,
      1.78112
    ],
    [
      8.66764,
      2.91918,
      2.17776
    ],
    [
      8.39307,
      3.20321,
      2.40335
    ],
    [
      8.13537,
      3.50138,
      2.09499
    ],
    [
      8.00938,
      3.87422,
      1.69835
    ],
    [
      8.0372,
      4.26678,
      1.30171
    ],
    [
      8.21453,
      4.61812,
      0.905068
    ],
    [
      8.51381,
      4.87367,
      0.508428
    ],
    [
      9.0,
      5.0,
      0.0
    ]
  ]
}