{
  "robot": {
    "class": "RectangleRobot",
    "radius": 0.3886206343257905,
    "wheelbase": 0.3274595249694662,
    "max_velocity": 9.9543831745465,
    "max_steering_at_zero_v": 0.40887641549451703,
    "max_steering_at_max_v": 0.2161265941220135,
    "acceleration": 5,
    "width": 0.6930079572473228,
    "lenght": 0.35191470683535253
  },
  "planner": {
    "class": "Dubins_pathfinding",
    "start": [
      1.0,
      5.0
    ],
    "goal": [
      9.0,
      5.0
    ],
    "bounds": [
      0,
      10,
      0,
      10
    ],
    "max_runtime": 15.0,
    "goal_threshold": 0.0,
    "interpolate_steps": 50
  },
  "path": [
    [
      1.0,
      5.0,
      0.0
    ],
    [
      1.36999,
      5.09676,
      0.511604
    ],
    [
      1.64524,
      5.36228,
      1.02321
    ],
    [
      1.75525,
      5.72855,
      1.53481
    ],
    [
      1.6733,
      6.10245,
      1.98163
    ],
    [
      1.51889,
      6.45692,
      1.98163
    ],
    [
      1.36447,
      6.81139,
      1.98163
    ],
    [
      1.21006,
      7.16585,
      1.98163
    ],
    [
      1.0444,
      7.51458,
      2.16446
    ],
    [
      0.860028,
      7.80915,
      2.12866
    ],
    [
      0.67606,
      8.10398,
      2.12866
    ],
    [
      0.508186,
      8.40728,
      1.90912
    ],
    [
      0.470917,
      8.74972,
      1.44929
    ],
    [
      0.589494,
      9.07313,
      0.98945
    ],
    [
      0.839284,
      9.31032,
      0.529615
    ],
    [
      1.17005,
      9.41213,
      0.0675833
    ],
    [
      1.51906,
      9.4226,
      0.0283108
    ],
    [
      1.8681,
      9.43248,
      0.0283108
    ],
    [
      2.21713,
      9.44237,
      0.0283108
    ],
    [
      2.56617,
      9.45225,
      0.0283108
    ],
    [
      2.91521,
      9.46214,
      0.0283108
    ],
    [
      3.26424,
      9.47202,
      0.0283108
    ],
    [
      3.61328,
      9.48191,
      0.0283108
    ],
    [
      3.96232,
      9.49179,
      0.0283108
    ],
    [
      4.35323,
      9.50366,
      0.0303574
    ],
    [
      4.74415,
      9.51553,
      0.0303574
    ],
    [
      5.13506,
      9.5274,
      0.0303574
    ],
    [
      5.52598,
      9.53927,
      0.0303574
    ],
    [
      5.91689,
      9.55114,
      0.0303574
    ],
    [
      6.30781,
      9.56301,
      0.0303574
    ],
    [
      6.69872,
      9.57488,
      0.0303574
    ],
    [
      7.08956,
      9.58835,
      0.0953577
    ],
    [
      7.43934,
      9.56271,
      -0.12555
    ],
    [
      7.78818,
      9.51868,
      -0.12555
    ],
    [
      8.13701,
      9.47466,
      -0.12555
    ],
    [
      8.48651,
      9.43977,
      0.0302639
    ],
    [
      8.82564,
      9.37076,
      -0.431768
    ],
    [
      9.09845,
      9.15782,
      -0.8938
    ],
    [
      9.24773,
      8.84559,
      -1.35583
    ],
    [
      9.24217,
      8.49955,
      -1.81786
    ],
    [
      9.12177,
      8.17198,
      -1.93885
    ],
    [
      8.99614,
      7.84619,
      -1.93885
    ],
    [
      8.87051,
      7.5204,
      -1.93885
    ],
    [
      8.74487,
      7.19461,
      -1.93885
    ],
    [
      8.61924,
      6.86881,
      -1.93885
    ],
    [
      8.44893,
      6.42715,
      -1.93885
    ],
    [
      8.27988,
      5.98503,
      -1.87906
    ],
    [
      8.28217,
      5.51938,
      -1.2527
    ],
    [
      8.55699,
      5.14346,
      -0.626352
    ],
    [
      9.0,
      5.0,
      0.0
    ]
  ]
}