{
  "robot": {
    "class": "RectangleRobot",
    "radius": 0.29981316153460347,
    "wheelbase": 0.4184524100917423,
    "max_velocity": 12.58641827081962,
    "max_steering_at_zero_v": 0.5058590161910166,
    "max_steering_at_max_v": 0.20469232315339536,
    "acceleration": 5,
    "width": 0.32460124224719716,
    "lenght": 0.5041683854121293
  },
  "planner": {
    "class": "Dubins_pathfinding",
    "start": [
      1.0,
      5.0
    ],
    "goal": [
      9.0,
      5.0
    ],
    "bounds": [
      0,
      10,
      0,
      10
    ],
    "max_runtime": 15.0,
    "goal_threshold": 0.0,
    "interpolate_steps": 50
  },
  "path": [
    [
      1.0,
      5.0,
      0.0
    ],
    [
      1.35449,
      4.91166,
      -0.488455
    ],
    [
      1.62607,
      4.6673,
      -0.97691
    ],
    [
      1.75122,
      4.32408,
      -1.46537
    ],
    [
      1.70068,
      3.96226,
      -1.95382
    ],
    [
      1.50798,
      3.64857,
      -2.16902
    ],
    [
      1.36257,
      3.31314,
      -1.73908
    ],
    [
      1.21401,
      2.92464,
      -1.99538
    ],
    [
      1.04211,
      2.54439,
      -1.99538
    ],
    [
      0.8702,
      2.16413,
      -1.99538
    ],
    [
      0.698293,
      1.78388,
      -1.99538
    ],
    [
      0.635539,
      1.37666,
      -1.4475
    ],
    [
      0.762336,
      1.04216,
      -0.969423
    ],
    [
      1.02881,
      0.803508,
      -0.491341
    ],
    [
      1.37482,
      0.709727,
      -0.122407
    ],
    [
      1.73327,
      0.66563,
      -0.122407
    ],
    [
      2.09172,
      0.621533,
      -0.122407
    ],
    [
      2.45017,
      0.577436,
      -0.122407
    ],
    [
      2.80862,
      0.53335,
      -0.116892
    ],
    [
      3.20218,
      0.51008,
      -0.0554431
    ],
    [
      3.59585,
      0.488231,
      -0.0554431
    ],
    [
      3.98952,
      0.466383,
      -0.0554431
    ],
    [
      4.38327,
      0.448398,
      0.0457264
    ],
    [
      4.77664,
      0.471559,
      0.0589795
    ],
    [
      5.17,
      0.494787,
      0.0589795
    ],
    [
      5.56336,
      0.518014,
      0.0589795
    ],
    [
      5.95673,
      0.541241,
      0.0589795
    ],
    [
      6.35015,
      0.563035,
      -0.00265559
    ],
    [
      6.71626,
      0.576347,
      0.0380507
    ],
    [
      7.08236,
      0.590284,
      0.0380507
    ],
    [
      7.44846,
      0.604221,
      0.0380507
    ],
    [
      7.81426,
      0.605449,
      -0.145493
    ],
    [
      8.19177,
      0.596358,
      -0.00411755
    ],
    [
      8.56965,
      0.594802,
      -0.00411755
    ],
    [
      8.9459,
      0.614908,
      0.235904
    ],
    [
      9.27655,
      0.789592,
      0.736145
    ],
    [
      9.48291,
      1.10147,
      1.23639
    ],
    [
      9.51439,
      1.4741,
      1.73663
    ],
    [
      9.36329,
      1.81618,
      2.23687
    ],
    [
      9.06663,
      2.04387,
      2.73711
    ],
    [
      8.69711,
      2.10136,
      -3.04583
    ],
    [
      8.26369,
      2.18985,
      2.64306
    ],
    [
      7.95412,
      2.50585,
      2.04876
    ],
    [
      7.87457,
      2.941,
      1.45447
    ],
    [
      7.98347,
      3.37619,
      1.30744
    ],
    [
      8.10034,
      3.80966,
      1.30744
    ],
    [
      8.21721,
      4.24312,
      1.30744
    ],
    [
      8.37063,
      4.66237,
      0.984771
    ],
    [
      8.37063,
      4.66237,
      0.984771
    ],
    [
      9.0,
      5.0,
      0.0
    ]
  ]
}