{
  "robot": {
    "class": "RectangleRobot",
    "radius": 0.38080728833964816,
    "wheelbase": 0.2646647413988209,
    "max_velocity": 10.703890091342515,
    "max_steering_at_zero_v": 0.37965623633931156,
    "max_steering_at_max_v": 0.1655915289617912,
    "acceleration": 5,
    "width": 0.4439201635205575,
    "lenght": 0.6188631931455169
  },
  "planner": {
    "class": "Dubins_pathfinding",
    "start": [
      1.0,
      5.0
    ],
    "goal": [
      9.0,
      5.0
    ],
    "bounds": [
      0,
      10,
      0,
      10
    ],
    "max_runtime": 15.0,
    "goal_threshold": 0.0,
    "interpolate_steps": 50
  },
  "path": [
    [
      1.0,
      5.0,
      0.0
    ],
    [
      1.35529,
      4.89682,
      -0.565276
    ],
    [
      1.60005,
      4.61937,
      -1.13055
    ],
    [
      1.65812,
      4.25399,
      -1.69583
    ],
    [
      1.54192,
      3.89863,
      -1.93909
    ],
    [
      1.40693,
      3.54883,
      -1.93909
    ],
    [
      1.275,
      3.19796,
      -1.84021
    ],
    [
      1.1422,
      2.87276,
      -1.97587
    ],
    [
      1.00368,
      2.54971,
      -1.97587
    ],
    [
      0.865158,
      2.22667,
      -1.97587
    ],
    [
      0.72664,
      1.90362,
      -1.97587
    ],
    [
      0.584837,
      1.58212,
      -2.08052
    ],
    [
      0.50098,
      1.23374,
      -1.53351
    ],
    [
      0.610559,
      0.892588,
      -0.986499
    ],
    [
      0.881597,
      0.658208,
      -0.43949
    ],
    [
      1.23499,
      0.599004,
      0.107519
    ],
    [
      1.59046,
      0.671232,
      0.210072
    ],
    [
      1.93844,
      0.769213,
      0.47569
    ],
    [
      2.27585,
      0.842352,
      -0.0181658
    ],
    [
      2.62497,
      0.83601,
      -0.0181658
    ],
    [
      2.97408,
      0.829667,
      -0.0181658
    ],
    [
      3.3232,
      0.823324,
      -0.0181658
    ],
    [
      3.67232,
      0.816981,
      -0.0181658
    ],
    [
      4.02144,
      0.810639,
      -0.0181658
    ],
    [
      4.37056,
      0.804296,
      -0.0181658
    ],
    [
      4.71968,
      0.797953,
      -0.0181658
    ],
    [
      5.0688,
      0.791611,
      -0.0181658
    ],
    [
      5.43346,
      0.785388,
      -0.0170607
    ],
    [
      5.79812,
      0.779166,
      -0.0170607
    ],
    [
      6.16278,
      0.772944,
      -0.0170607
    ],
    [
      6.52744,
      0.766722,
      -0.0170607
    ],
    [
      6.8921,
      0.7605,
      -0.0170607
    ],
    [
      7.25663,
      0.759305,
      0.106093
    ],
    [
      7.66912,
      0.802785,
      0.105022
    ],
    [
      8.0816,
      0.846264,
      0.105022
    ],
    [
      8.49408,
      0.889744,
      0.105022
    ],
    [
      8.90186,
      0.956982,
      0.375527
    ],
    [
      9.21703,
      1.21614,
      1.00084
    ],
    [
      9.33344,
      1.57862,
      1.39212
    ],
    [
      9.40168,
      1.95648,
      1.39212
    ],
    [
      9.46992,
      2.33434,
      1.39212
    ],
    [
      9.47966,
      2.71445,
      1.81331
    ],
    [
      9.28761,
      3.04076,
      2.3922
    ],
    [
      8.94833,
      3.20884,
      2.97108
    ],
    [
      8.59166,
      3.39369,
      2.35578
    ],
    [
      8.4071,
      3.75051,
      1.74047
    ],
    [
      8.35456,
      4.15524,
      1.69848
    ],
    [
      8.37471,
      4.55802,
      1.23061
    ],
    [
      8.61714,
      4.87835,
      0.615307
    ],
    [
      9.0,
      5.0,
      0.0
    ]
  ]
}