{
  "robot": {
    "class": "RectangleRobot",
    "radius": 0.19968700369241466,
    "wheelbase": 0.3391672045903825,
    "max_velocity": 9.609217770144205,
    "max_steering_at_zero_v": 0.41159958828974663,
    "max_steering_at_max_v": 0.16666599490503428,
    "acceleration": 5,
    "width": 0.22863835696569654,
    "lenght": 0.32745091158621686
  },
  "planner": {
    "class": "Dubins_pathfinding",
    "start": [
      1.0,
      5.0
    ],
    "goal": [
      9.0,
      5.0
    ],
    "bounds": [
      0,
      10,
      0,
      10
    ],
    "max_runtime": 15.0,
    "goal_threshold": 0.0,
    "interpolate_steps": 50
  },
  "path": [
    [
      1.0,
      5.0,
      0.0
    ],
    [
      1.29122,
      4.94336,
      -0.384212
    ],
    [
      1.53999,
      4.78168,
      -0.768424
    ],
    [
      1.74698,
      4.5666,
      -0.806424
    ],
    [
      1.95358,
      4.35113,
      -0.806424
    ],
    [
      2.14009,
      4.11946,
      -1.06437
    ],
    [
      2.23182,
      3.83732,
      -1.44858
    ],
    [
      2.2111,
      3.54136,
      -1.83279
    ],
    [
      2.08096,
      3.27474,
      -2.21701
    ],
    [
      1.94689,
      2.99288,
      -1.81253
    ],
    [
      1.93457,
      2.681,
      -1.40806
    ],
    [
      2.04597,
      2.38944,
      -1.00358
    ],
    [
      2.26313,
      2.16525,
      -0.599106
    ],
    [
      2.54313,
      2.02344,
      -0.435889
    ],
    [
      2.828,
      1.89075,
      -0.435889
    ],
    [
      3.11288,
      1.75807,
      -0.435889
    ],
    [
      3.39775,
      1.62538,
      -0.435889
    ],
    [
      3.66865,
      1.46858,
      -0.704016
    ],
    [
      3.86113,
      1.22288,
      -1.10849
    ],
    [
      4.07875,
      0.949829,
      -0.775008
    ],
    [
      4.34856,
      0.727188,
      -0.497446
    ],
    [
      4.68413,
      0.633822,
      -0.0452909
    ],
    [
      4.99139,
      0.640433,
      0.0283709
    ],
    [
      5.29864,
      0.649153,
      0.0283709
    ],
    [
      5.6059,
      0.657872,
      0.0283709
    ],
    [
      5.91315,
      0.666591,
      0.0283709
    ],
    [
      6.2204,
      0.675311,
      0.0283709
    ],
    [
      6.52765,
      0.68403,
      0.0283709
    ],
    [
      6.8349,
      0.692749,
      0.0283709
    ],
    [
      7.14215,
      0.701469,
      0.0283709
    ],
    [
      7.44639,
      0.736243,
      0.288453
    ],
    [
      7.71637,
      0.878951,
      0.684067
    ],
    [
      7.96665,
      1.01553,
      0.315
    ],
    [
      8.24936,
      1.0528,
      -0.0327276
    ],
    [
      8.53546,
      1.05839,
      0.163727
    ],
    [
      8.80347,
      1.15569,
      0.532795
    ],
    [
      9.01833,
      1.34312,
      0.901862
    ],
    [
      9.15111,
      1.59544,
      1.27093
    ],
    [
      9.18392,
      1.87867,
      1.64
    ],
    [
      9.11678,
      2.16267,
      1.87817
    ],
    [
      9.02821,
      2.44169,
      1.87817
    ],
    [
      8.93964,
      2.72071,
      1.87817
    ],
    [
      8.85107,
      2.99973,
      1.87817
    ],
    [
      8.73774,
      3.26842,
      2.14125
    ],
    [
      8.5375,
      3.47959,
      2.51803
    ],
    [
      8.28003,
      3.7974,
      1.98531
    ],
    [
      8.21903,
      4.20199,
      1.49278
    ],
    [
      8.32017,
      4.5992,
      1.06542
    ],
    [
      8.60541,
      4.89234,
      0.532712
    ],
    [
      9.0,
      5.0,
      0.0
    ]
  ]
}