{
  "robot": {
    "class": "RectangleRobot",
    "radius": 0.20684458748490178,
    "wheelbase": 0.34871184742861466,
    "max_velocity": 9.07681974286751,
    "max_steering_at_zero_v": 0.5033887999067785,
    "max_steering_at_max_v": 0.23511742520004225,
    "acceleration": 5,
    "width": 0.28079460379929927,
    "lenght": 0.30379783403505584
  },
  "planner": {
    "class": "Dubins_pathfinding",
    "start": [
      1.0,
      5.0
    ],
    "goal": [
      9.0,
      5.0
    ],
    "bounds": [
      0,
      10,
      0,
      10
    ],
    "max_runtime": 15.0,
    "goal_threshold": 0.0,
    "interpolate_steps": 50
  },
  "path": [
    [
      1.0,
      5.0,
      0.0
    ],
    [
      1.33175,
      4.90614,
      -0.551444
    ],
    [
      1.56514,
      4.65238,
      -1.10289
    ],
    [
      1.631,
      4.31396,
      -1.65433
    ],
    [
      1.51299,
      3.98918,
      -2.09632
    ],
    [
      1.33782,
      3.68712,
      -2.09632
    ],
    [
      1.16265,
      3.38507,
      -2.09632
    ],
    [
      0.987483,
      3.08301,
      -2.09632
    ],
    [
      0.812314,
      2.78095,
      -2.09632
    ],
    [
      0.638866,
      2.47795,
      -2.01762
    ],
    [
      0.577792,
      2.1672,
      -1.51211
    ],
    [
      0.609521,
      1.8487,
      -1.46973
    ],
    [
      0.641816,
      1.53025,
      -1.46973
    ],
    [
      0.66697,
      1.21143,
      -1.62006
    ],
    [
      0.764902,
      0.840765,
      -1.00493
    ],
    [
      1.05878,
      0.594552,
      -0.389809
    ],
    [
      1.44204,
      0.550174,
      0.0230799
    ],
    [
      1.83144,
      0.559163,
      0.0230799
    ],
    [
      2.22083,
      0.568152,
      0.0230799
    ],
    [
      2.61023,
      0.577141,
      0.0230799
    ],
    [
      2.99962,
      0.586129,
      0.0230799
    ],
    [
      3.3874,
      0.611398,
      0.25056
    ],
    [
      3.73382,
      0.65277,
      0.097703
    ],
    [
      4.08133,
      0.686832,
      0.097703
    ],
    [
      4.42884,
      0.720893,
      0.097703
    ],
    [
      4.77635,
      0.754954,
      0.097703
    ],
    [
      5.12386,
      0.789016,
      0.097703
    ],
    [
      5.47137,
      0.823077,
      0.097703
    ],
    [
      5.81888,
      0.857138,
      0.097703
    ],
    [
      6.16639,
      0.8912,
      0.097703
    ],
    [
      6.51391,
      0.925261,
      0.097703
    ],
    [
      6.86966,
      0.89509,
      -0.130671
    ],
    [
      7.22452,
      0.848454,
      -0.130671
    ],
    [
      7.57938,
      0.801819,
      -0.130671
    ],
    [
      7.93423,
      0.755184,
      -0.130671
    ],
    [
      8.28909,
      0.708549,
      -0.130671
    ],
    [
      8.64455,
      0.669482,
      0.024231
    ],
    [
      8.98121,
      0.776157,
      0.589466
    ],
    [
      9.20838,
      1.04656,
      1.1547
    ],
    [
      9.24924,
      1.43095,
      1.77508
    ],
    [
      9.13521,
      1.80677,
      1.87314
    ],
    [
      9.01824,
      2.18177,
      1.87314
    ],
    [
      8.90127,
      2.55678,
      1.87314
    ],
    [
      8.78431,
      2.93178,
      1.87314
    ],
    [
      8.66734,
      3.30679,
      1.87314
    ],
    [
      8.55037,
      3.68179,
      1.87314
    ],
    [
      8.4334,
      4.0568,
      1.87314
    ],
    [
      8.37796,
      4.48519,
      1.38271
    ],
    [
      8.59628,
      4.8546,
      0.691357
    ],
    [
      9.0,
      5.0,
      0.0
    ]
  ]
}