{
  "robot": {
    "class": "RectangleRobot",
    "radius": 0.3866485042022915,
    "wheelbase": 0.27006336744841125,
    "max_velocity": 8.592558598125748,
    "max_steering_at_zero_v": 0.4186795049069341,
    "max_steering_at_max_v": 0.2612193295750004,
    "acceleration": 5,
    "width": 0.34509445369372,
    "lenght": 0.6920246247333333
  },
  "planner": {
    "class": "Dubins_pathfinding",
    "start": [
      1.0,
      5.0
    ],
    "goal": [
      9.0,
      5.0
    ],
    "bounds": [
      0,
      10,
      0,
      10
    ],
    "max_runtime": 15.0,
    "goal_threshold": 0.0,
    "interpolate_steps": 50
  },
  "path": [
    [
      1.0,
      5.0,
      0.0
    ],
    [
      1.36712,
      4.87637,
      -0.649647
    ],
    [
      1.58467,
      4.55586,
      -1.29929
    ],
    [
      1.56402,
      4.16904,
      -1.94894
    ],
    [
      1.4082,
      3.80687,
      -1.97774
    ],
    [
      1.25215,
      3.4448,
      -1.97774
    ],
    [
      1.09609,
      3.08272,
      -1.97774
    ],
    [
      0.983429,
      2.70826,
      -1.59131
    ],
    [
      0.888585,
      2.38269,
      -2.00804
    ],
    [
      0.743615,
      2.07253,
      -2.00804
    ],
    [
      0.598644,
      1.76238,
      -2.00804
    ],
    [
      0.45385,
      1.45215,
      -1.98278
    ],
    [
      0.410081,
      1.11716,
      -1.41866
    ],
    [
      0.552204,
      0.810665,
      -0.854542
    ],
    [
      0.836178,
      0.62765,
      -0.290426
    ],
    [
      1.18285,
      0.598699,
      -0.0197611
    ],
    [
      1.53196,
      0.591799,
      -0.0197611
    ],
    [
      1.88107,
      0.5849,
      -0.0197611
    ],
    [
      2.23018,
      0.578,
      -0.0197611
    ],
    [
      2.57928,
      0.5711,
      -0.0197611
    ],
    [
      2.92839,
      0.564201,
      -0.0197611
    ],
    [
      3.2775,
      0.557301,
      -0.0197611
    ],
    [
      3.62661,
      0.550401,
      -0.0197611
    ],
    [
      3.97572,
      0.543502,
      -0.0197611
    ],
    [
      4.36777,
      0.567204,
      0.0660717
    ],
    [
      4.75973,
      0.593139,
      0.0660717
    ],
    [
      5.1517,
      0.619075,
      0.0660717
    ],
    [
      5.54366,
      0.645011,
      0.0660717
    ],
    [
      5.93563,
      0.670946,
      0.0660717
    ],
    [
      6.3276,
      0.696882,
      0.0660717
    ],
    [
      6.71956,
      0.722818,
      0.0660717
    ],
    [
      7.11153,
      0.748753,
      0.0660717
    ],
    [
      7.46846,
      0.750766,
      0.00217029
    ],
    [
      7.82541,
      0.751541,
      0.00217029
    ],
    [
      8.18237,
      0.752316,
      0.00217029
    ],
    [
      8.53932,
      0.753091,
      0.00217029
    ],
    [
      8.89495,
      0.770439,
      0.236433
    ],
    [
      9.19842,
      0.948459,
      0.824599
    ],
    [
      9.35645,
      1.2978,
      1.46738
    ],
    [
      9.29467,
      1.68005,
      1.83716
    ],
    [
      9.19199,
      2.0564,
      1.83716
    ],
    [
      9.0893,
      2.43275,
      1.83716
    ],
    [
      8.98661,
      2.8091,
      1.83716
    ],
    [
      8.88393,
      3.18544,
      1.83716
    ],
    [
      8.77602,
      3.56011,
      1.97162
    ],
    [
      8.52256,
      3.84781,
      2.61441
    ],
    [
      8.25154,
      4.18221,
      1.88939
    ],
    [
      8.27043,
      4.61223,
      1.16438
    ],
    [
      8.56974,
      4.92157,
      0.439368
    ],
    [
      9.0,
      5.0,
      0.0
    ]
  ]
}