{
  "robot": {
    "class": "RectangleRobot",
    "radius": 0.25930847003858865,
    "wheelbase": 0.45382759400827616,
    "max_velocity": 10.474880910681557,
    "max_steering_at_zero_v": 0.4584444171559147,
    "max_steering_at_max_v": 0.26125226667571355,
    "acceleration": 5,
    "width": 0.43893197473006207,
    "lenght": 0.27622862287348626
  },
  "planner": {
    "class": "Dubins_pathfinding",
    "start": [
      1.0,
      5.0
    ],
    "goal": [
      9.0,
      5.0
    ],
    "bounds": [
      0,
      10,
      0,
      10
    ],
    "max_runtime": 15.0,
    "goal_threshold": 0.0,
    "interpolate_steps": 50
  },
  "path": [
    [
      1.0,
      5.0,
      0.0
    ],
    [
      1.31594,
      4.94402,
      -0.35071
    ],
    [
      1.59341,
      4.78291,
      -0.701421
    ],
    [
      1.79864,
      4.53627,
      -1.05213
    ],
    [
      1.92693,
      4.24067,
      -1.18743
    ],
    [
      2.03161,
      3.93629,
      -1.37867
    ],
    [
      2.03699,
      3.61548,
      -1.72938
    ],
    [
      1.93182,
      3.31235,
      -2.08009
    ],
    [
      1.82283,
      2.98282,
      -1.70038
    ],
    [
      1.84373,
      2.63637,
      -1.32067
    ],
    [
      1.99156,
      2.32234,
      -0.940963
    ],
    [
      2.2449,
      2.08494,
      -0.598758
    ],
    [
      2.53333,
      1.88814,
      -0.598758
    ],
    [
      2.82176,
      1.69134,
      -0.598758
    ],
    [
      3.11019,
      1.49453,
      -0.598758
    ],
    [
      3.39863,
      1.29773,
      -0.598758
    ],
    [
      3.68706,
      1.10093,
      -0.598758
    ],
    [
      4.00553,
      0.962929,
      -0.219048
    ],
    [
      4.35233,
      0.924549,
      -0.0874226
    ],
    [
      4.70017,
      0.894062,
      -0.0874226
    ],
    [
      5.04801,
      0.863575,
      -0.0874226
    ],
    [
      5.39586,
      0.833088,
      -0.0874226
    ],
    [
      5.7437,
      0.802601,
      -0.0874226
    ],
    [
      6.09154,
      0.772113,
      -0.0874226
    ],
    [
      6.43938,
      0.741626,
      -0.0874226
    ],
    [
      6.78723,
      0.711139,
      -0.0874226
    ],
    [
      7.09919,
      0.680941,
      -0.0966232
    ],
    [
      7.41116,
      0.650704,
      -0.0966232
    ],
    [
      7.72312,
      0.620467,
      -0.0966232
    ],
    [
      8.03508,
      0.59023,
      -0.0966232
    ],
    [
      8.34705,
      0.559993,
      -0.0966232
    ],
    [
      8.65901,
      0.529756,
      -0.0966232
    ],
    [
      8.97123,
      0.531996,
      0.169412
    ],
    [
      9.26531,
      0.635963,
      0.510245
    ],
    [
      9.50771,
      0.832251,
      0.851078
    ],
    [
      9.67055,
      1.09828,
      1.19191
    ],
    [
      9.73577,
      1.43918,
      1.57162
    ],
    [
      9.66999,
      1.77997,
      1.95133
    ],
    [
      9.48391,
      2.07327,
      2.26899
    ],
    [
      9.25945,
      2.34074,
      2.26899
    ],
    [
      9.03499,
      2.60821,
      2.26899
    ],
    [
      8.81052,
      2.87568,
      2.26899
    ],
    [
      8.58606,
      3.14315,
      2.26899
    ],
    [
      8.3616,
      3.41062,
      2.26899
    ],
    [
      8.16418,
      3.69695,
      2.00094
    ],
    [
      8.08083,
      4.05287,
      1.60075
    ],
    [
      8.14272,
      4.41315,
      1.20056
    ],
    [
      8.34009,
      4.72085,
      0.800375
    ],
    [
      8.64174,
      4.92734,
      0.400187
    ],
    [
      9.0,
      5.0,
      0.0
    ]
  ]
}