{
  "robot": {
    "class": "RectangleRobot",
    "radius": 0.31482663782677767,
    "wheelbase": 0.3081354250683258,
    "max_velocity": 10.537871328077962,
    "max_steering_at_zero_v": 0.5036954115549925,
    "max_steering_at_max_v": 0.2178470624811457,
    "acceleration": 5,
    "width": 0.475150361742701,
    "lenght": 0.41315297563618314
  },
  "planner": {
    "class": "Dubins_pathfinding",
    "start": [
      1.0,
      5.0
    ],
    "goal": [
      9.0,
      5.0
    ],
    "bounds": [
      0,
      10,
      0,
      10
    ],
    "max_runtime": 15.0,
    "goal_threshold": 0.0,
    "interpolate_steps": 50
  },
  "path": [
    [
      1.0,
      5.0,
      0.0
    ],
    [
      1.32692,
      4.89447,
      -0.624513
    ],
    [
      1.53042,
      4.6177,
      -1.24903
    ],
    [
      1.53369,
      4.27419,
      -1.87354
    ],
    [
      1.39046,
      3.95595,
      -2.0082
    ],
    [
      1.24256,
      3.63964,
      -2.0082
    ],
    [
      1.09465,
      3.32334,
      -2.0082
    ],
    [
      0.946746,
      3.00704,
      -2.0082
    ],
    [
      0.79884,
      2.69073,
      -2.0082
    ],
    [
      0.650933,
      2.37443,
      -2.0082
    ],
    [
      0.576253,
      2.04061,
      -1.72635
    ],
    [
      0.523046,
      1.70131,
      -1.72635
    ],
    [
      0.469838,
      1.36202,
      -1.72635
    ],
    [
      0.416831,
      1.02269,
      -1.69948
    ],
    [
      0.476838,
      0.689994,
      -1.08522
    ],
    [
      0.717628,
      0.452698,
      -0.470965
    ],
    [
      1.05117,
      0.397557,
      0.143291
    ],
    [
      1.43706,
      0.418135,
      0.0465009
    ],
    [
      1.82316,
      0.436102,
      0.0465009
    ],
    [
      2.20927,
      0.454069,
      0.0465009
    ],
    [
      2.59537,
      0.472036,
      0.0465009
    ],
    [
      2.98147,
      0.490003,
      0.0465009
    ],
    [
      3.36757,
      0.50797,
      0.0465009
    ],
    [
      3.75366,
      0.526106,
      0.0711354
    ],
    [
      4.12599,
      0.54516,
      0.0508199
    ],
    [
      4.49833,
      0.564099,
      0.0508199
    ],
    [
      4.87067,
      0.583037,
      0.0508199
    ],
    [
      5.24301,
      0.601976,
      0.0508199
    ],
    [
      5.61535,
      0.620914,
      0.0508199
    ],
    [
      5.98769,
      0.639853,
      0.0508199
    ],
    [
      6.36007,
      0.657798,
      -0.00879944
    ],
    [
      6.7164,
      0.673312,
      0.0458497
    ],
    [
      7.07272,
      0.689661,
      0.0458497
    ],
    [
      7.42904,
      0.706009,
      0.0458497
    ],
    [
      7.78535,
      0.722358,
      0.0458497
    ],
    [
      8.14167,
      0.738706,
      0.0458497
    ],
    [
      8.49798,
      0.755055,
      0.0458497
    ],
    [
      8.84219,
      0.830721,
      0.51262
    ],
    [
      9.07844,
      1.08987,
      1.15057
    ],
    [
      9.11435,
      1.44834,
      1.70868
    ],
    [
      9.06403,
      1.81094,
      1.70868
    ],
    [
      9.01372,
      2.17355,
      1.70868
    ],
    [
      8.9634,
      2.53615,
      1.70868
    ],
    [
      8.91308,
      2.89876,
      1.70868
    ],
    [
      8.86277,
      3.26136,
      1.70868
    ],
    [
      8.81245,
      3.62397,
      1.70868
    ],
    [
      8.67481,
      3.95665,
      2.28598
    ],
    [
      8.44596,
      4.36569,
      1.70568
    ],
    [
      8.5789,
      4.8087,
      0.852842
    ],
    [
      9.0,
      5.0,
      0.0
    ]
  ]
}