{
  "robot": {
    "class": "RectangleRobot",
    "radius": 0.31908345800400617,
    "wheelbase": 0.2893080168149874,
    "max_velocity": 12.717814642768131,
    "max_steering_at_zero_v": 0.3406876743549928,
    "max_steering_at_max_v": 0.1850612062855036,
    "acceleration": 5,
    "width": 0.24068347104935583,
    "lenght": 0.5910401673751213
  },
  "planner": {
    "class": "Dubins_pathfinding",
    "start": [
      1.0,
      5.0
    ],
    "goal": [
      9.0,
      5.0
    ],
    "bounds": [
      0,
      10,
      0,
      10
    ],
    "max_runtime": 15.0,
    "goal_threshold": 0.0,
    "interpolate_steps": 50
  },
  "path": [
    [
      1.0,
      5.0,
      0.0
    ],
    [
      1.3368,
      5.07274,
      0.425426
    ],
    [
      1.61356,
      5.278,
      0.850852
    ],
    [
      1.78094,
      5.57919,
      1.27628
    ],
    [
      1.80909,
      5.9226,
      1.7017
    ],
    [
      1.70293,
      6.25178,
      1.96289
    ],
    [
      1.57026,
      6.57261,
      1.96289
    ],
    [
      1.4376,
      6.89345,
      1.96289
    ],
    [
      1.29494,
      7.20949,
      2.12771
    ],
    [
      1.08541,
      7.49151,
      2.21959
    ],
    [
      0.873064,
      7.77153,
      2.21959
    ],
    [
      0.663306,
      8.05339,
      2.13137
    ],
    [
      0.545286,
      8.38153,
      1.70074
    ],
    [
      0.575021,
      8.72898,
      1.27011
    ],
    [
      0.747081,
      9.0323,
      0.839478
    ],
    [
      1.03005,
      9.23609,
      0.408847
    ],
    [
      1.37,
      9.30371,
      0.0160757
    ],
    [
      1.71914,
      9.30932,
      0.0160757
    ],
    [
      2.06827,
      9.31494,
      0.0160757
    ],
    [
      2.4174,
      9.32055,
      0.0160757
    ],
    [
      2.76653,
      9.32616,
      0.0160757
    ],
    [
      3.11566,
      9.33178,
      0.0160757
    ],
    [
      3.46479,
      9.33739,
      0.0160757
    ],
    [
      3.81392,
      9.343,
      0.0160757
    ],
    [
      4.16305,
      9.34861,
      0.0160757
    ],
    [
      4.55187,
      9.33191,
      -0.0471262
    ],
    [
      4.94065,
      9.31357,
      -0.0471262
    ],
    [
      5.32943,
      9.29524,
      -0.0471262
    ],
    [
      5.7182,
      9.2769,
      -0.0471262
    ],
    [
      6.10698,
      9.25857,
      -0.0471262
    ],
    [
      6.49576,
      9.24023,
      -0.0471262
    ],
    [
      6.88454,
      9.2219,
      -0.0471262
    ],
    [
      7.27325,
      9.20255,
      -0.0969021
    ],
    [
      7.66631,
      9.21926,
      0.0720181
    ],
    [
      8.05918,
      9.24761,
      0.0720181
    ],
    [
      8.45226,
      9.26586,
      -0.0852692
    ],
    [
      8.82172,
      9.14071,
      -0.567942
    ],
    [
      9.09089,
      8.85837,
      -1.05061
    ],
    [
      9.19536,
      8.52798,
      -1.47849
    ],
    [
      9.15332,
      8.18402,
      -1.90636
    ],
    [
      9.01441,
      7.86373,
      -1.98775
    ],
    [
      8.873,
      7.54447,
      -1.98775
    ],
    [
      8.73159,
      7.22521,
      -1.98775
    ],
    [
      8.59019,
      6.90595,
      -1.98775
    ],
    [
      8.44878,
      6.58669,
      -1.98775
    ],
    [
      8.30737,
      6.26742,
      -1.98775
    ],
    [
      8.19322,
      5.93888,
      -1.72185
    ],
    [
      8.25582,
      5.48115,
      -1.1479
    ],
    [
      8.55691,
      5.13077,
      -0.573949
    ],
    [
      9.0,
      5.0,
      0.0
    ]
  ]
}