{
  "robot": {
    "class": "RectangleRobot",
    "radius": 0.3421725463673964,
    "wheelbase": 0.25767312194947534,
    "max_velocity": 8.16413504854087,
    "max_steering_at_zero_v": 0.43231426816729435,
    "max_steering_at_max_v": 0.17544126934009238,
    "acceleration": 5,
    "width": 0.35761119982909295,
    "lenght": 0.5834744516317649
  },
  "planner": {
    "class": "Dubins_pathfinding",
    "start": [
      1.0,
      5.0
    ],
    "goal": [
      9.0,
      5.0
    ],
    "bounds": [
      0,
      10,
      0,
      10
    ],
    "max_runtime": 15.0,
    "goal_threshold": 0.0,
    "interpolate_steps": 50
  },
  "path": [
    [
      1.0,
      5.0,
      0.0
    ],
    [
      1.32686,
      5.10566,
      0.625283
    ],
    [
      1.53004,
      5.38264,
      1.25057
    ],
    [
      1.53265,
      5.72615,
      1.87585
    ],
    [
      1.41646,
      6.05542,
      1.91101
    ],
    [
      1.29994,
      6.38459,
      1.91101
    ],
    [
      1.18342,
      6.71375,
      1.91101
    ],
    [
      1.06691,
      7.04291,
      1.91101
    ],
    [
      0.950391,
      7.37207,
      1.91101
    ],
    [
      0.830125,
      7.69974,
      2.0313
    ],
    [
      0.704987,
      8.06734,
      1.88315
    ],
    [
      0.585578,
      8.43712,
      1.88315
    ],
    [
      0.537779,
      8.81715,
      1.37229
    ],
    [
      0.735648,
      9.14248,
      0.676454
    ],
    [
      1.06073,
      9.27422,
      0.224465
    ],
    [
      1.40658,
      9.35319,
      0.224465
    ],
    [
      1.75244,
      9.43215,
      0.224465
    ],
    [
      2.09829,
      9.51111,
      0.224465
    ],
    [
      2.44415,
      9.59007,
      0.224465
    ],
    [
      2.79262,
      9.65008,
      -0.0375791
    ],
    [
      3.1763,
      9.63932,
      -0.0279634
    ],
    [
      3.55997,
      9.62859,
      -0.0279634
    ],
    [
      3.94365,
      9.61786,
      -0.0279634
    ],
    [
      4.32733,
      9.60713,
      -0.0279634
    ],
    [
      4.71101,
      9.5964,
      -0.0279634
    ],
    [
      5.09431,
      9.59612,
      0.165696
    ],
    [
      5.4773,
      9.58902,
      -0.0533755
    ],
    [
      5.86055,
      9.56855,
      -0.0533755
    ],
    [
      6.2438,
      9.54807,
      -0.0533755
    ],
    [
      6.62705,
      9.5276,
      -0.0533755
    ],
    [
      7.01031,
      9.50737,
      -0.0231653
    ],
    [
      7.34134,
      9.43083,
      -0.28201
    ],
    [
      7.66874,
      9.33598,
      -0.28201
    ],
    [
      7.99613,
      9.24112,
      -0.28201
    ],
    [
      8.32353,
      9.14626,
      -0.28201
    ],
    [
      8.64951,
      9.04717,
      -0.408479
    ],
    [
      8.94715,
      8.84569,
      -0.634641
    ],
    [
      9.23743,
      8.63239,
      -0.599761
    ],
    [
      9.44251,
      8.37429,
      -1.19901
    ],
    [
      9.5022,
      8.04594,
      -1.43891
    ],
    [
      9.54621,
      7.71421,
      -1.43891
    ],
    [
      9.5902,
      7.38247,
      -1.44463
    ],
    [
      9.53331,
      7.05777,
      -2.04388
    ],
    [
      9.30319,
      6.82173,
      -2.64313
    ],
    [
      9.0245,
      6.53226,
      -2.20642
    ],
    [
      8.78343,
      6.2055,
      -2.20642
    ],
    [
      8.5425,
      5.87864,
      -2.18146
    ],
    [
      8.44536,
      5.49352,
      -1.45431
    ],
    [
      8.62879,
      5.14124,
      -0.727153
    ],
    [
      9.0,
      5.0,
      0.0
    ]
  ]
}