{
  "robot": {
    "class": "RectangleRobot",
    "radius": 0.2927052091275427,
    "wheelbase": 0.30787887028095423,
    "max_velocity": 10.210834825748055,
    "max_steering_at_zero_v": 0.3254088096815511,
    "max_steering_at_max_v": 0.18867635384262232,
    "acceleration": 5,
    "width": 0.1490897352257755,
    "lenght": 0.5661074179446002
  },
  "planner": {
    "class": "Dubins_pathfinding",
    "start": [
      1.0,
      5.0
    ],
    "goal": [
      9.0,
      5.0
    ],
    "bounds": [
      0,
      10,
      0,
      10
    ],
    "max_runtime": 15.0,
    "goal_threshold": 0.0,
    "interpolate_steps": 50
  },
  "path": [
    [
      1.0,
      5.0,
      0.0
    ],
    [
      1.34072,
      5.066,
      0.382661
    ],
    [
      1.63215,
      5.25444,
      0.765321
    ],
    [
      1.83214,
      5.53807,
      1.14798
    ],
    [
      1.91176,
      5.87587,
      1.53064
    ],
    [
      1.85949,
      6.21896,
      1.9133
    ],
    [
      1.71809,
      6.53814,
      1.99696
    ],
    [
      1.57375,
      6.85609,
      1.99696
    ],
    [
      1.42941,
      7.17403,
      1.99696
    ],
    [
      1.28507,
      7.49198,
      1.99696
    ],
    [
      1.09158,
      7.80026,
      2.16774
    ],
    [
      0.886699,
      8.10172,
      2.16774
    ],
    [
      0.719302,
      8.4234,
      1.86177
    ],
    [
      0.686307,
      8.78397,
      1.46233
    ],
    [
      0.796132,
      9.12898,
      1.06289
    ],
    [
      1.03149,
      9.40412,
      0.663455
    ],
    [
      1.35532,
      9.56607,
      0.264015
    ],
    [
      1.74489,
      9.587,
      -0.101105
    ],
    [
      2.13571,
      9.54735,
      -0.101105
    ],
    [
      2.52652,
      9.5077,
      -0.101105
    ],
    [
      2.91734,
      9.46806,
      -0.101105
    ],
    [
      3.30816,
      9.42841,
      -0.101105
    ],
    [
      3.69898,
      9.38876,
      -0.101105
    ],
    [
      4.08979,
      9.34911,
      -0.101105
    ],
    [
      4.48061,
      9.30946,
      -0.101105
    ],
    [
      4.82921,
      9.31673,
      0.0511297
    ],
    [
      5.17781,
      9.33457,
      0.0511297
    ],
    [
      5.52641,
      9.35241,
      0.0511297
    ],
    [
      5.875,
      9.37025,
      0.0511297
    ],
    [
      6.2236,
      9.38809,
      0.0511297
    ],
    [
      6.5722,
      9.40593,
      0.0511297
    ],
    [
      6.92079,
      9.42377,
      0.0511297
    ],
    [
      7.26939,
      9.44161,
      0.0511297
    ],
    [
      7.61799,
      9.45945,
      0.0535549
    ],
    [
      8.00456,
      9.41316,
      -0.186335
    ],
    [
      8.38834,
      9.34081,
      -0.186335
    ],
    [
      8.75491,
      9.21373,
      -0.541572
    ],
    [
      9.03702,
      8.94797,
      -0.969568
    ],
    [
      9.18337,
      8.58909,
      -1.39756
    ],
    [
      9.16758,
      8.20185,
      -1.82556
    ],
    [
      8.99248,
      7.85608,
      -2.25356
    ],
    [
      8.68967,
      7.61418,
      -2.68155
    ],
    [
      8.35149,
      7.32583,
      -2.18956
    ],
    [
      8.18963,
      6.91192,
      -1.69757
    ],
    [
      8.14158,
      6.46556,
      -1.67762
    ],
    [
      8.09371,
      6.01918,
      -1.67762
    ],
    [
      8.15085,
      5.57843,
      -1.19598
    ],
    [
      8.40937,
      5.21693,
      -0.70399
    ],
    [
      8.808,
      5.02043,
      -0.211997
    ],
    [
      9.0,
      5.0,
      0.0
    ]
  ]
}