{
  "robot": {
    "class": "RectangleRobot",
    "radius": 0.24831662601693816,
    "wheelbase": 0.35619714725635276,
    "max_velocity": 8.287020802881962,
    "max_steering_at_zero_v": 0.42143199547484966,
    "max_steering_at_max_v": 0.2240272632101744,
    "acceleration": 5,
    "width": 0.29535185652204116,
    "lenght": 0.39926415801412396
  },
  "planner": {
    "class": "Dubins_pathfinding",
    "start": [
      1.0,
      5.0
    ],
    "goal": [
      9.0,
      5.0
    ],
    "bounds": [
      0,
      10,
      0,
      10
    ],
    "max_runtime": 15.0,
    "goal_threshold": 0.0,
    "interpolate_steps": 50
  },
  "path": [
    [
      1.0,
      5.0,
      0.0
    ],
    [
      1.32292,
      5.06858,
      0.418526
    ],
    [
      1.5901,
      5.26248,
      0.837051
    ],
    [
      1.76779,
      5.54232,
      1.14553
    ],
    [
      1.83854,
      5.86478,
      1.56406
    ],
    [
      1.77214,
      6.18815,
      1.98258
    ],
    [
      1.7061,
      6.48183,
      1.60144
    ],
    [
      1.74245,
      6.78178,
      1.39354
    ],
    [
      1.79585,
      7.07988,
      1.39354
    ],
    [
      1.84925,
      7.37798,
      1.39354
    ],
    [
      1.94104,
      7.66491,
      1.07585
    ],
    [
      2.1316,
      7.89793,
      0.694704
    ],
    [
      2.39517,
      8.04333,
      0.313559
    ],
    [
      2.69391,
      8.08026,
      -0.0675869
    ],
    [
      3.00349,
      8.12078,
      0.327923
    ],
    [
      3.27723,
      8.27251,
      0.598803
    ],
    [
      3.53681,
      8.44964,
      0.598803
    ],
    [
      3.7964,
      8.62677,
      0.598803
    ],
    [
      4.05598,
      8.80391,
      0.598803
    ],
    [
      4.31556,
      8.98104,
      0.598803
    ],
    [
      4.57514,
      9.15817,
      0.598803
    ],
    [
      4.83472,
      9.33531,
      0.598803
    ],
    [
      5.0943,
      9.51244,
      0.598803
    ],
    [
      5.36081,
      9.67795,
      0.414177
    ],
    [
      5.69136,
      9.74506,
      -0.0135851
    ],
    [
      6.03093,
      9.73038,
      -0.0443085
    ],
    [
      6.37048,
      9.71532,
      -0.0443085
    ],
    [
      6.71003,
      9.70027,
      -0.0443085
    ],
    [
      7.04958,
      9.68521,
      -0.0443085
    ],
    [
      7.38913,
      9.67016,
      -0.0443085
    ],
    [
      7.72869,
      9.6551,
      -0.0443085
    ],
    [
      8.06824,
      9.64005,
      -0.0443085
    ],
    [
      8.40779,
      9.62504,
      -0.0329504
    ],
    [
      8.70824,
      9.55524,
      -0.423633
    ],
    [
      8.95947,
      9.37627,
      -0.814315
    ],
    [
      9.12361,
      9.11512,
      -1.205
    ],
    [
      9.17594,
      8.81114,
      -1.59568
    ],
    [
      9.10855,
      8.51014,
      -1.98636
    ],
    [
      8.95341,
      8.24151,
      -2.11606
    ],
    [
      8.79241,
      7.97611,
      -2.11606
    ],
    [
      8.63141,
      7.7107,
      -2.11606
    ],
    [
      8.47041,
      7.44529,
      -2.11606
    ],
    [
      8.33087,
      7.16916,
      -1.87015
    ],
    [
      8.28221,
      6.79757,
      -1.64965
    ],
    [
      8.25262,
      6.42306,
      -1.64965
    ],
    [
      8.22302,
      6.04854,
      -1.64965
    ],
    [
      8.21464,
      5.67398,
      -1.41845
    ],
    [
      8.35571,
      5.32956,
      -0.945632
    ],
    [
      8.63816,
      5.08717,
      -0.472816
    ],
    [
      9.0,
      5.0,
      0.0
    ]
  ]
}