{
  "robot": {
    "class": "RectangleRobot",
    "radius": 0.3902885535666091,
    "wheelbase": 0.4222384831041929,
    "max_velocity": 8.49847893096419,
    "max_steering_at_zero_v": 0.48540706350710067,
    "max_steering_at_max_v": 0.1770043467485752,
    "acceleration": 5,
    "width": 0.6436847814054087,
    "lenght": 0.44155466520866327
  },
  "planner": {
    "class": "Dubins_pathfinding",
    "start": [
      1.0,
      5.0
    ],
    "goal": [
      9.0,
      5.0
    ],
    "bounds": [
      0,
      10,
      0,
      10
    ],
    "max_runtime": 15.0,
    "goal_threshold": 0.0,
    "interpolate_steps": 50
  },
  "path": [
    [
      1.0,
      5.0,
      0.0
    ],
    [
      1.37724,
      4.90553,
      -0.490754
    ],
    [
      1.66544,
      4.64442,
      -0.981509
    ],
    [
      1.79657,
      4.2783,
      -1.47226
    ],
    [
      1.73966,
      3.89359,
      -1.96302
    ],
    [
      1.53374,
      3.55996,
      -2.16552
    ],
    [
      1.31365,
      3.23459,
      -2.16552
    ],
    [
      1.09355,
      2.90921,
      -2.16552
    ],
    [
      0.873462,
      2.58383,
      -2.16552
    ],
    [
      0.723569,
      2.21112,
      -1.86191
    ],
    [
      0.607678,
      1.82434,
      -1.86191
    ],
    [
      0.520252,
      1.43176,
      -1.59222
    ],
    [
      0.611637,
      1.04285,
      -1.08779
    ],
    [
      0.8351,
      0.778146,
      -0.651564
    ],
    [
      1.14948,
      0.63265,
      -0.215338
    ],
    [
      1.49732,
      0.613479,
      -0.00383699
    ],
    [
      1.8465,
      0.612139,
      -0.00383699
    ],
    [
      2.19567,
      0.610799,
      -0.00383699
    ],
    [
      2.54485,
      0.609459,
      -0.00383699
    ],
    [
      2.89402,
      0.60812,
      -0.00383699
    ],
    [
      3.24319,
      0.60678,
      -0.00383699
    ],
    [
      3.59237,
      0.60544,
      -0.00383699
    ],
    [
      3.9843,
      0.599529,
      -0.0152129
    ],
    [
      4.37624,
      0.593566,
      -0.0152129
    ],
    [
      4.76818,
      0.587603,
      -0.0152129
    ],
    [
      5.16012,
      0.58164,
      -0.0152129
    ],
    [
      5.55205,
      0.575677,
      -0.0152129
    ],
    [
      5.94399,
      0.569714,
      -0.0152129
    ],
    [
      6.33593,
      0.563751,
      -0.0152129
    ],
    [
      6.72785,
      0.557184,
      -0.0540663
    ],
    [
      7.1079,
      0.555534,
      -0.00142477
    ],
    [
      7.48798,
      0.554992,
      -0.00142477
    ],
    [
      7.86806,
      0.554451,
      -0.00142477
    ],
    [
      8.24814,
      0.553909,
      -0.00142477
    ],
    [
      8.62822,
      0.553368,
      -0.00142477
    ],
    [
      9.0017,
      0.606833,
      0.367984
    ],
    [
      9.3113,
      0.821107,
      0.842818
    ],
    [
      9.48037,
      1.12346,
      1.27904
    ],
    [
      9.50586,
      1.46894,
      1.71527
    ],
    [
      9.38561,
      1.79434,
      2.06459
    ],
    [
      9.22011,
      2.1018,
      2.06459
    ],
    [
      9.05461,
      2.40927,
      2.06459
    ],
    [
      8.88911,
      2.71673,
      2.06459
    ],
    [
      8.72362,
      3.0242,
      2.06459
    ],
    [
      8.55812,
      3.33166,
      2.06459
    ],
    [
      8.39262,
      3.63912,
      2.06459
    ],
    [
      8.21113,
      4.0639,
      1.74108
    ],
    [
      8.26592,
      4.51867,
      1.16072
    ],
    [
      8.56109,
      4.86894,
      0.580361
    ],
    [
      9.0,
      5.0,
      0.0
    ]
  ]
}