{
  "robot": {
    "class": "RectangleRobot",
    "radius": 0.31603170995248697,
    "wheelbase": 0.23490289408903917,
    "max_velocity": 7.396734971857566,
    "max_steering_at_zero_v": 0.3794541800842,
    "max_steering_at_max_v": 0.20603042527566645,
    "acceleration": 5,
    "width": 0.5386739950331602,
    "lenght": 0.33065766868014157
  },
  "planner": {
    "class": "Dubins_pathfinding",
    "start": [
      1.0,
      5.0
    ],
    "goal": [
      9.0,
      5.0
    ],
    "bounds": [
      0,
      10,
      0,
      10
    ],
    "max_runtime": 15.0,
    "goal_threshold": 0.0,
    "interpolate_steps": 50
  },
  "path": [
    [
      1.0,
      5.0,
      0.0
    ],
    [
      1.31504,
      5.09132,
      0.564289
    ],
    [
      1.53239,
      5.33697,
      1.12858
    ],
    [
      1.58467,
      5.66078,
      1.69287
    ],
    [
      1.47574,
      5.97333,
      1.97816
    ],
    [
      1.34405,
      6.27852,
      1.97816
    ],
    [
      1.20809,
      6.58166,
      2.10501
    ],
    [
      1.06854,
      6.95244,
      1.89946
    ],
    [
      0.940453,
      7.32803,
      1.89946
    ],
    [
      0.817442,
      7.7051,
      1.76542
    ],
    [
      0.726851,
      8.03026,
      1.84854
    ],
    [
      0.634288,
      8.35492,
      1.84854
    ],
    [
      0.548858,
      8.68121,
      1.69086
    ],
    [
      0.604042,
      9.00959,
      1.11775
    ],
    [
      0.828475,
      9.25559,
      0.544643
    ],
    [
      1.15044,
      9.34058,
      -0.0284668
    ],
    [
      1.49893,
      9.31879,
      -0.0634642
    ],
    [
      1.8474,
      9.29665,
      -0.0634642
    ],
    [
      2.19588,
      9.2745,
      -0.0634642
    ],
    [
      2.54435,
      9.25236,
      -0.0634642
    ],
    [
      2.89282,
      9.23021,
      -0.0634642
    ],
    [
      3.2413,
      9.20807,
      -0.0634642
    ],
    [
      3.58977,
      9.18592,
      -0.0634642
    ],
    [
      3.93824,
      9.16378,
      -0.0634642
    ],
    [
      4.28672,
      9.14163,
      -0.0634642
    ],
    [
      4.63414,
      9.15956,
      0.0656692
    ],
    [
      4.98145,
      9.1824,
      0.0656692
    ],
    [
      5.32877,
      9.20524,
      0.0656692
    ],
    [
      5.67608,
      9.22809,
      0.0656692
    ],
    [
      6.02339,
      9.25093,
      0.0656692
    ],
    [
      6.3707,
      9.27377,
      0.0656692
    ],
    [
      6.71802,
      9.29661,
      0.0656692
    ],
    [
      7.06533,
      9.31945,
      0.0656692
    ],
    [
      7.41263,
      9.34243,
      0.087666
    ],
    [
      7.74216,
      9.28613,
      -0.301024
    ],
    [
      8.06412,
      9.18618,
      -0.301024
    ],
    [
      8.38608,
      9.08622,
      -0.301024
    ],
    [
      8.70778,
      8.98545,
      -0.354998
    ],
    [
      8.97428,
      8.78655,
      -0.927308
    ],
    [
      9.09059,
      8.47502,
      -1.49962
    ],
    [
      9.01965,
      8.15014,
      -2.07193
    ],
    [
      8.78407,
      7.91544,
      -2.64424
    ],
    [
      8.54076,
      7.66617,
      -2.04393
    ],
    [
      8.47388,
      7.32287,
      -1.59714
    ],
    [
      8.46456,
      6.96938,
      -1.59714
    ],
    [
      8.45525,
      6.61589,
      -1.59714
    ],
    [
      8.44593,
      6.2624,
      -1.59714
    ],
    [
      8.39358,
      5.91562,
      -1.9825
    ],
    [
      8.47316,
      5.31141,
      -0.938295
    ],
    [
      9.0,
      5.0,
      0.0
    ]
  ]
}