{
  "robot": {
    "class": "RectangleRobot",
    "radius": 0.28078611557205374,
    "wheelbase": 0.2654247966280092,
    "max_velocity": 9.936501075592462,
    "max_steering_at_zero_v": 0.40509065388778487,
    "max_steering_at_max_v": 0.25263577845041785,
    "acceleration": 5,
    "width": 0.40711994335402124,
    "lenght": 0.386803209029591
  },
  "planner": {
    "class": "Dubins_pathfinding",
    "start": [
      1.0,
      5.0
    ],
    "goal": [
      9.0,
      5.0
    ],
    "bounds": [
      0,
      10,
      0,
      10
    ],
    "max_runtime": 15.0,
    "goal_threshold": 0.0,
    "interpolate_steps": 50
  },
  "path": [
    [
      1.0,
      5.0,
      0.0
    ],
    [
      1.32826,
      5.09421,
      0.558984
    ],
    [
      1.5566,
      5.34817,
      1.11797
    ],
    [
      1.6155,
      5.68457,
      1.67695
    ],
    [
      1.50423,
      6.01033,
      1.98432
    ],
    [
      1.36519,
      6.32717,
      1.98432
    ],
    [
      1.22616,
      6.64401,
      1.98432
    ],
    [
      1.14479,
      6.97661,
      1.5436
    ],
    [
      1.05507,
      7.35957,
      1.89995
    ],
    [
      0.927056,
      7.73435,
      1.89995
    ],
    [
      0.799038,
      8.10913,
      1.89995
    ],
    [
      0.673312,
      8.48462,
      1.81187
    ],
    [
      0.703973,
      8.87273,
      1.17205
    ],
    [
      0.926156,
      9.14413,
      0.597528
    ],
    [
      1.26011,
      9.2521,
      0.0762708
    ],
    [
      1.61469,
      9.2792,
      0.0762708
    ],
    [
      1.96928,
      9.30629,
      0.0762708
    ],
    [
      2.32386,
      9.33339,
      0.0762708
    ],
    [
      2.67845,
      9.36049,
      0.0762708
    ],
    [
      3.03304,
      9.38758,
      0.0762708
    ],
    [
      3.38762,
      9.41471,
      0.0867046
    ],
    [
      3.7362,
      9.435,
      0.0573721
    ],
    [
      4.08481,
      9.45502,
      0.0573721
    ],
    [
      4.43341,
      9.47505,
      0.0573721
    ],
    [
      4.78201,
      9.49507,
      0.0573721
    ],
    [
      5.13061,
      9.51509,
      0.0573721
    ],
    [
      5.47921,
      9.53511,
      0.0573721
    ],
    [
      5.82781,
      9.55513,
      0.0573721
    ],
    [
      6.17642,
      9.57516,
      0.0573721
    ],
    [
      6.52502,
      9.59518,
      0.0573721
    ],
    [
      6.83763,
      9.5528,
      -0.198844
    ],
    [
      7.14794,
      9.49027,
      -0.198844
    ],
    [
      7.45826,
      9.42774,
      -0.198844
    ],
    [
      7.77137,
      9.39405,
      0.107539
    ],
    [
      8.12044,
      9.32933,
      -0.474184
    ],
    [
      8.43633,
      9.1565,
      -0.501244
    ],
    [
      8.75211,
      8.98348,
      -0.501244
    ],
    [
      9.0679,
      8.81046,
      -0.501244
    ],
    [
      9.3728,
      8.62102,
      -0.753758
    ],
    [
      9.5511,
      8.31402,
      -1.33548
    ],
    [
      9.53139,
      7.95954,
      -1.9172
    ],
    [
      9.32015,
      7.6742,
      -2.49893
    ],
    [
      9.04075,
      7.35409,
      -2.23971
    ],
    [
      8.72185,
      7.08078,
      -2.75601
    ],
    [
      8.40745,
      6.79658,
      -2.05719
    ],
    [
      8.34156,
      6.3759,
      -1.51978
    ],
    [
      8.36362,
      5.94391,
      -1.51978
    ],
    [
      8.39027,
      5.51234,
      -1.39764
    ],
    [
      8.6018,
      5.14509,
      -0.698818
    ],
    [
      9.0,
      5.0,
      0.0
    ]
  ]
}