{
  "robot": {
    "class": "RectangleRobot",
    "radius": 0.31780007034923324,
    "wheelbase": 0.2727908138633038,
    "max_velocity": 12.333308253664011,
    "max_steering_at_zero_v": 0.3311162580224604,
    "max_steering_at_max_v": 0.19931371540955933,
    "acceleration": 5,
    "width": 0.21236603891721972,
    "lenght": 0.5990727872057955
  },
  "planner": {
    "class": "Dubins_pathfinding",
    "start": [
      1.0,
      5.0
    ],
    "goal": [
      9.0,
      5.0
    ],
    "bounds": [
      0,
      10,
      0,
      10
    ],
    "max_runtime": 15.0,
    "goal_threshold": 0.0,
    "interpolate_steps": 50
  },
  "path": [
    [
      1.0,
      5.0,
      0.0
    ],
    [
      1.34477,
      5.07881,
      0.449456
    ],
    [
      1.62105,
      5.29958,
      0.898912
    ],
    [
      1.77397,
      5.61847,
      1.34837
    ],
    [
      1.77316,
      5.97213,
      1.79782
    ],
    [
      1.67076,
      6.31372,
      1.86743
    ],
    [
      1.56651,
      6.6548,
      1.86743
    ],
    [
      1.45027,
      6.99141,
      2.04705
    ],
    [
      1.22217,
      7.26168,
      2.49651
    ],
    [
      0.995271,
      7.52964,
      2.05033
    ],
    [
      0.841251,
      7.84843,
      2.01982
    ],
    [
      0.687562,
      8.16738,
      2.01982
    ],
    [
      0.586447,
      8.504,
      1.64521
    ],
    [
      0.638459,
      8.85125,
      1.19903
    ],
    [
      0.835222,
      9.14206,
      0.752855
    ],
    [
      1.17769,
      9.33087,
      0.254896
    ],
    [
      1.57019,
      9.37044,
      0.0638772
    ],
    [
      1.96452,
      9.39567,
      0.0638772
    ],
    [
      2.35886,
      9.42089,
      0.0638772
    ],
    [
      2.75319,
      9.44611,
      0.0638772
    ],
    [
      3.14316,
      9.40838,
      -0.335819
    ],
    [
      3.48722,
      9.3682,
      0.0839585
    ],
    [
      3.83517,
      9.39748,
      0.0839585
    ],
    [
      4.18311,
      9.42676,
      0.0839585
    ],
    [
      4.53106,
      9.45605,
      0.0839585
    ],
    [
      4.87901,
      9.48533,
      0.0839585
    ],
    [
      5.22695,
      9.51461,
      0.0839585
    ],
    [
      5.5749,
      9.54389,
      0.0839585
    ],
    [
      5.92284,
      9.57317,
      0.0839585
    ],
    [
      6.27079,
      9.60246,
      0.0839585
    ],
    [
      6.65791,
      9.55058,
      -0.237393
    ],
    [
      7.03971,
      9.4582,
      -0.237393
    ],
    [
      7.42152,
      9.36582,
      -0.237393
    ],
    [
      7.80333,
      9.27344,
      -0.237393
    ],
    [
      8.18513,
      9.18106,
      -0.237393
    ],
    [
      8.56694,
      9.08868,
      -0.237393
    ],
    [
      8.94874,
      8.9963,
      -0.238773
    ],
    [
      9.29249,
      8.81459,
      -0.733811
    ],
    [
      9.49289,
      8.53208,
      -1.17385
    ],
    [
      9.55385,
      8.19112,
      -1.61388
    ],
    [
      9.46377,
      7.85667,
      -2.05391
    ],
    [
      9.26933,
      7.56689,
      -2.17978
    ],
    [
      9.06959,
      7.28049,
      -2.17978
    ],
    [
      8.86985,
      6.99408,
      -2.17978
    ],
    [
      8.67011,
      6.70768,
      -2.17978
    ],
    [
      8.47036,
      6.42128,
      -2.17978
    ],
    [
      8.28072,
      6.12866,
      -2.00683
    ],
    [
      8.22791,
      5.61037,
      -1.33788
    ],
    [
      8.50789,
      5.17102,
      -0.668942
    ],
    [
      9.0,
      5.0,
      0.0
    ]
  ]
}