{
  "robot": {
    "class": "RectangleRobot",
    "radius": 0.24940531298287405,
    "wheelbase": 0.24185366700128968,
    "max_velocity": 7.720940746286841,
    "max_steering_at_zero_v": 0.3571382753348256,
    "max_steering_at_max_v": 0.17959150514961256,
    "acceleration": 5,
    "width": 0.3733773207941782,
    "lenght": 0.3307588500598325
  },
  "planner": {
    "class": "Dubins_pathfinding",
    "start": [
      1.0,
      5.0
    ],
    "goal": [
      9.0,
      5.0
    ],
    "bounds": [
      0,
      10,
      0,
      10
    ],
    "max_runtime": 15.0,
    "goal_threshold": 0.0,
    "interpolate_steps": 50
  },
  "path": [
    [
      1.0,
      5.0,
      0.0
    ],
    [
      1.33253,
      5.0918,
      0.53872
    ],
    [
      1.57087,
      5.3412,
      1.07744
    ],
    [
      1.64749,
      5.67755,
      1.61616
    ],
    [
      1.56535,
      6.01578,
      1.86768
    ],
    [
      1.4632,
      6.34968,
      1.86768
    ],
    [
      1.36105,
      6.68358,
      1.86768
    ],
    [
      1.2589,
      7.01748,
      1.86768
    ],
    [
      1.15675,
      7.35138,
      1.86768
    ],
    [
      1.0546,
      7.68528,
      1.86768
    ],
    [
      0.910258,
      7.94928,
      2.1672
    ],
    [
      0.728655,
      8.19017,
      2.38238
    ],
    [
      0.542652,
      8.51721,
      1.79344
    ],
    [
      0.569655,
      8.89248,
      1.20449
    ],
    [
      0.800563,
      9.18953,
      0.615548
    ],
    [
      1.15756,
      9.30845,
      0.0509379
    ],
    [
      1.5388,
      9.32789,
      0.0509379
    ],
    [
      1.92004,
      9.34733,
      0.0509379
    ],
    [
      2.30115,
      9.35564,
      -0.134428
    ],
    [
      2.64331,
      9.19917,
      -0.723373
    ],
    [
      2.95333,
      9.04788,
      -0.184653
    ],
    [
      3.30123,
      9.05282,
      0.0782432
    ],
    [
      3.64934,
      9.08011,
      0.0782432
    ],
    [
      3.99745,
      9.1074,
      0.0782432
    ],
    [
      4.34555,
      9.13469,
      0.0782432
    ],
    [
      4.69366,
      9.16199,
      0.0782432
    ],
    [
      5.04177,
      9.18928,
      0.0782432
    ],
    [
      5.38988,
      9.21657,
      0.0782432
    ],
    [
      5.73799,
      9.24387,
      0.0782432
    ],
    [
      6.08618,
      9.25859,
      0.0409751
    ],
    [
      6.4344,
      9.27287,
      0.0409751
    ],
    [
      6.78262,
      9.28714,
      0.0409751
    ],
    [
      7.13084,
      9.30142,
      0.0409751
    ],
    [
      7.47905,
      9.3157,
      0.0409751
    ],
    [
      7.82727,
      9.32997,
      0.0409751
    ],
    [
      8.17549,
      9.34425,
      0.0409751
    ],
    [
      8.52196,
      9.32917,
      -0.260628
    ],
    [
      8.81914,
      9.15526,
      -0.798321
    ],
    [
      8.99435,
      8.80906,
      -1.40628
    ],
    [
      8.96511,
      8.41834,
      -1.73325
    ],
    [
      8.90137,
      8.02948,
      -1.73325
    ],
    [
      8.83764,
      7.64062,
      -1.73325
    ],
    [
      8.73596,
      7.26262,
      -2.08283
    ],
    [
      8.45333,
      6.99678,
      -2.69079
    ],
    [
      8.15591,
      6.70307,
      -2.03415
    ],
    [
      8.09964,
      6.28888,
      -1.37752
    ],
    [
      8.23254,
      5.88482,
      -1.23826
    ],
    [
      8.37148,
      5.48253,
      -1.23826
    ],
    [
      8.60433,
      5.13478,
      -0.656634
    ],
    [
      9.0,
      5.0,
      0.0
    ]
  ]
}