{
  "robot": {
    "class": "RectangleRobot",
    "radius": 0.37975274493248534,
    "wheelbase": 0.30073310754546684,
    "max_velocity": 11.095278671521902,
    "max_steering_at_zero_v": 0.4368255936309741,
    "max_steering_at_max_v": 0.22999183802209847,
    "acceleration": 5,
    "width": 0.5356154479478675,
    "lenght": 0.5384836868974159
  },
  "planner": {
    "class": "Dubins_pathfinding",
    "start": [
      1.0,
      5.0
    ],
    "goal": [
      9.0,
      5.0
    ],
    "bounds": [
      0,
      10,
      0,
      10
    ],
    "max_runtime": 15.0,
    "goal_threshold": 0.0,
    "interpolate_steps": 50
  },
  "path": [
    [
      1.0,
      5.0,
      0.0
    ],
    [
      1.3344,
      4.90639,
      -0.545894
    ],
    [
      1.5716,
      4.65277,
      -1.09179
    ],
    [
      1.64265,
      4.31286,
      -1.63768
    ],
    [
      1.55185,
      3.97436,
      -1.89206
    ],
    [
      1.44083,
      3.64075,
      -1.89206
    ],
    [
      1.3298,
      3.30713,
      -1.89206
    ],
    [
      1.21878,
      2.97351,
      -1.89206
    ],
    [
      1.1025,
      2.6419,
      -2.02429
    ],
    [
      0.922716,
      2.22098,
      -1.97257
    ],
    [
      0.739094,
      1.8019,
      -2.09876
    ],
    [
      0.558757,
      1.48659,
      -2.09025
    ],
    [
      0.453852,
      1.14352,
      -1.589
    ],
    [
      0.547309,
      0.797469,
      -1.02504
    ],
    [
      0.811271,
      0.554963,
      -0.461083
    ],
    [
      1.16398,
      0.491106,
      0.102875
    ],
    [
      1.51297,
      0.501031,
      0.0224718
    ],
    [
      1.86206,
      0.508877,
      0.0224718
    ],
    [
      2.21115,
      0.516723,
      0.0224718
    ],
    [
      2.56023,
      0.524569,
      0.0224718
    ],
    [
      2.90932,
      0.532415,
      0.0224718
    ],
    [
      3.25841,
      0.540261,
      0.0224718
    ],
    [
      3.6075,
      0.548107,
      0.0224718
    ],
    [
      3.95659,
      0.555953,
      0.0224718
    ],
    [
      4.30567,
      0.563799,
      0.0224718
    ],
    [
      4.69849,
      0.566579,
      0.00687771
    ],
    [
      5.0913,
      0.56928,
      0.00687771
    ],
    [
      5.48412,
      0.571982,
      0.00687771
    ],
    [
      5.87693,
      0.574684,
      0.00687771
    ],
    [
      6.26974,
      0.577385,
      0.00687771
    ],
    [
      6.66256,
      0.580087,
      0.00687771
    ],
    [
      7.05537,
      0.582789,
      0.00687771
    ],
    [
      7.44819,
      0.585491,
      0.00687771
    ],
    [
      7.84098,
      0.617351,
      0.086055
    ],
    [
      8.23366,
      0.651226,
      0.086055
    ],
    [
      8.62494,
      0.694701,
      0.259671
    ],
    [
      8.92893,
      0.876113,
      0.816439
    ],
    [
      9.09113,
      1.19076,
      1.37321
    ],
    [
      9.14258,
      1.54565,
      1.42969
    ],
    [
      9.19301,
      1.90069,
      1.42969
    ],
    [
      9.24345,
      2.25574,
      1.42969
    ],
    [
      9.29389,
      2.61079,
      1.42969
    ],
    [
      9.32879,
      2.96689,
      1.64972
    ],
    [
      9.1783,
      3.33226,
      2.27328
    ],
    [
      8.8696,
      3.58799,
      2.48601
    ],
    [
      8.55107,
      3.83261,
      2.51501
    ],
    [
      8.31115,
      4.17153,
      1.85859
    ],
    [
      8.32793,
      4.58643,
      1.20218
    ],
    [
      8.59442,
      4.90487,
      0.545773
    ],
    [
      9.0,
      5.0,
      0.0
    ]
  ]
}