{
  "robot": {
    "class": "RectangleRobot",
    "radius": 0.35330494335155394,
    "wheelbase": 0.23312666288122288,
    "max_velocity": 11.663336652736078,
    "max_steering_at_zero_v": 0.4219000332204142,
    "max_steering_at_max_v": 0.162553173118423,
    "acceleration": 5,
    "width": 0.391181784371221,
    "lenght": 0.5884507996109161
  },
  "planner": {
    "class": "Dubins_pathfinding",
    "start": [
      1.0,
      5.0
    ],
    "goal": [
      9.0,
      5.0
    ],
    "bounds": [
      0,
      10,
      0,
      10
    ],
    "max_runtime": 15.0,
    "goal_threshold": 0.0,
    "interpolate_steps": 50
  },
  "path": [
    [
      1.0,
      5.0,
      0.0
    ],
    [
      1.33562,
      5.123,
      0.702576
    ],
    [
      1.51227,
      5.43374,
      1.40515
    ],
    [
      1.465,
      5.79192,
      1.83041
    ],
    [
      1.37133,
      6.1446,
      1.83041
    ],
    [
      1.27766,
      6.49727,
      1.83041
    ],
    [
      1.20163,
      6.85302,
      1.56751
    ],
    [
      1.10699,
      7.23522,
      1.87574
    ],
    [
      0.988248,
      7.61247,
      1.87574
    ],
    [
      0.869502,
      7.98972,
      1.87574
    ],
    [
      0.713368,
      8.34947,
      2.27536
    ],
    [
      0.590549,
      8.6562,
      1.62796
    ],
    [
      0.677576,
      8.97494,
      0.980559
    ],
    [
      0.918542,
      9.20782,
      0.71327
    ],
    [
      1.21295,
      9.35904,
      0.157108
    ],
    [
      1.53878,
      9.30425,
      -0.49029
    ],
    [
      1.87783,
      9.23985,
      -0.0312656
    ],
    [
      2.22683,
      9.22894,
      -0.0312656
    ],
    [
      2.57584,
      9.21802,
      -0.0312656
    ],
    [
      2.92484,
      9.20711,
      -0.0312656
    ],
    [
      3.27385,
      9.19619,
      -0.0312656
    ],
    [
      3.62285,
      9.18528,
      -0.0312656
    ],
    [
      3.97186,
      9.17436,
      -0.0312656
    ],
    [
      4.32087,
      9.16345,
      -0.0312656
    ],
    [
      4.66987,
      9.15253,
      -0.0312656
    ],
    [
      5.01812,
      9.16636,
      0.0438855
    ],
    [
      5.36634,
      9.18165,
      0.0438855
    ],
    [
      5.71456,
      9.19694,
      0.0438855
    ],
    [
      6.06278,
      9.21223,
      0.0438855
    ],
    [
      6.41099,
      9.22752,
      0.0438855
    ],
    [
      6.75921,
      9.24281,
      0.0438855
    ],
    [
      7.10743,
      9.2581,
      0.0438855
    ],
    [
      7.45565,
      9.2734,
      0.0438855
    ],
    [
      7.80387,
      9.28878,
      0.0631076
    ],
    [
      8.16651,
      9.20697,
      -0.32712
    ],
    [
      8.52143,
      9.08654,
      -0.32712
    ],
    [
      8.87636,
      8.96611,
      -0.32712
    ],
    [
      9.23129,
      8.84568,
      -0.32712
    ],
    [
      9.53836,
      8.64344,
      -0.934339
    ],
    [
      9.63817,
      8.29056,
      -1.65597
    ],
    [
      9.47999,
      7.95971,
      -2.3776
    ],
    [
      9.14267,
      7.81583,
      -3.09923
    ],
    [
      8.75565,
      7.61702,
      -2.23486
    ],
    [
      8.63347,
      7.19345,
      -1.66317
    ],
    [
      8.59206,
      6.74642,
      -1.66317
    ],
    [
      8.55065,
      6.2994,
      -1.66317
    ],
    [
      8.50924,
      5.85237,
      -1.66317
    ],
    [
      8.49322,
      5.40565,
      -1.35002
    ],
    [
      8.75756,
      5.06006,
      -0.48565
    ],
    [
      9.0,
      5.0,
      0.0
    ]
  ]
}