{
  "robot": {
    "class": "RectangleRobot",
    "radius": 0.2009488299463841,
    "wheelbase": 0.24535684400565383,
    "max_velocity": 9.70320596898483,
    "max_steering_at_zero_v": 0.3926985191471094,
    "max_steering_at_max_v": 0.20238207399045297,
    "acceleration": 5,
    "width": 0.3059324698751623,
    "lenght": 0.260628189003734
  },
  "planner": {
    "class": "Dubins_pathfinding",
    "start": [
      1.0,
      5.0
    ],
    "goal": [
      9.0,
      5.0
    ],
    "bounds": [
      0,
      10,
      0,
      10
    ],
    "max_runtime": 15.0,
    "goal_threshold": 0.0,
    "interpolate_steps": 50
  },
  "path": [
    [
      1.0,
      5.0,
      0.0
    ],
    [
      1.28448,
      4.92722,
      -0.500948
    ],
    [
      1.49905,
      4.72676,
      -1.0019
    ],
    [
      1.59382,
      4.44826,
      -1.40441
    ],
    [
      1.64296,
      4.15562,
      -1.40441
    ],
    [
      1.69211,
      3.86299,
      -1.40441
    ],
    [
      1.74125,
      3.57035,
      -1.40441
    ],
    [
      1.77168,
      3.27617,
      -1.65646
    ],
    [
      1.79972,
      2.99548,
      -1.4053
    ],
    [
      1.84635,
      2.71631,
      -1.4053
    ],
    [
      1.89635,
      2.43784,
      -1.29741
    ],
    [
      2.03377,
      2.19348,
      -0.81959
    ],
    [
      2.26817,
      2.03968,
      -0.341771
    ],
    [
      2.51521,
      1.88553,
      -0.660472
    ],
    [
      2.74647,
      1.70588,
      -0.660472
    ],
    [
      2.97773,
      1.52622,
      -0.660472
    ],
    [
      3.20899,
      1.34657,
      -0.660472
    ],
    [
      3.44024,
      1.16691,
      -0.660472
    ],
    [
      3.6715,
      0.98726,
      -0.660472
    ],
    [
      3.90688,
      0.813527,
      -0.504327
    ],
    [
      4.18722,
      0.739809,
      -0.00995212
    ],
    [
      4.50146,
      0.74283,
      0.00998833
    ],
    [
      4.8157,
      0.745969,
      0.00998833
    ],
    [
      5.12995,
      0.749108,
      0.00998833
    ],
    [
      5.44419,
      0.752247,
      0.00998833
    ],
    [
      5.75843,
      0.755386,
      0.00998833
    ],
    [
      6.07268,
      0.758525,
      0.00998833
    ],
    [
      6.38692,
      0.761663,
      0.00998833
    ],
    [
      6.70116,
      0.764802,
      0.00998833
    ],
    [
      7.0154,
      0.767941,
      0.00998833
    ],
    [
      7.32965,
      0.77108,
      0.00998833
    ],
    [
      7.62426,
      0.804534,
      0.126648
    ],
    [
      7.91851,
      0.842001,
      0.126648
    ],
    [
      8.21277,
      0.879468,
      0.126648
    ],
    [
      8.50638,
      0.920782,
      0.24142
    ],
    [
      8.78242,
      1.07591,
      0.782553
    ],
    [
      8.93911,
      1.35106,
      1.32369
    ],
    [
      8.93169,
      1.66761,
      1.86482
    ],
    [
      8.81565,
      1.96636,
      1.94762
    ],
    [
      8.6977,
      2.2644,
      1.94762
    ],
    [
      8.57975,
      2.56245,
      1.94762
    ],
    [
      8.4618,
      2.8605,
      1.94762
    ],
    [
      8.34385,
      3.15855,
      1.94762
    ],
    [
      8.19576,
      3.44051,
      2.28778
    ],
    [
      8.05609,
      3.74448,
      1.71525
    ],
    [
      8.10337,
      4.07565,
      1.14272
    ],
    [
      8.27776,
      4.36632,
      1.01651
    ],
    [
      8.45626,
      4.65468,
      1.01651
    ],
    [
      8.67909,
      4.90554,
      0.572533
    ],
    [
      9.0,
      5.0,
      0.0
    ]
  ]
}