{
  "robot": {
    "class": "RectangleRobot",
    "radius": 0.3559174626902069,
    "wheelbase": 0.23229563151360041,
    "max_velocity": 12.605057133694949,
    "max_steering_at_zero_v": 0.379136963744361,
    "max_steering_at_max_v": 0.16198035253601584,
    "acceleration": 5,
    "width": 0.4375043038504338,
    "lenght": 0.5615148663247364
  },
  "planner": {
    "class": "Dubins_pathfinding",
    "start": [
      1.0,
      5.0
    ],
    "goal": [
      9.0,
      5.0
    ],
    "bounds": [
      0,
      10,
      0,
      10
    ],
    "max_runtime": 15.0,
    "goal_threshold": 0.0,
    "interpolate_steps": 50
  },
  "path": [
    [
      1.0,
      5.0,
      0.0
    ],
    [
      1.32868,
      4.89853,
      -0.598875
    ],
    [
      1.54295,
      4.62944,
      -1.19775
    ],
    [
      1.56825,
      4.28639,
      -1.79663
    ],
    [
      1.45006,
      3.95804,
      -1.93146
    ],
    [
      1.32684,
      3.63132,
      -1.93146
    ],
    [
      1.20362,
      3.30461,
      -1.93146
    ],
    [
      1.0804,
      2.9779,
      -1.93146
    ],
    [
      0.957175,
      2.65119,
      -1.93146
    ],
    [
      0.833953,
      2.32448,
      -1.93146
    ],
    [
      0.75188,
      1.94403,
      -1.76174
    ],
    [
      0.677941,
      1.56153,
      -1.76174
    ],
    [
      0.604003,
      1.17903,
      -1.76174
    ],
    [
      0.64408,
      0.798618,
      -1.13286
    ],
    [
      0.910821,
      0.524645,
      -0.464684
    ],
    [
      1.25035,
      0.46223,
      -0.007344
    ],
    [
      1.59952,
      0.459665,
      -0.007344
    ],
    [
      1.94868,
      0.457101,
      -0.007344
    ],
    [
      2.29785,
      0.454537,
      -0.007344
    ],
    [
      2.64702,
      0.451972,
      -0.007344
    ],
    [
      2.99618,
      0.449408,
      -0.007344
    ],
    [
      3.34535,
      0.446844,
      -0.007344
    ],
    [
      3.69452,
      0.444279,
      -0.007344
    ],
    [
      4.04368,
      0.441715,
      -0.007344
    ],
    [
      4.39128,
      0.473773,
      0.101931
    ],
    [
      4.73864,
      0.509303,
      0.101931
    ],
    [
      5.086,
      0.544833,
      0.101931
    ],
    [
      5.43337,
      0.580364,
      0.101931
    ],
    [
      5.78073,
      0.615894,
      0.101931
    ],
    [
      6.1281,
      0.651424,
      0.101931
    ],
    [
      6.47546,
      0.686955,
      0.101931
    ],
    [
      6.82282,
      0.722485,
      0.101931
    ],
    [
      7.16321,
      0.790118,
      0.438149
    ],
    [
      7.53007,
      0.857042,
      0.0823687
    ],
    [
      7.90426,
      0.887934,
      0.0823687
    ],
    [
      8.27846,
      0.918826,
      0.0823687
    ],
    [
      8.65265,
      0.949717,
      0.0823687
    ],
    [
      8.99759,
      1.08122,
      0.684917
    ],
    [
      9.19482,
      1.39311,
      1.32889
    ],
    [
      9.16531,
      1.76094,
      1.97285
    ],
    [
      8.92087,
      2.03738,
      2.61682
    ],
    [
      8.69608,
      2.27223,
      2.05178
    ],
    [
      8.62268,
      2.5906,
      1.66554
    ],
    [
      8.59152,
      2.91858,
      1.66554
    ],
    [
      8.56035,
      3.24655,
      1.66554
    ],
    [
      8.52919,
      3.57453,
      1.66554
    ],
    [
      8.42451,
      3.8825,
      2.17861
    ],
    [
      8.33766,
      4.35757,
      1.3246
    ],
    [
      8.56042,
      4.79999,
      0.854009
    ],
    [
      9.0,
      5.0,
      0.0
    ]
  ]
}