{
  "robot": {
    "class": "RectangleRobot",
    "radius": 0.4013051878186569,
    "wheelbase": 0.26062301442393265,
    "max_velocity": 12.467348416781775,
    "max_steering_at_zero_v": 0.3604323286124019,
    "max_steering_at_max_v": 0.15814844359585603,
    "acceleration": 5,
    "width": 0.4378903813914101,
    "lenght": 0.6726332053694312
  },
  "planner": {
    "class": "Dubins_pathfinding",
    "start": [
      1.0,
      5.0
    ],
    "goal": [
      9.0,
      5.0
    ],
    "bounds": [
      0,
      10,
      0,
      10
    ],
    "max_runtime": 15.0,
    "goal_threshold": 0.0,
    "interpolate_steps": 50
  },
  "path": [
    [
      1.0,
      5.0,
      0.0
    ],
    [
      1.34263,
      5.09085,
      0.518395
    ],
    [
      1.59522,
      5.33954,
      1.03679
    ],
    [
      1.69141,
      5.6807,
      1.55519
    ],
    [
      1.61305,
      6.02775,
      1.92384
    ],
    [
      1.4891,
      6.36411,
      1.92384
    ],
    [
      1.36516,
      6.70047,
      1.92384
    ],
    [
      1.24122,
      7.03683,
      1.92384
    ],
    [
      1.07887,
      7.35364,
      2.2775
    ],
    [
      0.913569,
      7.65915,
      1.97805
    ],
    [
      0.775303,
      7.97968,
      1.97805
    ],
    [
      0.637038,
      8.30021,
      1.97805
    ],
    [
      0.498775,
      8.62074,
      1.97544
    ],
    [
      0.446397,
      8.96213,
      1.47063
    ],
    [
      0.565664,
      9.28627,
      0.965811
    ],
    [
      0.826823,
      9.51229,
      0.460995
    ],
    [
      1.2084,
      9.58146,
      -0.0547785
    ],
    [
      1.60064,
      9.55995,
      -0.0547785
    ],
    [
      1.99287,
      9.53844,
      -0.0547785
    ],
    [
      2.3851,
      9.51693,
      -0.0547785
    ],
    [
      2.77734,
      9.49543,
      -0.0547785
    ],
    [
      3.16957,
      9.47392,
      -0.0547785
    ],
    [
      3.56181,
      9.45241,
      -0.0547785
    ],
    [
      3.95404,
      9.4309,
      -0.0547785
    ],
    [
      4.30317,
      9.43362,
      0.012232
    ],
    [
      4.65232,
      9.43789,
      0.012232
    ],
    [
      5.00147,
      9.44216,
      0.012232
    ],
    [
      5.35062,
      9.44644,
      0.012232
    ],
    [
      5.69977,
      9.45071,
      0.012232
    ],
    [
      6.04893,
      9.45498,
      0.012232
    ],
    [
      6.39808,
      9.45925,
      0.012232
    ],
    [
      6.74723,
      9.46352,
      0.012232
    ],
    [
      7.09638,
      9.46779,
      0.012232
    ],
    [
      7.4632,
      9.45451,
      -0.0386136
    ],
    [
      7.83,
      9.44034,
      -0.0386136
    ],
    [
      8.1968,
      9.42617,
      -0.0386136
    ],
    [
      8.56359,
      9.41181,
      -0.0619002
    ],
    [
      8.90711,
      9.29518,
      -0.59274
    ],
    [
      9.1443,
      9.02069,
      -1.12358
    ],
    [
      9.20989,
      8.66388,
      -1.65442
    ],
    [
      9.08992,
      8.2323,
      -1.88163
    ],
    [
      8.95261,
      7.80488,
      -1.88163
    ],
    [
      8.8153,
      7.37745,
      -1.88163
    ],
    [
      8.67799,
      6.95002,
      -1.88163
    ],
    [
      8.54068,
      6.52259,
      -1.88163
    ],
    [
      8.40337,
      6.09517,
      -1.88163
    ],
    [
      8.30925,
      5.65935,
      -1.5243
    ],
    [
      8.30925,
      5.65935,
      -1.5243
    ],
    [
      8.38445,
      5.37642,
      -1.0977
    ],
    [
      9.0,
      5.0,
      0.0
    ]
  ]
}