{
  "robot": {
    "class": "RectangleRobot",
    "radius": 0.35570332267116933,
    "wheelbase": 0.4793486117699406,
    "max_velocity": 11.445031514230664,
    "max_steering_at_zero_v": 0.49379956571688655,
    "max_steering_at_max_v": 0.1809727855308589,
    "acceleration": 5,
    "width": 0.41801969598897293,
    "lenght": 0.5756378625512109
  },
  "planner": {
    "class": "Dubins_pathfinding",
    "start": [
      1.0,
      5.0
    ],
    "goal": [
      9.0,
      5.0
    ],
    "bounds": [
      0,
      10,
      0,
      10
    ],
    "max_runtime": 15.0,
    "goal_threshold": 0.0,
    "interpolate_steps": 50
  },
  "path": [
    [
      1.0,
      5.0,
      0.0
    ],
    [
      1.3403,
      5.06758,
      0.392103
    ],
    [
      1.62894,
      5.26008,
      0.784206
    ],
    [
      1.82212,
      5.54826,
      1.17631
    ],
    [
      1.89052,
      5.8884,
      1.56841
    ],
    [
      1.82375,
      6.22886,
      1.96052
    ],
    [
      1.64852,
      6.53026,
      2.13714
    ],
    [
      1.46117,
      6.82492,
      2.13714
    ],
    [
      1.27382,
      7.11958,
      2.13714
    ],
    [
      1.08647,
      7.41424,
      2.13714
    ],
    [
      0.872501,
      7.71299,
      2.19661
    ],
    [
      0.661738,
      8.01386,
      2.0863
    ],
    [
      0.550714,
      8.36146,
      1.67361
    ],
    [
      0.588423,
      8.7244,
      1.26093
    ],
    [
      0.768533,
      9.04176,
      0.848247
    ],
    [
      1.04427,
      9.25233,
      0.456144
    ],
    [
      1.37954,
      9.34161,
      0.0751121
    ],
    [
      1.72773,
      9.36781,
      0.0751121
    ],
    [
      2.07592,
      9.39401,
      0.0751121
    ],
    [
      2.42411,
      9.42021,
      0.0751121
    ],
    [
      2.7723,
      9.44642,
      0.0751121
    ],
    [
      3.1205,
      9.47262,
      0.0751121
    ],
    [
      3.46869,
      9.49882,
      0.0751121
    ],
    [
      3.81688,
      9.52502,
      0.0751121
    ],
    [
      4.16527,
      9.50813,
      -0.0785487
    ],
    [
      4.51337,
      9.48073,
      -0.0785487
    ],
    [
      4.86147,
      9.45333,
      -0.0785487
    ],
    [
      5.20957,
      9.42593,
      -0.0785487
    ],
    [
      5.55767,
      9.39853,
      -0.0785487
    ],
    [
      5.90576,
      9.37113,
      -0.0785487
    ],
    [
      6.25386,
      9.34373,
      -0.0785487
    ],
    [
      6.60196,
      9.31633,
      -0.0785487
    ],
    [
      6.95006,
      9.28894,
      -0.0785487
    ],
    [
      7.33978,
      9.27538,
      -0.0323243
    ],
    [
      7.72953,
      9.26278,
      -0.0323243
    ],
    [
      8.11929,
      9.25018,
      -0.0323243
    ],
    [
      8.50624,
      9.21254,
      -0.270386
    ],
    [
      8.84769,
      9.0307,
      -0.708288
    ],
    [
      9.07982,
      8.72123,
      -1.14619
    ],
    [
      9.15882,
      8.34253,
      -1.58409
    ],
    [
      9.06978,
      7.96606,
      -2.02199
    ],
    [
      8.90351,
      7.64365,
      -2.04774
    ],
    [
      8.73698,
      7.32137,
      -2.04774
    ],
    [
      8.57045,
      6.99909,
      -2.04774
    ],
    [
      8.40392,
      6.67682,
      -2.04774
    ],
    [
      8.23739,
      6.35454,
      -2.04774
    ],
    [
      8.11811,
      6.01423,
      -1.71016
    ],
    [
      8.14127,
      5.65471,
      -1.3028
    ],
    [
      8.14127,
      5.65471,
      -1.3028
    ],
    [
      9.0,
      5.0,
      0.0
    ]
  ]
}