{
  "robot": {
    "class": "RectangleRobot",
    "radius": 0.17628479549697143,
    "wheelbase": 0.2979725139078183,
    "max_velocity": 9.670342133133733,
    "max_steering_at_zero_v": 0.4364989596030044,
    "max_steering_at_max_v": 0.2062798776360174,
    "acceleration": 5,
    "width": 0.2895116277746759,
    "lenght": 0.20121713117151258
  },
  "planner": {
    "class": "Dubins_pathfinding",
    "start": [
      1.0,
      5.0
    ],
    "goal": [
      9.0,
      5.0
    ],
    "bounds": [
      0,
      10,
      0,
      10
    ],
    "max_runtime": 15.0,
    "goal_threshold": 0.0,
    "interpolate_steps": 50
  },
  "path": [
    [
      1.0,
      5.0,
      0.0
    ],
    [
      1.29079,
      4.92997,
      -0.472666
    ],
    [
      1.51781,
      4.73523,
      -0.945333
    ],
    [
      1.63128,
      4.45849,
      -1.418
    ],
    [
      1.63808,
      4.15697,
      -1.57398
    ],
    [
      1.63712,
      3.85506,
      -1.57398
    ],
    [
      1.63616,
      3.55316,
      -1.57398
    ],
    [
      1.63519,
      3.25126,
      -1.57398
    ],
    [
      1.63423,
      2.94935,
      -1.57398
    ],
    [
      1.69473,
      2.65637,
      -1.1318
    ],
    [
      1.89155,
      2.41545,
      -0.639796
    ],
    [
      2.16071,
      2.25347,
      -0.529357
    ],
    [
      2.43196,
      2.09477,
      -0.529357
    ],
    [
      2.70321,
      1.93608,
      -0.529357
    ],
    [
      2.97445,
      1.77739,
      -0.529357
    ],
    [
      3.2457,
      1.61869,
      -0.529357
    ],
    [
      3.51695,
      1.46,
      -0.529357
    ],
    [
      3.78819,
      1.30131,
      -0.529357
    ],
    [
      4.05944,
      1.14261,
      -0.529357
    ],
    [
      4.33069,
      0.983917,
      -0.529357
    ],
    [
      4.62669,
      0.897048,
      -0.0415613
    ],
    [
      4.93811,
      0.905231,
      0.0317836
    ],
    [
      5.24952,
      0.915132,
      0.0317836
    ],
    [
      5.56093,
      0.925033,
      0.0317836
    ],
    [
      5.87234,
      0.934934,
      0.0317836
    ],
    [
      6.18376,
      0.944835,
      0.0317836
    ],
    [
      6.49517,
      0.954736,
      0.0317836
    ],
    [
      6.80658,
      0.964638,
      0.0317836
    ],
    [
      7.11799,
      0.971686,
      -0.06274
    ],
    [
      7.41209,
      0.878567,
      -0.550536
    ],
    [
      7.70023,
      0.785851,
      -0.072086
    ],
    [
      8.0025,
      0.822128,
      0.192535
    ],
    [
      8.30246,
      0.880604,
      0.192535
    ],
    [
      8.60156,
      0.942741,
      0.301047
    ],
    [
      8.86114,
      1.09844,
      0.779497
    ],
    [
      9.01988,
      1.35616,
      1.25795
    ],
    [
      9.04215,
      1.65803,
      1.7364
    ],
    [
      8.92293,
      1.93626,
      2.21485
    ],
    [
      8.689,
      2.12835,
      2.6933
    ],
    [
      8.45784,
      2.31679,
      2.22203
    ],
    [
      8.33744,
      2.58964,
      1.75076
    ],
    [
      8.29744,
      2.88797,
      1.70148
    ],
    [
      8.25822,
      3.18641,
      1.70148
    ],
    [
      8.21899,
      3.48486,
      1.70148
    ],
    [
      8.12319,
      3.76741,
      2.13155
    ],
    [
      8.02538,
      4.10547,
      1.57334
    ],
    [
      8.12147,
      4.44403,
      1.01513
    ],
    [
      8.37589,
      4.68999,
      0.647786
    ],
    [
      8.66169,
      4.90305,
      0.558205
    ],
    [
      9.0,
      5.0,
      0.0
    ]
  ]
}