{
  "robot": {
    "class": "RectangleRobot",
    "radius": 0.2952924123319632,
    "wheelbase": 0.47306675493767886,
    "max_velocity": 9.412564767808135,
    "max_steering_at_zero_v": 0.5003990111460135,
    "max_steering_at_max_v": 0.16774050323275233,
    "acceleration": 5,
    "width": 0.5118912477778736,
    "lenght": 0.29454674598734276
  },
  "planner": {
    "class": "Dubins_pathfinding",
    "start": [
      1.0,
      5.0
    ],
    "goal": [
      9.0,
      5.0
    ],
    "bounds": [
      0,
      10,
      0,
      10
    ],
    "max_runtime": 15.0,
    "goal_threshold": 0.0,
    "interpolate_steps": 50
  },
  "path": [
    [
      1.0,
      5.0,
      0.0
    ],
    [
      1.37946,
      4.91234,
      -0.454067
    ],
    [
      1.68203,
      4.66712,
      -0.908134
    ],
    [
      1.84637,
      4.31403,
      -1.3622
    ],
    [
      1.83919,
      3.92464,
      -1.81627
    ],
    [
      1.66935,
      3.57275,
      -2.12604
    ],
    [
      1.46228,
      3.23894,
      -2.12604
    ],
    [
      1.2552,
      2.90513,
      -2.12604
    ],
    [
      1.04812,
      2.57132,
      -2.12604
    ],
    [
      0.865509,
      2.27809,
      -2.1278
    ],
    [
      0.682895,
      1.98487,
      -2.1278
    ],
    [
      0.523206,
      1.67983,
      -1.88343
    ],
    [
      0.484517,
      1.33887,
      -1.48413
    ],
    [
      0.581427,
      1.00969,
      -1.08484
    ],
    [
      0.798691,
      0.744078,
      -0.68554
    ],
    [
      1.10213,
      0.583828,
      -0.286243
    ],
    [
      1.44399,
      0.55415,
      0.113055
    ],
    [
      1.7705,
      0.659714,
      0.512352
    ],
    [
      2.14421,
      0.769332,
      0.0582853
    ],
    [
      2.53674,
      0.757545,
      -0.0408313
    ],
    [
      2.92924,
      0.74151,
      -0.0408313
    ],
    [
      3.32173,
      0.725475,
      -0.0408313
    ],
    [
      3.71423,
      0.70944,
      -0.0408313
    ],
    [
      4.10672,
      0.693405,
      -0.0408313
    ],
    [
      4.49922,
      0.67737,
      -0.0408313
    ],
    [
      4.89172,
      0.661335,
      -0.0408313
    ],
    [
      5.24057,
      0.66859,
      0.026395
    ],
    [
      5.58941,
      0.6778,
      0.026395
    ],
    [
      5.93826,
      0.68701,
      0.026395
    ],
    [
      6.2871,
      0.69622,
      0.026395
    ],
    [
      6.63594,
      0.70543,
      0.026395
    ],
    [
      6.98479,
      0.71464,
      0.026395
    ],
    [
      7.33363,
      0.723849,
      0.026395
    ],
    [
      7.68248,
      0.733059,
      0.026395
    ],
    [
      8.03132,
      0.742298,
      0.0346039
    ],
    [
      8.37393,
      0.816727,
      0.301184
    ],
    [
      8.71008,
      0.921146,
      0.301184
    ],
    [
      9.02976,
      1.06399,
      0.612478
    ],
    [
      9.26929,
      1.3186,
      1.01935
    ],
    [
      9.3885,
      1.64721,
      1.42622
    ],
    [
      9.36794,
      1.99617,
      1.83309
    ],
    [
      9.21096,
      2.30851,
      2.23996
    ],
    [
      8.95457,
      2.677,
      2.17458
    ],
    [
      8.69968,
      3.04656,
      2.17458
    ],
    [
      8.44479,
      3.41613,
      2.17458
    ],
    [
      8.20466,
      3.79449,
      1.97519
    ],
    [
      8.14055,
      4.23375,
      1.45625
    ],
    [
      8.30273,
      4.64699,
      0.93732
    ],
    [
      8.64851,
      4.92538,
      0.418386
    ],
    [
      9.0,
      5.0,
      0.0
    ]
  ]
}