{
  "robot": {
    "class": "RectangleRobot",
    "radius": 0.4215858292036116,
    "wheelbase": 0.2803935383616068,
    "max_velocity": 12.357180076407086,
    "max_steering_at_zero_v": 0.45768384481304564,
    "max_steering_at_max_v": 0.20136757404774885,
    "acceleration": 5,
    "width": 0.655118668710035,
    "lenght": 0.5308087936807175
  },
  "planner": {
    "class": "Dubins_pathfinding",
    "start": [
      1.0,
      5.0
    ],
    "goal": [
      9.0,
      5.0
    ],
    "bounds": [
      0,
      10,
      0,
      10
    ],
    "max_runtime": 15.0,
    "goal_threshold": 0.0,
    "interpolate_steps": 50
  },
  "path": [
    [
      1.0,
      5.0,
      0.0
    ],
    [
      1.32384,
      5.10109,
      0.605147
    ],
    [
      1.53266,
      5.36845,
      1.21029
    ],
    [
      1.5523,
      5.70713,
      1.81544
    ],
    [
      1.44775,
      6.03533,
      1.88296
    ],
    [
      1.34195,
      6.36316,
      1.88296
    ],
    [
      1.23474,
      6.6905,
      1.95552
    ],
    [
      1.11035,
      7.02296,
      1.92824
    ],
    [
      0.986149,
      7.35549,
      1.92824
    ],
    [
      0.861952,
      7.68802,
      1.92824
    ],
    [
      0.737754,
      8.02055,
      1.92824
    ],
    [
      0.613556,
      8.35308,
      1.92824
    ],
    [
      0.489626,
      8.68571,
      1.8966
    ],
    [
      0.48652,
      9.04065,
      1.26249
    ],
    [
      0.690308,
      9.33269,
      0.679841
    ],
    [
      1.02216,
      9.45865,
      0.0457272
    ],
    [
      1.41496,
      9.46257,
      0.0090001
    ],
    [
      1.80776,
      9.46611,
      0.0090001
    ],
    [
      2.20057,
      9.46964,
      0.0090001
    ],
    [
      2.59338,
      9.47318,
      0.0090001
    ],
    [
      2.98618,
      9.47671,
      0.0090001
    ],
    [
      3.37899,
      9.48025,
      0.0090001
    ],
    [
      3.7718,
      9.48378,
      0.0090001
    ],
    [
      4.16461,
      9.48732,
      0.0090001
    ],
    [
      4.513,
      9.47914,
      -0.024368
    ],
    [
      4.86139,
      9.47065,
      -0.024368
    ],
    [
      5.20979,
      9.46216,
      -0.024368
    ],
    [
      5.55818,
      9.45367,
      -0.024368
    ],
    [
      5.90657,
      9.44518,
      -0.024368
    ],
    [
      6.25496,
      9.43669,
      -0.024368
    ],
    [
      6.60335,
      9.4282,
      -0.024368
    ],
    [
      6.95174,
      9.41971,
      -0.024368
    ],
    [
      7.30005,
      9.40946,
      -0.102931
    ],
    [
      7.69872,
      9.39771,
      -0.0251546
    ],
    [
      8.09748,
      9.38768,
      -0.0251546
    ],
    [
      8.49624,
      9.37764,
      -0.0251546
    ],
    [
      8.89411,
      9.35749,
      -0.214158
    ],
    [
      9.22425,
      9.14842,
      -0.914882
    ],
    [
      9.3418,
      8.77575,
      -1.61561
    ],
    [
      9.24874,
      8.42486,
      -1.88783
    ],
    [
      9.13516,
      8.07869,
      -1.88783
    ],
    [
      9.02158,
      7.73253,
      -1.88783
    ],
    [
      8.908,
      7.38636,
      -1.88783
    ],
    [
      8.79442,
      7.04019,
      -1.88783
    ],
    [
      8.68084,
      6.69403,
      -1.88783
    ],
    [
      8.56726,
      6.34786,
      -1.88783
    ],
    [
      8.43274,
      6.01084,
      -2.17153
    ],
    [
      8.34601,
      5.56838,
      -1.35716
    ],
    [
      8.58599,
      5.17856,
      -0.814366
    ],
    [
      9.0,
      5.0,
      0.0
    ]
  ]
}