{
  "robot": {
    "class": "RectangleRobot",
    "radius": 0.29122025431851845,
    "wheelbase": 0.23791696851581154,
    "max_velocity": 12.105134497353653,
    "max_steering_at_zero_v": 0.3900446754180982,
    "max_steering_at_max_v": 0.22141132448955292,
    "acceleration": 5,
    "width": 0.4651329282686538,
    "lenght": 0.3505542827317869
  },
  "planner": {
    "class": "Dubins_pathfinding",
    "start": [
      1.0,
      5.0
    ],
    "goal": [
      9.0,
      5.0
    ],
    "bounds": [
      0,
      10,
      0,
      10
    ],
    "max_runtime": 15.0,
    "goal_threshold": 0.0,
    "interpolate_steps": 50
  },
  "path": [
    [
      1.0,
      5.0,
      0.0
    ],
    [
      1.32837,
      5.10218,
      0.603357
    ],
    [
      1.54079,
      5.37264,
      1.20671
    ],
    [
      1.56223,
      5.71588,
      1.81007
    ],
    [
      1.43361,
      6.04017,
      1.96941
    ],
    [
      1.29808,
      6.36197,
      1.96941
    ],
    [
      1.16256,
      6.68377,
      1.96941
    ],
    [
      1.02703,
      7.00557,
      1.96941
    ],
    [
      0.891498,
      7.32737,
      1.96941
    ],
    [
      0.759841,
      7.65062,
      1.84983
    ],
    [
      0.697737,
      8.0119,
      1.72964
    ],
    [
      0.639729,
      8.37401,
      1.72964
    ],
    [
      0.590283,
      8.73698,
      1.55711
    ],
    [
      0.707315,
      9.07808,
      0.923441
    ],
    [
      0.986858,
      9.27839,
      0.320084
    ],
    [
      1.33259,
      9.29825,
      -0.0658879
    ],
    [
      1.68101,
      9.27526,
      -0.0658879
    ],
    [
      2.02942,
      9.25227,
      -0.0658879
    ],
    [
      2.37784,
      9.22928,
      -0.0658879
    ],
    [
      2.72626,
      9.20629,
      -0.0658879
    ],
    [
      3.07468,
      9.1833,
      -0.0658879
    ],
    [
      3.4231,
      9.16031,
      -0.0658879
    ],
    [
      3.76313,
      9.21488,
      0.455291
    ],
    [
      4.08747,
      9.27167,
      -0.0363277
    ],
    [
      4.42062,
      9.25956,
      -0.0363277
    ],
    [
      4.75378,
      9.24745,
      -0.0363277
    ],
    [
      5.08693,
      9.23535,
      -0.0363277
    ],
    [
      5.42009,
      9.22324,
      -0.0363277
    ],
    [
      5.75325,
      9.21113,
      -0.0363277
    ],
    [
      6.0864,
      9.19902,
      -0.0363277
    ],
    [
      6.41956,
      9.18691,
      -0.0363277
    ],
    [
      6.75257,
      9.17264,
      -0.122924
    ],
    [
      7.10961,
      9.14054,
      -0.0887215
    ],
    [
      7.46668,
      9.10878,
      -0.0887215
    ],
    [
      7.82376,
      9.07701,
      -0.0887215
    ],
    [
      8.18083,
      9.04525,
      -0.0887215
    ],
    [
      8.5379,
      9.01349,
      -0.0887215
    ],
    [
      8.86518,
      8.88175,
      -0.69219
    ],
    [
      9.046,
      8.61574,
      -1.2554
    ],
    [
      9.07502,
      8.2928,
      -1.56752
    ],
    [
      9.07609,
      7.96686,
      -1.56752
    ],
    [
      9.07716,
      7.64092,
      -1.56752
    ],
    [
      9.07822,
      7.31498,
      -1.56752
    ],
    [
      9.02254,
      6.99735,
      -2.01396
    ],
    [
      8.8093,
      6.75654,
      -2.57717
    ],
    [
      8.55805,
      6.4104,
      -1.82016
    ],
    [
      8.4818,
      5.97903,
      -1.74168
    ],
    [
      8.42221,
      5.54589,
      -1.51403
    ],
    [
      8.60256,
      5.15805,
      -0.757013
    ],
    [
      9.0,
      5.0,
      0.0
    ]
  ]
}