{
  "robot": {
    "class": "RectangleRobot",
    "radius": 0.29660340500287263,
    "wheelbase": 0.46224610117635734,
    "max_velocity": 9.75035979850532,
    "max_steering_at_zero_v": 0.5135586015299173,
    "max_steering_at_max_v": 0.2560891512706117,
    "acceleration": 5,
    "width": 0.10060962947333758,
    "lenght": 0.5846127110270782
  },
  "planner": {
    "class": "Dubins_pathfinding",
    "start": [
      1.0,
      5.0
    ],
    "goal": [
      9.0,
      5.0
    ],
    "bounds": [
      0,
      10,
      0,
      10
    ],
    "max_runtime": 15.0,
    "goal_threshold": 0.0,
    "interpolate_steps": 50
  },
  "path": [
    [
      1.0,
      5.0,
      0.0
    ],
    [
      1.33871,
      4.92673,
      -0.42607
    ],
    [
      1.61685,
      4.72003,
      -0.852141
    ],
    [
      1.7847,
      4.41685,
      -1.27821
    ],
    [
      1.81224,
      4.0714,
      -1.70428
    ],
    [
      1.69454,
      3.74546,
      -2.13035
    ],
    [
      1.45266,
      3.4973,
      -2.55642
    ],
    [
      1.15059,
      3.32372,
      -2.47783
    ],
    [
      0.928943,
      3.05734,
      -2.05175
    ],
    [
      0.837203,
      2.72316,
      -1.62568
    ],
    [
      0.799964,
      2.34098,
      -1.67003
    ],
    [
      0.761922,
      1.95887,
      -1.67003
    ],
    [
      0.723881,
      1.57676,
      -1.67003
    ],
    [
      0.720024,
      1.19455,
      -1.38085
    ],
    [
      0.876642,
      0.847777,
      -0.91229
    ],
    [
      1.17298,
      0.609112,
      -0.443725
    ],
    [
      1.54517,
      0.530001,
      0.0248386
    ],
    [
      1.91296,
      0.627496,
      0.493403
    ],
    [
      2.26747,
      0.724553,
      0.0410585
    ],
    [
      2.63709,
      0.699219,
      -0.0863701
    ],
    [
      3.00641,
      0.667241,
      -0.0863701
    ],
    [
      3.37574,
      0.635263,
      -0.0863701
    ],
    [
      3.74507,
      0.603284,
      -0.0863701
    ],
    [
      4.11439,
      0.571306,
      -0.0863701
    ],
    [
      4.48371,
      0.539229,
      -0.101889
    ],
    [
      4.85073,
      0.534785,
      -0.000684723
    ],
    [
      5.2179,
      0.534533,
      -0.000684723
    ],
    [
      5.58506,
      0.534282,
      -0.000684723
    ],
    [
      5.95222,
      0.534031,
      -0.000684723
    ],
    [
      6.31939,
      0.533779,
      -0.000684723
    ],
    [
      6.68567,
      0.519461,
      -0.186238
    ],
    [
      7.01865,
      0.513152,
      0.0487175
    ],
    [
      7.35229,
      0.529419,
      0.0487175
    ],
    [
      7.68593,
      0.545686,
      0.0487175
    ],
    [
      8.01958,
      0.561953,
      0.0487175
    ],
    [
      8.35263,
      0.584664,
      0.17441
    ],
    [
      8.66092,
      0.707159,
      0.582011
    ],
    [
      8.8954,
      0.941826,
      0.989611
    ],
    [
      9.01764,
      1.25021,
      1.39721
    ],
    [
      9.00761,
      1.5818,
      1.80481
    ],
    [
      8.89933,
      1.91366,
      1.89594
    ],
    [
      8.78778,
      2.24455,
      1.89594
    ],
    [
      8.67624,
      2.57543,
      1.89594
    ],
    [
      8.56469,
      2.90631,
      1.89594
    ],
    [
      8.45315,
      3.23719,
      1.89594
    ],
    [
      8.34161,
      3.56807,
      1.89594
    ],
    [
      8.23006,
      3.89895,
      1.89594
    ],
    [
      8.18281,
      4.24231,
      1.49528
    ],
    [
      8.28142,
      4.57452,
      1.06921
    ],
    [
      9.0,
      5.0,
      0.0
    ]
  ]
}