{
  "robot": {
    "class": "RectangleRobot",
    "radius": 0.35711686047778984,
    "wheelbase": 0.22120158652265542,
    "max_velocity": 7.241824074456287,
    "max_steering_at_zero_v": 0.41777116516840884,
    "max_steering_at_max_v": 0.1590636853367784,
    "acceleration": 5,
    "width": 0.20329608803291982,
    "lenght": 0.6846900822566107
  },
  "planner": {
    "class": "Dubins_pathfinding",
    "start": [
      1.0,
      5.0
    ],
    "goal": [
      9.0,
      5.0
    ],
    "bounds": [
      0,
      10,
      0,
      10
    ],
    "max_runtime": 15.0,
    "goal_threshold": 0.0,
    "interpolate_steps": 50
  },
  "path": [
    [
      1.0,
      5.0,
      0.0
    ],
    [
      1.34716,
      5.14082,
      0.770738
    ],
    [
      1.4981,
      5.4837,
      1.54148
    ],
    [
      1.40791,
      5.85472,
      1.88604
    ],
    [
      1.28883,
      6.21986,
      1.88604
    ],
    [
      1.16976,
      6.585,
      1.88604
    ],
    [
      1.05068,
      6.95014,
      1.88604
    ],
    [
      0.93763,
      7.3169,
      1.72767
    ],
    [
      0.841842,
      7.68741,
      1.83069
    ],
    [
      0.743477,
      8.05733,
      1.83069
    ],
    [
      0.645112,
      8.42726,
      1.83069
    ],
    [
      0.546748,
      8.79718,
      1.83069
    ],
    [
      0.4814,
      9.17167,
      1.46424
    ],
    [
      0.657353,
      9.50106,
      0.696099
    ],
    [
      1.01275,
      9.6157,
      -0.072044
    ],
    [
      1.34801,
      9.45121,
      -0.840187
    ],
    [
      1.64987,
      9.29028,
      -0.139469
    ],
    [
      1.9988,
      9.28227,
      -0.0112269
    ],
    [
      2.34795,
      9.27835,
      -0.0112269
    ],
    [
      2.69711,
      9.27443,
      -0.0112269
    ],
    [
      3.04626,
      9.27051,
      -0.0112269
    ],
    [
      3.39542,
      9.26659,
      -0.0112269
    ],
    [
      3.74457,
      9.26267,
      -0.0112269
    ],
    [
      4.09372,
      9.25875,
      -0.0112269
    ],
    [
      4.44288,
      9.25483,
      -0.0112269
    ],
    [
      4.79164,
      9.25301,
      -0.00518397
    ],
    [
      5.14041,
      9.2512,
      -0.00518397
    ],
    [
      5.48918,
      9.24939,
      -0.00518397
    ],
    [
      5.83794,
      9.24758,
      -0.00518397
    ],
    [
      6.18671,
      9.24578,
      -0.00518397
    ],
    [
      6.53547,
      9.24397,
      -0.00518397
    ],
    [
      6.88424,
      9.24216,
      -0.00518397
    ],
    [
      7.23301,
      9.24035,
      -0.00518397
    ],
    [
      7.58177,
      9.23822,
      -0.0412863
    ],
    [
      7.93995,
      9.25076,
      0.039528
    ],
    [
      8.29811,
      9.26492,
      0.039528
    ],
    [
      8.65627,
      9.27909,
      0.039528
    ],
    [
      9.01143,
      9.25827,
      -0.336603
    ],
    [
      9.2798,
      9.03463,
      -1.05287
    ],
    [
      9.33539,
      8.68973,
      -1.76914
    ],
    [
      9.2082,
      8.35674,
      -1.96142
    ],
    [
      9.07229,
      8.0267,
      -1.96142
    ],
    [
      8.93639,
      7.69667,
      -1.96142
    ],
    [
      8.80048,
      7.36663,
      -1.96142
    ],
    [
      8.60696,
      7.07316,
      -2.48679
    ],
    [
      8.41291,
      6.64994,
      -1.51463
    ],
    [
      8.44949,
      6.16689,
      -1.49502
    ],
    [
      8.48617,
      5.68384,
      -1.49502
    ],
    [
      8.58834,
      5.21751,
      -0.97216
    ],
    [
      9.0,
      5.0,
      0.0
    ]
  ]
}