{
  "robot": {
    "class": "RectangleRobot",
    "radius": 0.18934598469878133,
    "wheelbase": 0.3428892938181142,
    "max_velocity": 9.298486628406788,
    "max_steering_at_zero_v": 0.49601739582455023,
    "max_steering_at_max_v": 0.2583733472913029,
    "acceleration": 5,
    "width": 0.32085973278266533,
    "lenght": 0.20113835925760437
  },
  "planner": {
    "class": "Dubins_pathfinding",
    "start": [
      1.0,
      5.0
    ],
    "goal": [
      9.0,
      5.0
    ],
    "bounds": [
      0,
      10,
      0,
      10
    ],
    "max_runtime": 15.0,
    "goal_threshold": 0.0,
    "interpolate_steps": 50
  },
  "path": [
    [
      1.0,
      5.0,
      0.0
    ],
    [
      1.24521,
      4.95063,
      -0.397366
    ],
    [
      1.45221,
      4.81021,
      -0.794731
    ],
    [
      1.58874,
      4.60062,
      -1.1921
    ],
    [
      1.6382,
      4.35483,
      -1.46784
    ],
    [
      1.66408,
      4.10437,
      -1.46784
    ],
    [
      1.68996,
      3.85392,
      -1.46784
    ],
    [
      1.71584,
      3.60347,
      -1.46784
    ],
    [
      1.74172,
      3.35301,
      -1.46784
    ],
    [
      1.76759,
      3.10256,
      -1.46784
    ],
    [
      1.79347,
      2.85211,
      -1.46813
    ],
    [
      1.88557,
      2.58262,
      -1.01481
    ],
    [
      2.06703,
      2.36034,
      -0.859638
    ],
    [
      2.25452,
      2.14272,
      -0.859638
    ],
    [
      2.44201,
      1.92511,
      -0.859638
    ],
    [
      2.66413,
      1.74667,
      -0.452413
    ],
    [
      2.90909,
      1.68373,
      -0.0505714
    ],
    [
      3.15915,
      1.72162,
      0.35127
    ],
    [
      3.37447,
      1.85428,
      0.753112
    ],
    [
      3.52076,
      2.0606,
      1.15495
    ],
    [
      3.62289,
      2.29384,
      1.15806
    ],
    [
      3.72503,
      2.52708,
      1.15806
    ],
    [
      3.82716,
      2.76032,
      1.15806
    ],
    [
      3.9293,
      2.99356,
      1.15806
    ],
    [
      4.03143,
      3.2268,
      1.15806
    ],
    [
      4.13375,
      3.45996,
      1.13322
    ],
    [
      4.28416,
      3.66277,
      0.732044
    ],
    [
      4.50183,
      3.79073,
      0.330871
    ],
    [
      4.75219,
      3.82353,
      -0.0703019
    ],
    [
      5.00116,
      3.77372,
      -0.228707
    ],
    [
      5.24874,
      3.71609,
      -0.228707
    ],
    [
      5.49632,
      3.65846,
      -0.228707
    ],
    [
      5.7439,
      3.60083,
      -0.228707
    ],
    [
      5.99148,
      3.5432,
      -0.228707
    ],
    [
      6.23906,
      3.48556,
      -0.228707
    ],
    [
      6.48664,
      3.42793,
      -0.228707
    ],
    [
      6.71964,
      3.33047,
      -0.595289
    ],
    [
      6.9782,
      3.21145,
      -0.379964
    ],
    [
      7.24316,
      3.10563,
      -0.379964
    ],
    [
      7.50922,
      3.00285,
      -0.279112
    ],
    [
      7.79171,
      2.98758,
      0.17116
    ],
    [
      8.05269,
      3.09679,
      0.621432
    ],
    [
      8.24013,
      3.30869,
      1.0717
    ],
    [
      8.31667,
      3.58104,
      1.52198
    ],
    [
      8.26705,
      3.85956,
      1.97225
    ],
    [
      8.21909,
      4.16252,
      1.48332
    ],
    [
      8.31829,
      4.45295,
      1.04708
    ],
    [
      8.47452,
      4.72044,
      0.977851
    ],
    [
      8.70239,
      4.92576,
      0.488926
    ],
    [
      9.0,
      5.0,
      0.0
    ]
  ]
}