{
  "robot": {
    "class": "RectangleRobot",
    "radius": 0.31442686527805536,
    "wheelbase": 0.2288463045061236,
    "max_velocity": 8.865834636441399,
    "max_steering_at_zero_v": 0.3308370820422808,
    "max_steering_at_max_v": 0.20198802637244304,
    "acceleration": 5,
    "width": 0.5642011364102617,
    "lenght": 0.2777302506168653
  },
  "planner": {
    "class": "Dubins_pathfinding",
    "start": [
      1.0,
      5.0
    ],
    "goal": [
      9.0,
      5.0
    ],
    "bounds": [
      0,
      10,
      0,
      10
    ],
    "max_runtime": 15.0,
    "goal_threshold": 0.0,
    "interpolate_steps": 50
  },
  "path": [
    [
      1.0,
      5.0,
      0.0
    ],
    [
      1.33394,
      4.91028,
      -0.52497
    ],
    [
      1.57794,
      4.66527,
      -1.04994
    ],
    [
      1.66629,
      4.33096,
      -1.57491
    ],
    [
      1.57519,
      3.9974,
      -2.09988
    ],
    [
      1.39266,
      3.69901,
      -2.12019
    ],
    [
      1.21001,
      3.4007,
      -2.12019
    ],
    [
      1.04585,
      3.02422,
      -1.96162
    ],
    [
      0.889249,
      2.64413,
      -1.96162
    ],
    [
      0.732647,
      2.26405,
      -1.96162
    ],
    [
      0.57551,
      1.8842,
      -2.00343
    ],
    [
      0.40542,
      1.54755,
      -1.92796
    ],
    [
      0.3779,
      1.17623,
      -1.36159
    ],
    [
      0.553918,
      0.848117,
      -0.795226
    ],
    [
      0.878507,
      0.665684,
      -0.228861
    ],
    [
      1.22622,
      0.640918,
      -0.0354636
    ],
    [
      1.57518,
      0.628538,
      -0.0354636
    ],
    [
      1.92414,
      0.616157,
      -0.0354636
    ],
    [
      2.27309,
      0.603777,
      -0.0354636
    ],
    [
      2.62205,
      0.591396,
      -0.0354636
    ],
    [
      2.97101,
      0.579016,
      -0.0354636
    ],
    [
      3.31996,
      0.566635,
      -0.0354636
    ],
    [
      3.66892,
      0.554255,
      -0.0354636
    ],
    [
      4.01788,
      0.541875,
      -0.0354636
    ],
    [
      4.41034,
      0.556728,
      0.0430558
    ],
    [
      4.80278,
      0.573635,
      0.0430558
    ],
    [
      5.19521,
      0.590542,
      0.0430558
    ],
    [
      5.58765,
      0.607449,
      0.0430558
    ],
    [
      5.98008,
      0.624356,
      0.0430558
    ],
    [
      6.37252,
      0.641263,
      0.0430558
    ],
    [
      6.76495,
      0.65817,
      0.0430558
    ],
    [
      7.15738,
      0.675078,
      0.0438797
    ],
    [
      7.51665,
      0.677475,
      0.00529144
    ],
    [
      7.87592,
      0.679376,
      0.00529144
    ],
    [
      8.23519,
      0.681277,
      0.00529144
    ],
    [
      8.59446,
      0.683178,
      0.00529144
    ],
    [
      8.95204,
      0.704617,
      0.248113
    ],
    [
      9.26047,
      0.880277,
      0.787328
    ],
    [
      9.43242,
      1.1796,
      1.31138
    ],
    [
      9.43152,
      1.52479,
      1.83544
    ],
    [
      9.30343,
      1.84943,
      1.96181
    ],
    [
      9.17035,
      2.17225,
      1.96181
    ],
    [
      9.03727,
      2.49507,
      1.96181
    ],
    [
      8.90419,
      2.81789,
      1.96181
    ],
    [
      8.77111,
      3.14071,
      1.96181
    ],
    [
      8.63803,
      3.46353,
      1.96181
    ],
    [
      8.50495,
      3.78636,
      1.96181
    ],
    [
      8.3347,
      4.29733,
      1.62541
    ],
    [
      8.51617,
      4.79181,
      0.812705
    ],
    [
      9.0,
      5.0,
      0.0
    ]
  ]
}