{
  "robot": {
    "class": "RectangleRobot",
    "radius": 0.20069396482005744,
    "wheelbase": 0.21118470797379563,
    "max_velocity": 10.9125463681167,
    "max_steering_at_zero_v": 0.3570370186887743,
    "max_steering_at_max_v": 0.26056363554929396,
    "acceleration": 5,
    "width": 0.10590812494141243,
    "lenght": 0.38716371102180014
  },
  "planner": {
    "class": "Dubins_pathfinding",
    "start": [
      1.0,
      5.0
    ],
    "goal": [
      9.0,
      5.0
    ],
    "bounds": [
      0,
      10,
      0,
      10
    ],
    "max_runtime": 15.0,
    "goal_threshold": 0.0,
    "interpolate_steps": 50
  },
  "path": [
    [
      1.0,
      5.0,
      0.0
    ],
    [
      1.28799,
      4.92128,
      -0.533659
    ],
    [
      1.49589,
      4.70701,
      -1.06732
    ],
    [
      1.57503,
      4.4176,
      -1.42074
    ],
    [
      1.6202,
      4.11887,
      -1.42074
    ],
    [
      1.66536,
      3.82013,
      -1.42074
    ],
    [
      1.71053,
      3.5214,
      -1.42074
    ],
    [
      1.75569,
      3.22267,
      -1.42074
    ],
    [
      1.80086,
      2.92394,
      -1.42074
    ],
    [
      1.84006,
      2.6246,
      -1.56634
    ],
    [
      1.92639,
      2.32661,
      -1.01125
    ],
    [
      2.15617,
      2.1177,
      -0.524613
    ],
    [
      2.42816,
      1.9603,
      -0.524613
    ],
    [
      2.70016,
      1.80289,
      -0.524613
    ],
    [
      2.97216,
      1.64549,
      -0.524613
    ],
    [
      3.24415,
      1.48808,
      -0.524613
    ],
    [
      3.51615,
      1.33068,
      -0.524613
    ],
    [
      3.78815,
      1.17327,
      -0.524613
    ],
    [
      4.06014,
      1.01587,
      -0.524613
    ],
    [
      4.33214,
      0.858462,
      -0.524613
    ],
    [
      4.63295,
      0.781804,
      -0.0221805
    ],
    [
      4.94714,
      0.774834,
      -0.0221805
    ],
    [
      5.26132,
      0.767864,
      -0.0221805
    ],
    [
      5.5755,
      0.760894,
      -0.0221805
    ],
    [
      5.88968,
      0.753924,
      -0.0221805
    ],
    [
      6.20386,
      0.746955,
      -0.0221805
    ],
    [
      6.51804,
      0.739985,
      -0.0221805
    ],
    [
      6.83222,
      0.733015,
      -0.0221805
    ],
    [
      7.14641,
      0.726045,
      -0.0221805
    ],
    [
      7.46059,
      0.719075,
      -0.0221805
    ],
    [
      7.7512,
      0.759065,
      0.173632
    ],
    [
      8.04065,
      0.809833,
      0.173632
    ],
    [
      8.33009,
      0.860601,
      0.173632
    ],
    [
      8.61967,
      0.910497,
      0.1178
    ],
    [
      8.89177,
      1.01902,
      0.641195
    ],
    [
      9.07321,
      1.24902,
      1.16459
    ],
    [
      9.11539,
      1.53891,
      1.68798
    ],
    [
      9.01622,
      1.81624,
      2.0184
    ],
    [
      8.88797,
      2.08336,
      2.0184
    ],
    [
      8.75973,
      2.35049,
      2.0184
    ],
    [
      8.63148,
      2.61761,
      2.0184
    ],
    [
      8.49488,
      2.88007,
      2.20235
    ],
    [
      8.26664,
      3.06372,
      2.72575
    ],
    [
      8.00281,
      3.30245,
      2.08643
    ],
    [
      7.93352,
      3.65146,
      1.44711
    ],
    [
      8.07408,
      3.98132,
      1.03617
    ],
    [
      8.2585,
      4.29276,
      1.03617
    ],
    [
      8.44291,
      4.6042,
      1.03617
    ],
    [
      8.66221,
      4.88819,
      0.639319
    ],
    [
      9.0,
      5.0,
      0.0
    ]
  ]
}