{
  "robot": {
    "class": "RectangleRobot",
    "radius": 0.38754420707764586,
    "wheelbase": 0.22736524644532313,
    "max_velocity": 12.587301165312937,
    "max_steering_at_zero_v": 0.40636704212143115,
    "max_steering_at_max_v": 0.17383141795607765,
    "acceleration": 5,
    "width": 0.6570555409434925,
    "lenght": 0.41114482347856396
  },
  "planner": {
    "class": "Dubins_pathfinding",
    "start": [
      1.0,
      5.0
    ],
    "goal": [
      9.0,
      5.0
    ],
    "bounds": [
      0,
      10,
      0,
      10
    ],
    "max_runtime": 15.0,
    "goal_threshold": 0.0,
    "interpolate_steps": 50
  },
  "path": [
    [
      1.0,
      5.0,
      0.0
    ],
    [
      1.35762,
      4.86058,
      -0.74347
    ],
    [
      1.52651,
      4.51589,
      -1.48694
    ],
    [
      1.44847,
      4.13402,
      -1.87162
    ],
    [
      1.33207,
      3.75884,
      -1.87162
    ],
    [
      1.21568,
      3.38365,
      -1.87162
    ],
    [
      1.09928,
      3.00847,
      -1.87162
    ],
    [
      0.982887,
      2.63329,
      -1.87162
    ],
    [
      0.866492,
      2.2581,
      -1.87162
    ],
    [
      0.761646,
      2.00299,
      -1.97
    ],
    [
      0.649846,
      1.75098,
      -2.10846
    ],
    [
      0.585662,
      1.35903,
      -1.45807
    ],
    [
      0.631328,
      0.955638,
      -1.45807
    ],
    [
      0.777137,
      0.585926,
      -0.822105
    ],
    [
      1.13581,
      0.417972,
      -0.0537631
    ],
    [
      1.48463,
      0.43198,
      0.047962
    ],
    [
      1.8334,
      0.448721,
      0.047962
    ],
    [
      2.18218,
      0.465462,
      0.047962
    ],
    [
      2.53095,
      0.482202,
      0.047962
    ],
    [
      2.87973,
      0.498943,
      0.047962
    ],
    [
      3.2285,
      0.515684,
      0.047962
    ],
    [
      3.57728,
      0.532425,
      0.047962
    ],
    [
      3.92605,
      0.549166,
      0.047962
    ],
    [
      4.27483,
      0.565906,
      0.047962
    ],
    [
      4.66595,
      0.602291,
      0.0941969
    ],
    [
      5.05703,
      0.639239,
      0.0941969
    ],
    [
      5.44812,
      0.676188,
      0.0941969
    ],
    [
      5.8392,
      0.713136,
      0.0941969
    ],
    [
      6.23028,
      0.750084,
      0.0941969
    ],
    [
      6.62136,
      0.787032,
      0.0941969
    ],
    [
      7.01244,
      0.82398,
      0.0941969
    ],
    [
      7.40352,
      0.860928,
      0.0941969
    ],
    [
      7.74805,
      0.81946,
      -0.174416
    ],
    [
      8.09096,
      0.759037,
      -0.174416
    ],
    [
      8.43387,
      0.698614,
      -0.174416
    ],
    [
      8.77678,
      0.638191,
      -0.174416
    ],
    [
      9.1212,
      0.594507,
      0.078042
    ],
    [
      9.43512,
      0.730031,
      0.737042
    ],
    [
      9.60032,
      1.0294,
      1.39604
    ],
    [
      9.54762,
      1.36724,
      2.05504
    ],
    [
      9.41116,
      1.73536,
      1.91207
    ],
    [
      9.27968,
      2.10553,
      1.91207
    ],
    [
      9.14821,
      2.4757,
      1.91207
    ],
    [
      9.01673,
      2.84587,
      1.91207
    ],
    [
      8.88526,
      3.21603,
      1.91207
    ],
    [
      8.75378,
      3.5862,
      1.91207
    ],
    [
      8.62231,
      3.95637,
      1.91207
    ],
    [
      8.49185,
      4.32688,
      1.84832
    ],
    [
      8.5783,
      4.78998,
      0.92416
    ],
    [
      9.0,
      5.0,
      0.0
    ]
  ]
}