{
  "robot": {
    "class": "RectangleRobot",
    "radius": 0.1851227268636832,
    "wheelbase": 0.3933070813267789,
    "max_velocity": 9.8264495044584,
    "max_steering_at_zero_v": 0.48310528386143126,
    "max_steering_at_max_v": 0.17179476740913754,
    "acceleration": 5,
    "width": 0.18153782089820913,
    "lenght": 0.3226851648113268
  },
  "planner": {
    "class": "Dubins_pathfinding",
    "start": [
      1.0,
      5.0
    ],
    "goal": [
      9.0,
      5.0
    ],
    "bounds": [
      0,
      10,
      0,
      10
    ],
    "max_runtime": 15.0,
    "goal_threshold": 0.0,
    "interpolate_steps": 50
  },
  "path": [
    [
      1.0,
      5.0,
      0.0
    ],
    [
      1.31111,
      4.93241,
      -0.427877
    ],
    [
      1.56613,
      4.74181,
      -0.855755
    ],
    [
      1.71908,
      4.46258,
      -1.28363
    ],
    [
      1.75249,
      4.14475,
      -1.54705
    ],
    [
      1.76011,
      3.82403,
      -1.54705
    ],
    [
      1.76773,
      3.50331,
      -1.54705
    ],
    [
      1.77534,
      3.18258,
      -1.54705
    ],
    [
      1.78296,
      2.86186,
      -1.54705
    ],
    [
      1.85181,
      2.55099,
      -1.13937
    ],
    [
      2.03836,
      2.30095,
      -0.72023
    ],
    [
      2.3051,
      2.13651,
      -0.488407
    ],
    [
      2.58261,
      1.98906,
      -0.488407
    ],
    [
      2.86013,
      1.8416,
      -0.488407
    ],
    [
      3.13765,
      1.69414,
      -0.488407
    ],
    [
      3.41516,
      1.54669,
      -0.488407
    ],
    [
      3.69268,
      1.39923,
      -0.488407
    ],
    [
      3.97019,
      1.25177,
      -0.488407
    ],
    [
      4.24771,
      1.10432,
      -0.488407
    ],
    [
      4.52523,
      0.956862,
      -0.488407
    ],
    [
      4.81839,
      0.871496,
      -0.0782927
    ],
    [
      5.12583,
      0.868301,
      -0.00358897
    ],
    [
      5.43332,
      0.867198,
      -0.00358897
    ],
    [
      5.74081,
      0.866094,
      -0.00358897
    ],
    [
      6.04828,
      0.866395,
      0.0576335
    ],
    [
      6.35158,
      0.854824,
      -0.0533232
    ],
    [
      6.65481,
      0.83864,
      -0.0533232
    ],
    [
      6.95803,
      0.822456,
      -0.0533232
    ],
    [
      7.26125,
      0.806272,
      -0.0533232
    ],
    [
      7.56448,
      0.790088,
      -0.0533232
    ],
    [
      7.8677,
      0.773903,
      -0.0533232
    ],
    [
      8.17093,
      0.757719,
      -0.0533232
    ],
    [
      8.4705,
      0.793114,
      0.318781
    ],
    [
      8.72979,
      0.941332,
      0.719801
    ],
    [
      8.91066,
      1.17901,
      1.12082
    ],
    [
      8.98504,
      1.46838,
      1.48028
    ],
    [
      9.01222,
      1.76782,
      1.48028
    ],
    [
      9.0394,
      2.06727,
      1.48028
    ],
    [
      9.06511,
      2.36681,
      1.54296
    ],
    [
      9.01379,
      2.66104,
      1.94398
    ],
    [
      8.85169,
      2.91189,
      2.345
    ],
    [
      8.60454,
      3.07956,
      2.74602
    ],
    [
      8.34495,
      3.26025,
      2.32099
    ],
    [
      8.18297,
      3.5319,
      1.89597
    ],
    [
      8.14741,
      3.84618,
      1.47094
    ],
    [
      8.2114,
      4.1582,
      1.35183
    ],
    [
      8.28277,
      4.46873,
      1.27508
    ],
    [
      8.43668,
      4.74503,
      0.850052
    ],
    [
      8.69083,
      4.93329,
      0.425026
    ],
    [
      9.0,
      5.0,
      0.0
    ]
  ]
}