{
  "robot": {
    "class": "RectangleRobot",
    "radius": 0.3088239845250512,
    "wheelbase": 0.2590502558337614,
    "max_velocity": 9.43898655591682,
    "max_steering_at_zero_v": 0.4646872578048445,
    "max_steering_at_max_v": 0.2573297724281933,
    "acceleration": 5,
    "width": 0.5592068007981748,
    "lenght": 0.26225325090985396
  },
  "planner": {
    "class": "Dubins_pathfinding",
    "start": [
      1.0,
      5.0
    ],
    "goal": [
      9.0,
      5.0
    ],
    "bounds": [
      0,
      10,
      0,
      10
    ],
    "max_runtime": 15.0,
    "goal_threshold": 0.0,
    "interpolate_steps": 50
  },
  "path": [
    [
      1.0,
      5.0,
      0.0
    ],
    [
      1.32937,
      5.11857,
      0.691096
    ],
    [
      1.50759,
      5.41987,
      1.38219
    ],
    [
      1.47917,
      5.77334,
      1.7472
    ],
    [
      1.4165,
      6.12492,
      1.7472
    ],
    [
      1.35382,
      6.47651,
      1.7472
    ],
    [
      1.29115,
      6.8281,
      1.7472
    ],
    [
      1.22848,
      7.17968,
      1.7472
    ],
    [
      1.06877,
      7.49142,
      2.38803
    ],
    [
      0.877828,
      7.80865,
      2.01804
    ],
    [
      0.716537,
      8.14491,
      2.01804
    ],
    [
      0.555246,
      8.48117,
      2.01804
    ],
    [
      0.447381,
      8.8335,
      1.55197
    ],
    [
      0.582623,
      9.17241,
      0.830264
    ],
    [
      0.908056,
      9.33748,
      0.108563
    ],
    [
      1.25696,
      9.33081,
      -0.0341677
    ],
    [
      1.60593,
      9.31888,
      -0.0341677
    ],
    [
      1.9549,
      9.30696,
      -0.0341677
    ],
    [
      2.30387,
      9.29503,
      -0.0341677
    ],
    [
      2.65285,
      9.2831,
      -0.0341677
    ],
    [
      3.00182,
      9.27117,
      -0.0341677
    ],
    [
      3.35079,
      9.25924,
      -0.0341677
    ],
    [
      3.69976,
      9.24732,
      -0.0341677
    ],
    [
      4.04874,
      9.23539,
      -0.0341677
    ],
    [
      4.3937,
      9.21854,
      -0.0489636
    ],
    [
      4.73866,
      9.20164,
      -0.0489636
    ],
    [
      5.08361,
      9.18473,
      -0.0489636
    ],
    [
      5.42857,
      9.16783,
      -0.0489636
    ],
    [
      5.77353,
      9.15092,
      -0.0489636
    ],
    [
      6.11849,
      9.13402,
      -0.0489636
    ],
    [
      6.46345,
      9.11712,
      -0.0489636
    ],
    [
      6.8084,
      9.10021,
      -0.0489636
    ],
    [
      7.15334,
      9.08301,
      -0.0831065
    ],
    [
      7.49233,
      9.08479,
      0.0121637
    ],
    [
      7.83136,
      9.08891,
      0.0121637
    ],
    [
      8.17039,
      9.09304,
      0.0121637
    ],
    [
      8.50943,
      9.09716,
      0.0121637
    ],
    [
      8.83398,
      9.02019,
      -0.555016
    ],
    [
      9.04536,
      8.76287,
      -1.21114
    ],
    [
      9.05588,
      8.43003,
      -1.86727
    ],
    [
      8.86117,
      8.15988,
      -2.52339
    ],
    [
      8.65344,
      7.83754,
      -1.76313
    ],
    [
      8.62498,
      7.44588,
      -1.63203
    ],
    [
      8.60094,
      7.05374,
      -1.63203
    ],
    [
      8.52907,
      6.67162,
      -2.06805
    ],
    [
      8.46896,
      6.28667,
      -1.55236
    ],
    [
      8.47625,
      5.89129,
      -1.55236
    ],
    [
      8.48366,
      5.49592,
      -1.53047
    ],
    [
      8.64204,
      5.14406,
      -0.765234
    ],
    [
      9.0,
      5.0,
      0.0
    ]
  ]
}