{
  "robot": {
    "class": "RectangleRobot",
    "radius": 0.1916958015752865,
    "wheelbase": 0.25207534758217476,
    "max_velocity": 7.2783432305150795,
    "max_steering_at_zero_v": 0.41333989232499946,
    "max_steering_at_max_v": 0.168845208502312,
    "acceleration": 5,
    "width": 0.19823014496475178,
    "lenght": 0.3281675349476544
  },
  "planner": {
    "class": "Dubins_pathfinding",
    "start": [
      1.0,
      5.0
    ],
    "goal": [
      9.0,
      5.0
    ],
    "bounds": [
      0,
      10,
      0,
      10
    ],
    "max_runtime": 15.0,
    "goal_threshold": 0.0,
    "interpolate_steps": 50
  },
  "path": [
    [
      1.0,
      5.0,
      0.0
    ],
    [
      1.28728,
      5.07695,
      0.523446
    ],
    [
      1.49763,
      5.28721,
      1.04689
    ],
    [
      1.57584,
      5.57441,
      1.50789
    ],
    [
      1.59475,
      5.87464,
      1.50789
    ],
    [
      1.61366,
      6.17488,
      1.50789
    ],
    [
      1.63257,
      6.47512,
      1.50789
    ],
    [
      1.65149,
      6.77536,
      1.50789
    ],
    [
      1.6704,
      7.0756,
      1.50789
    ],
    [
      1.71597,
      7.37139,
      1.20079
    ],
    [
      1.90386,
      7.62098,
      0.650282
    ],
    [
      2.17309,
      7.78696,
      0.541765
    ],
    [
      2.44417,
      7.95011,
      0.541765
    ],
    [
      2.71525,
      8.11325,
      0.541765
    ],
    [
      2.98633,
      8.2764,
      0.541765
    ],
    [
      3.25741,
      8.43954,
      0.541765
    ],
    [
      3.52849,
      8.60268,
      0.541765
    ],
    [
      3.7957,
      8.77157,
      0.697058
    ],
    [
      4.07342,
      8.89834,
      0.159405
    ],
    [
      4.38174,
      8.91719,
      0.0498866
    ],
    [
      4.69035,
      8.93259,
      0.0498866
    ],
    [
      4.99896,
      8.948,
      0.0498866
    ],
    [
      5.30758,
      8.96341,
      0.0498866
    ],
    [
      5.61619,
      8.97882,
      0.0498866
    ],
    [
      5.92483,
      8.99364,
      0.00455725
    ],
    [
      6.22975,
      8.99217,
      -0.00488659
    ],
    [
      6.53467,
      8.99068,
      -0.00488659
    ],
    [
      6.83958,
      8.98919,
      -0.00488659
    ],
    [
      7.1445,
      8.9877,
      -0.00488659
    ],
    [
      7.44942,
      8.98621,
      -0.00488659
    ],
    [
      7.75434,
      8.98472,
      -0.00488659
    ],
    [
      8.05926,
      8.98323,
      -0.00488659
    ],
    [
      8.36402,
      8.98619,
      0.119535
    ],
    [
      8.64893,
      8.948,
      -0.386011
    ],
    [
      8.87971,
      8.77661,
      -0.891558
    ],
    [
      9.00509,
      8.51672,
      -1.24412
    ],
    [
      9.09832,
      8.24154,
      -1.24412
    ],
    [
      9.19156,
      7.96636,
      -1.24412
    ],
    [
      9.28479,
      7.69118,
      -1.24412
    ],
    [
      9.3076,
      7.40462,
      -1.74411
    ],
    [
      9.18879,
      7.14286,
      -2.24965
    ],
    [
      8.95808,
      6.97139,
      -2.7552
    ],
    [
      8.71652,
      6.78603,
      -2.21901
    ],
    [
      8.60138,
      6.50366,
      -1.77019
    ],
    [
      8.54035,
      6.20161,
      -1.77019
    ],
    [
      8.47931,
      5.89956,
      -1.77019
    ],
    [
      8.42569,
      5.59642,
      -1.60857
    ],
    [
      8.4952,
      5.29998,
      -1.07238
    ],
    [
      8.7064,
      5.08065,
      -0.536189
    ],
    [
      9.0,
      5.0,
      0.0
    ]
  ]
}