{
  "robot": {
    "class": "RectangleRobot",
    "radius": 0.3392469952974589,
    "wheelbase": 0.2553067447497028,
    "max_velocity": 11.89513391437441,
    "max_steering_at_zero_v": 0.47516377381459246,
    "max_steering_at_max_v": 0.19966606583381075,
    "acceleration": 5,
    "width": 0.4784205323355265,
    "lenght": 0.4811110989295589
  },
  "planner": {
    "class": "Dubins_pathfinding",
    "start": [
      1.0,
      5.0
    ],
    "goal": [
      9.0,
      5.0
    ],
    "bounds": [
      0,
      10,
      0,
      10
    ],
    "max_runtime": 15.0,
    "goal_threshold": 0.0,
    "interpolate_steps": 50
  },
  "path": [
    [
      1.0,
      5.0,
      0.0
    ],
    [
      1.31546,
      4.88683,
      -0.688902
    ],
    [
      1.48703,
      4.59893,
      -1.3778
    ],
    [
      1.43646,
      4.26763,
      -2.06671
    ],
    [
      1.26557,
      3.97155,
      -2.09485
    ],
    [
      1.0945,
      3.67556,
      -2.09485
    ],
    [
      0.923432,
      3.37958,
      -2.09485
    ],
    [
      0.803766,
      3.06386,
      -1.62232
    ],
    [
      0.730567,
      2.71653,
      -1.80068
    ],
    [
      0.649596,
      2.37053,
      -1.80068
    ],
    [
      0.568625,
      2.02454,
      -1.80068
    ],
    [
      0.488992,
      1.67827,
      -1.72645
    ],
    [
      0.558899,
      1.33757,
      -1.01039
    ],
    [
      0.756102,
      1.03648,
      -0.990674
    ],
    [
      0.970612,
      0.749361,
      -0.691517
    ],
    [
      1.29309,
      0.6354,
      0.012123
    ],
    [
      1.64198,
      0.64943,
      0.0407732
    ],
    [
      1.99086,
      0.663663,
      0.0407732
    ],
    [
      2.33975,
      0.677896,
      0.0407732
    ],
    [
      2.68864,
      0.692129,
      0.0407732
    ],
    [
      3.03752,
      0.706362,
      0.0407732
    ],
    [
      3.38641,
      0.720595,
      0.0407732
    ],
    [
      3.73529,
      0.734828,
      0.0407732
    ],
    [
      4.08418,
      0.749062,
      0.0407732
    ],
    [
      4.46607,
      0.753937,
      0.0122361
    ],
    [
      4.84797,
      0.75861,
      0.0122361
    ],
    [
      5.22987,
      0.763283,
      0.0122361
    ],
    [
      5.61176,
      0.767956,
      0.0122361
    ],
    [
      5.99366,
      0.772629,
      0.0122361
    ],
    [
      6.37555,
      0.777302,
      0.0122361
    ],
    [
      6.75745,
      0.781976,
      0.0122361
    ],
    [
      7.13744,
      0.805077,
      0.285776
    ],
    [
      7.52644,
      0.81941,
      -0.0238131
    ],
    [
      7.91732,
      0.8101,
      -0.0238131
    ],
    [
      8.30821,
      0.80079,
      -0.0238131
    ],
    [
      8.69514,
      0.762926,
      -0.365219
    ],
    [
      9.05185,
      0.76379,
      0.370063
    ],
    [
      9.31583,
      1.00371,
      1.10535
    ],
    [
      9.35066,
      1.35872,
      1.84063
    ],
    [
      9.18553,
      1.68313,
      2.08079
    ],
    [
      9.0074,
      2.00157,
      2.08079
    ],
    [
      8.82928,
      2.32002,
      2.08079
    ],
    [
      8.65115,
      2.63847,
      2.08079
    ],
    [
      8.4314,
      2.92433,
      2.54375
    ],
    [
      8.21964,
      3.26306,
      1.71525
    ],
    [
      8.28162,
      3.66636,
      1.32826
    ],
    [
      8.38036,
      4.06547,
      1.32826
    ],
    [
      8.4791,
      4.46457,
      1.32826
    ],
    [
      8.63431,
      4.83921,
      0.828503
    ],
    [
      9.0,
      5.0,
      0.0
    ]
  ]
}