{
  "robot": {
    "class": "RectangleRobot",
    "radius": 0.32361237630884715,
    "wheelbase": 0.34395404183850026,
    "max_velocity": 7.906932917909786,
    "max_steering_at_zero_v": 0.39186511185558476,
    "max_steering_at_max_v": 0.26054791068798283,
    "acceleration": 5,
    "width": 0.1374541493247446,
    "lenght": 0.6324604629812416
  },
  "planner": {
    "class": "Dubins_pathfinding",
    "start": [
      1.0,
      5.0
    ],
    "goal": [
      9.0,
      5.0
    ],
    "bounds": [
      0,
      10,
      0,
      10
    ],
    "max_runtime": 15.0,
    "goal_threshold": 0.0,
    "interpolate_steps": 50
  },
  "path": [
    [
      1.0,
      5.0,
      0.0
    ],
    [
      1.3784,
      4.90901,
      -0.47195
    ],
    [
      1.67407,
      4.65594,
      -0.9439
    ],
    [
      1.82237,
      4.29611,
      -1.41585
    ],
    [
      1.79087,
      3.9082,
      -1.8878
    ],
    [
      1.59903,
      3.56729,
      -2.16422
    ],
    [
      1.37936,
      3.24163,
      -2.16422
    ],
    [
      1.15969,
      2.91596,
      -2.16422
    ],
    [
      0.940027,
      2.5903,
      -2.16422
    ],
    [
      0.74799,
      2.23339,
      -2.05136
    ],
    [
      0.560557,
      1.87386,
      -2.05136
    ],
    [
      0.46125,
      1.48485,
      -1.57735
    ],
    [
      0.55551,
      1.09462,
      -1.09023
    ],
    [
      0.821473,
      0.793894,
      -0.603097
    ],
    [
      1.14162,
      0.661042,
      -0.183586
    ],
    [
      1.4899,
      0.651129,
      0.0217531
    ],
    [
      1.83899,
      0.658724,
      0.0217531
    ],
    [
      2.18809,
      0.666319,
      0.0217531
    ],
    [
      2.53718,
      0.673914,
      0.0217531
    ],
    [
      2.88627,
      0.681509,
      0.0217531
    ],
    [
      3.23537,
      0.689104,
      0.0217531
    ],
    [
      3.58446,
      0.696699,
      0.0217531
    ],
    [
      3.93356,
      0.704294,
      0.0217531
    ],
    [
      4.27919,
      0.690837,
      -0.044138
    ],
    [
      4.62479,
      0.675573,
      -0.044138
    ],
    [
      4.97039,
      0.660309,
      -0.044138
    ],
    [
      5.31599,
      0.645045,
      -0.044138
    ],
    [
      5.66163,
      0.63283,
      0.0414758
    ],
    [
      6.05439,
      0.640266,
      0.0183627
    ],
    [
      6.44714,
      0.647478,
      0.0183627
    ],
    [
      6.8399,
      0.654691,
      0.0183627
    ],
    [
      7.23266,
      0.661904,
      0.0183627
    ],
    [
      7.62541,
      0.669117,
      0.0183627
    ],
    [
      8.01817,
      0.67633,
      0.0183627
    ],
    [
      8.41093,
      0.683543,
      0.0183627
    ],
    [
      8.80369,
      0.690756,
      0.0183627
    ],
    [
      9.18035,
      0.788677,
      0.490313
    ],
    [
      9.47133,
      1.04714,
      0.962262
    ],
    [
      9.61299,
      1.40963,
      1.43421
    ],
    [
      9.57437,
      1.79689,
      1.90616
    ],
    [
      9.37816,
      2.1355,
      2.16921
    ],
    [
      9.15687,
      2.46007,
      2.16921
    ],
    [
      8.93557,
      2.78463,
      2.16921
    ],
    [
      8.71428,
      3.10919,
      2.16921
    ],
    [
      8.47777,
      3.45608,
      2.16921
    ],
    [
      8.2494,
      3.80795,
      2.01769
    ],
    [
      8.16904,
      4.21552,
      1.51327
    ],
    [
      8.29566,
      4.61116,
      1.00884
    ],
    [
      8.59773,
      4.89634,
      0.504422
    ],
    [
      9.0,
      5.0,
      0.0
    ]
  ]
}