{
  "robot": {
    "class": "RectangleRobot",
    "radius": 0.457901376093422,
    "wheelbase": 0.2143112330333129,
    "max_velocity": 11.922219039461353,
    "max_steering_at_zero_v": 0.4717984691653022,
    "max_steering_at_max_v": 0.22355859358072785,
    "acceleration": 5,
    "width": 0.6045605469259686,
    "lenght": 0.6878962320100117
  },
  "planner": {
    "class": "Dubins_pathfinding",
    "start": [
      1.0,
      5.0
    ],
    "goal": [
      9.0,
      5.0
    ],
    "bounds": [
      0,
      10,
      0,
      10
    ],
    "max_runtime": 15.0,
    "goal_threshold": 0.0,
    "interpolate_steps": 50
  },
  "path": [
    [
      1.0,
      5.0,
      0.0
    ],
    [
      1.33212,
      4.83711,
      -0.911978
    ],
    [
      1.40664,
      4.47477,
      -1.82396
    ],
    [
      1.29816,
      4.1074,
      -1.85857
    ],
    [
      1.18944,
      3.74009,
      -1.85857
    ],
    [
      1.08072,
      3.37279,
      -1.85857
    ],
    [
      0.972002,
      3.00548,
      -1.85857
    ],
    [
      0.863283,
      2.63818,
      -1.85857
    ],
    [
      0.754547,
      2.27088,
      -1.8675
    ],
    [
      0.669689,
      1.94533,
      -1.82463
    ],
    [
      0.555386,
      1.63173,
      -2.21682
    ],
    [
      0.476891,
      1.27818,
      -1.49913
    ],
    [
      0.503545,
      0.906894,
      -1.49913
    ],
    [
      0.644142,
      0.574049,
      -0.736279
    ],
    [
      0.988956,
      0.469964,
      0.149957
    ],
    [
      1.3367,
      0.501375,
      0.0877582
    ],
    [
      1.68453,
      0.531979,
      0.0877582
    ],
    [
      2.03237,
      0.562583,
      0.0877582
    ],
    [
      2.3802,
      0.593186,
      0.0877582
    ],
    [
      2.72803,
      0.62379,
      0.0877582
    ],
    [
      3.07586,
      0.654394,
      0.0877582
    ],
    [
      3.4237,
      0.684998,
      0.0877582
    ],
    [
      3.77153,
      0.715601,
      0.0877582
    ],
    [
      4.11936,
      0.746205,
      0.0877582
    ],
    [
      4.5059,
      0.756655,
      0.0248818
    ],
    [
      4.89249,
      0.766276,
      0.0248818
    ],
    [
      5.27907,
      0.775897,
      0.0248818
    ],
    [
      5.66565,
      0.785518,
      0.0248818
    ],
    [
      6.05223,
      0.795139,
      0.0248818
    ],
    [
      6.4388,
      0.805066,
      0.063115
    ],
    [
      6.78775,
      0.794483,
      -0.0362555
    ],
    [
      7.1367,
      0.781826,
      -0.0362555
    ],
    [
      7.48564,
      0.769169,
      -0.0362555
    ],
    [
      7.83459,
      0.756512,
      -0.0362555
    ],
    [
      8.18354,
      0.743855,
      -0.0362555
    ],
    [
      8.53249,
      0.731199,
      -0.0362555
    ],
    [
      8.88143,
      0.718542,
      -0.0362555
    ],
    [
      9.22141,
      0.767176,
      0.509089
    ],
    [
      9.42562,
      1.03802,
      1.34041
    ],
    [
      9.38704,
      1.38063,
      1.82189
    ],
    [
      9.30028,
      1.71886,
      1.82189
    ],
    [
      9.21352,
      2.05709,
      1.82189
    ],
    [
      9.12676,
      2.39531,
      1.82189
    ],
    [
      9.04001,
      2.73354,
      1.82189
    ],
    [
      8.95325,
      3.07176,
      1.82189
    ],
    [
      8.86649,
      3.40999,
      1.82189
    ],
    [
      8.77973,
      3.74822,
      1.82189
    ],
    [
      8.69297,
      4.08644,
      1.82189
    ],
    [
      8.58688,
      4.65583,
      1.38921
    ],
    [
      9.0,
      5.0,
      0.0
    ]
  ]
}