{
  "robot": {
    "class": "RectangleRobot",
    "radius": 0.167936144199331,
    "wheelbase": 0.5491117315024616,
    "max_velocity": 11.239104682884122,
    "max_steering_at_zero_v": 0.5211133933817094,
    "max_steering_at_max_v": 0.23721570391188113,
    "acceleration": 5,
    "width": 0.2692358248183271,
    "lenght": 0.20080404564786308
  },
  "planner": {
    "class": "Dubins_pathfinding",
    "start": [
      1.0,
      5.0
    ],
    "goal": [
      9.0,
      5.0
    ],
    "bounds": [
      0,
      10,
      0,
      10
    ],
    "max_runtime": 15.0,
    "goal_threshold": 0.0,
    "interpolate_steps": 50
  },
  "path": [
    [
      1.0,
      5.0,
      0.0
    ],
    [
      1.34147,
      5.06303,
      0.365029
    ],
    [
      1.63795,
      5.2438,
      0.730057
    ],
    [
      1.85036,
      5.51849,
      1.09509
    ],
    [
      1.95072,
      5.85091,
      1.46011
    ],
    [
      1.9258,
      6.19726,
      1.82514
    ],
    [
      1.77888,
      6.51189,
      2.19017
    ],
    [
      1.53962,
      6.7652,
      2.29877
    ],
    [
      1.35947,
      7.06206,
      1.93374
    ],
    [
      1.29715,
      7.40366,
      1.56871
    ],
    [
      1.23484,
      7.74526,
      1.93374
    ],
    [
      1.05468,
      8.04212,
      2.29877
    ],
    [
      0.873972,
      8.33863,
      1.93563
    ],
    [
      0.811013,
      8.68011,
      1.5706
    ],
    [
      0.874103,
      9.02157,
      1.20558
    ],
    [
      1.05493,
      9.31802,
      0.840547
    ],
    [
      1.32967,
      9.53037,
      0.475518
    ],
    [
      1.66211,
      9.63067,
      0.110489
    ],
    [
      2.00845,
      9.60568,
      -0.25454
    ],
    [
      2.39581,
      9.56456,
      -0.0588892
    ],
    [
      2.78543,
      9.54159,
      -0.0588892
    ],
    [
      3.17505,
      9.51862,
      -0.0588892
    ],
    [
      3.56468,
      9.49565,
      -0.0588892
    ],
    [
      3.9543,
      9.47268,
      -0.0588892
    ],
    [
      4.34393,
      9.44982,
      -0.0431132
    ],
    [
      4.73652,
      9.46103,
      0.0361923
    ],
    [
      5.12909,
      9.47524,
      0.0361923
    ],
    [
      5.52165,
      9.48946,
      0.0361923
    ],
    [
      5.91422,
      9.50367,
      0.0361923
    ],
    [
      6.30679,
      9.51789,
      0.0361923
    ],
    [
      6.69935,
      9.5321,
      0.0361923
    ],
    [
      7.09192,
      9.54631,
      0.0361923
    ],
    [
      7.48449,
      9.56053,
      0.0361923
    ],
    [
      7.86847,
      9.49507,
      -0.373879
    ],
    [
      8.21275,
      9.30794,
      -0.526111
    ],
    [
      8.55197,
      9.11095,
      -0.526111
    ],
    [
      8.88721,
      8.90774,
      -0.650423
    ],
    [
      9.14269,
      8.6137,
      -1.06049
    ],
    [
      9.25448,
      8.28495,
      -1.42552
    ],
    [
      9.24155,
      7.93795,
      -1.79055
    ],
    [
      9.1056,
      7.61843,
      -2.15558
    ],
    [
      8.88981,
      7.34405,
      -2.24927
    ],
    [
      8.67067,
      7.07221,
      -2.24927
    ],
    [
      8.45152,
      6.80036,
      -2.24927
    ],
    [
      8.23292,
      6.52808,
      -2.21112
    ],
    [
      8.07945,
      6.2166,
      -1.8461
    ],
    [
      8.04728,
      5.87085,
      -1.48107
    ],
    [
      8.20166,
      5.42962,
      -0.987378
    ],
    [
      8.5467,
      5.11422,
      -0.493689
    ],
    [
      9.0,
      5.0,
      0.0
    ]
  ]
}