{
  "robot": {
    "class": "RectangleRobot",
    "radius": 0.36308496400785945,
    "wheelbase": 0.3467580575542534,
    "max_velocity": 10.146872376294596,
    "max_steering_at_zero_v": 0.40995728739363363,
    "max_steering_at_max_v": 0.17039980784164416,
    "acceleration": 5,
    "width": 0.39590767290657025,
    "lenght": 0.6087527239266027
  },
  "planner": {
    "class": "Dubins_pathfinding",
    "start": [
      1.0,
      5.0
    ],
    "goal": [
      9.0,
      5.0
    ],
    "bounds": [
      0,
      10,
      0,
      10
    ],
    "max_runtime": 15.0,
    "goal_threshold": 0.0,
    "interpolate_steps": 50
  },
  "path": [
    [
      1.0,
      5.0,
      0.0
    ],
    [
      1.44574,
      4.99225,
      -0.257454
    ],
    [
      1.82602,
      4.76493,
      -0.820097
    ],
    [
      2.02642,
      4.3698,
      -1.38274
    ],
    [
      1.98516,
      3.92868,
      -1.94538
    ],
    [
      1.71495,
      3.57757,
      -2.50803
    ],
    [
      1.29911,
      3.42472,
      -3.07067
    ],
    [
      0.865842,
      3.51725,
      2.64987
    ],
    [
      0.548716,
      3.82663,
      2.08723
    ],
    [
      0.445482,
      4.25749,
      1.53265
    ],
    [
      0.462602,
      4.7061,
      1.53265
    ],
    [
      0.479721,
      5.15472,
      1.53265
    ],
    [
      0.496841,
      5.60333,
      1.53265
    ],
    [
      0.513961,
      6.05194,
      1.53265
    ],
    [
      0.53108,
      6.50056,
      1.53265
    ],
    [
      0.506224,
      6.96137,
      1.63346
    ],
    [
      0.477317,
      7.42206,
      1.63346
    ],
    [
      0.448409,
      7.88275,
      1.63346
    ],
    [
      0.419502,
      8.34344,
      1.63346
    ],
    [
      0.458384,
      8.79902,
      1.21968
    ],
    [
      0.720271,
      9.15638,
      0.657042
    ],
    [
      1.13241,
      9.31895,
      0.094399
    ],
    [
      1.58121,
      9.32689,
      0.0115958
    ],
    [
      2.03012,
      9.33209,
      0.0115958
    ],
    [
      2.47903,
      9.3373,
      0.0115958
    ],
    [
      2.92794,
      9.3425,
      0.0115958
    ],
    [
      3.37685,
      9.34771,
      0.0115958
    ],
    [
      3.82577,
      9.35261,
      0.0109209
    ],
    [
      4.27468,
      9.35751,
      0.0109209
    ],
    [
      4.7236,
      9.36242,
      0.0109209
    ],
    [
      5.17251,
      9.36732,
      0.0109209
    ],
    [
      5.62143,
      9.37222,
      0.0109209
    ],
    [
      6.07034,
      9.37713,
      0.0109209
    ],
    [
      6.51925,
      9.38203,
      0.0109209
    ],
    [
      6.96405,
      9.35494,
      -0.0661396
    ],
    [
      7.40876,
      9.32548,
      -0.0661396
    ],
    [
      7.85346,
      9.29603,
      -0.0661396
    ],
    [
      8.29816,
      9.26657,
      -0.0661396
    ],
    [
      8.73168,
      9.18007,
      -0.44865
    ],
    [
      9.06009,
      8.88739,
      -1.0072
    ],
    [
      9.18349,
      8.46514,
      -1.56576
    ],
    [
      9.09361,
      8.08617,
      -1.96755
    ],
    [
      8.94181,
      7.72386,
      -1.96755
    ],
    [
      8.79001,
      7.36155,
      -1.96755
    ],
    [
      8.63821,
      6.99924,
      -1.96755
    ],
    [
      8.48641,
      6.63694,
      -1.96755
    ],
    [
      8.33461,
      6.27463,
      -1.96755
    ],
    [
      8.20916,
      5.90391,
      -1.70403
    ],
    [
      8.25297,
      5.51752,
      -1.21172
    ],
    [
      9.0,
      5.0,
      0.0
    ]
  ]
}