{
  "robot": {
    "class": "RectangleRobot",
    "radius": 0.29132415556615754,
    "wheelbase": 0.3118379668973993,
    "max_velocity": 8.653008118641333,
    "max_steering_at_zero_v": 0.387911160559103,
    "max_steering_at_max_v": 0.23045560304798596,
    "acceleration": 5,
    "width": 0.5384387041744044,
    "lenght": 0.2226270790185399
  },
  "planner": {
    "class": "Dubins_pathfinding",
    "start": [
      1.0,
      5.0
    ],
    "goal": [
      9.0,
      5.0
    ],
    "bounds": [
      0,
      10,
      0,
      10
    ],
    "max_runtime": 15.0,
    "goal_threshold": 0.0,
    "interpolate_steps": 50
  },
  "path": [
    [
      1.0,
      5.0,
      0.0
    ],
    [
      1.37571,
      5.09889,
      0.514734
    ],
    [
      1.65405,
      5.36992,
      1.02947
    ],
    [
      1.76289,
      5.74286,
      1.5442
    ],
    [
      1.67403,
      6.12107,
      2.05894
    ],
    [
      1.48182,
      6.46365,
      2.08263
    ],
    [
      1.28942,
      6.80613,
      2.08263
    ],
    [
      1.09702,
      7.14862,
      2.08263
    ],
    [
      0.904628,
      7.4911,
      2.08263
    ],
    [
      0.708268,
      7.84878,
      2.07276
    ],
    [
      0.51194,
      8.20649,
      2.07186
    ],
    [
      0.418558,
      8.59872,
      1.53719
    ],
    [
      0.508339,
      8.93301,
      1.07965
    ],
    [
      0.736557,
      9.19326,
      0.622105
    ],
    [
      1.05626,
      9.32592,
      0.164563
    ],
    [
      1.40479,
      9.33025,
      -0.0281213
    ],
    [
      1.75383,
      9.32043,
      -0.0281213
    ],
    [
      2.10287,
      9.31061,
      -0.0281213
    ],
    [
      2.45191,
      9.30079,
      -0.0281213
    ],
    [
      2.80094,
      9.29098,
      -0.0281213
    ],
    [
      3.14998,
      9.28116,
      -0.0281213
    ],
    [
      3.54274,
      9.2739,
      -0.0183929
    ],
    [
      3.93549,
      9.26667,
      -0.0183929
    ],
    [
      4.32825,
      9.25945,
      -0.0183929
    ],
    [
      4.72101,
      9.25222,
      -0.0183929
    ],
    [
      5.11377,
      9.245,
      -0.0183929
    ],
    [
      5.50652,
      9.23777,
      -0.0183929
    ],
    [
      5.89928,
      9.23055,
      -0.0183929
    ],
    [
      6.29204,
      9.22332,
      -0.0183929
    ],
    [
      6.66807,
      9.21969,
      -0.00959548
    ],
    [
      7.04411,
      9.21608,
      -0.00959548
    ],
    [
      7.42015,
      9.21247,
      -0.00959548
    ],
    [
      7.79619,
      9.20886,
      -0.00959548
    ],
    [
      8.17222,
      9.20525,
      -0.00959548
    ],
    [
      8.54826,
      9.20164,
      -0.00959548
    ],
    [
      8.91452,
      9.13268,
      -0.426765
    ],
    [
      9.20558,
      8.90059,
      -0.919527
    ],
    [
      9.34751,
      8.58489,
      -1.37707
    ],
    [
      9.33538,
      8.23896,
      -1.83461
    ],
    [
      9.17169,
      7.93398,
      -2.29215
    ],
    [
      8.89523,
      7.72336,
      -2.58276
    ],
    [
      8.59917,
      7.53823,
      -2.58276
    ],
    [
      8.30312,
      7.3531,
      -2.58276
    ],
    [
      8.03469,
      7.13328,
      -2.24129
    ],
    [
      7.88672,
      6.82036,
      -1.78375
    ],
    [
      7.89219,
      6.47427,
      -1.3262
    ],
    [
      8.07252,
      6.01351,
      -1.18166
    ],
    [
      8.26036,
      5.55543,
      -1.18166
    ],
    [
      8.5389,
      5.15505,
      -0.648756
    ],
    [
      9.0,
      5.0,
      0.0
    ]
  ]
}