{
  "robot": {
    "class": "RectangleRobot",
    "radius": 0.319470415325408,
    "wheelbase": 0.256823888514096,
    "max_velocity": 12.7157605855265,
    "max_steering_at_zero_v": 0.4395908790775251,
    "max_steering_at_max_v": 0.23559624420139466,
    "acceleration": 5,
    "width": 0.21592037877949752,
    "lenght": 0.6013516235119625
  },
  "planner": {
    "class": "Dubins_pathfinding",
    "start": [
      1.0,
      5.0
    ],
    "goal": [
      9.0,
      5.0
    ],
    "bounds": [
      0,
      10,
      0,
      10
    ],
    "max_runtime": 15.0,
    "goal_threshold": 0.0,
    "interpolate_steps": 50
  },
  "path": [
    [
      1.0,
      5.0,
      0.0
    ],
    [
      1.32075,
      5.10412,
      0.627759
    ],
    [
      1.51919,
      5.37677,
      1.25552
    ],
    [
      1.51966,
      5.71399,
      1.88328
    ],
    [
      1.39593,
      6.03369,
      1.94289
    ],
    [
      1.27129,
      6.35305,
      1.94289
    ],
    [
      1.14665,
      6.67242,
      1.94289
    ],
    [
      1.02201,
      6.99178,
      1.94289
    ],
    [
      0.897372,
      7.31114,
      1.94289
    ],
    [
      0.769298,
      7.62901,
      2.06005
    ],
    [
      0.648558,
      8.03902,
      1.82078
    ],
    [
      0.543181,
      8.45422,
      1.77339
    ],
    [
      0.451308,
      8.79925,
      1.60934
    ],
    [
      0.551969,
      9.1368,
      0.952612
    ],
    [
      0.837775,
      9.34268,
      0.295879
    ],
    [
      1.18425,
      9.35526,
      -0.0657371
    ],
    [
      1.53267,
      9.33232,
      -0.0657371
    ],
    [
      1.88109,
      9.30939,
      -0.0657371
    ],
    [
      2.22952,
      9.28645,
      -0.0657371
    ],
    [
      2.57794,
      9.26351,
      -0.0657371
    ],
    [
      2.92636,
      9.24058,
      -0.0657371
    ],
    [
      3.27478,
      9.21764,
      -0.0657371
    ],
    [
      3.62321,
      9.1947,
      -0.0657371
    ],
    [
      3.97163,
      9.17176,
      -0.0657371
    ],
    [
      4.31012,
      9.20168,
      0.114054
    ],
    [
      4.64813,
      9.2404,
      0.114054
    ],
    [
      4.98552,
      9.28313,
      0.235981
    ],
    [
      5.32117,
      9.29144,
      -0.0343236
    ],
    [
      5.65793,
      9.27988,
      -0.0343236
    ],
    [
      5.99468,
      9.26832,
      -0.0343236
    ],
    [
      6.33144,
      9.25675,
      -0.0343236
    ],
    [
      6.66819,
      9.24519,
      -0.0343236
    ],
    [
      7.00495,
      9.23363,
      -0.0343236
    ],
    [
      7.3417,
      9.22206,
      -0.0343236
    ],
    [
      7.67846,
      9.2105,
      -0.0343236
    ],
    [
      8.01521,
      9.20191,
      0.0700204
    ],
    [
      8.35561,
      9.11824,
      -0.44279
    ],
    [
      8.67686,
      8.9659,
      -0.44279
    ],
    [
      8.97656,
      8.77997,
      -0.825933
    ],
    [
      9.11877,
      8.46094,
      -1.47697
    ],
    [
      9.03857,
      8.12098,
      -2.12801
    ],
    [
      8.90489,
      7.80111,
      -1.93842
    ],
    [
      8.78012,
      7.47715,
      -1.93842
    ],
    [
      8.65536,
      7.15319,
      -1.93842
    ],
    [
      8.53059,
      6.82923,
      -1.93842
    ],
    [
      8.40582,
      6.50526,
      -1.93842
    ],
    [
      8.27442,
      6.18428,
      -2.10169
    ],
    [
      8.25119,
      5.67534,
      -1.13114
    ],
    [
      8.54932,
      5.23761,
      -0.957349
    ],
    [
      9.0,
      5.0,
      0.0
    ]
  ]
}