{
  "robot": {
    "class": "RectangleRobot",
    "radius": 0.3516736502619014,
    "wheelbase": 0.2613238911282953,
    "max_velocity": 7.026867658005977,
    "max_steering_at_zero_v": 0.4925736836319832,
    "max_steering_at_max_v": 0.2084565582428965,
    "acceleration": 5,
    "width": 0.6137556780295711,
    "lenght": 0.3435133080982191
  },
  "planner": {
    "class": "Dubins_pathfinding",
    "start": [
      1.0,
      5.0
    ],
    "goal": [
      9.0,
      5.0
    ],
    "bounds": [
      0,
      10,
      0,
      10
    ],
    "max_runtime": 15.0,
    "goal_threshold": 0.0,
    "interpolate_steps": 50
  },
  "path": [
    [
      1.0,
      5.0,
      0.0
    ],
    [
      1.33772,
      5.13615,
      0.766459
    ],
    [
      1.48656,
      5.46847,
      1.53292
    ],
    [
      1.41935,
      5.83443,
      1.79822
    ],
    [
      1.33521,
      6.19801,
      1.79822
    ],
    [
      1.25106,
      6.5616,
      1.79822
    ],
    [
      1.16692,
      6.92519,
      1.79822
    ],
    [
      1.08137,
      7.28841,
      1.87547
    ],
    [
      0.978583,
      7.60122,
      1.8884
    ],
    [
      0.875757,
      7.91402,
      1.8884
    ],
    [
      0.758454,
      8.22065,
      2.14284
    ],
    [
      0.665344,
      8.52806,
      1.74799
    ],
    [
      0.608585,
      8.847,
      1.71004
    ],
    [
      0.669717,
      9.15909,
      1.04469
    ],
    [
      0.91047,
      9.36687,
      0.379355
    ],
    [
      1.25453,
      9.3869,
      -0.105274
    ],
    [
      1.60177,
      9.35021,
      -0.105274
    ],
    [
      1.94901,
      9.31352,
      -0.105274
    ],
    [
      2.29626,
      9.27683,
      -0.105274
    ],
    [
      2.6435,
      9.24013,
      -0.105274
    ],
    [
      2.99074,
      9.20344,
      -0.105274
    ],
    [
      3.33798,
      9.16675,
      -0.105274
    ],
    [
      3.68523,
      9.13006,
      -0.105274
    ],
    [
      4.01661,
      9.21358,
      0.605422
    ],
    [
      4.33433,
      9.29851,
      -0.0642301
    ],
    [
      4.66907,
      9.27698,
      -0.0642301
    ],
    [
      5.00382,
      9.25545,
      -0.0642301
    ],
    [
      5.33856,
      9.23392,
      -0.0642301
    ],
    [
      5.67331,
      9.21239,
      -0.0694252
    ],
    [
      6.06169,
      9.22256,
      0.0327227
    ],
    [
      6.45008,
      9.23527,
      0.0327227
    ],
    [
      6.83847,
      9.24799,
      0.0327227
    ],
    [
      7.22367,
      9.2264,
      -0.344197
    ],
    [
      7.6086,
      9.18544,
      -0.0530631
    ],
    [
      7.99662,
      9.16483,
      -0.0530631
    ],
    [
      8.38464,
      9.14422,
      -0.0530631
    ],
    [
      8.77265,
      9.12361,
      -0.0530631
    ],
    [
      9.13251,
      9.00225,
      -0.712567
    ],
    [
      9.29377,
      8.71789,
      -1.39725
    ],
    [
      9.2448,
      8.3931,
      -1.91893
    ],
    [
      9.13107,
      8.07972,
      -1.91893
    ],
    [
      9.01734,
      7.76634,
      -1.91893
    ],
    [
      8.90361,
      7.45296,
      -1.91893
    ],
    [
      8.78988,
      7.13958,
      -1.91893
    ],
    [
      8.67615,
      6.8262,
      -1.91893
    ],
    [
      8.56242,
      6.51282,
      -1.91893
    ],
    [
      8.44894,
      6.19936,
      -1.88607
    ],
    [
      8.47212,
      5.70985,
      -1.41507
    ],
    [
      8.58567,
      5.23115,
      -1.01777
    ],
    [
      9.0,
      5.0,
      0.0
    ]
  ]
}