{
  "robot": {
    "class": "RectangleRobot",
    "radius": 0.18142780563216898,
    "wheelbase": 0.27635704988550974,
    "max_velocity": 7.454035940232443,
    "max_steering_at_zero_v": 0.514396553829809,
    "max_steering_at_max_v": 0.16531482623334381,
    "acceleration": 5,
    "width": 0.3013325228141159,
    "lenght": 0.2021457526649934
  },
  "planner": {
    "class": "Dubins_pathfinding",
    "start": [
      1.0,
      5.0
    ],
    "goal": [
      9.0,
      5.0
    ],
    "bounds": [
      0,
      10,
      0,
      10
    ],
    "max_runtime": 15.0,
    "goal_threshold": 0.0,
    "interpolate_steps": 50
  },
  "path": [
    [
      1.0,
      5.0,
      0.0
    ],
    [
      1.25705,
      4.92699,
      -0.553494
    ],
    [
      1.43734,
      4.72976,
      -1.10699
    ],
    [
      1.50693,
      4.46922,
      -1.37416
    ],
    [
      1.55981,
      4.20378,
      -1.37416
    ],
    [
      1.61269,
      3.93833,
      -1.37416
    ],
    [
      1.66557,
      3.67289,
      -1.37416
    ],
    [
      1.71845,
      3.40745,
      -1.37416
    ],
    [
      1.77133,
      3.142,
      -1.37416
    ],
    [
      1.82421,
      2.87656,
      -1.37416
    ],
    [
      1.87709,
      2.61112,
      -1.37416
    ],
    [
      1.95437,
      2.35334,
      -1.05027
    ],
    [
      2.15421,
      2.16206,
      -0.476728
    ],
    [
      2.42525,
      2.09778,
      -0.125424
    ],
    [
      2.70351,
      2.0627,
      -0.125424
    ],
    [
      2.98178,
      2.02761,
      -0.125424
    ],
    [
      3.26004,
      1.99253,
      -0.125424
    ],
    [
      3.53894,
      1.97359,
      0.131866
    ],
    [
      3.79168,
      2.08604,
      0.70541
    ],
    [
      3.94297,
      2.31765,
      1.27895
    ],
    [
      3.94361,
      2.60101,
      1.79644
    ],
    [
      3.87936,
      2.88091,
      1.79644
    ],
    [
      3.81511,
      3.1608,
      1.79644
    ],
    [
      3.75947,
      3.44212,
      1.60736
    ],
    [
      3.83144,
      3.71588,
      1.02009
    ],
    [
      4.02342,
      3.89429,
      0.477508
    ],
    [
      4.27995,
      3.94796,
      -0.0650701
    ],
    [
      4.54126,
      3.90268,
      -0.184774
    ],
    [
      4.80206,
      3.85393,
      -0.184774
    ],
    [
      5.06287,
      3.80518,
      -0.184774
    ],
    [
      5.32367,
      3.75644,
      -0.184774
    ],
    [
      5.58448,
      3.70769,
      -0.184774
    ],
    [
      5.84497,
      3.65747,
      -0.263402
    ],
    [
      6.07047,
      3.52392,
      -0.80598
    ],
    [
      6.19462,
      3.29311,
      -1.34856
    ],
    [
      6.32839,
      3.05257,
      -0.777987
    ],
    [
      6.5709,
      2.92238,
      -0.207416
    ],
    [
      6.8489,
      2.92171,
      0.0602851
    ],
    [
      7.1274,
      2.93852,
      0.0602851
    ],
    [
      7.4059,
      2.95533,
      0.0602851
    ],
    [
      7.68441,
      2.97214,
      0.0602851
    ],
    [
      7.96209,
      2.99592,
      0.229827
    ],
    [
      8.20162,
      3.13151,
      0.800398
    ],
    [
      8.32996,
      3.375,
      1.37097
    ],
    [
      8.30647,
      3.64923,
      1.94154
    ],
    [
      8.29715,
      3.97742,
      1.25683
    ],
    [
      8.4069,
      4.29375,
      1.23654
    ],
    [
      8.51675,
      4.61004,
      1.23654
    ],
    [
      8.69073,
      4.88978,
      0.684709
    ],
    [
      9.0,
      5.0,
      0.0
    ]
  ]
}