{
  "robot": {
    "class": "RectangleRobot",
    "radius": 0.2341134729540594,
    "wheelbase": 0.26666133165319217,
    "max_velocity": 9.113589282753626,
    "max_steering_at_zero_v": 0.3494511972401029,
    "max_steering_at_max_v": 0.21126448675852222,
    "acceleration": 5,
    "width": 0.33115069530234775,
    "lenght": 0.33102218940007033
  },
  "planner": {
    "class": "Dubins_pathfinding",
    "start": [
      1.0,
      5.0
    ],
    "goal": [
      9.0,
      5.0
    ],
    "bounds": [
      0,
      10,
      0,
      10
    ],
    "max_runtime": 15.0,
    "goal_threshold": 0.0,
    "interpolate_steps": 50
  },
  "path": [
    [
      1.0,
      5.0,
      0.0
    ],
    [
      1.33608,
      5.08174,
      0.477168
    ],
    [
      1.59707,
      5.3087,
      0.954335
    ],
    [
      1.72468,
      5.63017,
      1.4315
    ],
    [
      1.6904,
      5.97434,
      1.90867
    ],
    [
      1.51693,
      6.27606,
      2.15723
    ],
    [
      1.3237,
      6.5669,
      2.15723
    ],
    [
      1.13047,
      6.85774,
      2.15723
    ],
    [
      0.937237,
      7.14857,
      2.15723
    ],
    [
      0.744755,
      7.43989,
      2.10792
    ],
    [
      0.621191,
      7.76353,
      1.88163
    ],
    [
      0.514958,
      8.09421,
      1.88163
    ],
    [
      0.409649,
      8.42518,
      1.83026
    ],
    [
      0.402031,
      8.76917,
      1.35562
    ],
    [
      0.552468,
      9.07862,
      0.880972
    ],
    [
      0.829397,
      9.28584,
      0.403804
    ],
    [
      1.17061,
      9.34509,
      0.00712343
    ],
    [
      1.51977,
      9.34758,
      0.00712343
    ],
    [
      1.86894,
      9.35007,
      0.00712343
    ],
    [
      2.21811,
      9.35256,
      0.00712343
    ],
    [
      2.56728,
      9.35504,
      0.00712343
    ],
    [
      2.91644,
      9.35753,
      0.00712343
    ],
    [
      3.26561,
      9.36002,
      0.00712343
    ],
    [
      3.61478,
      9.36251,
      0.00712343
    ],
    [
      3.96207,
      9.33258,
      -0.0974346
    ],
    [
      4.3091,
      9.29866,
      -0.0974346
    ],
    [
      4.65614,
      9.26473,
      -0.0974346
    ],
    [
      5.00318,
      9.23081,
      -0.0974346
    ],
    [
      5.35021,
      9.19689,
      -0.0974346
    ],
    [
      5.69725,
      9.16297,
      -0.0974346
    ],
    [
      6.04428,
      9.12905,
      -0.0974346
    ],
    [
      6.39132,
      9.09513,
      -0.0974346
    ],
    [
      6.73861,
      9.06535,
      0.00902173
    ],
    [
      7.06673,
      9.04671,
      -0.0624024
    ],
    [
      7.39478,
      9.02622,
      -0.0624024
    ],
    [
      7.72282,
      9.00572,
      -0.0624024
    ],
    [
      8.05086,
      8.98522,
      -0.0624024
    ],
    [
      8.37893,
      8.96519,
      -0.0267956
    ],
    [
      8.75027,
      8.85227,
      -0.563609
    ],
    [
      9.01162,
      8.56533,
      -1.10042
    ],
    [
      9.08948,
      8.1851,
      -1.63724
    ],
    [
      8.98287,
      7.80879,
      -1.92258
    ],
    [
      8.84751,
      7.44002,
      -1.92258
    ],
    [
      8.71216,
      7.07125,
      -1.92258
    ],
    [
      8.5768,
      6.70249,
      -1.92258
    ],
    [
      8.44144,
      6.33372,
      -1.92258
    ],
    [
      8.29154,
      5.91497,
      -1.82384
    ],
    [
      8.31383,
      5.47748,
      -1.2159
    ],
    [
      8.58203,
      5.13112,
      -0.607948
    ],
    [
      9.0,
      5.0,
      0.0
    ]
  ]
}