{
  "robot": {
    "class": "RectangleRobot",
    "radius": 0.316974131425953,
    "wheelbase": 0.4159889228930538,
    "max_velocity": 7.420013329817858,
    "max_steering_at_zero_v": 0.48105271468586086,
    "max_steering_at_max_v": 0.25265829236705795,
    "acceleration": 5,
    "width": 0.5166309153921984,
    "lenght": 0.3674001867636547
  },
  "planner": {
    "class": "Dubins_pathfinding",
    "start": [
      1.0,
      5.0
    ],
    "goal": [
      9.0,
      5.0
    ],
    "bounds": [
      0,
      10,
      0,
      10
    ],
    "max_runtime": 15.0,
    "goal_threshold": 0.0,
    "interpolate_steps": 50
  },
  "path": [
    [
      1.0,
      5.0,
      0.0
    ],
    [
      1.37711,
      4.90514,
      -0.492883
    ],
    [
      1.66445,
      4.64313,
      -0.985766
    ],
    [
      1.79361,
      4.27635,
      -1.47865
    ],
    [
      1.73385,
      3.89211,
      -1.97153
    ],
    [
      1.51197,
      3.57004,
      -2.25609
    ],
    [
      1.26336,
      3.26591,
      -2.25609
    ],
    [
      1.01474,
      2.96177,
      -2.25609
    ],
    [
      0.766123,
      2.65763,
      -2.25609
    ],
    [
      0.607351,
      2.33565,
      -1.80175
    ],
    [
      0.539263,
      1.98002,
      -1.75784
    ],
    [
      0.471927,
      1.62423,
      -1.75784
    ],
    [
      0.404861,
      1.26839,
      -1.73163
    ],
    [
      0.428658,
      0.910178,
      -1.27729
    ],
    [
      0.607249,
      0.598753,
      -0.822948
    ],
    [
      0.904397,
      0.3973,
      -0.368607
    ],
    [
      1.25981,
      0.346693,
      0.0857335
    ],
    [
      1.65028,
      0.389658,
      0.110201
    ],
    [
      2.04072,
      0.43286,
      0.110201
    ],
    [
      2.43116,
      0.476062,
      0.110201
    ],
    [
      2.8216,
      0.519264,
      0.110201
    ],
    [
      3.21204,
      0.562466,
      0.110201
    ],
    [
      3.60248,
      0.605668,
      0.110201
    ],
    [
      3.99292,
      0.64887,
      0.110201
    ],
    [
      4.38336,
      0.692072,
      0.110201
    ],
    [
      4.77546,
      0.715594,
      0.0570544
    ],
    [
      5.16764,
      0.737994,
      0.0570544
    ],
    [
      5.55983,
      0.760395,
      0.0570544
    ],
    [
      5.95201,
      0.782795,
      0.0570544
    ],
    [
      6.34419,
      0.805195,
      0.0570544
    ],
    [
      6.73638,
      0.827595,
      0.0570544
    ],
    [
      7.12856,
      0.849995,
      0.0570544
    ],
    [
      7.52075,
      0.872395,
      0.0570544
    ],
    [
      7.8698,
      0.881457,
      0.0247665
    ],
    [
      8.21887,
      0.890104,
      0.0247665
    ],
    [
      8.56794,
      0.898751,
      0.0247665
    ],
    [
      8.91561,
      0.92285,
      0.222191
    ],
    [
      9.22882,
      1.07078,
      0.660309
    ],
    [
      9.44969,
      1.33762,
      1.09843
    ],
    [
      9.5365,
      1.67296,
      1.53655
    ],
    [
      9.47285,
      2.01345,
      1.97466
    ],
    [
      9.27076,
      2.29478,
      2.41278
    ],
    [
      8.97049,
      2.72119,
      2.11864
    ],
    [
      8.69769,
      3.1683,
      2.11864
    ],
    [
      8.42489,
      3.61541,
      2.11864
    ],
    [
      8.21128,
      4.08849,
      1.71499
    ],
    [
      8.3056,
      4.59416,
      1.05781
    ],
    [
      8.68917,
      4.93689,
      0.400632
    ],
    [
      8.68917,
      4.93689,
      0.400632
    ],
    [
      9.0,
      5.0,
      0.0
    ]
  ]
}