{
  "robot": {
    "class": "RectangleRobot",
    "radius": 0.1941910599495766,
    "wheelbase": 0.4046255634046305,
    "max_velocity": 7.2399033356059626,
    "max_steering_at_zero_v": 0.5116323960625044,
    "max_steering_at_max_v": 0.20773858188992816,
    "acceleration": 5,
    "width": 0.3109646799973159,
    "lenght": 0.23268355947837638
  },
  "planner": {
    "class": "Dubins_pathfinding",
    "start": [
      1.0,
      5.0
    ],
    "goal": [
      9.0,
      5.0
    ],
    "bounds": [
      0,
      10,
      0,
      10
    ],
    "max_runtime": 15.0,
    "goal_threshold": 0.0,
    "interpolate_steps": 50
  },
  "path": [
    [
      1.0,
      5.0,
      0.0
    ],
    [
      1.30842,
      4.93066,
      -0.442279
    ],
    [
      1.55749,
      4.73599,
      -0.884558
    ],
    [
      1.69927,
      4.45345,
      -1.32684
    ],
    [
      1.71726,
      4.13652,
      -1.59584
    ],
    [
      1.70928,
      3.81791,
      -1.59584
    ],
    [
      1.7013,
      3.4993,
      -1.59584
    ],
    [
      1.69332,
      3.18069,
      -1.59584
    ],
    [
      1.74201,
      2.86821,
      -1.19721
    ],
    [
      1.91913,
      2.60636,
      -0.754928
    ],
    [
      2.08523,
      2.40129,
      -0.933392
    ],
    [
      2.24254,
      2.18886,
      -0.933984
    ],
    [
      2.45291,
      1.96604,
      -0.789658
    ],
    [
      2.66886,
      1.74825,
      -0.789658
    ],
    [
      2.88481,
      1.53045,
      -0.789658
    ],
    [
      3.10076,
      1.31265,
      -0.789658
    ],
    [
      3.31671,
      1.09485,
      -0.789658
    ],
    [
      3.53266,
      0.877057,
      -0.789658
    ],
    [
      3.74861,
      0.659259,
      -0.789658
    ],
    [
      3.96714,
      0.444197,
      -0.687507
    ],
    [
      4.23224,
      0.306603,
      -0.27
    ],
    [
      4.53071,
      0.28298,
      0.0255875
    ],
    [
      4.83147,
      0.290678,
      0.0255875
    ],
    [
      5.13223,
      0.298375,
      0.0255875
    ],
    [
      5.433,
      0.306072,
      0.0255875
    ],
    [
      5.73376,
      0.31377,
      0.0255875
    ],
    [
      6.03452,
      0.321467,
      0.0255875
    ],
    [
      6.33527,
      0.326421,
      -0.0616861
    ],
    [
      6.63936,
      0.373438,
      0.361026
    ],
    [
      6.92945,
      0.482969,
      0.361026
    ],
    [
      7.21955,
      0.592501,
      0.361026
    ],
    [
      7.50964,
      0.702033,
      0.361026
    ],
    [
      7.79974,
      0.811565,
      0.361026
    ],
    [
      8.08983,
      0.921097,
      0.361026
    ],
    [
      8.37992,
      1.03063,
      0.361026
    ],
    [
      8.67002,
      1.14016,
      0.361026
    ],
    [
      8.94656,
      1.27716,
      0.652921
    ],
    [
      9.15746,
      1.5357,
      1.12017
    ],
    [
      9.22929,
      1.86152,
      1.58741
    ],
    [
      9.17819,
      2.19392,
      1.75247
    ],
    [
      9.11736,
      2.52509,
      1.75247
    ],
    [
      9.05652,
      2.85625,
      1.75247
    ],
    [
      8.94988,
      3.17306,
      2.11817
    ],
    [
      8.71499,
      3.41002,
      2.58542
    ],
    [
      8.47015,
      3.66382,
      2.09103
    ],
    [
      8.33729,
      3.99394,
      1.92587
    ],
    [
      8.28215,
      4.34246,
      1.48317
    ],
    [
      8.39803,
      4.67552,
      0.988777
    ],
    [
      8.65807,
      4.91371,
      0.494389
    ],
    [
      9.0,
      5.0,
      0.0
    ]
  ]
}