{
  "robot": {
    "class": "RectangleRobot",
    "radius": 0.42756937957873475,
    "wheelbase": 0.3282495114224833,
    "max_velocity": 7.009057054181659,
    "max_steering_at_zero_v": 0.43239072797999056,
    "max_steering_at_max_v": 0.20446548083721747,
    "acceleration": 5,
    "width": 0.6834759623818457,
    "lenght": 0.5139288922210801
  },
  "planner": {
    "class": "Dubins_pathfinding",
    "start": [
      1.0,
      5.0
    ],
    "goal": [
      9.0,
      5.0
    ],
    "bounds": [
      0,
      10,
      0,
      10
    ],
    "max_runtime": 15.0,
    "goal_threshold": 0.0,
    "interpolate_steps": 50
  },
  "path": [
    [
      1.0,
      5.0,
      0.0
    ],
    [
      1.33532,
      4.916,
      -0.490941
    ],
    [
      1.59143,
      4.68383,
      -0.981881
    ],
    [
      1.70783,
      4.35833,
      -1.47282
    ],
    [
      1.65703,
      4.01641,
      -1.96376
    ],
    [
      1.49827,
      3.70548,
      -2.05056
    ],
    [
      1.3371,
      3.39573,
      -2.05056
    ],
    [
      1.17593,
      3.08597,
      -2.05056
    ],
    [
      1.01477,
      2.77621,
      -2.05056
    ],
    [
      0.853598,
      2.46646,
      -2.05056
    ],
    [
      0.723897,
      2.14022,
      -1.9359
    ],
    [
      0.598495,
      1.81214,
      -1.9359
    ],
    [
      0.474811,
      1.48346,
      -1.86427
    ],
    [
      0.458627,
      1.13617,
      -1.37045
    ],
    [
      0.608989,
      0.822702,
      -0.876635
    ],
    [
      0.889968,
      0.617954,
      -0.382816
    ],
    [
      1.23443,
      0.570849,
      0.111003
    ],
    [
      1.62709,
      0.575367,
      0.00044632
    ],
    [
      2.01991,
      0.575542,
      0.00044632
    ],
    [
      2.41274,
      0.575717,
      0.00044632
    ],
    [
      2.80556,
      0.575893,
      0.00044632
    ],
    [
      3.19838,
      0.576068,
      0.00044632
    ],
    [
      3.59121,
      0.576243,
      0.00044632
    ],
    [
      3.98403,
      0.576419,
      0.00044632
    ],
    [
      4.37685,
      0.576594,
      0.00044632
    ],
    [
      4.76193,
      0.573945,
      -0.00692816
    ],
    [
      5.14702,
      0.571277,
      -0.00692816
    ],
    [
      5.5321,
      0.56861,
      -0.00692816
    ],
    [
      5.91718,
      0.565942,
      -0.00692816
    ],
    [
      6.30226,
      0.563274,
      -0.00692816
    ],
    [
      6.68734,
      0.560191,
      -0.041071
    ],
    [
      7.03352,
      0.55595,
      -0.011343
    ],
    [
      7.3797,
      0.552023,
      -0.011343
    ],
    [
      7.72589,
      0.548096,
      -0.011343
    ],
    [
      8.07207,
      0.544169,
      -0.011343
    ],
    [
      8.41583,
      0.515776,
      -0.274538
    ],
    [
      8.80368,
      0.516403,
      0.27777
    ],
    [
      9.13353,
      0.720423,
      0.830079
    ],
    [
      9.3073,
      1.06717,
      1.38239
    ],
    [
      9.27408,
      1.45379,
      1.88672
    ],
    [
      9.15203,
      1.82717,
      1.88672
    ],
    [
      9.02999,
      2.20056,
      1.88672
    ],
    [
      8.90794,
      2.57394,
      1.88672
    ],
    [
      8.78589,
      2.94732,
      1.88672
    ],
    [
      8.62428,
      3.34105,
      1.96547
    ],
    [
      8.46061,
      3.73399,
      1.96547
    ],
    [
      8.30663,
      4.13033,
      1.79543
    ],
    [
      8.33789,
      4.5485,
      1.19696
    ],
    [
      8.5993,
      4.87638,
      0.598478
    ],
    [
      9.0,
      5.0,
      0.0
    ]
  ]
}