{
  "robot": {
    "class": "RectangleRobot",
    "radius": 0.17097695824615747,
    "wheelbase": 0.32951939749483034,
    "max_velocity": 10.869079964749893,
    "max_steering_at_zero_v": 0.3354180362091148,
    "max_steering_at_max_v": 0.2422283722492363,
    "acceleration": 5,
    "width": 0.26900699773833125,
    "lenght": 0.21111067280514867
  },
  "planner": {
    "class": "Dubins_pathfinding",
    "start": [
      1.0,
      5.0
    ],
    "goal": [
      9.0,
      5.0
    ],
    "bounds": [
      0,
      10,
      0,
      10
    ],
    "max_runtime": 15.0,
    "goal_threshold": 0.0,
    "interpolate_steps": 50
  },
  "path": [
    [
      1.0,
      5.0,
      0.0
    ],
    [
      1.3085,
      5.05176,
      0.332446
    ],
    [
      1.58322,
      5.20136,
      0.664892
    ],
    [
      1.79407,
      5.43243,
      0.997338
    ],
    [
      1.91797,
      5.71966,
      1.32978
    ],
    [
      1.94134,
      6.0316,
      1.66223
    ],
    [
      1.86163,
      6.33409,
      1.99468
    ],
    [
      1.71639,
      6.61273,
      2.0572
    ],
    [
      1.56949,
      6.89054,
      2.0572
    ],
    [
      1.42259,
      7.16835,
      2.0572
    ],
    [
      1.27569,
      7.44616,
      2.0572
    ],
    [
      1.08572,
      7.69469,
      2.38965
    ],
    [
      0.867485,
      7.91941,
      2.18823
    ],
    [
      0.731081,
      8.20091,
      1.85578
    ],
    [
      0.694017,
      8.51152,
      1.52334
    ],
    [
      0.760352,
      8.81722,
      1.19089
    ],
    [
      0.922822,
      9.08453,
      0.858446
    ],
    [
      1.16363,
      9.28419,
      0.526
    ],
    [
      1.45642,
      9.39432,
      0.193554
    ],
    [
      1.76912,
      9.40287,
      -0.138892
    ],
    [
      2.06748,
      9.3089,
      -0.471338
    ],
    [
      2.35637,
      9.16221,
      -0.469833
    ],
    [
      2.64526,
      9.01553,
      -0.469833
    ],
    [
      2.93415,
      8.86884,
      -0.469833
    ],
    [
      3.22304,
      8.72216,
      -0.469833
    ],
    [
      3.50485,
      8.56331,
      -0.642437
    ],
    [
      3.72626,
      8.32895,
      -0.985183
    ],
    [
      3.85603,
      8.03381,
      -1.32793
    ],
    [
      3.87906,
      7.71222,
      -1.67068
    ],
    [
      3.79267,
      7.40159,
      -2.01342
    ],
    [
      3.70411,
      7.06588,
      -1.64404
    ],
    [
      3.74272,
      6.72084,
      -1.27465
    ],
    [
      3.90331,
      6.41302,
      -0.90527
    ],
    [
      4.1642,
      6.18393,
      -0.535885
    ],
    [
      4.4902,
      6.06449,
      -0.166501
    ],
    [
      4.83734,
      6.07081,
      0.202883
    ],
    [
      5.15946,
      6.20088,
      0.519204
    ],
    [
      5.46262,
      6.37414,
      0.519204
    ],
    [
      5.76578,
      6.5474,
      0.519204
    ],
    [
      6.09522,
      6.66161,
      0.148223
    ],
    [
      6.44507,
      6.68421,
      0.0520445
    ],
    [
      6.79528,
      6.70245,
      0.0520445
    ],
    [
      7.14271,
      6.67116,
      -0.272421
    ],
    [
      7.45546,
      6.51702,
      -0.643403
    ],
    [
      7.69106,
      6.25998,
      -1.01438
    ],
    [
      7.8936,
      5.93434,
      -1.01438
    ],
    [
      8.09613,
      5.6087,
      -1.01438
    ],
    [
      8.31446,
      5.29444,
      -0.811351
    ],
    [
      8.62695,
      5.07672,
      -0.405676
    ],
    [
      9.0,
      5.0,
      0.0
    ]
  ]
}