{
  "robot": {
    "class": "RectangleRobot",
    "radius": 0.1875003284800977,
    "wheelbase": 0.31213545331139875,
    "max_velocity": 8.981923525705003,
    "max_steering_at_zero_v": 0.4043787078948107,
    "max_steering_at_max_v": 0.21104695842507387,
    "acceleration": 5,
    "width": 0.2903494959879792,
    "lenght": 0.23732396191725902
  },
  "planner": {
    "class": "Dubins_pathfinding",
    "start": [
      1.0,
      5.0
    ],
    "goal": [
      9.0,
      5.0
    ],
    "bounds": [
      0,
      10,
      0,
      10
    ],
    "max_runtime": 15.0,
    "goal_threshold": 0.0,
    "interpolate_steps": 50
  },
  "path": [
    [
      1.0,
      5.0,
      0.0
    ],
    [
      1.30165,
      5.0653,
      0.426388
    ],
    [
      1.54928,
      5.24951,
      0.852776
    ],
    [
      1.69855,
      5.51965,
      1.27916
    ],
    [
      1.72274,
      5.82734,
      1.70555
    ],
    [
      1.61868,
      6.11815,
      2.07082
    ],
    [
      1.47295,
      6.39276,
      1.96915
    ],
    [
      1.41613,
      6.69612,
      1.54276
    ],
    [
      1.48986,
      6.99582,
      1.11637
    ],
    [
      1.68094,
      7.23819,
      0.689982
    ],
    [
      1.90049,
      7.46398,
      0.818553
    ],
    [
      2.11581,
      7.69408,
      0.818553
    ],
    [
      2.33113,
      7.92417,
      0.818553
    ],
    [
      2.54645,
      8.15427,
      0.818553
    ],
    [
      2.76178,
      8.38437,
      0.818553
    ],
    [
      2.9771,
      8.61446,
      0.818553
    ],
    [
      3.19242,
      8.84456,
      0.818553
    ],
    [
      3.40774,
      9.07465,
      0.818553
    ],
    [
      3.64143,
      9.28409,
      0.542965
    ],
    [
      3.93669,
      9.38441,
      0.112089
    ],
    [
      4.25056,
      9.37929,
      -0.044875
    ],
    [
      4.5645,
      9.36519,
      -0.044875
    ],
    [
      4.87845,
      9.3511,
      -0.044875
    ],
    [
      5.19239,
      9.337,
      -0.044875
    ],
    [
      5.50633,
      9.3229,
      -0.044875
    ],
    [
      5.82027,
      9.3088,
      -0.044875
    ],
    [
      6.13422,
      9.29471,
      -0.044875
    ],
    [
      6.44816,
      9.28061,
      -0.044875
    ],
    [
      6.7621,
      9.26651,
      -0.044875
    ],
    [
      7.05687,
      9.2155,
      -0.201039
    ],
    [
      7.35032,
      9.1557,
      -0.201039
    ],
    [
      7.64376,
      9.09589,
      -0.201039
    ],
    [
      7.93721,
      9.03609,
      -0.201039
    ],
    [
      8.23066,
      8.97629,
      -0.201039
    ],
    [
      8.52367,
      8.91459,
      -0.274103
    ],
    [
      8.78753,
      8.77742,
      -0.684716
    ],
    [
      8.9747,
      8.54633,
      -1.09533
    ],
    [
      9.05407,
      8.25974,
      -1.50594
    ],
    [
      9.01244,
      7.96528,
      -1.91655
    ],
    [
      8.94783,
      7.63516,
      -1.72394
    ],
    [
      8.89643,
      7.30212,
      -1.72394
    ],
    [
      8.79027,
      6.98513,
      -2.12036
    ],
    [
      8.55524,
      6.74783,
      -2.58239
    ],
    [
      8.32557,
      6.51914,
      -2.13427
    ],
    [
      8.21767,
      6.21353,
      -1.68615
    ],
    [
      8.24006,
      5.88865,
      -1.42729
    ],
    [
      8.28927,
      5.5656,
      -1.34436
    ],
    [
      8.43039,
      5.27383,
      -0.896239
    ],
    [
      8.68399,
      5.07201,
      -0.44812
    ],
    [
      9.0,
      5.0,
      0.0
    ]
  ]
}