{
  "robot": {
    "class": "RectangleRobot",
    "radius": 0.41084662089120705,
    "wheelbase": 0.31936945339292894,
    "max_velocity": 9.904709084326507,
    "max_steering_at_zero_v": 0.41108017768816524,
    "max_steering_at_max_v": 0.2383665842559588,
    "acceleration": 5,
    "width": 0.5670019055621468,
    "lenght": 0.5947172628062743
  },
  "planner": {
    "class": "Dubins_pathfinding",
    "start": [
      1.0,
      5.0
    ],
    "goal": [
      9.0,
      5.0
    ],
    "bounds": [
      0,
      10,
      0,
      10
    ],
    "max_runtime": 15.0,
    "goal_threshold": 0.0,
    "interpolate_steps": 50
  },
  "path": [
    [
      1.0,
      5.0,
      0.0
    ],
    [
      1.33611,
      4.91835,
      -0.4766
    ],
    [
      1.5973,
      4.69161,
      -0.9532
    ],
    [
      1.72537,
      4.37032,
      -1.4298
    ],
    [
      1.69177,
      4.02607,
      -1.9064
    ],
    [
      1.53495,
      3.71448,
      -2.06264
    ],
    [
      1.37006,
      3.4067,
      -2.06264
    ],
    [
      1.20516,
      3.09891,
      -2.06264
    ],
    [
      1.04026,
      2.79112,
      -2.06264
    ],
    [
      0.87536,
      2.48334,
      -2.06264
    ],
    [
      0.742353,
      2.12629,
      -1.90291
    ],
    [
      0.618,
      1.76573,
      -1.90291
    ],
    [
      0.493704,
      1.40516,
      -1.89012
    ],
    [
      0.471456,
      1.02871,
      -1.36954
    ],
    [
      0.639396,
      0.691062,
      -0.848955
    ],
    [
      0.953028,
      0.481673,
      -0.328374
    ],
    [
      1.32926,
      0.456018,
      0.192207
    ],
    [
      1.67741,
      0.477931,
      0.0379012
    ],
    [
      2.02633,
      0.491162,
      0.0379012
    ],
    [
      2.37526,
      0.504393,
      0.0379012
    ],
    [
      2.72419,
      0.517624,
      0.0379012
    ],
    [
      3.07311,
      0.530855,
      0.0379012
    ],
    [
      3.42204,
      0.544086,
      0.0379012
    ],
    [
      3.77096,
      0.557317,
      0.0379012
    ],
    [
      4.11989,
      0.570548,
      0.0379012
    ],
    [
      4.46881,
      0.583779,
      0.0379012
    ],
    [
      4.81739,
      0.604175,
      0.058907
    ],
    [
      5.16596,
      0.624732,
      0.058907
    ],
    [
      5.51453,
      0.645289,
      0.058907
    ],
    [
      5.8631,
      0.665846,
      0.058907
    ],
    [
      6.21167,
      0.686403,
      0.058907
    ],
    [
      6.56024,
      0.70696,
      0.058907
    ],
    [
      6.90882,
      0.727517,
      0.058907
    ],
    [
      7.25739,
      0.748074,
      0.058907
    ],
    [
      7.60596,
      0.768631,
      0.058907
    ],
    [
      7.94727,
      0.791748,
      0.0677099
    ],
    [
      8.28859,
      0.814894,
      0.0677099
    ],
    [
      8.62872,
      0.847734,
      0.231058
    ],
    [
      8.9695,
      1.03353,
      0.767233
    ],
    [
      9.16754,
      1.36733,
      1.30341
    ],
    [
      9.16727,
      1.75547,
      1.83958
    ],
    [
      9.03082,
      2.12373,
      1.93394
    ],
    [
      8.89128,
      2.49094,
      1.93394
    ],
    [
      8.75174,
      2.85814,
      1.93394
    ],
    [
      8.61221,
      3.22535,
      1.93394
    ],
    [
      8.47267,
      3.59255,
      1.93394
    ],
    [
      8.47267,
      3.59255,
      1.93394
    ],
    [
      8.27281,
      4.17817,
      1.69284
    ],
    [
      8.45132,
      4.75286,
      0.846421
    ],
    [
      9.0,
      5.0,
      0.0
    ]
  ]
}