{
  "robot": {
    "class": "RectangleRobot",
    "radius": 0.2635614074207186,
    "wheelbase": 0.268522434040905,
    "max_velocity": 7.515177265874947,
    "max_steering_at_zero_v": 0.4087040997297547,
    "max_steering_at_max_v": 0.24673100108217666,
    "acceleration": 5,
    "width": 0.2400655856883059,
    "lenght": 0.46928347136298204
  },
  "planner": {
    "class": "Dubins_pathfinding",
    "start": [
      1.0,
      5.0
    ],
    "goal": [
      9.0,
      5.0
    ],
    "bounds": [
      0,
      10,
      0,
      10
    ],
    "max_runtime": 15.0,
    "goal_threshold": 0.0,
    "interpolate_steps": 50
  },
  "path": [
    [
      1.0,
      5.0,
      0.0
    ],
    [
      1.30097,
      5.07795,
      0.506858
    ],
    [
      1.52627,
      5.29221,
      1.01372
    ],
    [
      1.62034,
      5.58879,
      1.46059
    ],
    [
      1.6549,
      5.90114,
      1.46059
    ],
    [
      1.68947,
      6.21349,
      1.46059
    ],
    [
      1.72403,
      6.52584,
      1.46059
    ],
    [
      1.75859,
      6.8382,
      1.46059
    ],
    [
      1.79316,
      7.15055,
      1.46059
    ],
    [
      1.83111,
      7.4624,
      1.35541
    ],
    [
      1.97159,
      7.73976,
      0.848555
    ],
    [
      2.2508,
      7.92837,
      0.447684
    ],
    [
      2.55724,
      8.07552,
      0.447684
    ],
    [
      2.87405,
      8.19358,
      0.131594
    ],
    [
      3.20634,
      8.14589,
      -0.416685
    ],
    [
      3.46327,
      7.93458,
      -0.959874
    ],
    [
      3.57982,
      7.62183,
      -1.365
    ],
    [
      3.64865,
      7.29215,
      -1.365
    ],
    [
      3.71747,
      6.96248,
      -1.365
    ],
    [
      3.78758,
      6.6331,
      -1.29962
    ],
    [
      3.9594,
      6.34825,
      -0.75643
    ],
    [
      4.25372,
      6.19321,
      -0.213241
    ],
    [
      4.56177,
      6.19977,
      0.1611
    ],
    [
      4.86824,
      6.24957,
      0.1611
    ],
    [
      5.17472,
      6.29938,
      0.1611
    ],
    [
      5.48119,
      6.34918,
      0.1611
    ],
    [
      5.78767,
      6.39899,
      0.1611
    ],
    [
      6.09475,
      6.44363,
      0.0316364
    ],
    [
      6.39532,
      6.53239,
      0.542651
    ],
    [
      6.66297,
      6.70195,
      0.565179
    ],
    [
      6.93053,
      6.87163,
      0.565179
    ],
    [
      7.1981,
      7.04132,
      0.565179
    ],
    [
      7.46566,
      7.21101,
      0.565179
    ],
    [
      7.73323,
      7.38069,
      0.565179
    ],
    [
      8.0008,
      7.55038,
      0.565179
    ],
    [
      8.25145,
      7.74167,
      0.863032
    ],
    [
      8.49991,
      7.91724,
      0.367273
    ],
    [
      8.80199,
      7.95348,
      -0.128486
    ],
    [
      9.08493,
      7.84166,
      -0.624245
    ],
    [
      9.28062,
      7.6087,
      -1.12
    ],
    [
      9.34193,
      7.3107,
      -1.61576
    ],
    [
      9.2541,
      7.01942,
      -2.11152
    ],
    [
      9.05492,
      6.78618,
      -2.3224
    ],
    [
      8.84504,
      6.56161,
      -2.3224
    ],
    [
      8.61993,
      6.3541,
      -2.5943
    ],
    [
      8.38058,
      6.08654,
      -2.00688
    ],
    [
      8.32965,
      5.73118,
      -1.41945
    ],
    [
      8.42796,
      5.38088,
      -1.17484
    ],
    [
      8.65638,
      5.10393,
      -0.58742
    ],
    [
      9.0,
      5.0,
      0.0
    ]
  ]
}