{
  "robot": {
    "class": "RectangleRobot",
    "radius": 0.3068964747818622,
    "wheelbase": 0.24323330954083608,
    "max_velocity": 10.464618241770888,
    "max_steering_at_zero_v": 0.48356156426160823,
    "max_steering_at_max_v": 0.23295709349067545,
    "acceleration": 5,
    "width": 0.48198416977553726,
    "lenght": 0.3800434778021099
  },
  "planner": {
    "class": "Dubins_pathfinding",
    "start": [
      1.0,
      5.0
    ],
    "goal": [
      9.0,
      5.0
    ],
    "bounds": [
      0,
      10,
      0,
      10
    ],
    "max_runtime": 15.0,
    "goal_threshold": 0.0,
    "interpolate_steps": 50
  },
  "path": [
    [
      1.0,
      5.0,
      0.0
    ],
    [
      1.31703,
      4.8745,
      -0.753879
    ],
    [
      1.46225,
      4.56601,
      -1.50776
    ],
    [
      1.40009,
      4.22394,
      -1.81162
    ],
    [
      1.31681,
      3.88484,
      -1.81162
    ],
    [
      1.23353,
      3.54574,
      -1.81162
    ],
    [
      1.15025,
      3.20664,
      -1.81162
    ],
    [
      1.06698,
      2.86754,
      -1.81162
    ],
    [
      0.983696,
      2.52844,
      -1.81162
    ],
    [
      0.895279,
      2.19088,
      -1.96386
    ],
    [
      0.789285,
      1.91064,
      -1.93159
    ],
    [
      0.683516,
      1.63031,
      -1.93159
    ],
    [
      0.596489,
      1.34492,
      -1.6417
    ],
    [
      0.700494,
      0.83734,
      -1.45031
    ],
    [
      0.858552,
      0.541624,
      -0.70956
    ],
    [
      1.17475,
      0.430062,
      0.0311931
    ],
    [
      1.51167,
      0.49309,
      0.205385
    ],
    [
      1.85008,
      0.513854,
      -0.25725
    ],
    [
      2.1979,
      0.493916,
      -0.0200168
    ],
    [
      2.54701,
      0.486927,
      -0.0200168
    ],
    [
      2.89611,
      0.479938,
      -0.0200168
    ],
    [
      3.24522,
      0.472949,
      -0.0200168
    ],
    [
      3.59433,
      0.46596,
      -0.0200168
    ],
    [
      3.94343,
      0.458971,
      -0.0200168
    ],
    [
      4.29254,
      0.451982,
      -0.0200168
    ],
    [
      4.64165,
      0.444994,
      -0.0200168
    ],
    [
      4.99075,
      0.438005,
      -0.0200168
    ],
    [
      5.33364,
      0.427805,
      -0.0298038
    ],
    [
      5.67652,
      0.417582,
      -0.0298038
    ],
    [
      6.01941,
      0.40736,
      -0.0298038
    ],
    [
      6.36229,
      0.397138,
      -0.0298038
    ],
    [
      6.70518,
      0.386915,
      -0.0298038
    ],
    [
      7.04807,
      0.376693,
      -0.0298038
    ],
    [
      7.39095,
      0.366471,
      -0.0298038
    ],
    [
      7.73384,
      0.356248,
      -0.0298038
    ],
    [
      8.07643,
      0.342062,
      -0.160851
    ],
    [
      8.43961,
      0.437305,
      0.673796
    ],
    [
      8.65668,
      0.753751,
      1.05739
    ],
    [
      8.84655,
      1.0905,
      1.05739
    ],
    [
      9.03642,
      1.42724,
      1.05739
    ],
    [
      9.22629,
      1.76399,
      1.05739
    ],
    [
      9.33427,
      2.12692,
      1.66987
    ],
    [
      9.22644,
      2.38093,
      2.26501
    ],
    [
      9.04713,
      2.59623,
      2.28131
    ],
    [
      8.89563,
      2.98015,
      1.83793
    ],
    [
      8.78557,
      3.38231,
      1.83793
    ],
    [
      8.69205,
      3.78745,
      1.56827
    ],
    [
      8.58742,
      4.27358,
      1.80983
    ],
    [
      8.59247,
      4.75694,
      1.07556
    ],
    [
      9.0,
      5.0,
      0.0
    ]
  ]
}