{
  "robot": {
    "class": "RectangleRobot",
    "radius": 0.13852053613716692,
    "wheelbase": 0.35422826218844056,
    "max_velocity": 7.3701445944141515,
    "max_steering_at_zero_v": 0.34587273683053404,
    "max_steering_at_max_v": 0.17595920156612502,
    "acceleration": 5,
    "width": 0.1550169240421615,
    "lenght": 0.2296116481962956
  },
  "planner": {
    "class": "Dubins_pathfinding",
    "start": [
      1.0,
      5.0
    ],
    "goal": [
      9.0,
      5.0
    ],
    "bounds": [
      0,
      10,
      0,
      10
    ],
    "max_runtime": 15.0,
    "goal_threshold": 0.0,
    "interpolate_steps": 50
  },
  "path": [
    [
      1.0,
      5.0,
      0.0
    ],
    [
      1.38245,
      4.92255,
      -0.399621
    ],
    [
      1.70463,
      4.7024,
      -0.799242
    ],
    [
      1.91578,
      4.37425,
      -1.19886
    ],
    [
      1.98261,
      3.9898,
      -1.59848
    ],
    [
      1.8946,
      3.60964,
      -1.99811
    ],
    [
      1.66966,
      3.28986,
      -2.29138
    ],
    [
      1.41047,
      2.99468,
      -2.29138
    ],
    [
      1.15127,
      2.69951,
      -2.29138
    ],
    [
      0.840724,
      2.46323,
      -2.691
    ],
    [
      0.49945,
      2.27244,
      -2.44715
    ],
    [
      0.255138,
      1.96817,
      -2.04752
    ],
    [
      0.148457,
      1.59283,
      -1.6479
    ],
    [
      0.196218,
      1.20554,
      -1.24828
    ],
    [
      0.390895,
      0.86736,
      -0.84866
    ],
    [
      0.70181,
      0.631565,
      -0.449039
    ],
    [
      1.07997,
      0.535316,
      -0.0494177
    ],
    [
      1.47263,
      0.524241,
      -0.0276036
    ],
    [
      1.86531,
      0.513399,
      -0.0276036
    ],
    [
      2.25798,
      0.502557,
      -0.0276036
    ],
    [
      2.65065,
      0.491715,
      -0.0276036
    ],
    [
      3.04333,
      0.480873,
      -0.0276036
    ],
    [
      3.436,
      0.470031,
      -0.0276036
    ],
    [
      3.82868,
      0.459189,
      -0.0276036
    ],
    [
      4.22135,
      0.448347,
      -0.0276036
    ],
    [
      4.61275,
      0.415387,
      -0.0886763
    ],
    [
      5.00403,
      0.380599,
      -0.0886763
    ],
    [
      5.39531,
      0.34581,
      -0.0886763
    ],
    [
      5.78659,
      0.311022,
      -0.0886763
    ],
    [
      6.17787,
      0.276234,
      -0.0886763
    ],
    [
      6.56915,
      0.241445,
      -0.0886763
    ],
    [
      6.96043,
      0.206657,
      -0.0886763
    ],
    [
      7.35171,
      0.171868,
      -0.0886763
    ],
    [
      7.74447,
      0.210968,
      0.208913
    ],
    [
      8.13246,
      0.293226,
      0.208913
    ],
    [
      8.52046,
      0.375484,
      0.208913
    ],
    [
      8.90383,
      0.474385,
      0.396485
    ],
    [
      9.2267,
      0.693522,
      0.796107
    ],
    [
      9.43887,
      1.02101,
      1.19573
    ],
    [
      9.50691,
      1.40525,
      1.59535
    ],
    [
      9.42009,
      1.78568,
      1.99497
    ],
    [
      9.20398,
      2.11247,
      2.21639
    ],
    [
      8.96763,
      2.42623,
      2.21639
    ],
    [
      8.73127,
      2.74,
      2.21639
    ],
    [
      8.49492,
      3.05376,
      2.21639
    ],
    [
      8.17839,
      3.47736,
      2.15195
    ],
    [
      8.01793,
      3.97459,
      1.61396
    ],
    [
      8.13492,
      4.48381,
      1.07598
    ],
    [
      8.49631,
      4.86114,
      0.537988
    ],
    [
      9.0,
      5.0,
      0.0
    ]
  ]
}