{
  "robot": {
    "class": "RectangleRobot",
    "radius": 0.19711919975636244,
    "wheelbase": 0.39662679841144044,
    "max_velocity": 9.70669896030716,
    "max_steering_at_zero_v": 0.37078015278984566,
    "max_steering_at_max_v": 0.24173802028650207,
    "acceleration": 5,
    "width": 0.10490589821170684,
    "lenght": 0.3800245625887225
  },
  "planner": {
    "class": "Dubins_pathfinding",
    "start": [
      1.0,
      5.0
    ],
    "goal": [
      9.0,
      5.0
    ],
    "bounds": [
      0,
      10,
      0,
      10
    ],
    "max_runtime": 15.0,
    "goal_threshold": 0.0,
    "interpolate_steps": 50
  },
  "path": [
    [
      1.0,
      5.0,
      0.0
    ],
    [
      1.23948,
      5.02851,
      0.236943
    ],
    [
      1.46558,
      5.11243,
      0.473887
    ],
    [
      1.66566,
      5.24708,
      0.71083
    ],
    [
      1.82855,
      5.42493,
      0.947773
    ],
    [
      1.94514,
      5.63605,
      1.18472
    ],
    [
      2.00891,
      5.86864,
      1.42166
    ],
    [
      2.0163,
      6.1097,
      1.6586
    ],
    [
      1.98212,
      6.34898,
      1.72088
    ],
    [
      1.94598,
      6.588,
      1.72088
    ],
    [
      1.90983,
      6.82702,
      1.72088
    ],
    [
      1.87686,
      7.06643,
      1.64169
    ],
    [
      1.88833,
      7.30733,
      1.40474
    ],
    [
      1.95603,
      7.53881,
      1.1678
    ],
    [
      2.07617,
      7.74792,
      0.930855
    ],
    [
      2.24204,
      7.923,
      0.693912
    ],
    [
      2.44437,
      8.05424,
      0.456968
    ],
    [
      2.67186,
      8.13433,
      0.220025
    ],
    [
      2.91179,
      8.15878,
      -0.0169182
    ],
    [
      3.15076,
      8.12623,
      -0.253861
    ],
    [
      3.3754,
      8.03849,
      -0.490805
    ],
    [
      3.57318,
      7.90048,
      -0.727748
    ],
    [
      3.73303,
      7.71989,
      -0.964691
    ],
    [
      3.84603,
      7.50683,
      -1.20163
    ],
    [
      3.92157,
      7.27722,
      -1.2602
    ],
    [
      3.99545,
      7.04705,
      -1.2602
    ],
    [
      4.06933,
      6.81688,
      -1.2602
    ],
    [
      4.16966,
      6.59757,
      -1.02326
    ],
    [
      4.31867,
      6.40794,
      -0.786316
    ],
    [
      4.50803,
      6.25858,
      -0.549372
    ],
    [
      4.72716,
      6.15785,
      -0.312429
    ],
    [
      4.96381,
      6.11136,
      -0.0754858
    ],
    [
      5.20476,
      6.12171,
      0.155093
    ],
    [
      5.4436,
      6.15905,
      0.155093
    ],
    [
      5.68243,
      6.19639,
      0.155093
    ],
    [
      5.92127,
      6.23373,
      0.155093
    ],
    [
      6.1601,
      6.27107,
      0.155093
    ],
    [
      6.39894,
      6.30842,
      0.155093
    ],
    [
      6.63777,
      6.34576,
      0.155093
    ],
    [
      6.87661,
      6.3831,
      0.155093
    ],
    [
      7.14769,
      6.38901,
      -0.111464
    ],
    [
      7.41076,
      6.32331,
      -0.378022
    ],
    [
      7.64723,
      6.19064,
      -0.644579
    ],
    [
      7.8404,
      6.00036,
      -0.911137
    ],
    [
      7.98035,
      5.76773,
      -1.08759
    ],
    [
      8.1069,
      5.52702,
      -1.06623
    ],
    [
      8.26836,
      5.30919,
      -0.799672
    ],
    [
      8.4815,
      5.14158,
      -0.533115
    ],
    [
      8.73126,
      5.03603,
      -0.266557
    ],
    [
      9.0,
      5.0,
      0.0
    ]
  ]
}