{
  "robot": {
    "class": "RectangleRobot",
    "radius": 0.3331906016780972,
    "wheelbase": 0.42149682952712436,
    "max_velocity": 11.386611690729143,
    "max_steering_at_zero_v": 0.5145322290911319,
    "max_steering_at_max_v": 0.1650813840913408,
    "acceleration": 5,
    "width": 0.28190250437607267,
    "lenght": 0.6038169310419741
  },
  "planner": {
    "class": "Dubins_pathfinding",
    "start": [
      1.0,
      5.0
    ],
    "goal": [
      9.0,
      5.0
    ],
    "bounds": [
      0,
      10,
      0,
      10
    ],
    "max_runtime": 15.0,
    "goal_threshold": 0.0,
    "interpolate_steps": 50
  },
  "path": [
    [
      1.0,
      5.0,
      0.0
    ],
    [
      1.33655,
      5.08028,
      0.468326
    ],
    [
      1.60063,
      5.30383,
      0.936651
    ],
    [
      1.73536,
      5.62252,
      1.40498
    ],
    [
      1.71173,
      5.9677,
      1.8733
    ],
    [
      1.56183,
      6.28254,
      2.04754
    ],
    [
      1.40159,
      6.59278,
      2.04754
    ],
    [
      1.24136,
      6.90302,
      2.04754
    ],
    [
      1.08113,
      7.21327,
      2.04754
    ],
    [
      0.920896,
      7.52351,
      2.04754
    ],
    [
      0.760396,
      7.90702,
      1.96034
    ],
    [
      0.602485,
      8.29168,
      1.96034
    ],
    [
      0.545408,
      8.69822,
      1.4322
    ],
    [
      0.671415,
      9.02046,
      0.963871
    ],
    [
      0.929308,
      9.25111,
      0.495545
    ],
    [
      1.26355,
      9.34053,
      0.0272198
    ],
    [
      1.61269,
      9.34538,
      0.013694
    ],
    [
      1.96184,
      9.35016,
      0.013694
    ],
    [
      2.31098,
      9.35494,
      0.013694
    ],
    [
      2.66012,
      9.35972,
      0.013694
    ],
    [
      3.00927,
      9.3645,
      0.013694
    ],
    [
      3.35841,
      9.36928,
      0.013694
    ],
    [
      3.75409,
      9.36684,
      -0.00657168
    ],
    [
      4.14977,
      9.36424,
      -0.00657168
    ],
    [
      4.54545,
      9.36163,
      -0.00657168
    ],
    [
      4.94112,
      9.35903,
      -0.00657168
    ],
    [
      5.3368,
      9.35643,
      -0.00657168
    ],
    [
      5.73248,
      9.35366,
      -0.0278599
    ],
    [
      6.10622,
      9.34584,
      -0.0208819
    ],
    [
      6.47996,
      9.33804,
      -0.0208819
    ],
    [
      6.8537,
      9.33023,
      -0.0208819
    ],
    [
      7.22744,
      9.32242,
      -0.0208819
    ],
    [
      7.60119,
      9.31462,
      -0.0208819
    ],
    [
      7.97493,
      9.30681,
      -0.0208819
    ],
    [
      8.34867,
      9.29901,
      -0.0208819
    ],
    [
      8.7064,
      9.20477,
      -0.508069
    ],
    [
      8.97858,
      8.94426,
      -1.01892
    ],
    [
      9.14073,
      8.59986,
      -1.14674
    ],
    [
      9.29745,
      8.25271,
      -1.14674
    ],
    [
      9.45417,
      7.90557,
      -1.14674
    ],
    [
      9.58895,
      7.55064,
      -1.39684
    ],
    [
      9.55829,
      7.17514,
      -1.90769
    ],
    [
      9.34795,
      6.86257,
      -2.41854
    ],
    [
      9.01164,
      6.69274,
      -2.92939
    ],
    [
      8.65389,
      6.50323,
      -2.3795
    ],
    [
      8.39702,
      6.18412,
      -2.1996
    ],
    [
      8.25674,
      5.80435,
      -1.6497
    ],
    [
      8.3356,
      5.40726,
      -1.0998
    ],
    [
      8.61036,
      5.10992,
      -0.549899
    ],
    [
      9.0,
      5.0,
      0.0
    ]
  ]
}