{
  "robot": {
    "class": "RectangleRobot",
    "radius": 0.2915127138565829,
    "wheelbase": 0.21817219805162572,
    "max_velocity": 12.14591270991864,
    "max_steering_at_zero_v": 0.4834752594350942,
    "max_steering_at_max_v": 0.23548624861037265,
    "acceleration": 5,
    "width": 0.14722410729680133,
    "lenght": 0.5641309347933154
  },
  "planner": {
    "class": "Dubins_pathfinding",
    "start": [
      1.0,
      5.0
    ],
    "goal": [
      9.0,
      5.0
    ],
    "bounds": [
      0,
      10,
      0,
      10
    ],
    "max_runtime": 15.0,
    "goal_threshold": 0.0,
    "interpolate_steps": 50
  },
  "path": [
    [
      1.0,
      5.0,
      0.0
    ],
    [
      1.29189,
      5.11979,
      0.778833
    ],
    [
      1.4155,
      5.41008,
      1.55767
    ],
    [
      1.34715,
      5.72533,
      1.83274
    ],
    [
      1.26335,
      6.03793,
      1.83274
    ],
    [
      1.17954,
      6.35052,
      1.83274
    ],
    [
      1.10147,
      6.66432,
      1.66465
    ],
    [
      1.02484,
      7.00911,
      1.8003
    ],
    [
      0.94446,
      7.3532,
      1.8003
    ],
    [
      0.864075,
      7.69729,
      1.8003
    ],
    [
      0.783691,
      8.04138,
      1.8003
    ],
    [
      0.703306,
      8.38547,
      1.8003
    ],
    [
      0.629988,
      8.73075,
      1.61448
    ],
    [
      0.76097,
      9.05209,
      0.753006
    ],
    [
      1.07664,
      9.21687,
      0.415009
    ],
    [
      1.40232,
      9.36504,
      0.558716
    ],
    [
      1.76476,
      9.44375,
      0.0954861
    ],
    [
      2.13816,
      9.47951,
      0.0954861
    ],
    [
      2.51155,
      9.51527,
      0.0954861
    ],
    [
      2.88495,
      9.55104,
      0.0954861
    ],
    [
      3.25835,
      9.5868,
      0.0954861
    ],
    [
      3.63188,
      9.62037,
      -0.00737496
    ],
    [
      4.14032,
      9.56612,
      -0.0495404
    ],
    [
      4.48947,
      9.56874,
      0.00958062
    ],
    [
      4.83863,
      9.57209,
      0.00958062
    ],
    [
      5.18779,
      9.57543,
      0.00958062
    ],
    [
      5.53695,
      9.57878,
      0.00958062
    ],
    [
      5.88611,
      9.58212,
      0.00958062
    ],
    [
      6.23527,
      9.58547,
      0.00958062
    ],
    [
      6.58443,
      9.58881,
      0.00958062
    ],
    [
      6.93359,
      9.59216,
      0.00958062
    ],
    [
      7.28275,
      9.5955,
      0.00958062
    ],
    [
      7.59297,
      9.53727,
      -0.220147
    ],
    [
      7.90162,
      9.46821,
      -0.220147
    ],
    [
      8.21026,
      9.39914,
      -0.220147
    ],
    [
      8.51891,
      9.33007,
      -0.220147
    ],
    [
      8.83018,
      9.28619,
      0.129526
    ],
    [
      9.17665,
      9.16899,
      -0.781883
    ],
    [
      9.29627,
      8.82336,
      -1.69329
    ],
    [
      9.16352,
      8.4699,
      -1.9728
    ],
    [
      9.01534,
      8.12137,
      -1.9728
    ],
    [
      8.86716,
      7.77283,
      -1.9728
    ],
    [
      8.71898,
      7.4243,
      -1.9728
    ],
    [
      8.5708,
      7.07577,
      -1.9728
    ],
    [
      8.42462,
      6.72647,
      -1.87124
    ],
    [
      8.44166,
      6.33511,
      -1.42169
    ],
    [
      8.50045,
      5.94373,
      -1.42169
    ],
    [
      8.55925,
      5.55236,
      -1.42169
    ],
    [
      8.66141,
      5.17465,
      -0.95243
    ],
    [
      9.0,
      5.0,
      0.0
    ]
  ]
}