{
  "robot": {
    "class": "RectangleRobot",
    "radius": 0.3419365176363404,
    "wheelbase": 0.27416650197750825,
    "max_velocity": 9.345198339036456,
    "max_steering_at_zero_v": 0.4248913848541176,
    "max_steering_at_max_v": 0.21285577626631347,
    "acceleration": 5,
    "width": 0.6008302618989398,
    "lenght": 0.32662719537650364
  },
  "planner": {
    "class": "Dubins_pathfinding",
    "start": [
      1.0,
      5.0
    ],
    "goal": [
      9.0,
      5.0
    ],
    "bounds": [
      0,
      10,
      0,
      10
    ],
    "max_runtime": 15.0,
    "goal_threshold": 0.0,
    "interpolate_steps": 50
  },
  "path": [
    [
      1.0,
      5.0,
      0.0
    ],
    [
      1.33926,
      5.10387,
      0.594233
    ],
    [
      1.56221,
      5.37988,
      1.18847
    ],
    [
      1.5924,
      5.7334,
      1.7827
    ],
    [
      1.4697,
      6.0716,
      1.93953
    ],
    [
      1.34143,
      6.40802,
      1.86648
    ],
    [
      1.20177,
      6.76962,
      1.94407
    ],
    [
      1.0604,
      7.1306,
      1.94407
    ],
    [
      0.919029,
      7.49157,
      1.94407
    ],
    [
      0.777656,
      7.85255,
      1.94407
    ],
    [
      0.588674,
      8.18657,
      2.37009
    ],
    [
      0.413737,
      8.51959,
      1.73888
    ],
    [
      0.469028,
      8.89167,
      1.10767
    ],
    [
      0.733239,
      9.15943,
      0.476462
    ],
    [
      1.09193,
      9.29159,
      0.337823
    ],
    [
      1.45279,
      9.41836,
      0.337823
    ],
    [
      1.82633,
      9.47275,
      -0.156321
    ],
    [
      2.17509,
      9.4616,
      -0.0145484
    ],
    [
      2.52423,
      9.45652,
      -0.0145484
    ],
    [
      2.87337,
      9.45144,
      -0.0145484
    ],
    [
      3.22251,
      9.44636,
      -0.0145484
    ],
    [
      3.57165,
      9.44128,
      -0.0145484
    ],
    [
      3.92079,
      9.4362,
      -0.0145484
    ],
    [
      4.26993,
      9.43112,
      -0.0145484
    ],
    [
      4.61907,
      9.42604,
      -0.0145484
    ],
    [
      4.96821,
      9.42096,
      -0.0145484
    ],
    [
      5.31045,
      9.38851,
      -0.101141
    ],
    [
      5.65296,
      9.36628,
      0.102068
    ],
    [
      6.0201,
      9.35098,
      -0.064453
    ],
    [
      6.38716,
      9.32729,
      -0.064453
    ],
    [
      6.75422,
      9.3036,
      -0.064453
    ],
    [
      7.12129,
      9.27991,
      -0.064453
    ],
    [
      7.48835,
      9.25622,
      -0.064453
    ],
    [
      7.85542,
      9.23253,
      -0.064453
    ],
    [
      8.22248,
      9.20884,
      -0.064453
    ],
    [
      8.58007,
      9.13783,
      -0.46444
    ],
    [
      8.86967,
      8.90115,
      -0.751508
    ],
    [
      9.0916,
      8.60378,
      -1.22168
    ],
    [
      9.1061,
      8.23448,
      -1.84148
    ],
    [
      9.09082,
      7.89109,
      -1.53073
    ],
    [
      9.10466,
      7.54584,
      -1.53073
    ],
    [
      9.11849,
      7.2006,
      -1.53073
    ],
    [
      9.11445,
      6.85609,
      -1.77397
    ],
    [
      8.95456,
      6.55506,
      -2.34417
    ],
    [
      8.65746,
      6.38797,
      -2.91438
    ],
    [
      8.31818,
      6.17285,
      -2.23863
    ],
    [
      8.18802,
      5.79279,
      -1.56288
    ],
    [
      8.32418,
      5.41484,
      -0.887136
    ],
    [
      8.62099,
      5.13317,
      -0.675749
    ],
    [
      9.0,
      5.0,
      0.0
    ]
  ]
}