{
  "robot": {
    "class": "RectangleRobot",
    "radius": 0.3096134419235757,
    "wheelbase": 0.28404269220686135,
    "max_velocity": 7.722286276317952,
    "max_steering_at_zero_v": 0.47714724721965707,
    "max_steering_at_max_v": 0.2562079235396244,
    "acceleration": 5,
    "width": 0.13112216927221076,
    "lenght": 0.6051850216292562
  },
  "planner": {
    "class": "Dubins_pathfinding",
    "start": [
      1.0,
      5.0
    ],
    "goal": [
      9.0,
      5.0
    ],
    "bounds": [
      0,
      10,
      0,
      10
    ],
    "max_runtime": 15.0,
    "goal_threshold": 0.0,
    "interpolate_steps": 50
  },
  "path": [
    [
      1.0,
      5.0,
      0.0
    ],
    [
      1.31634,
      5.10021,
      0.613546
    ],
    [
      1.51728,
      5.36427,
      1.22709
    ],
    [
      1.52954,
      5.69588,
      1.83481
    ],
    [
      1.44158,
      6.02129,
      1.83481
    ],
    [
      1.35361,
      6.3467,
      1.83481
    ],
    [
      1.26565,
      6.67212,
      1.83481
    ],
    [
      1.17768,
      6.99753,
      1.83481
    ],
    [
      1.08972,
      7.32294,
      1.83481
    ],
    [
      0.916698,
      7.60614,
      2.42559
    ],
    [
      0.736558,
      7.92176,
      1.78532
    ],
    [
      0.657732,
      8.28356,
      1.78532
    ],
    [
      0.578906,
      8.64536,
      1.78532
    ],
    [
      0.527132,
      9.01013,
      1.47013
    ],
    [
      0.666637,
      9.32384,
      0.834592
    ],
    [
      0.965126,
      9.49348,
      0.199051
    ],
    [
      1.31184,
      9.47695,
      -0.13554
    ],
    [
      1.65781,
      9.42977,
      -0.13554
    ],
    [
      2.00378,
      9.38259,
      -0.13554
    ],
    [
      2.34976,
      9.3354,
      -0.13554
    ],
    [
      2.69573,
      9.28822,
      -0.13554
    ],
    [
      3.04171,
      9.24104,
      -0.13554
    ],
    [
      3.38768,
      9.19386,
      -0.13554
    ],
    [
      3.73657,
      9.19458,
      0.0214378
    ],
    [
      4.08566,
      9.20206,
      0.0214378
    ],
    [
      4.43476,
      9.20955,
      0.0214378
    ],
    [
      4.78385,
      9.21703,
      0.0214378
    ],
    [
      5.13295,
      9.22452,
      0.0214378
    ],
    [
      5.48205,
      9.232,
      0.0214378
    ],
    [
      5.83114,
      9.23949,
      0.0214378
    ],
    [
      6.18024,
      9.24697,
      0.0214378
    ],
    [
      6.52934,
      9.25446,
      0.0214378
    ],
    [
      6.86704,
      9.22463,
      -0.100037
    ],
    [
      7.20449,
      9.19076,
      -0.100037
    ],
    [
      7.54195,
      9.15689,
      -0.100037
    ],
    [
      7.87941,
      9.12302,
      -0.100037
    ],
    [
      8.21687,
      9.08915,
      -0.100037
    ],
    [
      8.55391,
      9.05218,
      -0.206643
    ],
    [
      8.85546,
      8.87534,
      -0.854174
    ],
    [
      9.00922,
      8.55751,
      -1.22769
    ],
    [
      9.06914,
      8.21124,
      -1.69965
    ],
    [
      8.99393,
      7.86409,
      -1.79051
    ],
    [
      8.9165,
      7.51736,
      -1.79051
    ],
    [
      8.83907,
      7.17063,
      -1.79051
    ],
    [
      8.76163,
      6.8239,
      -1.79051
    ],
    [
      8.63658,
      6.49529,
      -2.22232
    ],
    [
      8.50805,
      6.06159,
      -1.69011
    ],
    [
      8.45344,
      5.60533,
      -1.67275
    ],
    [
      8.59221,
      5.18122,
      -0.836375
    ],
    [
      9.0,
      5.0,
      0.0
    ]
  ]
}