{
  "robot": {
    "class": "RectangleRobot",
    "radius": 0.14877124743050021,
    "wheelbase": 0.3067817315477537,
    "max_velocity": 9.107137997480844,
    "max_steering_at_zero_v": 0.4473161161208209,
    "max_steering_at_max_v": 0.24024120000682767,
    "acceleration": 5,
    "width": 0.16519402603755967,
    "lenght": 0.24747216006979555
  },
  "planner": {
    "class": "Dubins_pathfinding",
    "start": [
      1.0,
      5.0
    ],
    "goal": [
      9.0,
      5.0
    ],
    "bounds": [
      0,
      10,
      0,
      10
    ],
    "max_runtime": 15.0,
    "goal_threshold": 0.0,
    "interpolate_steps": 50
  },
  "path": [
    [
      1.0,
      5.0,
      0.0
    ],
    [
      1.29135,
      5.07023,
      0.473071
    ],
    [
      1.51871,
      5.26549,
      0.946142
    ],
    [
      1.65364,
      5.53554,
      1.1523
    ],
    [
      1.77658,
      5.81195,
      1.1523
    ],
    [
      1.89951,
      6.08835,
      1.1523
    ],
    [
      2.02208,
      6.36492,
      1.18782
    ],
    [
      2.06581,
      6.66141,
      1.66089
    ],
    [
      1.96965,
      6.94526,
      2.13396
    ],
    [
      1.87255,
      7.24082,
      1.64252
    ],
    [
      1.92641,
      7.54723,
      1.15108
    ],
    [
      2.11849,
      7.79196,
      0.659634
    ],
    [
      2.3829,
      7.96163,
      0.560499
    ],
    [
      2.64908,
      8.12869,
      0.560499
    ],
    [
      2.91525,
      8.29575,
      0.560499
    ],
    [
      3.18142,
      8.46282,
      0.560499
    ],
    [
      3.4476,
      8.62988,
      0.560499
    ],
    [
      3.71377,
      8.79694,
      0.560499
    ],
    [
      3.97995,
      8.964,
      0.560499
    ],
    [
      4.26987,
      9.05989,
      0.078303
    ],
    [
      4.57757,
      9.07986,
      0.0646058
    ],
    [
      4.88527,
      9.09976,
      0.0646058
    ],
    [
      5.19297,
      9.11967,
      0.0646058
    ],
    [
      5.50068,
      9.13958,
      0.0646058
    ],
    [
      5.80838,
      9.15948,
      0.0646058
    ],
    [
      6.11608,
      9.17939,
      0.0646058
    ],
    [
      6.42379,
      9.1993,
      0.0646058
    ],
    [
      6.73149,
      9.2192,
      0.0646058
    ],
    [
      7.03596,
      9.19025,
      -0.327597
    ],
    [
      7.37184,
      9.11142,
      -0.219754
    ],
    [
      7.70865,
      9.03619,
      -0.219754
    ],
    [
      8.04547,
      8.96095,
      -0.219754
    ],
    [
      8.38229,
      8.88572,
      -0.219754
    ],
    [
      8.71911,
      8.81049,
      -0.219754
    ],
    [
      9.05592,
      8.73526,
      -0.219754
    ],
    [
      9.38963,
      8.64928,
      -0.40691
    ],
    [
      9.62735,
      8.47194,
      -0.874969
    ],
    [
      9.75949,
      8.20642,
      -1.34303
    ],
    [
      9.75763,
      7.90985,
      -1.81109
    ],
    [
      9.6289,
      7.64139,
      -2.11931
    ],
    [
      9.47284,
      7.38599,
      -2.11931
    ],
    [
      9.31678,
      7.13059,
      -2.11931
    ],
    [
      9.16071,
      6.87519,
      -2.11931
    ],
    [
      8.99442,
      6.62702,
      -2.31732
    ],
    [
      8.74802,
      6.46195,
      -2.78538
    ],
    [
      8.43864,
      6.21687,
      -2.15792
    ],
    [
      8.33207,
      5.83684,
      -1.53046
    ],
    [
      8.39218,
      5.44081,
      -1.25492
    ],
    [
      8.62458,
      5.1218,
      -0.62746
    ],
    [
      9.0,
      5.0,
      0.0
    ]
  ]
}