{
  "robot": {
    "class": "RectangleRobot",
    "radius": 0.4286270664274034,
    "wheelbase": 0.23393658664320227,
    "max_velocity": 12.694266544718186,
    "max_steering_at_zero_v": 0.3746351105998999,
    "max_steering_at_max_v": 0.18667721853818048,
    "acceleration": 5,
    "width": 0.5982300008240996,
    "lenght": 0.6140077478425208
  },
  "planner": {
    "class": "Dubins_pathfinding",
    "start": [
      1.0,
      5.0
    ],
    "goal": [
      9.0,
      5.0
    ],
    "bounds": [
      0,
      10,
      0,
      10
    ],
    "max_runtime": 15.0,
    "goal_threshold": 0.0,
    "interpolate_steps": 50
  },
  "path": [
    [
      1.0,
      5.0,
      0.0
    ],
    [
      1.34683,
      5.11155,
      0.622367
    ],
    [
      1.5636,
      5.40438,
      1.24473
    ],
    [
      1.56902,
      5.76866,
      1.8671
    ],
    [
      1.45625,
      6.12135,
      1.88043
    ],
    [
      1.34342,
      6.47402,
      1.88043
    ],
    [
      1.23059,
      6.82668,
      1.88043
    ],
    [
      1.11366,
      7.17785,
      2.00177
    ],
    [
      0.867413,
      7.44636,
      2.62414
    ],
    [
      0.638818,
      7.67962,
      2.06805
    ],
    [
      0.565791,
      7.99841,
      1.59407
    ],
    [
      0.558092,
      8.32916,
      1.59407
    ],
    [
      0.550392,
      8.65992,
      1.59407
    ],
    [
      0.549126,
      8.9905,
      1.44695
    ],
    [
      0.676877,
      9.29108,
      0.890863
    ],
    [
      0.961448,
      9.48468,
      0.30396
    ],
    [
      1.30769,
      9.5047,
      -0.0470779
    ],
    [
      1.65648,
      9.48826,
      -0.0470779
    ],
    [
      2.00527,
      9.47183,
      -0.0470779
    ],
    [
      2.35405,
      9.4554,
      -0.0470779
    ],
    [
      2.70284,
      9.43897,
      -0.0470779
    ],
    [
      3.05163,
      9.42253,
      -0.0470779
    ],
    [
      3.40042,
      9.4061,
      -0.0470779
    ],
    [
      3.74921,
      9.38967,
      -0.0470779
    ],
    [
      4.14159,
      9.37091,
      -0.0477701
    ],
    [
      4.53396,
      9.35215,
      -0.0477701
    ],
    [
      4.92634,
      9.33339,
      -0.0477701
    ],
    [
      5.31871,
      9.31464,
      -0.0477701
    ],
    [
      5.71109,
      9.29588,
      -0.0477701
    ],
    [
      6.10346,
      9.27712,
      -0.0477701
    ],
    [
      6.49584,
      9.25836,
      -0.0477701
    ],
    [
      6.88821,
      9.2396,
      -0.0477701
    ],
    [
      7.24538,
      9.21694,
      -0.0635778
    ],
    [
      7.60254,
      9.1942,
      -0.0635778
    ],
    [
      7.9597,
      9.17146,
      -0.0635778
    ],
    [
      8.31686,
      9.14873,
      -0.0635778
    ],
    [
      8.67403,
      9.12599,
      -0.0635778
    ],
    [
      9.02476,
      9.06784,
      -0.411984
    ],
    [
      9.29146,
      8.83732,
      -1.01352
    ],
    [
      9.38089,
      8.49634,
      -1.61506
    ],
    [
      9.2889,
      8.16122,
      -1.91537
    ],
    [
      9.17095,
      7.83256,
      -1.91537
    ],
    [
      9.053,
      7.50391,
      -1.91537
    ],
    [
      8.93505,
      7.17526,
      -1.91537
    ],
    [
      8.8171,
      6.84661,
      -1.91537
    ],
    [
      8.69916,
      6.51796,
      -1.91537
    ],
    [
      8.58121,
      6.1893,
      -1.91537
    ],
    [
      8.46326,
      5.86065,
      -1.91537
    ],
    [
      8.40982,
      5.51975,
      -1.44407
    ],
    [
      9.0,
      5.0,
      0.0
    ]
  ]
}