{
  "robot": {
    "class": "RectangleRobot",
    "radius": 0.33203432908777686,
    "wheelbase": 0.23841555910583662,
    "max_velocity": 8.22751688536283,
    "max_steering_at_zero_v": 0.5144306227806286,
    "max_steering_at_max_v": 0.18536500670275224,
    "acceleration": 5,
    "width": 0.38127252067923045,
    "lenght": 0.5437080537806904
  },
  "planner": {
    "class": "Dubins_pathfinding",
    "start": [
      1.0,
      5.0
    ],
    "goal": [
      9.0,
      5.0
    ],
    "bounds": [
      0,
      10,
      0,
      10
    ],
    "max_runtime": 15.0,
    "goal_threshold": 0.0,
    "interpolate_steps": 50
  },
  "path": [
    [
      1.0,
      5.0,
      0.0
    ],
    [
      1.32206,
      5.1494,
      0.868698
    ],
    [
      1.41599,
      5.49179,
      1.7374
    ],
    [
      1.3135,
      5.84347,
      1.86352
    ],
    [
      1.20776,
      6.19433,
      1.86352
    ],
    [
      1.10202,
      6.54519,
      1.86352
    ],
    [
      0.996274,
      6.89605,
      1.86352
    ],
    [
      0.890532,
      7.2469,
      1.86352
    ],
    [
      0.794931,
      7.60001,
      1.64144
    ],
    [
      0.697897,
      7.9443,
      1.8785
    ],
    [
      0.574711,
      8.27973,
      2.15313
    ],
    [
      0.529357,
      8.65247,
      1.23063
    ],
    [
      0.661211,
      9.01859,
      1.2251
    ],
    [
      0.795097,
      9.3839,
      1.1234
    ],
    [
      1.09123,
      9.61475,
      0.200898
    ],
    [
      1.45407,
      9.51809,
      -0.721599
    ],
    [
      1.7822,
      9.41219,
      -0.0144135
    ],
    [
      2.13605,
      9.40709,
      -0.0144135
    ],
    [
      2.48989,
      9.40199,
      -0.0144135
    ],
    [
      2.84373,
      9.39689,
      -0.0144135
    ],
    [
      3.1926,
      9.43024,
      0.415429
    ],
    [
      3.54759,
      9.47832,
      0.0615981
    ],
    [
      3.90727,
      9.5005,
      0.0615981
    ],
    [
      4.26696,
      9.52269,
      0.0615981
    ],
    [
      4.62665,
      9.54487,
      0.0615981
    ],
    [
      4.98633,
      9.56707,
      0.070693
    ],
    [
      5.31428,
      9.5257,
      -0.159003
    ],
    [
      5.64132,
      9.47326,
      -0.159003
    ],
    [
      5.96836,
      9.42082,
      -0.159003
    ],
    [
      6.29539,
      9.36838,
      -0.159003
    ],
    [
      6.62243,
      9.31593,
      -0.159003
    ],
    [
      6.94946,
      9.26349,
      -0.159003
    ],
    [
      7.27673,
      9.21282,
      -0.0668784
    ],
    [
      7.62983,
      9.22669,
      0.0469816
    ],
    [
      7.98291,
      9.24329,
      0.0469816
    ],
    [
      8.29766,
      9.38077,
      0.829008
    ],
    [
      8.61252,
      9.51759,
      -0.00915399
    ],
    [
      8.92483,
      9.37503,
      -0.847316
    ],
    [
      9.03156,
      9.04741,
      -1.55064
    ],
    [
      9.03868,
      8.69392,
      -1.55064
    ],
    [
      9.04581,
      8.34043,
      -1.55064
    ],
    [
      9.05294,
      7.98694,
      -1.55064
    ],
    [
      9.06006,
      7.63345,
      -1.55064
    ],
    [
      9.0606,
      7.28021,
      -1.72758
    ],
    [
      8.98093,
      6.95187,
      -1.81341
    ],
    [
      8.87863,
      6.6316,
      -2.14051
    ],
    [
      8.74556,
      6.17449,
      -1.80451
    ],
    [
      8.63482,
      5.70933,
      -1.80451
    ],
    [
      8.61786,
      5.2432,
      -1.13352
    ],
    [
      9.0,
      5.0,
      0.0
    ]
  ]
}