{
  "robot": {
    "class": "RectangleRobot",
    "radius": 0.2800422479298094,
    "wheelbase": 0.227012040203466,
    "max_velocity": 7.15887026258252,
    "max_steering_at_zero_v": 0.4890092840907597,
    "max_steering_at_max_v": 0.23580035300382857,
    "acceleration": 5,
    "width": 0.4275483844398724,
    "lenght": 0.36179693401848845
  },
  "planner": {
    "class": "Dubins_pathfinding",
    "start": [
      1.0,
      5.0
    ],
    "goal": [
      9.0,
      5.0
    ],
    "bounds": [
      0,
      10,
      0,
      10
    ],
    "max_runtime": 15.0,
    "goal_threshold": 0.0,
    "interpolate_steps": 50
  },
  "path": [
    [
      1.0,
      5.0,
      0.0
    ],
    [
      1.32428,
      5.1494,
      0.863468
    ],
    [
      1.42143,
      5.49296,
      1.72694
    ],
    [
      1.33238,
      5.85036,
      1.82
    ],
    [
      1.24153,
      6.20735,
      1.82
    ],
    [
      1.15068,
      6.56435,
      1.82
    ],
    [
      1.05982,
      6.92134,
      1.82
    ],
    [
      0.96897,
      7.27834,
      1.82
    ],
    [
      0.886594,
      7.63689,
      1.61886
    ],
    [
      0.799792,
      7.98383,
      1.84682
    ],
    [
      0.702142,
      8.32858,
      1.84682
    ],
    [
      0.604492,
      8.67332,
      1.84682
    ],
    [
      0.629243,
      9.02076,
      1.08305
    ],
    [
      0.879797,
      9.22832,
      0.300599
    ],
    [
      1.20949,
      9.2788,
      0.13429
    ],
    [
      1.54029,
      9.32349,
      0.13429
    ],
    [
      1.8711,
      9.36818,
      0.13429
    ],
    [
      2.2019,
      9.41288,
      0.13429
    ],
    [
      2.5327,
      9.45757,
      0.13429
    ],
    [
      2.85636,
      9.41428,
      -0.512764
    ],
    [
      3.17834,
      9.36105,
      0.0149777
    ],
    [
      3.50976,
      9.36601,
      0.0149777
    ],
    [
      3.84117,
      9.37098,
      0.0149777
    ],
    [
      4.17259,
      9.37594,
      0.0149777
    ],
    [
      4.504,
      9.38091,
      0.0149777
    ],
    [
      4.8334,
      9.36405,
      -0.306031
    ],
    [
      5.17225,
      9.34273,
      -0.00706404
    ],
    [
      5.51312,
      9.34032,
      -0.00706404
    ],
    [
      5.85399,
      9.33791,
      -0.00706404
    ],
    [
      6.19485,
      9.3355,
      -0.00706404
    ],
    [
      6.53572,
      9.3331,
      -0.00706404
    ],
    [
      6.87659,
      9.33069,
      -0.00706404
    ],
    [
      7.21746,
      9.32831,
      0.00490342
    ],
    [
      7.5597,
      9.28147,
      -0.150996
    ],
    [
      7.90143,
      9.22948,
      -0.150996
    ],
    [
      8.24315,
      9.17748,
      -0.150996
    ],
    [
      8.58488,
      9.12549,
      -0.150996
    ],
    [
      8.92642,
      9.07241,
      -0.2228
    ],
    [
      9.19856,
      8.87486,
      -1.03303
    ],
    [
      9.24303,
      8.54153,
      -1.84325
    ],
    [
      9.16241,
      8.19261,
      -1.7966
    ],
    [
      9.08223,
      7.84359,
      -1.7966
    ],
    [
      9.00205,
      7.49456,
      -1.7966
    ],
    [
      8.92187,
      7.14554,
      -1.7966
    ],
    [
      8.8417,
      6.79651,
      -1.7966
    ],
    [
      8.76152,
      6.44749,
      -1.7966
    ],
    [
      8.68134,
      6.09846,
      -1.7966
    ],
    [
      8.60178,
      5.74931,
      -1.74236
    ],
    [
      8.608,
      5.25827,
      -1.16515
    ],
    [
      9.0,
      5.0,
      0.0
    ]
  ]
}