{
  "robot": {
    "class": "RectangleRobot",
    "radius": 0.24493790162312692,
    "wheelbase": 0.49175999319141755,
    "max_velocity": 9.936683065825708,
    "max_steering_at_zero_v": 0.5031123641460438,
    "max_steering_at_max_v": 0.25814521261049744,
    "acceleration": 5,
    "width": 0.2071218172619445,
    "lenght": 0.4439356433316344
  },
  "planner": {
    "class": "Dubins_pathfinding",
    "start": [
      1.0,
      5.0
    ],
    "goal": [
      9.0,
      5.0
    ],
    "bounds": [
      0,
      10,
      0,
      10
    ],
    "max_runtime": 15.0,
    "goal_threshold": 0.0,
    "interpolate_steps": 50
  },
  "path": [
    [
      1.0,
      5.0,
      0.0
    ],
    [
      1.38029,
      4.91503,
      -0.439626
    ],
    [
      1.68826,
      4.6763,
      -0.879252
    ],
    [
      1.86534,
      4.32919,
      -1.31888
    ],
    [
      1.87784,
      3.93972,
      -1.7585
    ],
    [
      1.72341,
      3.58196,
      -2.19813
    ],
    [
      1.43245,
      3.32223,
      -2.54256
    ],
    [
      1.16628,
      3.03763,
      -2.10293
    ],
    [
      1.04655,
      2.66682,
      -1.66331
    ],
    [
      0.926816,
      2.296,
      -2.10293
    ],
    [
      0.666844,
      2.00409,
      -2.33529
    ],
    [
      0.46494,
      1.67081,
      -1.89566
    ],
    [
      0.424079,
      1.28329,
      -1.45604
    ],
    [
      0.552032,
      0.915228,
      -1.01641
    ],
    [
      0.824465,
      0.636622,
      -0.576785
    ],
    [
      1.18957,
      0.500457,
      -0.137159
    ],
    [
      1.5779,
      0.532628,
      0.302467
    ],
    [
      1.9322,
      0.572178,
      -0.012253
    ],
    [
      2.29058,
      0.567786,
      -0.012253
    ],
    [
      2.64896,
      0.563395,
      -0.012253
    ],
    [
      3.00734,
      0.559004,
      -0.012253
    ],
    [
      3.36572,
      0.554612,
      -0.012253
    ],
    [
      3.7241,
      0.550876,
      0.0260554
    ],
    [
      4.07101,
      0.630863,
      0.427164
    ],
    [
      4.40869,
      0.710561,
      0.0363856
    ],
    [
      4.75785,
      0.712959,
      0.00566118
    ],
    [
      5.10702,
      0.714936,
      0.00566118
    ],
    [
      5.4562,
      0.716913,
      0.00566118
    ],
    [
      5.80537,
      0.71889,
      0.00566118
    ],
    [
      6.15454,
      0.720866,
      0.00566118
    ],
    [
      6.50371,
      0.722843,
      0.00566118
    ],
    [
      6.85288,
      0.72482,
      0.00566118
    ],
    [
      7.20205,
      0.726797,
      0.00566118
    ],
    [
      7.59203,
      0.682386,
      -0.136292
    ],
    [
      7.98121,
      0.629013,
      -0.136292
    ],
    [
      8.37157,
      0.591787,
      0.0541708
    ],
    [
      8.7467,
      0.697219,
      0.493797
    ],
    [
      9.04129,
      0.952283,
      0.933423
    ],
    [
      9.19931,
      1.30847,
      1.37305
    ],
    [
      9.19072,
      1.69804,
      1.81268
    ],
    [
      9.01713,
      2.04691,
      2.2523
    ],
    [
      8.854,
      2.35576,
      1.88877
    ],
    [
      8.74411,
      2.68961,
      1.88877
    ],
    [
      8.63423,
      3.02346,
      1.88877
    ],
    [
      8.47345,
      3.33359,
      2.24393
    ],
    [
      8.47345,
      3.33359,
      2.24393
    ],
    [
      8.15876,
      3.80526,
      1.91462
    ],
    [
      8.1449,
      4.36572,
      1.27642
    ],
    [
      8.46767,
      4.82412,
      0.638208
    ],
    [
      9.0,
      5.0,
      0.0
    ]
  ]
}