{
  "robot": {
    "class": "RectangleRobot",
    "radius": 0.4169982631521355,
    "wheelbase": 0.21136207706676624,
    "max_velocity": 10.226828227428296,
    "max_steering_at_zero_v": 0.3575616038508875,
    "max_steering_at_max_v": 0.241642373016832,
    "acceleration": 5,
    "width": 0.535559861880322,
    "lenght": 0.6393166979129523
  },
  "planner": {
    "class": "Dubins_pathfinding",
    "start": [
      1.0,
      5.0
    ],
    "goal": [
      9.0,
      5.0
    ],
    "bounds": [
      0,
      10,
      0,
      10
    ],
    "max_runtime": 15.0,
    "goal_threshold": 0.0,
    "interpolate_steps": 50
  },
  "path": [
    [
      1.0,
      5.0,
      0.0
    ],
    [
      1.31926,
      5.0987,
      0.599645
    ],
    [
      1.52712,
      5.36035,
      1.19929
    ],
    [
      1.55105,
      5.69366,
      1.79893
    ],
    [
      1.43497,
      6.01219,
      1.93588
    ],
    [
      1.31386,
      6.32906,
      1.93588
    ],
    [
      1.19275,
      6.64593,
      1.93588
    ],
    [
      1.07163,
      6.9628,
      1.93588
    ],
    [
      0.888318,
      7.24288,
      2.44314
    ],
    [
      0.706977,
      7.52485,
      1.84149
    ],
    [
      0.660097,
      7.8617,
      1.69004
    ],
    [
      0.619609,
      8.19965,
      1.69004
    ],
    [
      0.57912,
      8.53759,
      1.69004
    ],
    [
      0.54798,
      8.87608,
      1.50801
    ],
    [
      0.667213,
      9.18941,
      0.906358
    ],
    [
      0.942855,
      9.38024,
      0.304708
    ],
    [
      1.28928,
      9.40053,
      -0.0345467
    ],
    [
      1.63825,
      9.38847,
      -0.0345467
    ],
    [
      1.98721,
      9.37641,
      -0.0345467
    ],
    [
      2.33618,
      9.36434,
      -0.0345467
    ],
    [
      2.68515,
      9.35228,
      -0.0345467
    ],
    [
      3.03412,
      9.34022,
      -0.0345467
    ],
    [
      3.38309,
      9.32816,
      -0.0345467
    ],
    [
      3.73205,
      9.3161,
      -0.0345467
    ],
    [
      4.08102,
      9.30404,
      -0.0345467
    ],
    [
      4.47383,
      9.30638,
      0.00720028
    ],
    [
      4.86664,
      9.30921,
      0.00720028
    ],
    [
      5.25946,
      9.31203,
      0.00720028
    ],
    [
      5.65227,
      9.31486,
      0.00720028
    ],
    [
      6.04508,
      9.31769,
      0.00720028
    ],
    [
      6.4379,
      9.32052,
      0.00720028
    ],
    [
      6.83071,
      9.32335,
      0.00720028
    ],
    [
      7.22352,
      9.32618,
      0.00720028
    ],
    [
      7.56133,
      9.30955,
      -0.0521271
    ],
    [
      7.89911,
      9.29192,
      -0.0521271
    ],
    [
      8.23689,
      9.2743,
      -0.0521271
    ],
    [
      8.57467,
      9.25668,
      -0.0521271
    ],
    [
      8.90741,
      9.20835,
      -0.384331
    ],
    [
      9.16582,
      8.99797,
      -0.982231
    ],
    [
      9.26099,
      8.67862,
      -1.58013
    ],
    [
      9.17458,
      8.29667,
      -1.84286
    ],
    [
      9.06902,
      7.9183,
      -1.84286
    ],
    [
      8.96346,
      7.53992,
      -1.84286
    ],
    [
      8.8579,
      7.16155,
      -1.84286
    ],
    [
      8.75234,
      6.78318,
      -1.84286
    ],
    [
      8.64678,
      6.4048,
      -1.84286
    ],
    [
      8.54122,
      6.02643,
      -1.84286
    ],
    [
      8.44016,
      5.647,
      -1.71499
    ],
    [
      8.57221,
      5.19555,
      -0.857496
    ],
    [
      9.0,
      5.0,
      0.0
    ]
  ]
}