{
  "robot": {
    "class": "RectangleRobot",
    "radius": 0.2649655094548674,
    "wheelbase": 0.3738530400349752,
    "max_velocity": 11.25453698175502,
    "max_steering_at_zero_v": 0.38983051707858024,
    "max_steering_at_max_v": 0.18653890782765936,
    "acceleration": 5,
    "width": 0.3417824385329414,
    "lenght": 0.40498351758211815
  },
  "planner": {
    "class": "Dubins_pathfinding",
    "start": [
      1.0,
      5.0
    ],
    "goal": [
      9.0,
      5.0
    ],
    "bounds": [
      0,
      10,
      0,
      10
    ],
    "max_runtime": 15.0,
    "goal_threshold": 0.0,
    "interpolate_steps": 50
  },
  "path": [
    [
      1.0,
      5.0,
      0.0
    ],
    [
      1.38073,
      5.08348,
      0.431705
    ],
    [
      1.69161,
      5.31861,
      0.863409
    ],
    [
      1.87558,
      5.66225,
      1.29511
    ],
    [
      1.89888,
      6.05133,
      1.72682
    ],
    [
      1.75725,
      6.41447,
      2.15852
    ],
    [
      1.50769,
      6.71759,
      2.2754
    ],
    [
      1.25325,
      7.01687,
      2.2754
    ],
    [
      0.998808,
      7.31615,
      2.2754
    ],
    [
      0.790851,
      7.63278,
      2.12469
    ],
    [
      0.597522,
      7.95873,
      2.00032
    ],
    [
      0.514941,
      8.32602,
      1.58359
    ],
    [
      0.588096,
      8.6953,
      1.16687
    ],
    [
      0.809588,
      9.0081,
      0.742467
    ],
    [
      1.14024,
      9.20196,
      0.318069
    ],
    [
      1.52154,
      9.24578,
      -0.0208528
    ],
    [
      1.90763,
      9.23772,
      -0.0208528
    ],
    [
      2.29372,
      9.22967,
      -0.0208528
    ],
    [
      2.67981,
      9.22162,
      -0.0208528
    ],
    [
      3.06582,
      9.21177,
      -0.0838272
    ],
    [
      3.4818,
      9.17413,
      -0.0902849
    ],
    [
      3.89778,
      9.13647,
      -0.0902849
    ],
    [
      4.31302,
      9.09311,
      -0.202677
    ],
    [
      4.67919,
      9.08279,
      0.0521
    ],
    [
      5.04633,
      9.10194,
      0.0521
    ],
    [
      5.41347,
      9.12108,
      0.0521
    ],
    [
      5.7806,
      9.14023,
      0.0521
    ],
    [
      6.14774,
      9.15937,
      0.0521
    ],
    [
      6.51488,
      9.17852,
      0.0521
    ],
    [
      6.87622,
      9.12597,
      -0.346394
    ],
    [
      7.22387,
      9.07274,
      0.0425639
    ],
    [
      7.56676,
      9.15277,
      0.35357
    ],
    [
      7.89879,
      9.27531,
      0.35357
    ],
    [
      8.23083,
      9.39786,
      0.35357
    ],
    [
      8.57366,
      9.47817,
      0.0436134
    ],
    [
      8.92136,
      9.42531,
      -0.345345
    ],
    [
      9.22305,
      9.24454,
      -0.734303
    ],
    [
      9.43365,
      8.96287,
      -1.12326
    ],
    [
      9.52315,
      8.5835,
      -1.55497
    ],
    [
      9.44571,
      8.2015,
      -1.98667
    ],
    [
      9.2372,
      7.86933,
      -2.17042
    ],
    [
      9.01551,
      7.54504,
      -2.17042
    ],
    [
      8.79383,
      7.22074,
      -2.17042
    ],
    [
      8.57215,
      6.89645,
      -2.17042
    ],
    [
      8.35046,
      6.57216,
      -2.17042
    ],
    [
      8.1503,
      6.23549,
      -1.93669
    ],
    [
      8.1503,
      6.23549,
      -1.93669
    ],
    [
      8.12542,
      5.65876,
      -1.29112
    ],
    [
      8.45254,
      5.18311,
      -0.645562
    ],
    [
      9.0,
      5.0,
      0.0
    ]
  ]
}