{
  "robot": {
    "class": "RectangleRobot",
    "radius": 0.2972271265409869,
    "wheelbase": 0.2053302989445558,
    "max_velocity": 8.308305012006766,
    "max_steering_at_zero_v": 0.4914180631113162,
    "max_steering_at_max_v": 0.20329944832594826,
    "acceleration": 5,
    "width": 0.49546436385037795,
    "lenght": 0.32846753745475
  },
  "planner": {
    "class": "Dubins_pathfinding",
    "start": [
      1.0,
      5.0
    ],
    "goal": [
      9.0,
      5.0
    ],
    "bounds": [
      0,
      10,
      0,
      10
    ],
    "max_runtime": 15.0,
    "goal_threshold": 0.0,
    "interpolate_steps": 50
  },
  "path": [
    [
      1.0,
      5.0,
      0.0
    ],
    [
      1.30511,
      5.15107,
      0.919493
    ],
    [
      1.37409,
      5.48602,
      1.69055
    ],
    [
      1.33193,
      5.83624,
      1.69955
    ],
    [
      1.25544,
      6.17688,
      1.79689
    ],
    [
      1.17717,
      6.51717,
      1.79689
    ],
    [
      1.09889,
      6.85746,
      1.79689
    ],
    [
      1.02061,
      7.19775,
      1.79689
    ],
    [
      0.942338,
      7.53804,
      1.79689
    ],
    [
      0.864062,
      7.87833,
      1.79689
    ],
    [
      0.785786,
      8.21862,
      1.79689
    ],
    [
      0.70751,
      8.55891,
      1.79689
    ],
    [
      0.629235,
      8.8992,
      1.79689
    ],
    [
      0.687178,
      9.20284,
      0.967581
    ],
    [
      0.950236,
      9.36518,
      0.138271
    ],
    [
      1.26761,
      9.3511,
      -0.0706027
    ],
    [
      1.58498,
      9.32865,
      -0.0706027
    ],
    [
      1.90221,
      9.31779,
      0.175278
    ],
    [
      2.2324,
      9.31636,
      -0.0283126
    ],
    [
      2.5629,
      9.307,
      -0.0283126
    ],
    [
      2.8934,
      9.29764,
      -0.0283126
    ],
    [
      3.2239,
      9.28828,
      -0.0283126
    ],
    [
      3.5544,
      9.27892,
      -0.0283126
    ],
    [
      3.8849,
      9.26956,
      -0.0283126
    ],
    [
      4.21124,
      9.23342,
      -0.40497
    ],
    [
      4.56902,
      9.18952,
      -0.0589761
    ],
    [
      4.93076,
      9.16816,
      -0.0589761
    ],
    [
      5.2925,
      9.1468,
      -0.0589761
    ],
    [
      5.65424,
      9.12544,
      -0.0589761
    ],
    [
      6.01598,
      9.10408,
      -0.0589761
    ],
    [
      6.37772,
      9.08272,
      -0.0589761
    ],
    [
      6.73946,
      9.06137,
      -0.0589761
    ],
    [
      7.10047,
      9.03388,
      -0.238419
    ],
    [
      7.46478,
      9.04107,
      0.0691564
    ],
    [
      7.8297,
      9.06634,
      0.0691564
    ],
    [
      8.17244,
      9.16757,
      0.715129
    ],
    [
      8.47924,
      9.25756,
      -0.144506
    ],
    [
      8.74768,
      9.08386,
      -1.00414
    ],
    [
      8.9188,
      8.80193,
      -1.02554
    ],
    [
      9.08984,
      8.51996,
      -1.02554
    ],
    [
      9.26088,
      8.23799,
      -1.02554
    ],
    [
      9.4251,
      7.95248,
      -1.22586
    ],
    [
      9.39799,
      7.63389,
      -2.08549
    ],
    [
      9.26358,
      7.23656,
      -1.87725
    ],
    [
      9.13689,
      6.83618,
      -1.87725
    ],
    [
      8.97342,
      6.45406,
      -2.34131
    ],
    [
      8.80699,
      6.05735,
      -1.87107
    ],
    [
      8.6784,
      5.64204,
      -1.87107
    ],
    [
      8.6525,
      5.22109,
      -1.13325
    ],
    [
      9.0,
      5.0,
      0.0
    ]
  ]
}