{
  "robot": {
    "class": "RectangleRobot",
    "radius": 0.29211544567993036,
    "wheelbase": 0.3172104383672917,
    "max_velocity": 7.010275888019892,
    "max_steering_at_zero_v": 0.46876115669226204,
    "max_steering_at_max_v": 0.17696397583977566,
    "acceleration": 5,
    "width": 0.13086671697775315,
    "lenght": 0.5693853148849222
  },
  "planner": {
    "class": "Dubins_pathfinding",
    "start": [
      1.0,
      5.0
    ],
    "goal": [
      9.0,
      5.0
    ],
    "bounds": [
      0,
      10,
      0,
      10
    ],
    "max_runtime": 15.0,
    "goal_threshold": 0.0,
    "interpolate_steps": 50
  },
  "path": [
    [
      1.0,
      5.0,
      0.0
    ],
    [
      1.33137,
      5.09483,
      0.55744
    ],
    [
      1.56241,
      5.3506,
      1.11488
    ],
    [
      1.62317,
      5.68988,
      1.67232
    ],
    [
      1.50471,
      6.01553,
      2.04229
    ],
    [
      1.34611,
      6.32661,
      2.04229
    ],
    [
      1.18751,
      6.63769,
      2.04229
    ],
    [
      1.02891,
      6.94876,
      2.04229
    ],
    [
      0.870306,
      7.25984,
      2.04229
    ],
    [
      0.711706,
      7.57092,
      2.04229
    ],
    [
      0.643286,
      7.91667,
      1.57202
    ],
    [
      0.642851,
      8.27325,
      1.57202
    ],
    [
      0.642415,
      8.62982,
      1.57202
    ],
    [
      0.641979,
      8.98639,
      1.57202
    ],
    [
      0.737621,
      9.32493,
      1.01089
    ],
    [
      1.00063,
      9.55854,
      0.441638
    ],
    [
      1.33491,
      9.61571,
      -0.0621014
    ],
    [
      1.67751,
      9.59441,
      -0.0621014
    ],
    [
      2.02011,
      9.5731,
      -0.0621014
    ],
    [
      2.36271,
      9.5518,
      -0.0621014
    ],
    [
      2.70531,
      9.5305,
      -0.0621014
    ],
    [
      3.03171,
      9.43794,
      -0.54668
    ],
    [
      3.2628,
      9.18994,
      -1.09468
    ],
    [
      3.33085,
      8.85786,
      -1.64267
    ],
    [
      3.37666,
      8.513,
      -1.37417
    ],
    [
      3.44488,
      8.17056,
      -1.37417
    ],
    [
      3.5131,
      7.82811,
      -1.37417
    ],
    [
      3.58132,
      7.48566,
      -1.37417
    ],
    [
      3.64953,
      7.14321,
      -1.37417
    ],
    [
      3.71775,
      6.80076,
      -1.37417
    ],
    [
      3.82927,
      6.47287,
      -0.991462
    ],
    [
      4.09004,
      6.24748,
      -0.434022
    ],
    [
      4.43057,
      6.19417,
      0.123418
    ],
    [
      4.79581,
      6.24389,
      0.135434
    ],
    [
      5.16106,
      6.29366,
      0.135434
    ],
    [
      5.5263,
      6.34344,
      0.135434
    ],
    [
      5.89154,
      6.39321,
      0.135434
    ],
    [
      6.25678,
      6.44298,
      0.135434
    ],
    [
      6.59361,
      6.57963,
      0.677883
    ],
    [
      6.9052,
      6.72508,
      0.322928
    ],
    [
      7.23359,
      6.83497,
      0.322928
    ],
    [
      7.56197,
      6.94486,
      0.322928
    ],
    [
      7.89183,
      7.0496,
      0.192077
    ],
    [
      8.23251,
      7.0208,
      -0.360744
    ],
    [
      8.50731,
      6.8174,
      -0.913564
    ],
    [
      8.63439,
      6.50001,
      -1.46638
    ],
    [
      8.57587,
      6.16316,
      -2.0192
    ],
    [
      8.37641,
      5.68562,
      -1.66549
    ],
    [
      8.53661,
      5.20493,
      -0.832747
    ],
    [
      9.0,
      5.0,
      0.0
    ]
  ]
}