{
  "robot": {
    "class": "RectangleRobot",
    "radius": 0.34222474054886604,
    "wheelbase": 0.3320993789338175,
    "max_velocity": 11.74474013911465,
    "max_steering_at_zero_v": 0.43912544481049376,
    "max_steering_at_max_v": 0.18326630616246303,
    "acceleration": 5,
    "width": 0.629279973689528,
    "lenght": 0.26921702562850947
  },
  "planner": {
    "class": "Dubins_pathfinding",
    "start": [
      1.0,
      5.0
    ],
    "goal": [
      9.0,
      5.0
    ],
    "bounds": [
      0,
      10,
      0,
      10
    ],
    "max_runtime": 15.0,
    "goal_threshold": 0.0,
    "interpolate_steps": 50
  },
  "path": [
    [
      1.0,
      5.0,
      0.0
    ],
    [
      1.33515,
      4.91552,
      -0.493866
    ],
    [
      1.59021,
      4.68225,
      -0.987731
    ],
    [
      1.70422,
      4.35596,
      -1.4816
    ],
    [
      1.64992,
      4.01461,
      -1.97546
    ],
    [
      1.50268,
      3.698,
      -2.00713
    ],
    [
      1.35511,
      3.38154,
      -2.00713
    ],
    [
      1.20754,
      3.06508,
      -2.00713
    ],
    [
      1.05997,
      2.74862,
      -2.00713
    ],
    [
      0.912403,
      2.43216,
      -2.00713
    ],
    [
      0.797983,
      2.06317,
      -1.84851
    ],
    [
      0.691971,
      1.6913,
      -1.84851
    ],
    [
      0.586709,
      1.31923,
      -1.80161
    ],
    [
      0.602991,
      0.937694,
      -1.25469
    ],
    [
      0.81532,
      0.620279,
      -0.70777
    ],
    [
      1.16175,
      0.459588,
      -0.160852
    ],
    [
      1.54122,
      0.5025,
      0.386066
    ],
    [
      1.88344,
      0.56085,
      0.0639146
    ],
    [
      2.23191,
      0.583152,
      0.0639146
    ],
    [
      2.58037,
      0.605454,
      0.0639146
    ],
    [
      2.92883,
      0.627756,
      0.0639146
    ],
    [
      3.2773,
      0.650059,
      0.0639146
    ],
    [
      3.62576,
      0.672361,
      0.0639146
    ],
    [
      3.97422,
      0.694663,
      0.0639146
    ],
    [
      4.32269,
      0.716966,
      0.0639146
    ],
    [
      4.67115,
      0.739268,
      0.0639146
    ],
    [
      5.01867,
      0.744571,
      0.0125774
    ],
    [
      5.36623,
      0.748942,
      0.0125774
    ],
    [
      5.71378,
      0.753314,
      0.0125774
    ],
    [
      6.06133,
      0.757685,
      0.0125774
    ],
    [
      6.40888,
      0.762057,
      0.0125774
    ],
    [
      6.75644,
      0.766428,
      0.0125774
    ],
    [
      7.10399,
      0.7708,
      0.0125774
    ],
    [
      7.45154,
      0.775171,
      0.0125774
    ],
    [
      7.79909,
      0.778737,
      -0.0351674
    ],
    [
      8.18885,
      0.815831,
      0.115287
    ],
    [
      8.5781,
      0.860906,
      0.115287
    ],
    [
      8.94721,
      0.978804,
      0.578978
    ],
    [
      9.20075,
      1.27098,
      1.13319
    ],
    [
      9.26257,
      1.65286,
      1.68741
    ],
    [
      9.11416,
      2.01011,
      2.24162
    ],
    [
      8.94727,
      2.36325,
      1.91845
    ],
    [
      8.81344,
      2.73257,
      1.91845
    ],
    [
      8.6796,
      3.10189,
      1.91845
    ],
    [
      8.54577,
      3.47121,
      1.91845
    ],
    [
      8.41194,
      3.84053,
      1.91845
    ],
    [
      8.29727,
      4.21513,
      1.68112
    ],
    [
      8.36191,
      4.5975,
      1.12552
    ],
    [
      8.61851,
      4.88825,
      0.56992
    ],
    [
      9.0,
      5.0,
      0.0
    ]
  ]
}