{
  "robot": {
    "class": "RectangleRobot",
    "radius": 0.20734009304051815,
    "wheelbase": 0.2963326661019746,
    "max_velocity": 9.937144316350027,
    "max_steering_at_zero_v": 0.3925479081027018,
    "max_steering_at_max_v": 0.1579041928203292,
    "acceleration": 5,
    "width": 0.17074952037295713,
    "lenght": 0.37789450647053335
  },
  "planner": {
    "class": "Dubins_pathfinding",
    "start": [
      1.0,
      5.0
    ],
    "goal": [
      9.0,
      5.0
    ],
    "bounds": [
      0,
      10,
      0,
      10
    ],
    "max_runtime": 15.0,
    "goal_threshold": 0.0,
    "interpolate_steps": 50
  },
  "path": [
    [
      1.0,
      5.0,
      0.0
    ],
    [
      1.31631,
      5.07369,
      0.457768
    ],
    [
      1.56748,
      5.27958,
      0.915536
    ],
    [
      1.7018,
      5.57529,
      1.3733
    ],
    [
      1.69532,
      5.90062,
      1.72836
    ],
    [
      1.64391,
      6.2242,
      1.72836
    ],
    [
      1.5925,
      6.54777,
      1.72836
    ],
    [
      1.54109,
      6.87134,
      1.72836
    ],
    [
      1.56172,
      7.19547,
      1.2784
    ],
    [
      1.72346,
      7.47712,
      0.820635
    ],
    [
      1.97981,
      7.68939,
      0.665949
    ],
    [
      2.24178,
      7.89522,
      0.665949
    ],
    [
      2.50376,
      8.10105,
      0.665949
    ],
    [
      2.76573,
      8.30688,
      0.665949
    ],
    [
      3.02771,
      8.51271,
      0.665949
    ],
    [
      3.28968,
      8.71854,
      0.665949
    ],
    [
      3.55166,
      8.92437,
      0.665949
    ],
    [
      3.84115,
      9.08391,
      0.277233
    ],
    [
      4.14793,
      9.10765,
      -0.0366819
    ],
    [
      4.4571,
      9.09631,
      -0.0366819
    ],
    [
      4.76626,
      9.08496,
      -0.0366819
    ],
    [
      5.07543,
      9.07362,
      -0.0366819
    ],
    [
      5.38459,
      9.06227,
      -0.0366819
    ],
    [
      5.69376,
      9.05093,
      -0.0366819
    ],
    [
      6.00293,
      9.03958,
      -0.0366819
    ],
    [
      6.31209,
      9.02823,
      -0.0366819
    ],
    [
      6.62126,
      9.01689,
      -0.0366819
    ],
    [
      6.92483,
      9.06287,
      0.36541
    ],
    [
      7.25514,
      9.10813,
      -0.0315324
    ],
    [
      7.59109,
      9.09753,
      -0.0315324
    ],
    [
      7.92704,
      9.08693,
      -0.0315324
    ],
    [
      8.26299,
      9.07634,
      -0.0315324
    ],
    [
      8.59661,
      9.09894,
      0.273851
    ],
    [
      8.88913,
      9.11874,
      -0.138719
    ],
    [
      9.16505,
      9.01958,
      -0.551289
    ],
    [
      9.38054,
      8.82007,
      -0.869821
    ],
    [
      9.55927,
      8.5858,
      -1.07149
    ],
    [
      9.64396,
      8.30511,
      -1.48406
    ],
    [
      9.60899,
      8.01401,
      -1.89663
    ],
    [
      9.46024,
      7.76135,
      -2.3092
    ],
    [
      9.26471,
      7.47261,
      -2.13495
    ],
    [
      9.07801,
      7.17754,
      -2.13495
    ],
    [
      8.8913,
      6.88247,
      -2.13495
    ],
    [
      8.7046,
      6.5874,
      -2.13495
    ],
    [
      8.51789,
      6.29234,
      -2.13495
    ],
    [
      8.33993,
      5.9924,
      -1.96772
    ],
    [
      8.28724,
      5.65071,
      -1.47985
    ],
    [
      8.40087,
      5.32419,
      -0.991978
    ],
    [
      8.65429,
      5.08903,
      -0.504108
    ],
    [
      9.0,
      5.0,
      0.0
    ]
  ]
}