{
  "robot": {
    "class": "RectangleRobot",
    "radius": 0.2317838302595796,
    "wheelbase": 0.3513867176960188,
    "max_velocity": 8.839172069475136,
    "max_steering_at_zero_v": 0.454100275842083,
    "max_steering_at_max_v": 0.1674748633392926,
    "acceleration": 5,
    "width": 0.339506047705448,
    "lenght": 0.3156431837544294
  },
  "planner": {
    "class": "Dubins_pathfinding",
    "start": [
      1.0,
      5.0
    ],
    "goal": [
      9.0,
      5.0
    ],
    "bounds": [
      0,
      10,
      0,
      10
    ],
    "max_runtime": 15.0,
    "goal_threshold": 0.0,
    "interpolate_steps": 50
  },
  "path": [
    [
      1.0,
      5.0,
      0.0
    ],
    [
      1.31107,
      5.07068,
      0.446833
    ],
    [
      1.56105,
      5.26883,
      0.893666
    ],
    [
      1.70087,
      5.55555,
      1.3405
    ],
    [
      1.73977,
      5.87466,
      1.46753
    ],
    [
      1.77293,
      6.19461,
      1.46753
    ],
    [
      1.80608,
      6.51456,
      1.46753
    ],
    [
      1.83924,
      6.83451,
      1.46753
    ],
    [
      1.85567,
      7.15498,
      1.68329
    ],
    [
      1.89672,
      7.48792,
      1.21297
    ],
    [
      2.08418,
      7.76611,
      0.742659
    ],
    [
      2.36375,
      7.9562,
      0.562763
    ],
    [
      2.6501,
      8.13683,
      0.562763
    ],
    [
      2.93646,
      8.31747,
      0.562763
    ],
    [
      3.22282,
      8.4981,
      0.562763
    ],
    [
      3.50917,
      8.67873,
      0.562763
    ],
    [
      3.79553,
      8.85937,
      0.562763
    ],
    [
      4.07545,
      9.04899,
      0.738077
    ],
    [
      4.34444,
      9.20335,
      0.303861
    ],
    [
      4.65357,
      9.23238,
      -0.0527277
    ],
    [
      4.96572,
      9.21591,
      -0.0527277
    ],
    [
      5.27787,
      9.19944,
      -0.0527277
    ],
    [
      5.59001,
      9.18296,
      -0.0527277
    ],
    [
      5.90216,
      9.16649,
      -0.0527277
    ],
    [
      6.21293,
      9.13798,
      -0.236281
    ],
    [
      6.52518,
      9.1282,
      0.0922854
    ],
    [
      6.83811,
      9.15716,
      0.0922854
    ],
    [
      7.15103,
      9.18612,
      0.0922854
    ],
    [
      7.46395,
      9.21508,
      0.0922854
    ],
    [
      7.77687,
      9.24404,
      0.0922854
    ],
    [
      8.08979,
      9.273,
      0.0922854
    ],
    [
      8.40275,
      9.30144,
      0.0541535
    ],
    [
      8.71033,
      9.2505,
      -0.382393
    ],
    [
      8.96753,
      9.07429,
      -0.818939
    ],
    [
      9.1261,
      8.80586,
      -1.25549
    ],
    [
      9.2488,
      8.51367,
      -1.16367
    ],
    [
      9.37432,
      8.22259,
      -1.16367
    ],
    [
      9.49984,
      7.93151,
      -1.16367
    ],
    [
      9.6015,
      7.63255,
      -1.42817
    ],
    [
      9.57714,
      7.31906,
      -1.86851
    ],
    [
      9.42148,
      7.04586,
      -2.30885
    ],
    [
      9.16422,
      6.86507,
      -2.74919
    ],
    [
      8.85443,
      6.81118,
      3.09365
    ],
    [
      8.48129,
      6.72738,
      -2.65182
    ],
    [
      8.20372,
      6.46429,
      -2.11411
    ],
    [
      8.10007,
      6.09617,
      -1.5764
    ],
    [
      8.19746,
      5.72581,
      -1.12027
    ],
    [
      8.36666,
      5.37767,
      -1.07542
    ],
    [
      8.6313,
      5.10159,
      -0.53771
    ],
    [
      9.0,
      5.0,
      0.0
    ]
  ]
}