{
  "robot": {
    "class": "RectangleRobot",
    "radius": 0.38769536274999816,
    "wheelbase": 0.3319706789382947,
    "max_velocity": 8.753296901628744,
    "max_steering_at_zero_v": 0.4281265105021256,
    "max_steering_at_max_v": 0.20191782995351598,
    "acceleration": 5,
    "width": 0.6867923756289175,
    "lenght": 0.3599263952107412
  },
  "planner": {
    "class": "Dubins_pathfinding",
    "start": [
      1.0,
      5.0
    ],
    "goal": [
      9.0,
      5.0
    ],
    "bounds": [
      0,
      10,
      0,
      10
    ],
    "max_runtime": 15.0,
    "goal_threshold": 0.0,
    "interpolate_steps": 50
  },
  "path": [
    [
      1.0,
      5.0,
      0.0
    ],
    [
      1.33592,
      5.08221,
      0.480008
    ],
    [
      1.59592,
      5.31025,
      0.960015
    ],
    [
      1.72123,
      5.63258,
      1.44002
    ],
    [
      1.68353,
      5.97635,
      1.92003
    ],
    [
      1.56059,
      6.30317,
      1.9307
    ],
    [
      1.43762,
      6.62998,
      1.9307
    ],
    [
      1.31464,
      6.95678,
      1.9307
    ],
    [
      1.19167,
      7.28359,
      1.9307
    ],
    [
      1.06217,
      7.60758,
      2.07045
    ],
    [
      0.850877,
      7.94564,
      2.13297
    ],
    [
      0.638367,
      8.28297,
      2.13297
    ],
    [
      0.520011,
      8.65851,
      1.60235
    ],
    [
      0.591581,
      8.99686,
      1.12234
    ],
    [
      0.811307,
      9.26392,
      0.64233
    ],
    [
      1.12953,
      9.39933,
      0.162322
    ],
    [
      1.47816,
      9.40575,
      -0.0139314
    ],
    [
      1.82731,
      9.40088,
      -0.0139314
    ],
    [
      2.17645,
      9.39602,
      -0.0139314
    ],
    [
      2.52559,
      9.39115,
      -0.0139314
    ],
    [
      2.87473,
      9.38629,
      -0.0139314
    ],
    [
      3.22387,
      9.38142,
      -0.0139314
    ],
    [
      3.6162,
      9.36737,
      -0.0362792
    ],
    [
      4.00852,
      9.35313,
      -0.0362792
    ],
    [
      4.40084,
      9.33889,
      -0.0362792
    ],
    [
      4.79316,
      9.32465,
      -0.0362792
    ],
    [
      5.18548,
      9.31041,
      -0.0362792
    ],
    [
      5.5778,
      9.29617,
      -0.0362792
    ],
    [
      5.97012,
      9.28193,
      -0.0362792
    ],
    [
      6.36244,
      9.26807,
      -0.0037846
    ],
    [
      6.71051,
      9.24535,
      -0.0697467
    ],
    [
      7.0585,
      9.22103,
      -0.0697467
    ],
    [
      7.40648,
      9.19672,
      -0.0697467
    ],
    [
      7.75447,
      9.17241,
      -0.0697467
    ],
    [
      8.10246,
      9.1481,
      -0.0697467
    ],
    [
      8.45045,
      9.12379,
      -0.0697467
    ],
    [
      8.79843,
      9.09948,
      -0.0697467
    ],
    [
      9.13442,
      9.01728,
      -0.473838
    ],
    [
      9.39562,
      8.79113,
      -0.953377
    ],
    [
      9.52775,
      8.42624,
      -1.49339
    ],
    [
      9.45347,
      8.04535,
      -2.03339
    ],
    [
      9.26349,
      7.70153,
      -2.07739
    ],
    [
      9.07289,
      7.35805,
      -2.07739
    ],
    [
      8.88229,
      7.01456,
      -2.07739
    ],
    [
      8.69169,
      6.67108,
      -2.07739
    ],
    [
      8.5011,
      6.32759,
      -2.07739
    ],
    [
      8.31797,
      5.98044,
      -1.92601
    ],
    [
      8.30227,
      5.52167,
      -1.28401
    ],
    [
      8.56441,
      5.14484,
      -0.642004
    ],
    [
      9.0,
      5.0,
      0.0
    ]
  ]
}