{
  "robot": {
    "class": "RectangleRobot",
    "radius": 0.15084868875548293,
    "wheelbase": 0.43163568941377584,
    "max_velocity": 12.756921059584883,
    "max_steering_at_zero_v": 0.409327382273169,
    "max_steering_at_max_v": 0.20486736175269438,
    "acceleration": 5,
    "width": 0.15026646193190082,
    "lenght": 0.2616128781529358
  },
  "planner": {
    "class": "Dubins_pathfinding",
    "start": [
      1.0,
      5.0
    ],
    "goal": [
      9.0,
      5.0
    ],
    "bounds": [
      0,
      10,
      0,
      10
    ],
    "max_runtime": 15.0,
    "goal_threshold": 0.0,
    "interpolate_steps": 50
  },
  "path": [
    [
      1.0,
      5.0,
      0.0
    ],
    [
      1.3827,
      5.07655,
      0.394822
    ],
    [
      1.70651,
      5.2944,
      0.789644
    ],
    [
      1.92161,
      5.62005,
      1.18447
    ],
    [
      1.9949,
      6.00339,
      1.57929
    ],
    [
      1.91511,
      6.38542,
      1.97411
    ],
    [
      1.71968,
      6.72576,
      2.11837
    ],
    [
      1.51517,
      7.06115,
      2.11837
    ],
    [
      1.31066,
      7.39654,
      2.11837
    ],
    [
      1.13508,
      7.74749,
      2.02324
    ],
    [
      0.963473,
      8.10053,
      2.02324
    ],
    [
      0.792971,
      8.45408,
      1.97382
    ],
    [
      0.713292,
      8.83585,
      1.57929
    ],
    [
      0.771032,
      9.17841,
      1.22833
    ],
    [
      0.94302,
      9.48023,
      0.87738
    ],
    [
      1.20829,
      9.70453,
      0.526427
    ],
    [
      1.5345,
      9.82396,
      0.175474
    ],
    [
      1.88189,
      9.82396,
      -0.175478
    ],
    [
      2.2254,
      9.76134,
      -0.180353
    ],
    [
      2.56892,
      9.6987,
      -0.180353
    ],
    [
      2.91243,
      9.63607,
      -0.180353
    ],
    [
      3.25594,
      9.57343,
      -0.180353
    ],
    [
      3.64778,
      9.55954,
      0.0107975
    ],
    [
      4.04058,
      9.56378,
      0.0107975
    ],
    [
      4.43338,
      9.56802,
      0.0107975
    ],
    [
      4.82618,
      9.57227,
      0.0107975
    ],
    [
      5.21898,
      9.57651,
      0.0107975
    ],
    [
      5.61179,
      9.58075,
      0.0107975
    ],
    [
      6.00459,
      9.58499,
      0.0107975
    ],
    [
      6.39739,
      9.58923,
      0.0107975
    ],
    [
      6.78172,
      9.63065,
      0.123743
    ],
    [
      7.16551,
      9.67838,
      0.123743
    ],
    [
      7.5493,
      9.72612,
      0.123743
    ],
    [
      7.93311,
      9.77363,
      0.10243
    ],
    [
      8.31581,
      9.73835,
      -0.286283
    ],
    [
      8.65658,
      9.56066,
      -0.674997
    ],
    [
      8.90458,
      9.26708,
      -1.06371
    ],
    [
      9.01768,
      8.93862,
      -1.41466
    ],
    [
      9.01096,
      8.59129,
      -1.76562
    ],
    [
      8.89388,
      8.26325,
      -1.97758
    ],
    [
      8.75573,
      7.94257,
      -1.97758
    ],
    [
      8.61757,
      7.62188,
      -1.97758
    ],
    [
      8.47942,
      7.3012,
      -1.97758
    ],
    [
      8.34126,
      6.98052,
      -1.97758
    ],
    [
      8.20311,
      6.65984,
      -1.97758
    ],
    [
      8.0663,
      6.3386,
      -1.92347
    ],
    [
      8.01323,
      5.86775,
      -1.44261
    ],
    [
      8.18397,
      5.42574,
      -0.961737
    ],
    [
      8.53979,
      5.11283,
      -0.480869
    ],
    [
      9.0,
      5.0,
      0.0
    ]
  ]
}