{
  "robot": {
    "class": "RectangleRobot",
    "radius": 0.24725195746053852,
    "wheelbase": 0.49381257463812706,
    "max_velocity": 8.122931339662149,
    "max_steering_at_zero_v": 0.46568090313217086,
    "max_steering_at_max_v": 0.23897583055184457,
    "acceleration": 5,
    "width": 0.44844174675484505,
    "lenght": 0.20840854502571438
  },
  "planner": {
    "class": "Dubins_pathfinding",
    "start": [
      1.0,
      5.0
    ],
    "goal": [
      9.0,
      5.0
    ],
    "bounds": [
      0,
      10,
      0,
      10
    ],
    "max_runtime": 15.0,
    "goal_threshold": 0.0,
    "interpolate_steps": 50
  },
  "path": [
    [
      1.0,
      5.0,
      0.0
    ],
    [
      1.38244,
      5.07748,
      0.399769
    ],
    [
      1.70458,
      5.2977,
      0.799538
    ],
    [
      1.9156,
      5.62593,
      1.19931
    ],
    [
      1.98223,
      6.01041,
      1.59908
    ],
    [
      1.89397,
      6.39051,
      1.99885
    ],
    [
      1.68432,
      6.72203,
      2.17228
    ],
    [
      1.46203,
      7.04591,
      2.17228
    ],
    [
      1.23975,
      7.36979,
      2.17228
    ],
    [
      1.04671,
      7.61191,
      2.25464
    ],
    [
      0.851501,
      7.85236,
      2.21972
    ],
    [
      0.682108,
      8.20389,
      1.81995
    ],
    [
      0.662889,
      8.59363,
      1.42018
    ],
    [
      0.796874,
      8.96012,
      1.02042
    ],
    [
      1.06293,
      9.24556,
      0.620646
    ],
    [
      1.41911,
      9.40494,
      0.220877
    ],
    [
      1.80924,
      9.41314,
      -0.178892
    ],
    [
      2.17179,
      9.26884,
      -0.578661
    ],
    [
      2.4496,
      8.99482,
      -0.978431
    ],
    [
      2.4496,
      8.99482,
      -0.978431
    ],
    [
      2.7274,
      8.72079,
      -0.578661
    ],
    [
      3.08996,
      8.5765,
      -0.178892
    ],
    [
      3.48008,
      8.58469,
      0.220877
    ],
    [
      3.83626,
      8.74407,
      0.620646
    ],
    [
      4.10319,
      9.02894,
      0.974359
    ],
    [
      4.33763,
      9.34326,
      0.78586
    ],
    [
      4.66274,
      9.55905,
      0.38609
    ],
    [
      5.04621,
      9.63129,
      -0.0136789
    ],
    [
      5.43763,
      9.59883,
      -0.0900448
    ],
    [
      5.82886,
      9.5635,
      -0.0900448
    ],
    [
      6.22009,
      9.52818,
      -0.0900448
    ],
    [
      6.61132,
      9.49286,
      -0.0900448
    ],
    [
      7.00255,
      9.45753,
      -0.0900448
    ],
    [
      7.39379,
      9.42221,
      -0.0900448
    ],
    [
      7.78502,
      9.38688,
      -0.0900448
    ],
    [
      8.17625,
      9.35156,
      -0.0900448
    ],
    [
      8.55018,
      9.24001,
      -0.489814
    ],
    [
      8.8512,
      8.99171,
      -0.889583
    ],
    [
      9.03185,
      8.64583,
      -1.28935
    ],
    [
      9.06364,
      8.25692,
      -1.68912
    ],
    [
      8.94158,
      7.88628,
      -2.08221
    ],
    [
      8.74932,
      7.54372,
      -2.08221
    ],
    [
      8.55707,
      7.20116,
      -2.08221
    ],
    [
      8.36482,
      6.8586,
      -2.08221
    ],
    [
      8.16097,
      6.49538,
      -2.08221
    ],
    [
      8.02501,
      6.10485,
      -1.6955
    ],
    [
      8.06102,
      5.69302,
      -1.27163
    ],
    [
      8.26323,
      5.33245,
      -0.84775
    ],
    [
      8.59585,
      5.08696,
      -0.423875
    ],
    [
      9.0,
      5.0,
      0.0
    ]
  ]
}