{
  "robot": {
    "class": "RectangleRobot",
    "radius": 0.19095961853642987,
    "wheelbase": 0.43801065051278265,
    "max_velocity": 10.84340148226546,
    "max_steering_at_zero_v": 0.4173578274254503,
    "max_steering_at_max_v": 0.1874201374307256,
    "acceleration": 5,
    "width": 0.2678714924320814,
    "lenght": 0.2722263161204746
  },
  "planner": {
    "class": "Dubins_pathfinding",
    "start": [
      1.0,
      5.0
    ],
    "goal": [
      9.0,
      5.0
    ],
    "bounds": [
      0,
      10,
      0,
      10
    ],
    "max_runtime": 15.0,
    "goal_threshold": 0.0,
    "interpolate_steps": 50
  },
  "path": [
    [
      1.0,
      5.0,
      0.0
    ],
    [
      1.47535,
      4.87811,
      -0.502034
    ],
    [
      1.83339,
      4.54251,
      -1.00407
    ],
    [
      1.98576,
      4.07603,
      -1.5061
    ],
    [
      1.89486,
      3.59379,
      -2.00814
    ],
    [
      1.59884,
      3.19871,
      -2.29655
    ],
    [
      1.33227,
      2.78539,
      -1.90458
    ],
    [
      1.05047,
      2.34845,
      -2.26803
    ],
    [
      0.760067,
      1.91646,
      -1.93353
    ],
    [
      0.70961,
      1.40128,
      -1.40331
    ],
    [
      0.926622,
      0.93131,
      -0.873097
    ],
    [
      1.35151,
      0.635619,
      -0.342879
    ],
    [
      1.8676,
      0.595402,
      0.187338
    ],
    [
      2.38593,
      0.66579,
      0.132091
    ],
    [
      2.90449,
      0.734688,
      0.132091
    ],
    [
      3.42304,
      0.803586,
      0.132091
    ],
    [
      3.9416,
      0.872484,
      0.132091
    ],
    [
      4.46036,
      0.939621,
      0.0721917
    ],
    [
      4.9119,
      0.922392,
      -0.0561054
    ],
    [
      5.36334,
      0.897037,
      -0.0561054
    ],
    [
      5.81478,
      0.871683,
      -0.0561054
    ],
    [
      6.26622,
      0.846328,
      -0.0561054
    ],
    [
      6.71766,
      0.820973,
      -0.0561054
    ],
    [
      7.16763,
      0.782479,
      -0.219771
    ],
    [
      7.67945,
      0.803705,
      0.272068
    ],
    [
      8.17844,
      0.942916,
      0.272068
    ],
    [
      8.68108,
      1.06491,
      0.083226
    ],
    [
      9.10489,
      1.20089,
      0.537698
    ],
    [
      9.42598,
      1.50911,
      0.99217
    ],
    [
      9.57918,
      1.927,
      1.44664
    ],
    [
      9.53339,
      2.36972,
      1.90111
    ],
    [
      9.35395,
      2.78113,
      1.99095
    ],
    [
      9.17083,
      3.19103,
      1.99095
    ],
    [
      8.9877,
      3.60092,
      1.99095
    ],
    [
      8.90364,
      4.06428,
      1.50959
    ],
    [
      9.0277,
      4.52098,
      1.21628
    ],
    [
      9.21088,
      4.95879,
      1.01569
    ],
    [
      9.37694,
      5.38604,
      1.26886
    ],
    [
      9.51372,
      5.82521,
      1.26886
    ],
    [
      9.64979,
      6.26458,
      1.30752
    ],
    [
      9.66368,
      6.72019,
      1.77315
    ],
    [
      9.47151,
      7.13354,
      2.23879
    ],
    [
      9.00629,
      7.45949,
      2.82208
    ],
    [
      8.43845,
      7.47533,
      -2.87782
    ],
    [
      7.95579,
      7.17579,
      -2.29454
    ],
    [
      7.7179,
      6.65995,
      -1.71125
    ],
    [
      7.80346,
      6.09838,
      -1.12797
    ],
    [
      8.08615,
      5.59638,
      -1.05313
    ],
    [
      8.45593,
      5.16333,
      -0.583285
    ],
    [
      9.0,
      5.0,
      0.0
    ]
  ]
}