{
  "robot": {
    "class": "RectangleRobot",
    "radius": 0.3194076269963821,
    "wheelbase": 0.3865958472439254,
    "max_velocity": 8.769136146019616,
    "max_steering_at_zero_v": 0.47856478113269135,
    "max_steering_at_max_v": 0.2299642805836994,
    "acceleration": 5,
    "width": 0.5598036720856757,
    "lenght": 0.3077414132891982
  },
  "planner": {
    "class": "Dubins_pathfinding",
    "start": [
      1.0,
      5.0
    ],
    "goal": [
      9.0,
      5.0
    ],
    "bounds": [
      0,
      10,
      0,
      10
    ],
    "max_runtime": 15.0,
    "goal_threshold": 0.0,
    "interpolate_steps": 50
  },
  "path": [
    [
      1.0,
      5.0,
      0.0
    ],
    [
      1.33654,
      5.08032,
      0.468573
    ],
    [
      1.60053,
      5.30397,
      0.937146
    ],
    [
      1.73506,
      5.62273,
      1.40572
    ],
    [
      1.71113,
      5.9679,
      1.87429
    ],
    [
      1.56308,
      6.28369,
      2.03765
    ],
    [
      1.40592,
      6.5955,
      2.03765
    ],
    [
      1.24877,
      6.90731,
      2.03765
    ],
    [
      1.09161,
      7.21912,
      2.03765
    ],
    [
      0.934453,
      7.53093,
      2.03765
    ],
    [
      0.728408,
      7.87346,
      2.11842
    ],
    [
      0.52097,
      8.21521,
      2.07119
    ],
    [
      0.43009,
      8.59962,
      1.5347
    ],
    [
      0.548458,
      8.97648,
      0.998215
    ],
    [
      0.842817,
      9.23989,
      0.461726
    ],
    [
      1.23046,
      9.31584,
      -0.0747629
    ],
    [
      1.5781,
      9.32965,
      0.0587795
    ],
    [
      1.92565,
      9.3501,
      0.0587795
    ],
    [
      2.27319,
      9.37056,
      0.0587795
    ],
    [
      2.62074,
      9.39101,
      0.0587795
    ],
    [
      2.96829,
      9.41146,
      0.0587795
    ],
    [
      3.31584,
      9.43191,
      0.0587795
    ],
    [
      3.66338,
      9.45237,
      0.0587795
    ],
    [
      4.0097,
      9.48342,
      0.228116
    ],
    [
      4.43535,
      9.49892,
      -0.0151304
    ],
    [
      4.86245,
      9.49246,
      -0.0151304
    ],
    [
      5.28843,
      9.4721,
      -0.208641
    ],
    [
      5.66077,
      9.45207,
      -0.0172549
    ],
    [
      6.03421,
      9.44563,
      -0.0172549
    ],
    [
      6.40766,
      9.43918,
      -0.0172549
    ],
    [
      6.7811,
      9.43274,
      -0.0172549
    ],
    [
      7.15452,
      9.42564,
      -0.0590279
    ],
    [
      7.52849,
      9.43474,
      0.0326861
    ],
    [
      7.90246,
      9.44697,
      0.0326861
    ],
    [
      8.27642,
      9.45919,
      0.0326861
    ],
    [
      8.64506,
      9.41616,
      -0.354115
    ],
    [
      8.94955,
      9.20553,
      -0.856223
    ],
    [
      9.11509,
      8.87435,
      -1.35833
    ],
    [
      9.1277,
      8.51781,
      -1.59247
    ],
    [
      9.11994,
      8.16012,
      -1.59247
    ],
    [
      9.11219,
      7.80244,
      -1.59247
    ],
    [
      9.10443,
      7.44475,
      -1.59247
    ],
    [
      9.08944,
      7.08756,
      -1.73202
    ],
    [
      8.95104,
      6.76136,
      -2.21213
    ],
    [
      8.67762,
      6.53597,
      -2.69224
    ],
    [
      8.36638,
      6.25483,
      -2.1217
    ],
    [
      8.25592,
      5.85012,
      -1.58182
    ],
    [
      8.32256,
      5.43473,
      -1.14108
    ],
    [
      8.59753,
      5.11803,
      -0.570539
    ],
    [
      9.0,
      5.0,
      0.0
    ]
  ]
}