{
  "robot": {
    "class": "RectangleRobot",
    "radius": 0.4136549601363891,
    "wheelbase": 0.33984307146926274,
    "max_velocity": 7.480240119793576,
    "max_steering_at_zero_v": 0.4403175893087625,
    "max_steering_at_max_v": 0.18180001810351312,
    "acceleration": 5,
    "width": 0.5021325195982076,
    "lenght": 0.6574987733400772
  },
  "planner": {
    "class": "Dubins_pathfinding",
    "start": [
      1.0,
      5.0
    ],
    "goal": [
      9.0,
      5.0
    ],
    "bounds": [
      0,
      10,
      0,
      10
    ],
    "max_runtime": 15.0,
    "goal_threshold": 0.0,
    "interpolate_steps": 50
  },
  "path": [
    [
      1.0,
      5.0,
      0.0
    ],
    [
      1.40481,
      4.87569,
      -0.59588
    ],
    [
      1.67008,
      4.54561,
      -1.19176
    ],
    [
      1.70439,
      4.12354,
      -1.78764
    ],
    [
      1.54568,
      3.72483,
      -1.98091
    ],
    [
      1.37431,
      3.33067,
      -1.98091
    ],
    [
      1.20295,
      2.93652,
      -1.98091
    ],
    [
      1.01488,
      2.5512,
      -2.20993
    ],
    [
      0.789425,
      2.13181,
      -2.04301
    ],
    [
      0.573673,
      1.70686,
      -1.98658
    ],
    [
      0.550355,
      1.18411,
      -1.24416
    ],
    [
      0.827184,
      0.730004,
      -0.758936
    ],
    [
      1.31162,
      0.532162,
      -0.016516
    ],
    [
      1.7596,
      0.560491,
      0.0690308
    ],
    [
      2.20747,
      0.591458,
      0.0690308
    ],
    [
      2.65534,
      0.622424,
      0.0690308
    ],
    [
      3.10321,
      0.65339,
      0.0690308
    ],
    [
      3.55108,
      0.684356,
      0.0690308
    ],
    [
      3.99896,
      0.715322,
      0.0690308
    ],
    [
      4.44683,
      0.746288,
      0.0690308
    ],
    [
      4.89553,
      0.751767,
      0.00934762
    ],
    [
      5.34427,
      0.755962,
      0.00934762
    ],
    [
      5.79301,
      0.760157,
      0.00934762
    ],
    [
      6.24174,
      0.764351,
      0.00934762
    ],
    [
      6.69048,
      0.768546,
      0.00934762
    ],
    [
      7.13922,
      0.772741,
      0.00934762
    ],
    [
      7.58796,
      0.776921,
      0.00303687
    ],
    [
      8.05228,
      0.742684,
      -0.0787861
    ],
    [
      8.51667,
      0.711118,
      0.0399894
    ],
    [
      8.94448,
      0.873504,
      0.685561
    ],
    [
      9.18849,
      1.26061,
      1.33113
    ],
    [
      9.2392,
      1.70638,
      1.47389
    ],
    [
      9.28264,
      2.15322,
      1.47389
    ],
    [
      9.32608,
      2.60005,
      1.47389
    ],
    [
      9.36952,
      3.04689,
      1.47389
    ],
    [
      9.41296,
      3.49372,
      1.47389
    ],
    [
      9.4564,
      3.94055,
      1.47389
    ],
    [
      9.49984,
      4.38739,
      1.47389
    ],
    [
      9.50853,
      4.84373,
      1.55723
    ],
    [
      9.51473,
      5.30017,
      1.55723
    ],
    [
      9.52092,
      5.75661,
      1.55723
    ],
    [
      9.52711,
      6.21305,
      1.55723
    ],
    [
      9.47405,
      6.66221,
      1.96505
    ],
    [
      9.1812,
      7.00244,
      2.59794
    ],
    [
      8.57592,
      7.06804,
      -2.81385
    ],
    [
      8.13607,
      6.64709,
      -1.94246
    ],
    [
      8.15893,
      6.03357,
      -1.28941
    ],
    [
      8.33938,
      5.43176,
      -1.15776
    ],
    [
      8.79626,
      5.02937,
      -0.286367
    ],
    [
      9.0,
      5.0,
      0.0
    ]
  ]
}