{
  "robot": {
    "class": "RectangleRobot",
    "radius": 0.2430455629803016,
    "wheelbase": 0.2790129974109356,
    "max_velocity": 10.178551743477323,
    "max_steering_at_zero_v": 0.484337141393487,
    "max_steering_at_max_v": 0.18353861178230776,
    "acceleration": 5,
    "width": 0.4335770396258799,
    "lenght": 0.21976244776327275
  },
  "planner": {
    "class": "Dubins_pathfinding",
    "start": [
      1.0,
      5.0
    ],
    "goal": [
      9.0,
      5.0
    ],
    "bounds": [
      0,
      10,
      0,
      10
    ],
    "max_runtime": 15.0,
    "goal_threshold": 0.0,
    "interpolate_steps": 50
  },
  "path": [
    [
      1.0,
      5.0,
      0.0
    ],
    [
      1.30438,
      5.09605,
      0.611336
    ],
    [
      1.49849,
      5.3494,
      1.22267
    ],
    [
      1.51204,
      5.66828,
      1.83401
    ],
    [
      1.40186,
      5.97312,
      1.92429
    ],
    [
      1.3164,
      6.28398,
      1.60123
    ],
    [
      1.22526,
      6.64455,
      1.86932
    ],
    [
      1.11552,
      7.00116,
      1.86932
    ],
    [
      1.00579,
      7.35778,
      1.86932
    ],
    [
      0.896047,
      7.71439,
      1.86932
    ],
    [
      0.786309,
      8.07101,
      1.86932
    ],
    [
      0.67657,
      8.42762,
      1.86932
    ],
    [
      0.632673,
      8.79293,
      1.36709
    ],
    [
      0.79792,
      9.08042,
      0.731138
    ],
    [
      1.10112,
      9.2165,
      0.201267
    ],
    [
      1.43157,
      9.28392,
      0.201267
    ],
    [
      1.76201,
      9.35134,
      0.201267
    ],
    [
      2.07968,
      9.45606,
      0.587647
    ],
    [
      2.4112,
      9.54369,
      -0.0707959
    ],
    [
      2.75948,
      9.51866,
      -0.0717479
    ],
    [
      3.10775,
      9.49363,
      -0.0717479
    ],
    [
      3.45603,
      9.46859,
      -0.0717479
    ],
    [
      3.80431,
      9.44356,
      -0.0717479
    ],
    [
      4.15259,
      9.41853,
      -0.0717479
    ],
    [
      4.50087,
      9.3935,
      -0.0717479
    ],
    [
      4.84914,
      9.36847,
      -0.0717479
    ],
    [
      5.19742,
      9.34344,
      -0.0717479
    ],
    [
      5.5639,
      9.34908,
      0.0216937
    ],
    [
      5.93041,
      9.35703,
      0.0216937
    ],
    [
      6.29691,
      9.36498,
      0.0216937
    ],
    [
      6.66342,
      9.37293,
      0.0216937
    ],
    [
      7.02992,
      9.38088,
      0.0216937
    ],
    [
      7.39643,
      9.38884,
      0.0216937
    ],
    [
      7.76293,
      9.39679,
      0.0216937
    ],
    [
      8.12753,
      9.42235,
      0.280363
    ],
    [
      8.48419,
      9.39974,
      -0.406984
    ],
    [
      8.7579,
      9.16514,
      -0.85296
    ],
    [
      8.98743,
      8.8829,
      -1.07283
    ],
    [
      9.04883,
      8.57332,
      -1.67713
    ],
    [
      8.97513,
      8.26167,
      -1.81986
    ],
    [
      8.89613,
      7.95109,
      -1.81986
    ],
    [
      8.81714,
      7.64052,
      -1.81986
    ],
    [
      8.73815,
      7.32994,
      -1.81986
    ],
    [
      8.65915,
      7.01937,
      -1.81986
    ],
    [
      8.58016,
      6.7088,
      -1.81986
    ],
    [
      8.50117,
      6.39822,
      -1.81986
    ],
    [
      8.4044,
      6.0939,
      -2.08671
    ],
    [
      8.37467,
      5.63194,
      -1.1834
    ],
    [
      8.58351,
      5.20204,
      -0.903314
    ],
    [
      9.0,
      5.0,
      0.0
    ]
  ]
}