{
  "robot": {
    "class": "RectangleRobot",
    "radius": 0.3221667457738758,
    "wheelbase": 0.4005723303902343,
    "max_velocity": 10.004459379152184,
    "max_steering_at_zero_v": 0.49321554498121717,
    "max_steering_at_max_v": 0.20252165102363504,
    "acceleration": 5,
    "width": 0.2198613830553994,
    "lenght": 0.605662134007966
  },
  "planner": {
    "class": "Dubins_pathfinding",
    "start": [
      1.0,
      5.0
    ],
    "goal": [
      9.0,
      5.0
    ],
    "bounds": [
      0,
      10,
      0,
      10
    ],
    "max_runtime": 15.0,
    "goal_threshold": 0.0,
    "interpolate_steps": 50
  },
  "path": [
    [
      1.0,
      5.0,
      0.0
    ],
    [
      1.37488,
      5.10116,
      0.527127
    ],
    [
      1.64799,
      5.37717,
      1.05425
    ],
    [
      1.74517,
      5.7531,
      1.58138
    ],
    [
      1.64005,
      6.12689,
      2.10851
    ],
    [
      1.43546,
      6.46223,
      2.11872
    ],
    [
      1.23083,
      6.79755,
      2.11872
    ],
    [
      1.0262,
      7.13287,
      2.11872
    ],
    [
      0.821575,
      7.46818,
      2.11872
    ],
    [
      0.684035,
      7.80237,
      1.92109
    ],
    [
      0.55979,
      8.14242,
      1.92109
    ],
    [
      0.440146,
      8.48397,
      1.80717
    ],
    [
      0.442489,
      8.84245,
      1.32135
    ],
    [
      0.611952,
      9.15837,
      0.835522
    ],
    [
      0.897268,
      9.35408,
      0.366964
    ],
    [
      1.24032,
      9.40599,
      0.0267987
    ],
    [
      1.58937,
      9.41535,
      0.0267987
    ],
    [
      1.93842,
      9.42471,
      0.0267987
    ],
    [
      2.28747,
      9.43406,
      0.0267987
    ],
    [
      2.63652,
      9.44342,
      0.0267987
    ],
    [
      2.98557,
      9.45278,
      0.0267987
    ],
    [
      3.33462,
      9.46213,
      0.0267987
    ],
    [
      3.68367,
      9.47149,
      0.0267987
    ],
    [
      4.03419,
      9.50717,
      0.10849
    ],
    [
      4.3845,
      9.54532,
      0.10849
    ],
    [
      4.73438,
      9.58656,
      0.199977
    ],
    [
      5.1258,
      9.58775,
      -0.0619345
    ],
    [
      5.51788,
      9.56344,
      -0.0619345
    ],
    [
      5.90995,
      9.53913,
      -0.0619345
    ],
    [
      6.30202,
      9.51481,
      -0.0619345
    ],
    [
      6.69409,
      9.4905,
      -0.0619345
    ],
    [
      7.08616,
      9.46618,
      -0.0619345
    ],
    [
      7.47823,
      9.44187,
      -0.0619345
    ],
    [
      7.8703,
      9.41756,
      -0.0619345
    ],
    [
      8.23011,
      9.3655,
      -0.151994
    ],
    [
      8.58955,
      9.31044,
      -0.151994
    ],
    [
      8.94851,
      9.25275,
      -0.236717
    ],
    [
      9.26775,
      9.08627,
      -0.724678
    ],
    [
      9.48137,
      8.76202,
      -1.2518
    ],
    [
      9.50288,
      8.37433,
      -1.77893
    ],
    [
      9.34659,
      8.01563,
      -2.05273
    ],
    [
      9.16452,
      7.66755,
      -2.05273
    ],
    [
      8.98244,
      7.31947,
      -2.05273
    ],
    [
      8.80037,
      6.97139,
      -2.05273
    ],
    [
      8.6183,
      6.62331,
      -2.05273
    ],
    [
      8.43623,
      6.27523,
      -2.05273
    ],
    [
      8.26662,
      5.87748,
      -1.74923
    ],
    [
      8.31497,
      5.45183,
      -1.16615
    ],
    [
      8.58969,
      5.12313,
      -0.583076
    ],
    [
      9.0,
      5.0,
      0.0
    ]
  ]
}