{
  "robot": {
    "class": "RectangleRobot",
    "radius": 0.31767924725820545,
    "wheelbase": 0.2605660887507296,
    "max_velocity": 8.689716072707501,
    "max_steering_at_zero_v": 0.3676668732614834,
    "max_steering_at_max_v": 0.25307954433598223,
    "acceleration": 5,
    "width": 0.22564615164570107,
    "lenght": 0.5939395851445207
  },
  "planner": {
    "class": "Dubins_pathfinding",
    "start": [
      1.0,
      5.0
    ],
    "goal": [
      9.0,
      5.0
    ],
    "bounds": [
      0,
      10,
      0,
      10
    ],
    "max_runtime": 15.0,
    "goal_threshold": 0.0,
    "interpolate_steps": 50
  },
  "path": [
    [
      1.0,
      5.0,
      0.0
    ],
    [
      1.33388,
      4.91187,
      -0.516169
    ],
    [
      1.58076,
      4.67043,
      -1.03234
    ],
    [
      1.67631,
      4.3386,
      -1.54851
    ],
    [
      1.60763,
      3.99828,
      -1.86981
    ],
    [
      1.50477,
      3.66459,
      -1.86981
    ],
    [
      1.40191,
      3.33091,
      -1.86981
    ],
    [
      1.29905,
      2.99723,
      -1.86981
    ],
    [
      1.19619,
      2.66355,
      -1.86981
    ],
    [
      1.09333,
      2.32986,
      -1.86981
    ],
    [
      0.904307,
      2.01697,
      -2.23977
    ],
    [
      0.675864,
      1.72802,
      -2.23977
    ],
    [
      0.477649,
      1.4201,
      -1.91446
    ],
    [
      0.45169,
      1.05721,
      -1.36996
    ],
    [
      0.605982,
      0.746115,
      -0.850815
    ],
    [
      0.894292,
      0.552556,
      -0.331672
    ],
    [
      1.24065,
      0.52754,
      0.187471
    ],
    [
      1.57469,
      0.635053,
      0.331281
    ],
    [
      1.90679,
      0.749278,
      0.331281
    ],
    [
      2.23912,
      0.86275,
      0.282847
    ],
    [
      2.58576,
      0.889319,
      -0.00197454
    ],
    [
      2.93494,
      0.88863,
      -0.00197454
    ],
    [
      3.28411,
      0.88794,
      -0.00197454
    ],
    [
      3.63329,
      0.887251,
      -0.00197454
    ],
    [
      3.98246,
      0.886561,
      -0.00197454
    ],
    [
      4.33164,
      0.885872,
      -0.00197454
    ],
    [
      4.68081,
      0.885182,
      -0.00197454
    ],
    [
      5.02999,
      0.884493,
      -0.00197454
    ],
    [
      5.37916,
      0.883803,
      -0.00197454
    ],
    [
      5.75784,
      0.882365,
      -0.00380142
    ],
    [
      6.13651,
      0.880926,
      -0.00380142
    ],
    [
      6.51518,
      0.879486,
      -0.00380142
    ],
    [
      6.89385,
      0.878047,
      -0.00380142
    ],
    [
      7.27252,
      0.876607,
      -0.00380142
    ],
    [
      7.65119,
      0.875168,
      -0.00380142
    ],
    [
      8.02986,
      0.873728,
      -0.00380142
    ],
    [
      8.40853,
      0.872318,
      0.00547307
    ],
    [
      8.74398,
      0.963465,
      0.525154
    ],
    [
      8.98988,
      1.20916,
      1.04484
    ],
    [
      9.08129,
      1.54454,
      1.56452
    ],
    [
      9.0223,
      1.89024,
      1.78767
    ],
    [
      8.94665,
      2.23356,
      1.78767
    ],
    [
      8.87101,
      2.57688,
      1.78767
    ],
    [
      8.79537,
      2.92019,
      1.78767
    ],
    [
      8.71725,
      3.26289,
      1.87449
    ],
    [
      8.57075,
      3.54729,
      2.10003
    ],
    [
      8.40822,
      3.8238,
      2.14537
    ],
    [
      8.31374,
      4.33032,
      1.39156
    ],
    [
      8.52364,
      4.80384,
      0.781262
    ],
    [
      9.0,
      5.0,
      0.0
    ]
  ]
}