{
  "robot": {
    "class": "RectangleRobot",
    "radius": 0.3784518009412118,
    "wheelbase": 0.3012224300746631,
    "max_velocity": 9.384195168784878,
    "max_steering_at_zero_v": 0.37806227493642636,
    "max_steering_at_max_v": 0.19059655040250478,
    "acceleration": 5,
    "width": 0.339247296623273,
    "lenght": 0.6766197856081266
  },
  "planner": {
    "class": "Dubins_pathfinding",
    "start": [
      1.0,
      5.0
    ],
    "goal": [
      9.0,
      5.0
    ],
    "bounds": [
      0,
      10,
      0,
      10
    ],
    "max_runtime": 15.0,
    "goal_threshold": 0.0,
    "interpolate_steps": 50
  },
  "path": [
    [
      1.0,
      5.0,
      0.0
    ],
    [
      1.37549,
      5.09948,
      0.517945
    ],
    [
      1.65249,
      5.37181,
      1.03589
    ],
    [
      1.75832,
      5.74556,
      1.55384
    ],
    [
      1.66535,
      6.12276,
      2.05231
    ],
    [
      1.48343,
      6.47091,
      2.05231
    ],
    [
      1.3015,
      6.81907,
      2.05231
    ],
    [
      1.11957,
      7.16723,
      2.05231
    ],
    [
      0.937649,
      7.51539,
      2.05231
    ],
    [
      0.75979,
      7.84681,
      2.06345
    ],
    [
      0.581889,
      8.17822,
      2.06345
    ],
    [
      0.422948,
      8.51797,
      1.82955
    ],
    [
      0.418935,
      8.89024,
      1.3336
    ],
    [
      0.592555,
      9.21958,
      0.837661
    ],
    [
      0.901973,
      9.42661,
      0.341718
    ],
    [
      1.27263,
      9.46146,
      -0.154225
    ],
    [
      1.66401,
      9.42841,
      -0.0787363
    ],
    [
      2.05562,
      9.39751,
      -0.0787363
    ],
    [
      2.44723,
      9.36662,
      -0.0787363
    ],
    [
      2.83883,
      9.33572,
      -0.0787363
    ],
    [
      3.23044,
      9.30482,
      -0.0787363
    ],
    [
      3.62205,
      9.27392,
      -0.0787363
    ],
    [
      4.01365,
      9.24303,
      -0.0787363
    ],
    [
      4.40526,
      9.21213,
      -0.0787363
    ],
    [
      4.79795,
      9.20301,
      -0.019867
    ],
    [
      5.1907,
      9.19521,
      -0.019867
    ],
    [
      5.58344,
      9.18741,
      -0.019867
    ],
    [
      5.97619,
      9.1796,
      -0.019867
    ],
    [
      6.36894,
      9.1718,
      -0.019867
    ],
    [
      6.76168,
      9.16399,
      -0.019867
    ],
    [
      7.15443,
      9.15619,
      -0.019867
    ],
    [
      7.54717,
      9.14839,
      -0.019867
    ],
    [
      7.88565,
      9.22065,
      0.440529
    ],
    [
      8.16597,
      9.42625,
      0.636521
    ],
    [
      8.48389,
      9.56304,
      0.176126
    ],
    [
      8.82949,
      9.54434,
      -0.28427
    ],
    [
      9.13079,
      9.37403,
      -0.744666
    ],
    [
      9.32505,
      9.08759,
      -1.20506
    ],
    [
      9.37181,
      8.74467,
      -1.66546
    ],
    [
      9.26135,
      8.41667,
      -2.12585
    ],
    [
      9.01665,
      8.1719,
      -2.58625
    ],
    [
      8.75004,
      7.8894,
      -2.0683
    ],
    [
      8.63454,
      7.51547,
      -1.80204
    ],
    [
      8.54451,
      7.13311,
      -1.80204
    ],
    [
      8.45448,
      6.75074,
      -1.80204
    ],
    [
      8.36445,
      6.36837,
      -1.80204
    ],
    [
      8.27442,
      5.986,
      -1.80204
    ],
    [
      8.25886,
      5.59744,
      -1.35691
    ],
    [
      8.43577,
      5.25162,
      -0.838965
    ],
    [
      9.0,
      5.0,
      0.0
    ]
  ]
}