{
  "robot": {
    "class": "RectangleRobot",
    "radius": 0.1635235004250284,
    "wheelbase": 0.25776807631768645,
    "max_velocity": 12.938792746083845,
    "max_steering_at_zero_v": 0.4162505072819001,
    "max_steering_at_max_v": 0.22878016996295608,
    "acceleration": 5,
    "width": 0.13259054012301558,
    "lenght": 0.2989640269913824
  },
  "planner": {
    "class": "Dubins_pathfinding",
    "start": [
      1.0,
      5.0
    ],
    "goal": [
      9.0,
      5.0
    ],
    "bounds": [
      0,
      10,
      0,
      10
    ],
    "max_runtime": 15.0,
    "goal_threshold": 0.0,
    "interpolate_steps": 50
  },
  "path": [
    [
      1.0,
      5.0,
      0.0
    ],
    [
      1.28658,
      4.92471,
      -0.513805
    ],
    [
      1.49915,
      4.7183,
      -1.02761
    ],
    [
      1.59037,
      4.43509,
      -1.37976
    ],
    [
      1.64725,
      4.14096,
      -1.37976
    ],
    [
      1.70413,
      3.84682,
      -1.37976
    ],
    [
      1.76102,
      3.55268,
      -1.37976
    ],
    [
      1.82658,
      3.26075,
      -1.20442
    ],
    [
      1.90209,
      2.96555,
      -1.33724
    ],
    [
      1.97265,
      2.66893,
      -1.33724
    ],
    [
      2.04372,
      2.37243,
      -1.29514
    ],
    [
      2.19795,
      2.11344,
      -0.772233
    ],
    [
      2.46091,
      1.96609,
      -0.249322
    ],
    [
      2.71942,
      1.8677,
      -0.382259
    ],
    [
      2.97622,
      1.76446,
      -0.382259
    ],
    [
      3.24334,
      1.70036,
      -0.0088967
    ],
    [
      3.51041,
      1.76245,
      0.465789
    ],
    [
      3.71956,
      1.93974,
      0.940475
    ],
    [
      3.82456,
      2.19303,
      1.41516
    ],
    [
      3.80218,
      2.4663,
      1.88985
    ],
    [
      3.65738,
      2.69913,
      2.36453
    ],
    [
      3.50984,
      2.94045,
      1.87456
    ],
    [
      3.49322,
      3.2228,
      1.38459
    ],
    [
      3.61144,
      3.47975,
      0.894625
    ],
    [
      3.83666,
      3.65084,
      0.404655
    ],
    [
      4.11591,
      3.69581,
      -0.0853143
    ],
    [
      4.40024,
      3.66803,
      -0.0975597
    ],
    [
      4.68457,
      3.6402,
      -0.0975597
    ],
    [
      4.9689,
      3.61237,
      -0.0975597
    ],
    [
      5.25323,
      3.58454,
      -0.0975597
    ],
    [
      5.53756,
      3.55672,
      -0.0975597
    ],
    [
      5.8219,
      3.52889,
      -0.0975597
    ],
    [
      6.07397,
      3.46195,
      -0.309667
    ],
    [
      6.32295,
      3.38229,
      -0.309667
    ],
    [
      6.57193,
      3.30263,
      -0.309667
    ],
    [
      6.8209,
      3.22296,
      -0.309667
    ],
    [
      7.06988,
      3.1433,
      -0.309667
    ],
    [
      7.31886,
      3.06364,
      -0.309667
    ],
    [
      7.56783,
      2.98398,
      -0.309667
    ],
    [
      7.81681,
      2.90431,
      -0.309667
    ],
    [
      8.0727,
      2.86017,
      0.043228
    ],
    [
      8.35071,
      2.94466,
      0.546882
    ],
    [
      8.55343,
      3.15285,
      1.05054
    ],
    [
      8.63049,
      3.43302,
      1.55419
    ],
    [
      8.58347,
      3.7221,
      1.78474
    ],
    [
      8.52112,
      4.00908,
      1.78345
    ],
    [
      8.42362,
      4.3288,
      1.72251
    ],
    [
      8.46818,
      4.65599,
      1.14834
    ],
    [
      8.68331,
      4.9065,
      0.57417
    ],
    [
      9.0,
      5.0,
      0.0
    ]
  ]
}