{
  "robot": {
    "class": "RectangleRobot",
    "radius": 0.36901005774229245,
    "wheelbase": 0.25132635905375095,
    "max_velocity": 9.252928914178522,
    "max_steering_at_zero_v": 0.4230812334472258,
    "max_steering_at_max_v": 0.24020721677277532,
    "acceleration": 5,
    "width": 0.4319446990748359,
    "lenght": 0.5984124562549058
  },
  "planner": {
    "class": "Dubins_pathfinding",
    "start": [
      1.0,
      5.0
    ],
    "goal": [
      9.0,
      5.0
    ],
    "bounds": [
      0,
      10,
      0,
      10
    ],
    "max_runtime": 15.0,
    "goal_threshold": 0.0,
    "interpolate_steps": 50
  },
  "path": [
    [
      1.0,
      5.0,
      0.0
    ],
    [
      1.35176,
      4.87521,
      -0.681831
    ],
    [
      1.54623,
      4.55663,
      -1.36366
    ],
    [
      1.50006,
      4.18521,
      -1.92709
    ],
    [
      1.36731,
      3.82854,
      -1.92709
    ],
    [
      1.23457,
      3.47186,
      -1.92709
    ],
    [
      1.00479,
      3.1776,
      -2.5738
    ],
    [
      0.781084,
      2.89966,
      -1.92318
    ],
    [
      0.688373,
      2.54862,
      -1.82099
    ],
    [
      0.598459,
      2.19677,
      -1.82099
    ],
    [
      0.508544,
      1.84492,
      -1.82099
    ],
    [
      0.41863,
      1.49307,
      -1.82099
    ],
    [
      0.376714,
      1.13586,
      -1.40398
    ],
    [
      0.535221,
      0.831105,
      -0.778399
    ],
    [
      0.842164,
      0.676881,
      -0.152818
    ],
    [
      1.18975,
      0.643808,
      -0.0918983
    ],
    [
      1.53745,
      0.611764,
      -0.0918983
    ],
    [
      1.88516,
      0.579721,
      -0.0918983
    ],
    [
      2.23286,
      0.547677,
      -0.0918983
    ],
    [
      2.58056,
      0.515634,
      -0.0918983
    ],
    [
      2.92826,
      0.48359,
      -0.0918983
    ],
    [
      3.27597,
      0.451547,
      -0.0918983
    ],
    [
      3.62498,
      0.456394,
      0.024756
    ],
    [
      3.97405,
      0.465037,
      0.024756
    ],
    [
      4.32312,
      0.473681,
      0.024756
    ],
    [
      4.67219,
      0.482324,
      0.024756
    ],
    [
      5.02126,
      0.490967,
      0.024756
    ],
    [
      5.37033,
      0.499611,
      0.024756
    ],
    [
      5.7194,
      0.508254,
      0.024756
    ],
    [
      6.06847,
      0.516897,
      0.024756
    ],
    [
      6.41754,
      0.52554,
      0.024756
    ],
    [
      6.77379,
      0.568744,
      0.129148
    ],
    [
      7.12977,
      0.614974,
      0.129148
    ],
    [
      7.48574,
      0.661204,
      0.129148
    ],
    [
      7.84171,
      0.707435,
      0.129148
    ],
    [
      8.1979,
      0.751428,
      0.0393964
    ],
    [
      8.51355,
      0.854832,
      0.472017
    ],
    [
      8.81246,
      1.00743,
      0.472017
    ],
    [
      9.10399,
      1.17216,
      0.697782
    ],
    [
      9.28304,
      1.45005,
      1.29906
    ],
    [
      9.27349,
      1.78049,
      1.90034
    ],
    [
      9.07868,
      2.04757,
      2.50162
    ],
    [
      8.85875,
      2.39362,
      1.8769
    ],
    [
      8.73265,
      2.79264,
      1.8769
    ],
    [
      8.60654,
      3.19166,
      1.8769
    ],
    [
      8.46906,
      3.5862,
      2.08633
    ],
    [
      8.40642,
      4.00994,
      1.49288
    ],
    [
      8.44041,
      4.4453,
      1.49288
    ],
    [
      8.60652,
      4.83771,
      0.782363
    ],
    [
      9.0,
      5.0,
      0.0
    ]
  ]
}