{
  "robot": {
    "class": "RectangleRobot",
    "radius": 0.313032621114792,
    "wheelbase": 0.440238427290897,
    "max_velocity": 11.14627964927016,
    "max_steering_at_zero_v": 0.4791332723465634,
    "max_steering_at_max_v": 0.1852027602215274,
    "acceleration": 5,
    "width": 0.13351703069152293,
    "lenght": 0.6116623987489395
  },
  "planner": {
    "class": "Dubins_pathfinding",
    "start": [
      1.0,
      5.0
    ],
    "goal": [
      9.0,
      5.0
    ],
    "bounds": [
      0,
      10,
      0,
      10
    ],
    "max_runtime": 15.0,
    "goal_threshold": 0.0,
    "interpolate_steps": 50
  },
  "path": [
    [
      1.0,
      5.0,
      0.0
    ],
    [
      1.37891,
      5.08943,
      0.463557
    ],
    [
      1.67784,
      5.33884,
      0.927114
    ],
    [
      1.8337,
      5.69559,
      1.39067
    ],
    [
      1.8136,
      6.08439,
      1.85423
    ],
    [
      1.69585,
      6.45915,
      1.87572
    ],
    [
      1.57792,
      6.83385,
      1.87572
    ],
    [
      1.45999,
      7.20856,
      1.87572
    ],
    [
      1.34205,
      7.58326,
      1.87572
    ],
    [
      1.14299,
      7.91784,
      2.33928
    ],
    [
      0.82633,
      8.14807,
      2.47444
    ],
    [
      0.584001,
      8.45277,
      2.01089
    ],
    [
      0.503487,
      8.83367,
      1.54733
    ],
    [
      0.601782,
      9.21037,
      1.08377
    ],
    [
      0.85814,
      9.50337,
      0.620216
    ],
    [
      1.21845,
      9.65082,
      0.156659
    ],
    [
      1.60667,
      9.6216,
      -0.306897
    ],
    [
      1.99536,
      9.57742,
      -0.0314516
    ],
    [
      2.38798,
      9.56506,
      -0.0314516
    ],
    [
      2.78061,
      9.55271,
      -0.0314516
    ],
    [
      3.17324,
      9.54036,
      -0.0314516
    ],
    [
      3.56587,
      9.528,
      -0.0314516
    ],
    [
      3.9585,
      9.51565,
      -0.0314516
    ],
    [
      4.35113,
      9.5033,
      -0.0314516
    ],
    [
      4.74376,
      9.49095,
      -0.0314516
    ],
    [
      5.08998,
      9.4468,
      -0.141502
    ],
    [
      5.43567,
      9.39756,
      -0.141502
    ],
    [
      5.78135,
      9.34831,
      -0.141502
    ],
    [
      6.12704,
      9.29907,
      -0.141502
    ],
    [
      6.47273,
      9.24982,
      -0.141502
    ],
    [
      6.81841,
      9.20058,
      -0.141502
    ],
    [
      7.1641,
      9.15134,
      -0.141502
    ],
    [
      7.50979,
      9.10209,
      -0.141502
    ],
    [
      7.85547,
      9.05285,
      -0.141502
    ],
    [
      8.24259,
      9.08714,
      0.284467
    ],
    [
      8.62399,
      9.17207,
      0.0384186
    ],
    [
      9.0053,
      9.0976,
      -0.424169
    ],
    [
      9.3133,
      8.86079,
      -0.886756
    ],
    [
      9.48325,
      8.51142,
      -1.34934
    ],
    [
      9.47943,
      8.12292,
      -1.81193
    ],
    [
      9.30263,
      7.77696,
      -2.27452
    ],
    [
      8.99003,
      7.54626,
      -2.73711
    ],
    [
      8.64207,
      7.27093,
      -2.20733
    ],
    [
      8.45904,
      6.86337,
      -1.90901
    ],
    [
      8.31008,
      6.43986,
      -1.90901
    ],
    [
      8.16912,
      6.01395,
      -1.76862
    ],
    [
      8.19885,
      5.57124,
      -1.23884
    ],
    [
      8.44824,
      5.20425,
      -0.709057
    ],
    [
      8.84889,
      5.01358,
      -0.179278
    ],
    [
      9.0,
      5.0,
      0.0
    ]
  ]
}