{
  "robot": {
    "class": "RectangleRobot",
    "radius": 0.27824902944160784,
    "wheelbase": 0.24045050743552202,
    "max_velocity": 12.206768332657049,
    "max_steering_at_zero_v": 0.3786250339859969,
    "max_steering_at_max_v": 0.24388215402309832,
    "acceleration": 5,
    "width": 0.4745496882011859,
    "lenght": 0.29067625112647955
  },
  "planner": {
    "class": "Dubins_pathfinding",
    "start": [
      1.0,
      5.0
    ],
    "goal": [
      9.0,
      5.0
    ],
    "bounds": [
      0,
      10,
      0,
      10
    ],
    "max_runtime": 15.0,
    "goal_threshold": 0.0,
    "interpolate_steps": 50
  },
  "path": [
    [
      1.0,
      5.0,
      0.0
    ],
    [
      1.33008,
      5.09809,
      0.577703
    ],
    [
      1.55302,
      5.36051,
      1.15541
    ],
    [
      1.59648,
      5.7021,
      1.73311
    ],
    [
      1.4531,
      6.0169,
      2.14443
    ],
    [
      1.2636,
      6.31019,
      2.14443
    ],
    [
      1.07411,
      6.60347,
      2.14443
    ],
    [
      0.884616,
      6.89676,
      2.14443
    ],
    [
      0.695122,
      7.19004,
      2.14443
    ],
    [
      0.505628,
      7.48333,
      2.14443
    ],
    [
      0.410083,
      7.84945,
      1.5077
    ],
    [
      0.533986,
      8.21057,
      1.12623
    ],
    [
      0.628488,
      8.57839,
      1.62235
    ],
    [
      0.709436,
      8.91308,
      1.04464
    ],
    [
      0.960023,
      9.14925,
      0.466939
    ],
    [
      1.29905,
      9.21377,
      -0.00282046
    ],
    [
      1.64823,
      9.21278,
      -0.00282046
    ],
    [
      1.9974,
      9.2118,
      -0.00282046
    ],
    [
      2.34658,
      9.21081,
      -0.00282046
    ],
    [
      2.69575,
      9.20983,
      -0.00282046
    ],
    [
      3.04493,
      9.20884,
      -0.00282046
    ],
    [
      3.3941,
      9.20786,
      -0.00282046
    ],
    [
      3.743,
      9.22165,
      0.0411737
    ],
    [
      4.09188,
      9.23602,
      0.0411737
    ],
    [
      4.44076,
      9.25039,
      0.0411737
    ],
    [
      4.78964,
      9.26477,
      0.0411737
    ],
    [
      5.13852,
      9.27914,
      0.0411737
    ],
    [
      5.4874,
      9.29351,
      0.0411737
    ],
    [
      5.83628,
      9.30789,
      0.0411737
    ],
    [
      6.18516,
      9.32226,
      0.0411737
    ],
    [
      6.53404,
      9.33663,
      0.0411737
    ],
    [
      6.90672,
      9.34581,
      0.0243861
    ],
    [
      7.2794,
      9.3549,
      0.0243861
    ],
    [
      7.65208,
      9.36399,
      0.0243861
    ],
    [
      8.02476,
      9.37308,
      0.0243861
    ],
    [
      8.39744,
      9.38215,
      0.0168347
    ],
    [
      8.76315,
      9.26661,
      -0.628845
    ],
    [
      8.98571,
      8.95428,
      -1.27453
    ],
    [
      8.9992,
      8.56704,
      -1.63813
    ],
    [
      8.97294,
      8.17766,
      -1.63813
    ],
    [
      8.93587,
      7.7897,
      -1.8282
    ],
    [
      8.80781,
      7.45501,
      -1.9484
    ],
    [
      8.67563,
      7.12175,
      -1.9484
    ],
    [
      8.54344,
      6.7885,
      -1.9484
    ],
    [
      8.41126,
      6.45525,
      -1.9484
    ],
    [
      8.27908,
      6.122,
      -1.9484
    ],
    [
      8.15833,
      5.78507,
      -1.74893
    ],
    [
      8.23692,
      5.36366,
      -1.02393
    ],
    [
      8.57519,
      5.10035,
      -0.298922
    ],
    [
      9.0,
      5.0,
      0.0
    ]
  ]
}