{
  "robot": {
    "class": "RectangleRobot",
    "radius": 0.230663986098499,
    "wheelbase": 0.53635687462082,
    "max_velocity": 7.647271823320314,
    "max_steering_at_zero_v": 0.5147198288740049,
    "max_steering_at_max_v": 0.20171307483070097,
    "acceleration": 5,
    "width": 0.38889175281010635,
    "lenght": 0.24816668295256172
  },
  "planner": {
    "class": "Dubins_pathfinding",
    "start": [
      1.0,
      5.0
    ],
    "goal": [
      9.0,
      5.0
    ],
    "bounds": [
      0,
      10,
      0,
      10
    ],
    "max_runtime": 15.0,
    "goal_threshold": 0.0,
    "interpolate_steps": 50
  },
  "path": [
    [
      1.0,
      5.0,
      0.0
    ],
    [
      1.30854,
      4.94841,
      -0.331376
    ],
    [
      1.58351,
      4.79924,
      -0.662752
    ],
    [
      1.79498,
      4.56873,
      -0.994128
    ],
    [
      1.91996,
      4.28195,
      -1.3255
    ],
    [
      1.94483,
      3.97012,
      -1.65688
    ],
    [
      1.89542,
      3.65984,
      -1.73887
    ],
    [
      1.84285,
      3.35001,
      -1.73887
    ],
    [
      1.79027,
      3.04018,
      -1.73887
    ],
    [
      1.78819,
      2.72736,
      -1.41179
    ],
    [
      1.88799,
      2.43089,
      -1.08041
    ],
    [
      2.07882,
      2.18301,
      -0.749033
    ],
    [
      2.33815,
      2.00731,
      -0.507443
    ],
    [
      2.61281,
      1.85459,
      -0.507443
    ],
    [
      2.88747,
      1.70188,
      -0.507443
    ],
    [
      3.16213,
      1.54917,
      -0.507443
    ],
    [
      3.43679,
      1.39646,
      -0.507443
    ],
    [
      3.71145,
      1.24375,
      -0.507443
    ],
    [
      3.9861,
      1.09103,
      -0.507443
    ],
    [
      4.26076,
      0.938321,
      -0.507443
    ],
    [
      4.53542,
      0.785609,
      -0.507443
    ],
    [
      4.82735,
      0.681273,
      -0.179073
    ],
    [
      5.13778,
      0.670372,
      0.0339845
    ],
    [
      5.44901,
      0.680953,
      0.0339845
    ],
    [
      5.76024,
      0.691534,
      0.0339845
    ],
    [
      6.07147,
      0.702115,
      0.0339845
    ],
    [
      6.38269,
      0.712696,
      0.0339845
    ],
    [
      6.69392,
      0.723277,
      0.0339845
    ],
    [
      7.00515,
      0.733858,
      0.0339845
    ],
    [
      7.3151,
      0.75838,
      0.20588
    ],
    [
      7.62767,
      0.770949,
      -0.125496
    ],
    [
      7.93617,
      0.713168,
      -0.0819768
    ],
    [
      8.2479,
      0.739324,
      0.249399
    ],
    [
      8.53416,
      0.865476,
      0.580775
    ],
    [
      8.7638,
      1.0779,
      0.912151
    ],
    [
      8.91184,
      1.35347,
      1.24353
    ],
    [
      8.96216,
      1.66222,
      1.5749
    ],
    [
      8.9093,
      1.97055,
      1.90628
    ],
    [
      8.75901,
      2.2449,
      2.23766
    ],
    [
      8.52763,
      2.45543,
      2.56903
    ],
    [
      8.27516,
      2.69378,
      2.20084
    ],
    [
      8.12541,
      3.00703,
      1.83264
    ],
    [
      8.08659,
      3.3532,
      1.62259
    ],
    [
      8.06851,
      3.70191,
      1.62259
    ],
    [
      8.05166,
      4.05066,
      1.57184
    ],
    [
      8.11486,
      4.39207,
      1.20365
    ],
    [
      8.29671,
      4.68785,
      0.835452
    ],
    [
      8.57283,
      4.89834,
      0.467256
    ],
    [
      8.90621,
      4.99535,
      0.0990609
    ],
    [
      9.0,
      5.0,
      0.0
    ]
  ]
}