{
  "robot": {
    "class": "RectangleRobot",
    "radius": 0.36139486410794336,
    "wheelbase": 0.30372245621266225,
    "max_velocity": 9.787338863447971,
    "max_steering_at_zero_v": 0.36522383238371803,
    "max_steering_at_max_v": 0.16850644813399923,
    "acceleration": 5,
    "width": 0.49899793901988576,
    "lenght": 0.5229015663280248
  },
  "planner": {
    "class": "Dubins_pathfinding",
    "start": [
      1.0,
      5.0
    ],
    "goal": [
      9.0,
      5.0
    ],
    "bounds": [
      0,
      10,
      0,
      10
    ],
    "max_runtime": 15.0,
    "goal_threshold": 0.0,
    "interpolate_steps": 50
  },
  "path": [
    [
      1.0,
      5.0,
      0.0
    ],
    [
      1.377,
      4.90483,
      -0.494554
    ],
    [
      1.66366,
      4.64212,
      -0.989108
    ],
    [
      1.79128,
      4.27482,
      -1.48366
    ],
    [
      1.72928,
      3.89097,
      -1.97822
    ],
    [
      1.55279,
      3.54006,
      -2.04076
    ],
    [
      1.3749,
      3.18982,
      -2.04076
    ],
    [
      1.19701,
      2.83959,
      -2.04076
    ],
    [
      1.01912,
      2.48935,
      -2.04076
    ],
    [
      0.822217,
      2.15957,
      -2.11472
    ],
    [
      0.623429,
      1.83088,
      -2.11472
    ],
    [
      0.43951,
      1.49452,
      -1.90939
    ],
    [
      0.402752,
      1.1159,
      -1.42577
    ],
    [
      0.546261,
      0.763607,
      -0.942155
    ],
    [
      0.837123,
      0.518444,
      -0.45854
    ],
    [
      1.20863,
      0.436642,
      0.0250745
    ],
    [
      1.57556,
      0.536964,
      0.50869
    ],
    [
      1.90758,
      0.63564,
      0.0690858
    ],
    [
      2.25593,
      0.616856,
      -0.0786895
    ],
    [
      2.60403,
      0.589407,
      -0.0786895
    ],
    [
      2.95212,
      0.561959,
      -0.0786895
    ],
    [
      3.30022,
      0.534511,
      -0.0786895
    ],
    [
      3.64831,
      0.507063,
      -0.0786895
    ],
    [
      3.99641,
      0.479615,
      -0.0786895
    ],
    [
      4.3445,
      0.452167,
      -0.0786895
    ],
    [
      4.6926,
      0.424719,
      -0.0786895
    ],
    [
      5.08533,
      0.426355,
      0.0125843
    ],
    [
      5.47813,
      0.431298,
      0.0125843
    ],
    [
      5.87092,
      0.436241,
      0.0125843
    ],
    [
      6.26371,
      0.441184,
      0.0125843
    ],
    [
      6.6565,
      0.446128,
      0.0125843
    ],
    [
      7.04929,
      0.451071,
      0.0125843
    ],
    [
      7.44209,
      0.456014,
      0.0125843
    ],
    [
      7.83488,
      0.460957,
      0.0125843
    ],
    [
      8.17993,
      0.49133,
      0.0957164
    ],
    [
      8.52479,
      0.52444,
      0.0957164
    ],
    [
      8.85625,
      0.616003,
      0.485125
    ],
    [
      9.14538,
      0.875999,
      0.979679
    ],
    [
      9.27645,
      1.24207,
      1.47423
    ],
    [
      9.21807,
      1.6265,
      1.96705
    ],
    [
      9.06646,
      1.98888,
      1.96705
    ],
    [
      8.91484,
      2.35127,
      1.96705
    ],
    [
      8.76323,
      2.71365,
      1.96705
    ],
    [
      8.61161,
      3.07604,
      1.96705
    ],
    [
      8.46,
      3.43842,
      1.96705
    ],
    [
      8.30084,
      3.81884,
      1.96705
    ],
    [
      8.20577,
      4.21629,
      1.55747
    ],
    [
      8.31567,
      4.60895,
      1.03831
    ],
    [
      8.60591,
      4.89534,
      0.519157
    ],
    [
      9.0,
      5.0,
      0.0
    ]
  ]
}