{
  "robot": {
    "class": "RectangleRobot",
    "radius": 0.27487689563371387,
    "wheelbase": 0.29256642920985987,
    "max_velocity": 12.152230131408484,
    "max_steering_at_zero_v": 0.4902104685145814,
    "max_steering_at_max_v": 0.24660254219442035,
    "acceleration": 5,
    "width": 0.45561540172674186,
    "lenght": 0.30764238446984205
  },
  "planner": {
    "class": "Dubins_pathfinding",
    "start": [
      1.0,
      5.0
    ],
    "goal": [
      9.0,
      5.0
    ],
    "bounds": [
      0,
      10,
      0,
      10
    ],
    "max_runtime": 15.0,
    "goal_threshold": 0.0,
    "interpolate_steps": 50
  },
  "path": [
    [
      1.0,
      5.0,
      0.0
    ],
    [
      1.28021,
      5.07702,
      0.536494
    ],
    [
      1.48169,
      5.28645,
      1.07299
    ],
    [
      1.56408,
      5.5674,
      1.36479
    ],
    [
      1.62424,
      5.8553,
      1.36479
    ],
    [
      1.6844,
      6.1432,
      1.36479
    ],
    [
      1.74457,
      6.4311,
      1.36479
    ],
    [
      1.80473,
      6.71901,
      1.36479
    ],
    [
      1.86321,
      7.00721,
      1.44385
    ],
    [
      1.92148,
      7.28145,
      1.35343
    ],
    [
      1.98195,
      7.55528,
      1.35343
    ],
    [
      2.08092,
      7.81521,
      0.966271
    ],
    [
      2.29117,
      7.99612,
      0.454767
    ],
    [
      2.56307,
      8.05096,
      -0.0567364
    ],
    [
      2.87222,
      8.12583,
      0.531938
    ],
    [
      3.13461,
      8.31359,
      0.629133
    ],
    [
      3.39555,
      8.5035,
      0.629133
    ],
    [
      3.65649,
      8.69341,
      0.629133
    ],
    [
      3.91743,
      8.88331,
      0.629133
    ],
    [
      4.18224,
      9.06725,
      0.467984
    ],
    [
      4.49554,
      9.12221,
      -0.12069
    ],
    [
      4.7973,
      9.13155,
      0.060742
    ],
    [
      5.09906,
      9.1499,
      0.060742
    ],
    [
      5.40082,
      9.16825,
      0.060742
    ],
    [
      5.70258,
      9.1866,
      0.060742
    ],
    [
      6.00434,
      9.20496,
      0.060742
    ],
    [
      6.3061,
      9.22331,
      0.060742
    ],
    [
      6.60786,
      9.24166,
      0.060742
    ],
    [
      6.90962,
      9.26001,
      0.060742
    ],
    [
      7.21138,
      9.27836,
      0.060742
    ],
    [
      7.51136,
      9.30989,
      0.281143
    ],
    [
      7.81084,
      9.3559,
      0.132465
    ],
    [
      8.11142,
      9.39595,
      0.132465
    ],
    [
      8.41209,
      9.43515,
      0.0765676
    ],
    [
      8.70551,
      9.37567,
      -0.476545
    ],
    [
      8.92393,
      9.17093,
      -1.02966
    ],
    [
      9.00225,
      8.89102,
      -1.56625
    ],
    [
      8.99266,
      8.59701,
      -1.60478
    ],
    [
      8.98266,
      8.303,
      -1.60478
    ],
    [
      8.97267,
      8.009,
      -1.60478
    ],
    [
      8.96267,
      7.71499,
      -1.60478
    ],
    [
      8.95268,
      7.42098,
      -1.60478
    ],
    [
      8.94312,
      7.12697,
      -1.56475
    ],
    [
      8.8557,
      6.81691,
      -2.01924
    ],
    [
      8.71444,
      6.52333,
      -2.01924
    ],
    [
      8.57319,
      6.22975,
      -2.01924
    ],
    [
      8.43597,
      5.93444,
      -1.89269
    ],
    [
      8.42802,
      5.61352,
      -1.29843
    ],
    [
      8.58905,
      5.18535,
      -0.847442
    ],
    [
      9.0,
      5.0,
      0.0
    ]
  ]
}