{
  "robot": {
    "class": "RectangleRobot",
    "radius": 0.4372162882799653,
    "wheelbase": 0.22933287460637236,
    "max_velocity": 7.346421728604778,
    "max_steering_at_zero_v": 0.39596047425797876,
    "max_steering_at_max_v": 0.23367406727074574,
    "acceleration": 5,
    "width": 0.6990605345798553,
    "lenght": 0.5253062915501449
  },
  "planner": {
    "class": "Dubins_pathfinding",
    "start": [
      1.0,
      5.0
    ],
    "goal": [
      9.0,
      5.0
    ],
    "bounds": [
      0,
      10,
      0,
      10
    ],
    "max_runtime": 15.0,
    "goal_threshold": 0.0,
    "interpolate_steps": 50
  },
  "path": [
    [
      1.0,
      5.0,
      0.0
    ],
    [
      1.3274,
      5.1084,
      0.639499
    ],
    [
      1.5254,
      5.39078,
      1.279
    ],
    [
      1.51582,
      5.73554,
      1.90387
    ],
    [
      1.40112,
      6.06708,
      1.90387
    ],
    [
      1.28641,
      6.39862,
      1.90387
    ],
    [
      1.17171,
      6.73017,
      1.90387
    ],
    [
      1.05701,
      7.06171,
      1.90387
    ],
    [
      0.949494,
      7.3953,
      1.73875
    ],
    [
      0.838751,
      7.73605,
      1.90653
    ],
    [
      0.720592,
      8.07467,
      1.90653
    ],
    [
      0.604308,
      8.41388,
      1.82184
    ],
    [
      0.59278,
      8.78579,
      1.54603
    ],
    [
      0.6586,
      9.14894,
      1.08692
    ],
    [
      0.92744,
      9.39768,
      0.406226
    ],
    [
      1.34879,
      9.41562,
      -0.166651
    ],
    [
      1.77252,
      9.34606,
      -0.0879758
    ],
    [
      2.12163,
      9.34304,
      -0.00299352
    ],
    [
      2.47081,
      9.34199,
      -0.00299352
    ],
    [
      2.81998,
      9.34095,
      -0.00299352
    ],
    [
      3.16916,
      9.3399,
      -0.00299352
    ],
    [
      3.51833,
      9.33886,
      -0.00299352
    ],
    [
      3.86751,
      9.33781,
      -0.00299352
    ],
    [
      4.21668,
      9.33677,
      -0.00299352
    ],
    [
      4.56585,
      9.33572,
      -0.00299352
    ],
    [
      4.91503,
      9.33468,
      -0.00299352
    ],
    [
      5.26414,
      9.32809,
      -0.0190831
    ],
    [
      5.61326,
      9.32142,
      -0.0190831
    ],
    [
      5.96237,
      9.31476,
      -0.0190831
    ],
    [
      6.31148,
      9.3081,
      -0.0190831
    ],
    [
      6.66059,
      9.30143,
      -0.0190831
    ],
    [
      7.00971,
      9.29477,
      -0.0190831
    ],
    [
      7.35882,
      9.28811,
      -0.0190831
    ],
    [
      7.70793,
      9.28144,
      -0.0190831
    ],
    [
      8.05704,
      9.27478,
      -0.0190831
    ],
    [
      8.43675,
      9.18697,
      -0.272095
    ],
    [
      8.81319,
      9.08194,
      -0.272095
    ],
    [
      9.18922,
      8.97558,
      -0.343341
    ],
    [
      9.48196,
      8.72923,
      -1.05573
    ],
    [
      9.54249,
      8.35145,
      -1.76813
    ],
    [
      9.34136,
      8.02598,
      -2.48052
    ],
    [
      9.15249,
      7.74986,
      -1.86085
    ],
    [
      9.10544,
      7.41357,
      -1.68486
    ],
    [
      9.06675,
      7.07583,
      -1.68486
    ],
    [
      9.02806,
      6.73809,
      -1.68486
    ],
    [
      8.90961,
      6.42489,
      -2.23877
    ],
    [
      8.65769,
      6.03311,
      -2.13604
    ],
    [
      8.45587,
      5.61842,
      -1.69844
    ],
    [
      8.58814,
      5.18621,
      -0.849219
    ],
    [
      9.0,
      5.0,
      0.0
    ]
  ]
}