{
  "robot": {
    "class": "RectangleRobot",
    "radius": 0.20695672625512473,
    "wheelbase": 0.37400654958789303,
    "max_velocity": 10.05881904735047,
    "max_steering_at_zero_v": 0.42271726503443946,
    "max_steering_at_max_v": 0.16413698122647655,
    "acceleration": 5,
    "width": 0.24069552487426676,
    "lenght": 0.33673433218853077
  },
  "planner": {
    "class": "Dubins_pathfinding",
    "start": [
      1.0,
      5.0
    ],
    "goal": [
      9.0,
      5.0
    ],
    "bounds": [
      0,
      10,
      0,
      10
    ],
    "max_runtime": 15.0,
    "goal_threshold": 0.0,
    "interpolate_steps": 50
  },
  "path": [
    [
      1.0,
      5.0,
      0.0
    ],
    [
      1.37837,
      4.90892,
      -0.472467
    ],
    [
      1.67384,
      4.65562,
      -0.944935
    ],
    [
      1.82167,
      4.29561,
      -1.4174
    ],
    [
      1.78946,
      3.90776,
      -1.88987
    ],
    [
      1.61585,
      3.55594,
      -2.05971
    ],
    [
      1.43135,
      3.20914,
      -2.05971
    ],
    [
      1.24686,
      2.86234,
      -2.05971
    ],
    [
      1.06236,
      2.51553,
      -2.05971
    ],
    [
      0.910615,
      2.17695,
      -1.98606
    ],
    [
      0.760907,
      1.8374,
      -1.98606
    ],
    [
      0.617672,
      1.49532,
      -1.85675
    ],
    [
      0.59458,
      1.12803,
      -1.41042
    ],
    [
      0.732291,
      0.786757,
      -0.964099
    ],
    [
      1.00383,
      0.538355,
      -0.517776
    ],
    [
      1.35598,
      0.431494,
      -0.0714517
    ],
    [
      1.74865,
      0.420769,
      -0.0250276
    ],
    [
      2.14135,
      0.410938,
      -0.0250276
    ],
    [
      2.53405,
      0.401108,
      -0.0250276
    ],
    [
      2.92675,
      0.391278,
      -0.0250276
    ],
    [
      3.31945,
      0.381447,
      -0.0250276
    ],
    [
      3.71215,
      0.371617,
      -0.0250276
    ],
    [
      4.10485,
      0.361786,
      -0.0250276
    ],
    [
      4.49755,
      0.351956,
      -0.0250276
    ],
    [
      4.88129,
      0.361106,
      0.0267408
    ],
    [
      5.26502,
      0.37137,
      0.0267408
    ],
    [
      5.64876,
      0.381633,
      0.0267408
    ],
    [
      6.03249,
      0.391897,
      0.0267408
    ],
    [
      6.41622,
      0.402161,
      0.0267408
    ],
    [
      6.79995,
      0.412425,
      0.0267408
    ],
    [
      7.18368,
      0.422688,
      0.0267408
    ],
    [
      7.56686,
      0.417944,
      -0.163425
    ],
    [
      7.95338,
      0.445019,
      0.266242
    ],
    [
      8.33052,
      0.547871,
      0.266242
    ],
    [
      8.71121,
      0.632896,
      0.0570107
    ],
    [
      9.04554,
      0.724345,
      0.476982
    ],
    [
      9.31353,
      0.944168,
      0.896953
    ],
    [
      9.46861,
      1.25416,
      1.31692
    ],
    [
      9.48382,
      1.60044,
      1.7369
    ],
    [
      9.37058,
      1.92974,
      1.9626
    ],
    [
      9.23724,
      2.25246,
      1.9626
    ],
    [
      9.10391,
      2.57517,
      1.9626
    ],
    [
      8.97057,
      2.89789,
      1.9626
    ],
    [
      8.79777,
      3.19896,
      2.29214
    ],
    [
      8.5018,
      3.49257,
      2.36559
    ],
    [
      8.24605,
      3.81809,
      2.00593
    ],
    [
      8.1704,
      4.22369,
      1.50445
    ],
    [
      8.29905,
      4.61572,
      1.00297
    ],
    [
      8.60031,
      4.89763,
      0.501483
    ],
    [
      9.0,
      5.0,
      0.0
    ]
  ]
}