{
  "robot": {
    "class": "RectangleRobot",
    "radius": 0.27190930001233526,
    "wheelbase": 0.3462746611686829,
    "max_velocity": 12.31849391849887,
    "max_steering_at_zero_v": 0.41949993225962134,
    "max_steering_at_max_v": 0.2089083361293007,
    "acceleration": 5,
    "width": 0.42364192698738945,
    "lenght": 0.34097827999918706
  },
  "planner": {
    "class": "Dubins_pathfinding",
    "start": [
      1.0,
      5.0
    ],
    "goal": [
      9.0,
      5.0
    ],
    "bounds": [
      0,
      10,
      0,
      10
    ],
    "max_runtime": 15.0,
    "goal_threshold": 0.0,
    "interpolate_steps": 50
  },
  "path": [
    [
      1.0,
      5.0,
      0.0
    ],
    [
      1.36951,
      4.90644,
      -0.495992
    ],
    [
      1.64997,
      4.64829,
      -0.991984
    ],
    [
      1.77379,
      4.28778,
      -1.48798
    ],
    [
      1.71111,
      3.9118,
      -1.98397
    ],
    [
      1.53625,
      3.5687,
      -2.04604
    ],
    [
      1.36004,
      3.22627,
      -2.04604
    ],
    [
      1.18383,
      2.88384,
      -2.04604
    ],
    [
      1.00619,
      2.54218,
      -2.11074
    ],
    [
      0.855372,
      2.20863,
      -1.97632
    ],
    [
      0.710868,
      1.87204,
      -1.97632
    ],
    [
      0.580006,
      1.53061,
      -1.78311
    ],
    [
      0.588558,
      1.1678,
      -1.31135
    ],
    [
      0.761059,
      0.848501,
      -0.839584
    ],
    [
      1.05418,
      0.644675,
      -0.375613
    ],
    [
      1.40762,
      0.590267,
      -0.00394395
    ],
    [
      1.76787,
      0.588846,
      -0.00394395
    ],
    [
      2.12812,
      0.587425,
      -0.00394395
    ],
    [
      2.48836,
      0.586005,
      -0.00394395
    ],
    [
      2.84861,
      0.584584,
      -0.00394395
    ],
    [
      3.20778,
      0.599715,
      0.202883
    ],
    [
      3.53157,
      0.750127,
      0.666853
    ],
    [
      3.85914,
      0.901305,
      0.197927
    ],
    [
      4.22041,
      0.891663,
      -0.174515
    ],
    [
      4.57898,
      0.828445,
      -0.174515
    ],
    [
      4.93755,
      0.765226,
      -0.174515
    ],
    [
      5.29611,
      0.702008,
      -0.174515
    ],
    [
      5.65468,
      0.638789,
      -0.174515
    ],
    [
      6.01529,
      0.596738,
      0.05971
    ],
    [
      6.39038,
      0.612796,
      0.04248
    ],
    [
      6.76547,
      0.62874,
      0.04248
    ],
    [
      7.14056,
      0.644683,
      0.04248
    ],
    [
      7.51566,
      0.660627,
      0.04248
    ],
    [
      7.89075,
      0.67657,
      0.04248
    ],
    [
      8.26584,
      0.692514,
      0.04248
    ],
    [
      8.62715,
      0.780878,
      0.479402
    ],
    [
      8.90638,
      1.02635,
      0.962925
    ],
    [
      9.03538,
      1.34504,
      1.40942
    ],
    [
      9.07812,
      1.68907,
      1.44894
    ],
    [
      9.12026,
      2.03319,
      1.44894
    ],
    [
      9.1624,
      2.3773,
      1.44894
    ],
    [
      9.13586,
      2.72013,
      1.87061
    ],
    [
      8.96412,
      3.01798,
      2.3171
    ],
    [
      8.6806,
      3.21246,
      2.7636
    ],
    [
      8.3584,
      3.45213,
      2.24047
    ],
    [
      8.19902,
      3.82072,
      1.71734
    ],
    [
      8.21873,
      4.225,
      1.45779
    ],
    [
      8.32794,
      4.6124,
      1.04626
    ],
    [
      8.61209,
      4.89616,
      0.523132
    ],
    [
      9.0,
      5.0,
      0.0
    ]
  ]
}