{
  "robot": {
    "class": "RectangleRobot",
    "radius": 0.32213343331660305,
    "wheelbase": 0.2588788740871629,
    "max_velocity": 9.73188534305472,
    "max_steering_at_zero_v": 0.33826153854798874,
    "max_steering_at_max_v": 0.22943505573852557,
    "acceleration": 5,
    "width": 0.40492351542915805,
    "lenght": 0.5011154977586123
  },
  "planner": {
    "class": "Dubins_pathfinding",
    "start": [
      1.0,
      5.0
    ],
    "goal": [
      9.0,
      5.0
    ],
    "bounds": [
      0,
      10,
      0,
      10
    ],
    "max_runtime": 15.0,
    "goal_threshold": 0.0,
    "interpolate_steps": 50
  },
  "path": [
    [
      1.0,
      5.0,
      0.0
    ],
    [
      1.33571,
      5.08104,
      0.473706
    ],
    [
      1.59749,
      5.3063,
      0.947413
    ],
    [
      1.72768,
      5.62617,
      1.42112
    ],
    [
      1.69761,
      5.97021,
      1.89483
    ],
    [
      1.56439,
      6.29231,
      1.96875
    ],
    [
      1.42929,
      6.61367,
      1.96875
    ],
    [
      1.2942,
      6.93503,
      1.96875
    ],
    [
      1.1494,
      7.25165,
      2.14015
    ],
    [
      0.981131,
      7.60581,
      1.99447
    ],
    [
      0.819808,
      7.96352,
      1.99447
    ],
    [
      0.658486,
      8.32123,
      1.99447
    ],
    [
      0.575854,
      8.70042,
      1.52218
    ],
    [
      0.696078,
      9.06908,
      0.988951
    ],
    [
      0.987385,
      9.32564,
      0.455156
    ],
    [
      1.36809,
      9.41129,
      0.109559
    ],
    [
      1.75856,
      9.45424,
      0.109559
    ],
    [
      2.14903,
      9.49719,
      0.109559
    ],
    [
      2.5395,
      9.54015,
      0.109559
    ],
    [
      2.92997,
      9.5831,
      0.109559
    ],
    [
      3.32043,
      9.62605,
      0.109559
    ],
    [
      3.7109,
      9.669,
      0.109559
    ],
    [
      4.05312,
      9.64652,
      -0.123798
    ],
    [
      4.39442,
      9.60405,
      -0.123798
    ],
    [
      4.73572,
      9.56158,
      -0.123798
    ],
    [
      5.07702,
      9.51911,
      -0.123798
    ],
    [
      5.41832,
      9.47664,
      -0.123798
    ],
    [
      5.7597,
      9.43485,
      -0.0805258
    ],
    [
      6.15028,
      9.37269,
      -0.164367
    ],
    [
      6.5405,
      9.30797,
      -0.164367
    ],
    [
      6.93073,
      9.24324,
      -0.164367
    ],
    [
      7.32095,
      9.17852,
      -0.164367
    ],
    [
      7.70977,
      9.10716,
      -0.300221
    ],
    [
      8.07409,
      9.07101,
      -0.0209306
    ],
    [
      8.44167,
      9.06331,
      -0.0209306
    ],
    [
      8.805,
      9.0213,
      -0.327905
    ],
    [
      9.1098,
      8.8226,
      -0.827504
    ],
    [
      9.28168,
      8.53074,
      -1.20104
    ],
    [
      9.32822,
      8.19627,
      -1.66404
    ],
    [
      9.22048,
      7.87623,
      -2.12704
    ],
    [
      8.98113,
      7.63801,
      -2.59004
    ],
    [
      8.66059,
      7.53176,
      -3.05304
    ],
    [
      8.25237,
      7.36226,
      -2.44299
    ],
    [
      8.0149,
      6.98945,
      -1.83294
    ],
    [
      8.03064,
      6.54691,
      -1.3182
    ],
    [
      8.14284,
      6.11222,
      -1.3182
    ],
    [
      8.25504,
      5.67752,
      -1.3182
    ],
    [
      8.43079,
      5.26948,
      -0.88432
    ],
    [
      8.80068,
      5.02751,
      -0.274269
    ],
    [
      9.0,
      5.0,
      0.0
    ]
  ]
}