{
  "robot": {
    "class": "RectangleRobot",
    "radius": 0.30808940564034987,
    "wheelbase": 0.2475975952697613,
    "max_velocity": 11.754715676302638,
    "max_steering_at_zero_v": 0.46837872475469533,
    "max_steering_at_max_v": 0.18924388636096323,
    "acceleration": 5,
    "width": 0.2405453542364903,
    "lenght": 0.5672867529094414
  },
  "planner": {
    "class": "Dubins_pathfinding",
    "start": [
      1.0,
      5.0
    ],
    "goal": [
      9.0,
      5.0
    ],
    "bounds": [
      0,
      10,
      0,
      10
    ],
    "max_runtime": 15.0,
    "goal_threshold": 0.0,
    "interpolate_steps": 50
  },
  "path": [
    [
      1.0,
      5.0,
      0.0
    ],
    [
      1.31531,
      4.88489,
      -0.700093
    ],
    [
      1.48229,
      4.5937,
      -1.40019
    ],
    [
      1.46148,
      4.25342,
      -1.8318
    ],
    [
      1.36817,
      3.91694,
      -1.84136
    ],
    [
      1.27485,
      3.58047,
      -1.84136
    ],
    [
      1.18152,
      3.24399,
      -1.84136
    ],
    [
      1.0882,
      2.90752,
      -1.84136
    ],
    [
      0.99487,
      2.57105,
      -1.84136
    ],
    [
      0.901545,
      2.23457,
      -1.84136
    ],
    [
      0.808219,
      1.8981,
      -1.84136
    ],
    [
      0.714893,
      1.56162,
      -1.84136
    ],
    [
      0.621568,
      1.22515,
      -1.84136
    ],
    [
      0.65099,
      0.884603,
      -1.12787
    ],
    [
      0.896115,
      0.646376,
      -0.414382
    ],
    [
      1.23902,
      0.592169,
      -0.077426
    ],
    [
      1.58715,
      0.565161,
      -0.077426
    ],
    [
      1.93528,
      0.538153,
      -0.077426
    ],
    [
      2.28341,
      0.511144,
      -0.077426
    ],
    [
      2.63154,
      0.484136,
      -0.077426
    ],
    [
      2.97967,
      0.457128,
      -0.077426
    ],
    [
      3.3278,
      0.430119,
      -0.077426
    ],
    [
      3.67643,
      0.446238,
      0.0592872
    ],
    [
      4.02499,
      0.466928,
      0.0592872
    ],
    [
      4.37356,
      0.487617,
      0.0592872
    ],
    [
      4.72212,
      0.508307,
      0.0592872
    ],
    [
      5.07068,
      0.528996,
      0.0592872
    ],
    [
      5.41924,
      0.549686,
      0.0592872
    ],
    [
      5.76781,
      0.570376,
      0.0592872
    ],
    [
      6.11637,
      0.591065,
      0.0592872
    ],
    [
      6.46493,
      0.611755,
      0.0592872
    ],
    [
      6.83352,
      0.646216,
      0.0940222
    ],
    [
      7.20208,
      0.680971,
      0.0940222
    ],
    [
      7.57064,
      0.715727,
      0.0940222
    ],
    [
      7.9392,
      0.750482,
      0.0940222
    ],
    [
      8.30776,
      0.785238,
      0.0940222
    ],
    [
      8.67623,
      0.820819,
      0.15231
    ],
    [
      8.97471,
      0.987404,
      0.865799
    ],
    [
      9.09135,
      1.3087,
      1.57929
    ],
    [
      9.03487,
      1.65291,
      1.75509
    ],
    [
      8.97088,
      1.99618,
      1.75509
    ],
    [
      8.90689,
      2.33944,
      1.75509
    ],
    [
      8.84291,
      2.6827,
      1.75509
    ],
    [
      8.77892,
      3.02597,
      1.75509
    ],
    [
      8.71494,
      3.36923,
      1.75509
    ],
    [
      8.65095,
      3.71249,
      1.75509
    ],
    [
      8.57859,
      4.1007,
      1.75509
    ],
    [
      8.51106,
      4.48957,
      1.6138
    ],
    [
      8.64659,
      4.84914,
      0.806899
    ],
    [
      9.0,
      5.0,
      0.0
    ]
  ]
}