{
  "robot": {
    "class": "RectangleRobot",
    "radius": 0.32229592619166547,
    "wheelbase": 0.2525461928858501,
    "max_velocity": 11.050337026194608,
    "max_steering_at_zero_v": 0.47348454711683124,
    "max_steering_at_max_v": 0.16995158295209073,
    "acceleration": 5,
    "width": 0.2626449504753683,
    "lenght": 0.588656339597872
  },
  "planner": {
    "class": "Dubins_pathfinding",
    "start": [
      1.0,
      5.0
    ],
    "goal": [
      9.0,
      5.0
    ],
    "bounds": [
      0,
      10,
      0,
      10
    ],
    "max_runtime": 15.0,
    "goal_threshold": 0.0,
    "interpolate_steps": 50
  },
  "path": [
    [
      1.0,
      5.0,
      0.0
    ],
    [
      1.31382,
      5.11281,
      0.69016
    ],
    [
      1.484,
      5.39959,
      1.38032
    ],
    [
      1.4406,
      5.73222,
      1.8841
    ],
    [
      1.33576,
      6.05585,
      1.8841
    ],
    [
      1.2318,
      6.37975,
      1.82262
    ],
    [
      1.13988,
      6.69723,
      1.85333
    ],
    [
      1.04773,
      7.01466,
      1.85333
    ],
    [
      0.95558,
      7.33208,
      1.85333
    ],
    [
      0.863431,
      7.64951,
      1.85333
    ],
    [
      0.771282,
      7.96693,
      1.85333
    ],
    [
      0.664891,
      8.2789,
      2.1023
    ],
    [
      0.573022,
      8.60639,
      1.76024
    ],
    [
      0.508583,
      8.94246,
      1.76024
    ],
    [
      0.552085,
      9.27505,
      1.09418
    ],
    [
      0.798136,
      9.50292,
      0.399947
    ],
    [
      1.13303,
      9.52063,
      -0.294283
    ],
    [
      1.4792,
      9.4794,
      -0.0888113
    ],
    [
      1.827,
      9.44843,
      -0.0888113
    ],
    [
      2.1748,
      9.41746,
      -0.0888113
    ],
    [
      2.5226,
      9.38649,
      -0.0888113
    ],
    [
      2.8704,
      9.35552,
      -0.0888113
    ],
    [
      3.2182,
      9.32455,
      -0.0888113
    ],
    [
      3.566,
      9.29358,
      -0.0888113
    ],
    [
      3.9138,
      9.26261,
      -0.0888113
    ],
    [
      4.2616,
      9.23164,
      -0.0888113
    ],
    [
      4.65437,
      9.22879,
      -0.00258405
    ],
    [
      5.04719,
      9.22778,
      -0.00258405
    ],
    [
      5.44001,
      9.22676,
      -0.00258405
    ],
    [
      5.83283,
      9.22575,
      -0.00258405
    ],
    [
      6.22566,
      9.22473,
      -0.00258405
    ],
    [
      6.61848,
      9.22372,
      -0.00258405
    ],
    [
      7.0113,
      9.2227,
      -0.00258405
    ],
    [
      7.40336,
      9.21109,
      -0.210324
    ],
    [
      7.78141,
      9.20569,
      0.0202063
    ],
    [
      8.1602,
      9.21334,
      0.0202063
    ],
    [
      8.53899,
      9.22078,
      -0.00929194
    ],
    [
      8.88034,
      9.07903,
      -0.777925
    ],
    [
      9.02718,
      8.73984,
      -1.54656
    ],
    [
      9.08445,
      8.38632,
      -1.39425
    ],
    [
      9.14739,
      8.03351,
      -1.39425
    ],
    [
      9.15411,
      7.67976,
      -1.87346
    ],
    [
      8.93748,
      7.40417,
      -2.60052
    ],
    [
      8.72704,
      7.14713,
      -1.91312
    ],
    [
      8.65395,
      6.81647,
      -1.77436
    ],
    [
      8.58545,
      6.48464,
      -1.77436
    ],
    [
      8.51695,
      6.15281,
      -1.77436
    ],
    [
      8.44197,
      5.8227,
      -1.93946
    ],
    [
      8.5442,
      5.29013,
      -0.997475
    ],
    [
      9.0,
      5.0,
      0.0
    ]
  ]
}