{
  "robot": {
    "class": "RectangleRobot",
    "radius": 0.3534237201879711,
    "wheelbase": 0.30349530924790274,
    "max_velocity": 8.708037723804015,
    "max_steering_at_zero_v": 0.48313908757079377,
    "max_steering_at_max_v": 0.20102100873503895,
    "acceleration": 5,
    "width": 0.5935813748247208,
    "lenght": 0.38378959786218203
  },
  "planner": {
    "class": "Dubins_pathfinding",
    "start": [
      1.0,
      5.0
    ],
    "goal": [
      9.0,
      5.0
    ],
    "bounds": [
      0,
      10,
      0,
      10
    ],
    "max_runtime": 15.0,
    "goal_threshold": 0.0,
    "interpolate_steps": 50
  },
  "path": [
    [
      1.0,
      5.0,
      0.0
    ],
    [
      1.31537,
      5.09352,
      0.576551
    ],
    [
      1.52878,
      5.34384,
      1.1531
    ],
    [
      1.57123,
      5.67003,
      1.72965
    ],
    [
      1.46833,
      5.98682,
      1.91445
    ],
    [
      1.35595,
      6.30087,
      1.91445
    ],
    [
      1.24357,
      6.61491,
      1.91445
    ],
    [
      1.12492,
      6.92634,
      2.06771
    ],
    [
      0.990346,
      7.28097,
      1.91597
    ],
    [
      0.861912,
      7.63816,
      1.91597
    ],
    [
      0.733477,
      7.99535,
      1.91597
    ],
    [
      0.605043,
      8.35254,
      1.91597
    ],
    [
      0.508148,
      8.71723,
      1.58067
    ],
    [
      0.62478,
      9.07133,
      0.924546
    ],
    [
      0.933209,
      9.28075,
      0.268422
    ],
    [
      1.264,
      9.32655,
      0.118025
    ],
    [
      1.59588,
      9.3659,
      0.118025
    ],
    [
      1.92777,
      9.40525,
      0.118025
    ],
    [
      2.25965,
      9.44461,
      0.118025
    ],
    [
      2.58622,
      9.50821,
      0.411349
    ],
    [
      2.94449,
      9.54943,
      -0.0650163
    ],
    [
      3.30887,
      9.52571,
      -0.0650163
    ],
    [
      3.67324,
      9.50198,
      -0.0650163
    ],
    [
      4.03761,
      9.47826,
      -0.0650163
    ],
    [
      4.40199,
      9.45454,
      -0.0650163
    ],
    [
      4.76636,
      9.43081,
      -0.0650163
    ],
    [
      5.13052,
      9.42316,
      0.170874
    ],
    [
      5.47814,
      9.40933,
      -0.100757
    ],
    [
      5.82555,
      9.37421,
      -0.100757
    ],
    [
      6.17295,
      9.33909,
      -0.100757
    ],
    [
      6.52036,
      9.30397,
      -0.100757
    ],
    [
      6.86776,
      9.26884,
      -0.100757
    ],
    [
      7.21517,
      9.23372,
      -0.100757
    ],
    [
      7.56257,
      9.1986,
      -0.100757
    ],
    [
      7.90998,
      9.16348,
      -0.100757
    ],
    [
      8.25738,
      9.12835,
      -0.100757
    ],
    [
      8.60245,
      9.06388,
      -0.191507
    ],
    [
      8.93303,
      8.95486,
      -0.584486
    ],
    [
      9.1512,
      8.68665,
      -1.19138
    ],
    [
      9.17868,
      8.34738,
      -1.78859
    ],
    [
      9.08877,
      8.01379,
      -1.83594
    ],
    [
      8.99823,
      7.68037,
      -1.83594
    ],
    [
      8.9077,
      7.34695,
      -1.83594
    ],
    [
      8.81716,
      7.01352,
      -1.83594
    ],
    [
      8.72663,
      6.6801,
      -1.83594
    ],
    [
      8.63609,
      6.34667,
      -1.83594
    ],
    [
      8.48591,
      6.04018,
      -2.3131
    ],
    [
      8.33624,
      5.59502,
      -1.47717
    ],
    [
      8.56593,
      5.18521,
      -0.677295
    ],
    [
      9.0,
      5.0,
      0.0
    ]
  ]
}