{
  "robot": {
    "class": "RectangleRobot",
    "radius": 0.28314888256545,
    "wheelbase": 0.24553631721819236,
    "max_velocity": 7.428225790614727,
    "max_steering_at_zero_v": 0.4077529023980769,
    "max_steering_at_max_v": 0.15710216212962813,
    "acceleration": 5,
    "width": 0.36326697893848314,
    "lenght": 0.434430962070108
  },
  "planner": {
    "class": "Dubins_pathfinding",
    "start": [
      1.0,
      5.0
    ],
    "goal": [
      9.0,
      5.0
    ],
    "bounds": [
      0,
      10,
      0,
      10
    ],
    "max_runtime": 15.0,
    "goal_threshold": 0.0,
    "interpolate_steps": 50
  },
  "path": [
    [
      1.0,
      5.0,
      0.0
    ],
    [
      1.31333,
      5.09416,
      0.583838
    ],
    [
      1.52286,
      5.34543,
      1.16768
    ],
    [
      1.55916,
      5.67059,
      1.75151
    ],
    [
      1.42843,
      5.97382,
      2.05831
    ],
    [
      1.27298,
      6.26702,
      2.05831
    ],
    [
      1.11752,
      6.56022,
      2.05831
    ],
    [
      0.962067,
      6.85343,
      2.05831
    ],
    [
      0.80286,
      7.14444,
      2.18198
    ],
    [
      0.689711,
      7.50842,
      1.70487
    ],
    [
      0.638111,
      7.89098,
      1.70487
    ],
    [
      0.58651,
      8.27353,
      1.70487
    ],
    [
      0.536502,
      8.65625,
      1.62981
    ],
    [
      0.620914,
      8.98944,
      1.01552
    ],
    [
      0.881935,
      9.21306,
      0.40123
    ],
    [
      1.22476,
      9.26686,
      0.0623777
    ],
    [
      1.57326,
      9.28862,
      0.0623777
    ],
    [
      1.92175,
      9.31039,
      0.0623777
    ],
    [
      2.27025,
      9.33216,
      0.0623777
    ],
    [
      2.61875,
      9.35392,
      0.0623777
    ],
    [
      2.96725,
      9.37569,
      0.0623777
    ],
    [
      3.31574,
      9.39746,
      0.0623777
    ],
    [
      3.66484,
      9.3929,
      -0.0183723
    ],
    [
      4.01396,
      9.38648,
      -0.0183723
    ],
    [
      4.36308,
      9.38007,
      -0.0183723
    ],
    [
      4.7122,
      9.37365,
      -0.0183723
    ],
    [
      5.06131,
      9.36724,
      -0.0183723
    ],
    [
      5.41043,
      9.36082,
      -0.0183723
    ],
    [
      5.75955,
      9.35441,
      -0.0183723
    ],
    [
      6.10867,
      9.34799,
      -0.0183723
    ],
    [
      6.45778,
      9.34158,
      -0.0183723
    ],
    [
      6.80652,
      9.34425,
      0.00823372
    ],
    [
      7.15526,
      9.34712,
      0.00823372
    ],
    [
      7.50401,
      9.34999,
      0.00823372
    ],
    [
      7.85275,
      9.35286,
      0.00823372
    ],
    [
      8.19557,
      9.30945,
      -0.397893
    ],
    [
      8.5559,
      9.20554,
      -0.267993
    ],
    [
      8.91163,
      9.08965,
      -0.517136
    ],
    [
      9.15556,
      8.81356,
      -1.17718
    ],
    [
      9.17898,
      8.4459,
      -1.83723
    ],
    [
      8.97203,
      8.1411,
      -2.49728
    ],
    [
      8.77904,
      7.88029,
      -1.91844
    ],
    [
      8.70049,
      7.56092,
      -1.7998
    ],
    [
      8.6258,
      7.24048,
      -1.7998
    ],
    [
      8.55111,
      6.92005,
      -1.7998
    ],
    [
      8.47642,
      6.59962,
      -1.7998
    ],
    [
      8.39759,
      6.28033,
      -1.92281
    ],
    [
      8.40243,
      5.74914,
      -1.43814
    ],
    [
      8.53891,
      5.23601,
      -0.946165
    ],
    [
      9.0,
      5.0,
      0.0
    ]
  ]
}