{
  "robot": {
    "class": "RectangleRobot",
    "radius": 0.31840786023999823,
    "wheelbase": 0.3576742539837648,
    "max_velocity": 11.976021994334777,
    "max_steering_at_zero_v": 0.44106525764309645,
    "max_steering_at_max_v": 0.24592521522142316,
    "acceleration": 5,
    "width": 0.10654755745630225,
    "lenght": 0.6278390556906706
  },
  "planner": {
    "class": "Dubins_pathfinding",
    "start": [
      1.0,
      5.0
    ],
    "goal": [
      9.0,
      5.0
    ],
    "bounds": [
      0,
      10,
      0,
      10
    ],
    "max_runtime": 15.0,
    "goal_threshold": 0.0,
    "interpolate_steps": 50
  },
  "path": [
    [
      1.0,
      5.0,
      0.0
    ],
    [
      1.36882,
      4.90417,
      -0.508416
    ],
    [
      1.64434,
      4.64092,
      -1.01683
    ],
    [
      1.75687,
      4.27685,
      -1.52525
    ],
    [
      1.67793,
      3.90404,
      -2.03366
    ],
    [
      1.49666,
      3.56417,
      -2.10511
    ],
    [
      1.22637,
      3.29556,
      -2.61352
    ],
    [
      0.969304,
      3.04848,
      -2.13847
    ],
    [
      0.847208,
      2.71238,
      -1.7956
    ],
    [
      0.766976,
      2.36151,
      -1.7956
    ],
    [
      0.681867,
      2.01195,
      -1.91107
    ],
    [
      0.646469,
      1.64167,
      -1.46919
    ],
    [
      0.684562,
      1.26804,
      -1.46919
    ],
    [
      0.742928,
      0.898085,
      -1.2358
    ],
    [
      0.94753,
      0.587723,
      -0.740105
    ],
    [
      1.27513,
      0.412036,
      -0.244406
    ],
    [
      1.64462,
      0.393985,
      0.0252814
    ],
    [
      2.01588,
      0.403373,
      0.0252814
    ],
    [
      2.38714,
      0.412761,
      0.0252814
    ],
    [
      2.75841,
      0.422149,
      0.0252814
    ],
    [
      3.12967,
      0.431537,
      0.0252814
    ],
    [
      3.50094,
      0.440925,
      0.0252814
    ],
    [
      3.8722,
      0.450313,
      0.0252814
    ],
    [
      4.24347,
      0.457871,
      -0.0442264
    ],
    [
      4.59732,
      0.506538,
      0.199309
    ],
    [
      4.94853,
      0.577479,
      0.199309
    ],
    [
      5.29974,
      0.64842,
      0.199309
    ],
    [
      5.65148,
      0.716245,
      0.107959
    ],
    [
      6.00026,
      0.728157,
      0.0270358
    ],
    [
      6.34916,
      0.737592,
      0.0270358
    ],
    [
      6.69807,
      0.747028,
      0.0270358
    ],
    [
      7.04698,
      0.756463,
      0.0270358
    ],
    [
      7.39588,
      0.765898,
      0.0270358
    ],
    [
      7.74479,
      0.775333,
      0.0270358
    ],
    [
      8.0937,
      0.784769,
      0.0270358
    ],
    [
      8.44258,
      0.794821,
      0.0674183
    ],
    [
      8.77331,
      0.896317,
      0.528097
    ],
    [
      9.02804,
      1.13977,
      0.997459
    ],
    [
      9.1451,
      1.47212,
      1.46682
    ],
    [
      9.1038,
      1.82285,
      1.82333
    ],
    [
      9.01494,
      2.16718,
      1.82333
    ],
    [
      8.92609,
      2.51152,
      1.82333
    ],
    [
      8.83724,
      2.85585,
      1.82333
    ],
    [
      8.74348,
      3.19871,
      1.93971
    ],
    [
      8.54348,
      3.48881,
      2.40907
    ],
    [
      8.32736,
      3.82494,
      1.87532
    ],
    [
      8.2427,
      4.21929,
      1.60124
    ],
    [
      8.3363,
      4.60778,
      1.06749
    ],
    [
      8.61454,
      4.89462,
      0.533747
    ],
    [
      9.0,
      5.0,
      0.0
    ]
  ]
}