{
  "robot": {
    "class": "RectangleRobot",
    "radius": 0.17789724417636413,
    "wheelbase": 0.35262549560123024,
    "max_velocity": 11.67502465278799,
    "max_steering_at_zero_v": 0.33524874853368847,
    "max_steering_at_max_v": 0.21041768266962352,
    "acceleration": 5,
    "width": 0.22138758205968218,
    "lenght": 0.2785269402624227
  },
  "planner": {
    "class": "Dubins_pathfinding",
    "start": [
      1.0,
      5.0
    ],
    "goal": [
      9.0,
      5.0
    ],
    "bounds": [
      0,
      10,
      0,
      10
    ],
    "max_runtime": 15.0,
    "goal_threshold": 0.0,
    "interpolate_steps": 50
  },
  "path": [
    [
      1.0,
      5.0,
      0.0
    ],
    [
      1.38304,
      5.07528,
      0.388116
    ],
    [
      1.70909,
      5.28992,
      0.776232
    ],
    [
      1.92967,
      5.61198,
      1.16435
    ],
    [
      2.01196,
      5.99358,
      1.55246
    ],
    [
      1.94371,
      6.37793,
      1.94058
    ],
    [
      1.73509,
      6.70786,
      2.3287
    ],
    [
      1.44726,
      6.97417,
      2.27149
    ],
    [
      1.25784,
      7.31549,
      1.88337
    ],
    [
      1.07535,
      7.65795,
      2.15911
    ],
    [
      0.859091,
      7.98211,
      2.15911
    ],
    [
      0.654644,
      8.31325,
      1.99443
    ],
    [
      0.565927,
      8.69023,
      1.60942
    ],
    [
      0.625285,
      9.07293,
      1.22441
    ],
    [
      0.824028,
      9.40532,
      0.839404
    ],
    [
      1.13306,
      9.63874,
      0.454394
    ],
    [
      1.51027,
      9.73922,
      0.0662777
    ],
    [
      1.90284,
      9.73028,
      -0.0363242
    ],
    [
      2.29541,
      9.71602,
      -0.0363242
    ],
    [
      2.68797,
      9.70175,
      -0.0363242
    ],
    [
      3.08054,
      9.68748,
      -0.0363242
    ],
    [
      3.4731,
      9.67322,
      -0.0363242
    ],
    [
      3.86566,
      9.65895,
      -0.0363242
    ],
    [
      4.25823,
      9.64469,
      -0.0363242
    ],
    [
      4.65103,
      9.64129,
      -0.00759216
    ],
    [
      5.04384,
      9.6383,
      -0.00759216
    ],
    [
      5.43666,
      9.63532,
      -0.00759216
    ],
    [
      5.82947,
      9.63234,
      -0.00759216
    ],
    [
      6.22228,
      9.62936,
      -0.00759216
    ],
    [
      6.61509,
      9.62638,
      -0.00759216
    ],
    [
      7.0079,
      9.62339,
      -0.00759216
    ],
    [
      7.40056,
      9.61619,
      -0.0989936
    ],
    [
      7.78479,
      9.55991,
      -0.148649
    ],
    [
      8.16886,
      9.50239,
      -0.148649
    ],
    [
      8.55292,
      9.44488,
      -0.148649
    ],
    [
      8.92287,
      9.33402,
      -0.47937
    ],
    [
      9.22511,
      9.09396,
      -0.863067
    ],
    [
      9.41551,
      8.75822,
      -1.24676
    ],
    [
      9.46638,
      8.37562,
      -1.63046
    ],
    [
      9.37032,
      8.00179,
      -2.01416
    ],
    [
      9.1708,
      7.71707,
      -2.30255
    ],
    [
      8.93749,
      7.45728,
      -2.30255
    ],
    [
      8.70418,
      7.19749,
      -2.30255
    ],
    [
      8.47087,
      6.93771,
      -2.30255
    ],
    [
      8.23763,
      6.67785,
      -2.28862
    ],
    [
      8.05741,
      6.3808,
      -1.94363
    ],
    [
      7.98826,
      6.0403,
      -1.59864
    ],
    [
      8.03835,
      5.69649,
      -1.25365
    ],
    [
      8.20176,
      5.38986,
      -0.908654
    ],
    [
      9.0,
      5.0,
      0.0
    ]
  ]
}