{
  "robot": {
    "class": "RectangleRobot",
    "radius": 0.3781931223670811,
    "wheelbase": 0.256911515378206,
    "max_velocity": 11.779281460657796,
    "max_steering_at_zero_v": 0.5038807558971032,
    "max_steering_at_max_v": 0.16546892604994423,
    "acceleration": 5,
    "width": 0.5262180683210707,
    "lenght": 0.5433366321126241
  },
  "planner": {
    "class": "Dubins_pathfinding",
    "start": [
      1.0,
      5.0
    ],
    "goal": [
      9.0,
      5.0
    ],
    "bounds": [
      0,
      10,
      0,
      10
    ],
    "max_runtime": 15.0,
    "goal_threshold": 0.0,
    "interpolate_steps": 50
  },
  "path": [
    [
      1.0,
      5.0,
      0.0
    ],
    [
      1.31044,
      5.11848,
      0.729153
    ],
    [
      1.46302,
      5.41366,
      1.45831
    ],
    [
      1.39719,
      5.74321,
      1.90362
    ],
    [
      1.28618,
      6.06432,
      1.90362
    ],
    [
      1.17518,
      6.38544,
      1.90362
    ],
    [
      1.06418,
      6.70656,
      1.90362
    ],
    [
      0.968705,
      7.03156,
      1.64122
    ],
    [
      0.883261,
      7.38294,
      1.83294
    ],
    [
      0.789429,
      7.73264,
      1.83294
    ],
    [
      0.695597,
      8.08233,
      1.83294
    ],
    [
      0.602699,
      8.43226,
      1.7687
    ],
    [
      0.530731,
      8.7815,
      1.77404
    ],
    [
      0.536221,
      9.13154,
      1.19471
    ],
    [
      0.768894,
      9.38091,
      0.445351
    ],
    [
      1.11103,
      9.41832,
      -0.063392
    ],
    [
      1.45951,
      9.3962,
      -0.063392
    ],
    [
      1.80798,
      9.37408,
      -0.063392
    ],
    [
      2.15646,
      9.35196,
      -0.063392
    ],
    [
      2.50493,
      9.32984,
      -0.063392
    ],
    [
      2.85341,
      9.30772,
      -0.063392
    ],
    [
      3.20188,
      9.2856,
      -0.063392
    ],
    [
      3.55036,
      9.26348,
      -0.063392
    ],
    [
      3.89716,
      9.25976,
      -0.00873169
    ],
    [
      4.24398,
      9.25673,
      -0.00873169
    ],
    [
      4.59079,
      9.2537,
      -0.00873169
    ],
    [
      4.93761,
      9.25067,
      -0.00873169
    ],
    [
      5.28443,
      9.24764,
      -0.00873169
    ],
    [
      5.63125,
      9.24462,
      -0.00873169
    ],
    [
      5.97807,
      9.24159,
      -0.00873169
    ],
    [
      6.32489,
      9.23856,
      -0.00873169
    ],
    [
      6.67158,
      9.23279,
      -0.117316
    ],
    [
      7.02758,
      9.23422,
      0.015568
    ],
    [
      7.38369,
      9.23977,
      0.015568
    ],
    [
      7.73981,
      9.24531,
      0.015568
    ],
    [
      8.09592,
      9.25085,
      0.015568
    ],
    [
      8.45204,
      9.2564,
      0.015568
    ],
    [
      8.80493,
      9.23149,
      -0.347644
    ],
    [
      9.06396,
      8.99977,
      -1.11199
    ],
    [
      9.10159,
      8.65503,
      -1.66044
    ],
    [
      9.07003,
      8.30384,
      -1.66044
    ],
    [
      9.03846,
      7.95266,
      -1.66044
    ],
    [
      9.00689,
      7.60147,
      -1.66044
    ],
    [
      8.97533,
      7.25028,
      -1.66044
    ],
    [
      8.94376,
      6.8991,
      -1.66044
    ],
    [
      8.79665,
      6.5878,
      -2.39017
    ],
    [
      8.63019,
      6.15472,
      -1.71662
    ],
    [
      8.56104,
      5.68391,
      -1.71662
    ],
    [
      8.60264,
      5.22259,
      -1.02125
    ],
    [
      9.0,
      5.0,
      0.0
    ]
  ]
}