{
  "robot": {
    "class": "RectangleRobot",
    "radius": 0.23984590468831585,
    "wheelbase": 0.304021417594311,
    "max_velocity": 12.028672198318752,
    "max_steering_at_zero_v": 0.4372394433812693,
    "max_steering_at_max_v": 0.25928205661341025,
    "acceleration": 5,
    "width": 0.15988128409040875,
    "lenght": 0.4522634265343913
  },
  "planner": {
    "class": "Dubins_pathfinding",
    "start": [
      1.0,
      5.0
    ],
    "goal": [
      9.0,
      5.0
    ],
    "bounds": [
      0,
      10,
      0,
      10
    ],
    "max_runtime": 15.0,
    "goal_threshold": 0.0,
    "interpolate_steps": 50
  },
  "path": [
    [
      1.0,
      5.0,
      0.0
    ],
    [
      1.33264,
      5.0915,
      0.536835
    ],
    [
      1.5717,
      5.34024,
      1.07367
    ],
    [
      1.64992,
      5.67626,
      1.61051
    ],
    [
      1.55582,
      6.01009,
      1.95766
    ],
    [
      1.42408,
      6.33346,
      1.95766
    ],
    [
      1.29234,
      6.65683,
      1.95766
    ],
    [
      1.1606,
      6.9802,
      1.95766
    ],
    [
      1.02886,
      7.30357,
      1.95766
    ],
    [
      0.897117,
      7.62694,
      1.95766
    ],
    [
      0.792754,
      8.02774,
      1.80797
    ],
    [
      0.695377,
      8.43059,
      1.80797
    ],
    [
      0.721603,
      8.83725,
      1.18802
    ],
    [
      0.930719,
      9.11165,
      0.651187
    ],
    [
      1.25075,
      9.24051,
      0.114352
    ],
    [
      1.59975,
      9.24803,
      0.0117479
    ],
    [
      1.9489,
      9.25213,
      0.0117479
    ],
    [
      2.29805,
      9.25623,
      0.0117479
    ],
    [
      2.6472,
      9.26033,
      0.0117479
    ],
    [
      2.99635,
      9.26443,
      0.0117479
    ],
    [
      3.34551,
      9.26854,
      0.0117479
    ],
    [
      3.69466,
      9.27264,
      0.0117479
    ],
    [
      4.0475,
      9.26778,
      -0.014394
    ],
    [
      4.40034,
      9.2627,
      -0.014394
    ],
    [
      4.75317,
      9.25762,
      -0.014394
    ],
    [
      5.10601,
      9.25254,
      -0.014394
    ],
    [
      5.45885,
      9.24747,
      -0.014394
    ],
    [
      5.81162,
      9.24055,
      -0.0895741
    ],
    [
      6.16071,
      9.23876,
      0.00282838
    ],
    [
      6.50989,
      9.23975,
      0.00282838
    ],
    [
      6.85906,
      9.24074,
      0.00282838
    ],
    [
      7.20824,
      9.24172,
      0.00282838
    ],
    [
      7.55741,
      9.24271,
      0.00282838
    ],
    [
      7.90659,
      9.2437,
      0.00282838
    ],
    [
      8.25576,
      9.24469,
      0.00282838
    ],
    [
      8.60494,
      9.24568,
      0.00282838
    ],
    [
      8.95411,
      9.24666,
      0.00282838
    ],
    [
      9.32381,
      9.13265,
      -0.601111
    ],
    [
      9.56337,
      8.82886,
      -1.20505
    ],
    [
      9.58802,
      8.44276,
      -1.80899
    ],
    [
      9.43247,
      8.0828,
      -2.01317
    ],
    [
      9.2643,
      7.72779,
      -2.01317
    ],
    [
      9.09614,
      7.37278,
      -2.01317
    ],
    [
      8.92798,
      7.01778,
      -2.01317
    ],
    [
      8.75981,
      6.66277,
      -2.01317
    ],
    [
      8.57817,
      6.27931,
      -2.01317
    ],
    [
      8.39747,
      5.89543,
      -1.957
    ],
    [
      8.37246,
      5.47937,
      -1.30466
    ],
    [
      8.60516,
      5.13355,
      -0.652332
    ],
    [
      9.0,
      5.0,
      0.0
    ]
  ]
}