{
  "robot": {
    "class": "RectangleRobot",
    "radius": 0.38681071078545304,
    "wheelbase": 0.34098707125177663,
    "max_velocity": 12.150508409027989,
    "max_steering_at_zero_v": 0.4742392360650852,
    "max_steering_at_max_v": 0.25465913243207516,
    "acceleration": 5,
    "width": 0.5736209711514527,
    "lenght": 0.5190848537268775
  },
  "planner": {
    "class": "Dubins_pathfinding",
    "start": [
      1.0,
      5.0
    ],
    "goal": [
      9.0,
      5.0
    ],
    "bounds": [
      0,
      10,
      0,
      10
    ],
    "max_runtime": 15.0,
    "goal_threshold": 0.0,
    "interpolate_steps": 50
  },
  "path": [
    [
      1.0,
      5.0,
      0.0
    ],
    [
      1.32358,
      4.91586,
      -0.50877
    ],
    [
      1.56519,
      4.68477,
      -1.01754
    ],
    [
      1.66363,
      4.36525,
      -1.52631
    ],
    [
      1.59397,
      4.03825,
      -2.03508
    ],
    [
      1.41708,
      3.75037,
      -2.13076
    ],
    [
      1.23512,
      3.46565,
      -2.22495
    ],
    [
      1.09918,
      3.16003,
      -1.85334
    ],
    [
      1.00521,
      2.83635,
      -1.85334
    ],
    [
      0.911245,
      2.51267,
      -1.85334
    ],
    [
      0.817278,
      2.18899,
      -1.85334
    ],
    [
      0.72331,
      1.86531,
      -1.85334
    ],
    [
      0.629342,
      1.54163,
      -1.85334
    ],
    [
      0.572727,
      1.21154,
      -1.51502
    ],
    [
      0.674276,
      0.893943,
      -1.00764
    ],
    [
      0.959438,
      0.644589,
      -0.429375
    ],
    [
      1.33457,
      0.591292,
      0.11647
    ],
    [
      1.7161,
      0.635931,
      0.11647
    ],
    [
      2.09764,
      0.680571,
      0.11647
    ],
    [
      2.47917,
      0.72521,
      0.11647
    ],
    [
      2.86071,
      0.76985,
      0.11647
    ],
    [
      3.24224,
      0.814489,
      0.11647
    ],
    [
      3.62372,
      0.85956,
      0.152679
    ],
    [
      3.95769,
      0.85891,
      -0.0380095
    ],
    [
      4.29197,
      0.846198,
      -0.0380095
    ],
    [
      4.62625,
      0.833486,
      -0.0380095
    ],
    [
      4.96053,
      0.820774,
      -0.0380095
    ],
    [
      5.29481,
      0.808062,
      -0.0380095
    ],
    [
      5.62475,
      0.843698,
      0.345067
    ],
    [
      5.9903,
      0.883679,
      0.00575875
    ],
    [
      6.36036,
      0.88581,
      0.00575875
    ],
    [
      6.73043,
      0.887941,
      0.00575875
    ],
    [
      7.10049,
      0.890072,
      0.00575875
    ],
    [
      7.47055,
      0.892203,
      0.00575875
    ],
    [
      7.84062,
      0.894334,
      0.00575875
    ],
    [
      8.21068,
      0.896465,
      0.00575875
    ],
    [
      8.58054,
      0.903195,
      0.123508
    ],
    [
      8.91257,
      1.04281,
      0.672595
    ],
    [
      9.12292,
      1.33519,
      1.22168
    ],
    [
      9.14976,
      1.69438,
      1.77077
    ],
    [
      9.02949,
      2.03836,
      1.93028
    ],
    [
      8.90117,
      2.3798,
      1.93028
    ],
    [
      8.77286,
      2.72124,
      1.93028
    ],
    [
      8.64454,
      3.06267,
      1.93028
    ],
    [
      8.45778,
      3.37146,
      2.3805
    ],
    [
      8.26311,
      3.72966,
      1.75672
    ],
    [
      8.29172,
      4.14015,
      1.39859
    ],
    [
      8.37011,
      4.54672,
      1.24755
    ],
    [
      8.61198,
      4.8749,
      0.623777
    ],
    [
      9.0,
      5.0,
      0.0
    ]
  ]
}