{
  "robot": {
    "class": "RectangleRobot",
    "radius": 0.32260964122955754,
    "wheelbase": 0.2111119676901396,
    "max_velocity": 8.17676553840693,
    "max_steering_at_zero_v": 0.5152331110562114,
    "max_steering_at_max_v": 0.19123628899744896,
    "acceleration": 5,
    "width": 0.1912329324667354,
    "lenght": 0.6162287627149745
  },
  "planner": {
    "class": "Dubins_pathfinding",
    "start": [
      1.0,
      5.0
    ],
    "goal": [
      9.0,
      5.0
    ],
    "bounds": [
      0,
      10,
      0,
      10
    ],
    "max_runtime": 15.0,
    "goal_threshold": 0.0,
    "interpolate_steps": 50
  },
  "path": [
    [
      1.0,
      5.0,
      0.0
    ],
    [
      1.27821,
      5.12463,
      0.842362
    ],
    [
      1.37041,
      5.41521,
      1.68472
    ],
    [
      1.31358,
      5.72092,
      1.44597
    ],
    [
      1.25004,
      6.08419,
      1.8104
    ],
    [
      1.16201,
      6.44455,
      1.8104
    ],
    [
      1.07397,
      6.80491,
      1.8104
    ],
    [
      0.985936,
      7.16527,
      1.8104
    ],
    [
      0.897901,
      7.52563,
      1.8104
    ],
    [
      0.811894,
      7.88641,
      1.70499
    ],
    [
      0.721356,
      8.24558,
      1.82496
    ],
    [
      0.628241,
      8.60418,
      1.80955
    ],
    [
      0.719066,
      8.96134,
      1.0111
    ],
    [
      0.921762,
      9.28456,
      0.98158
    ],
    [
      1.19678,
      9.44856,
      0.0938513
    ],
    [
      1.52681,
      9.42775,
      -0.0799813
    ],
    [
      1.85672,
      9.4013,
      -0.0799813
    ],
    [
      2.18663,
      9.37486,
      -0.0799813
    ],
    [
      2.51654,
      9.34842,
      -0.0799813
    ],
    [
      2.84645,
      9.32197,
      -0.0799813
    ],
    [
      3.17636,
      9.29553,
      -0.0799813
    ],
    [
      3.50627,
      9.26909,
      -0.0799813
    ],
    [
      3.83616,
      9.24242,
      -0.114933
    ],
    [
      4.22931,
      9.30575,
      0.208182
    ],
    [
      4.62126,
      9.38353,
      0.045744
    ],
    [
      4.97031,
      9.37484,
      -0.0277702
    ],
    [
      5.31935,
      9.36515,
      -0.0277702
    ],
    [
      5.66839,
      9.35545,
      -0.0277702
    ],
    [
      6.01743,
      9.34576,
      -0.0277702
    ],
    [
      6.36647,
      9.33606,
      -0.0277702
    ],
    [
      6.71551,
      9.32637,
      -0.0277702
    ],
    [
      7.06455,
      9.31667,
      -0.0277702
    ],
    [
      7.4136,
      9.30697,
      -0.0277702
    ],
    [
      7.76264,
      9.29728,
      -0.0277702
    ],
    [
      8.0927,
      9.28414,
      -0.0398611
    ],
    [
      8.42276,
      9.27098,
      -0.0398611
    ],
    [
      8.75282,
      9.25801,
      -0.00737673
    ],
    [
      9.05201,
      9.1039,
      -0.943945
    ],
    [
      9.10928,
      8.77069,
      -1.73007
    ],
    [
      9.0539,
      8.42593,
      -1.73007
    ],
    [
      8.99852,
      8.08117,
      -1.73007
    ],
    [
      8.94314,
      7.73642,
      -1.73007
    ],
    [
      8.88776,
      7.39166,
      -1.73007
    ],
    [
      8.83238,
      7.04691,
      -1.73007
    ],
    [
      8.77699,
      6.70215,
      -1.73007
    ],
    [
      8.72161,
      6.35739,
      -1.73007
    ],
    [
      8.6829,
      5.96562,
      -1.66744
    ],
    [
      8.64491,
      5.57376,
      -1.66744
    ],
    [
      8.6755,
      5.18926,
      -1.05598
    ],
    [
      9.0,
      5.0,
      0.0
    ]
  ]
}