{
  "robot": {
    "class": "RectangleRobot",
    "radius": 0.24995673367136256,
    "wheelbase": 0.422666192285832,
    "max_velocity": 7.660909186478461,
    "max_steering_at_zero_v": 0.40664268872946185,
    "max_steering_at_max_v": 0.2561993728883415,
    "acceleration": 5,
    "width": 0.36212003813266747,
    "lenght": 0.3446484481517672
  },
  "planner": {
    "class": "Dubins_pathfinding",
    "start": [
      1.0,
      5.0
    ],
    "goal": [
      9.0,
      5.0
    ],
    "bounds": [
      0,
      10,
      0,
      10
    ],
    "max_runtime": 15.0,
    "goal_threshold": 0.0,
    "interpolate_steps": 50
  },
  "path": [
    [
      1.0,
      5.0,
      0.0
    ],
    [
      1.38242,
      4.92243,
      -0.400239
    ],
    [
      1.70439,
      4.70199,
      -0.800478
    ],
    [
      1.91502,
      4.37352,
      -1.20072
    ],
    [
      1.98102,
      3.98893,
      -1.60096
    ],
    [
      1.89196,
      3.60903,
      -2.0012
    ],
    [
      1.66411,
      3.29168,
      -2.32211
    ],
    [
      1.39597,
      3.00461,
      -2.32211
    ],
    [
      1.12783,
      2.71753,
      -2.32211
    ],
    [
      0.92383,
      2.39042,
      -1.98242
    ],
    [
      0.768679,
      2.03503,
      -1.98242
    ],
    [
      0.614627,
      1.67918,
      -1.93315
    ],
    [
      0.551421,
      1.29914,
      -1.53805
    ],
    [
      0.639364,
      0.924048,
      -1.14295
    ],
    [
      0.864905,
      0.611703,
      -0.747847
    ],
    [
      1.19329,
      0.410233,
      -0.352745
    ],
    [
      1.57393,
      0.350683,
      0.0423572
    ],
    [
      1.96579,
      0.378101,
      0.0708723
    ],
    [
      2.35762,
      0.405918,
      0.0708723
    ],
    [
      2.74946,
      0.433735,
      0.0708723
    ],
    [
      3.1413,
      0.461552,
      0.0708723
    ],
    [
      3.53314,
      0.489369,
      0.0708723
    ],
    [
      3.92497,
      0.517186,
      0.0708723
    ],
    [
      4.31681,
      0.545003,
      0.0708723
    ],
    [
      4.70865,
      0.57282,
      0.0708723
    ],
    [
      5.06041,
      0.607785,
      0.100274
    ],
    [
      5.41214,
      0.643173,
      0.100274
    ],
    [
      5.76452,
      0.656591,
      -0.111493
    ],
    [
      6.1775,
      0.666147,
      0.0566484
    ],
    [
      6.59048,
      0.689567,
      0.0566484
    ],
    [
      7.00346,
      0.712987,
      0.0566484
    ],
    [
      7.41644,
      0.736406,
      0.0566484
    ],
    [
      7.82953,
      0.751516,
      -0.0735203
    ],
    [
      8.22364,
      0.636373,
      -0.494972
    ],
    [
      8.58886,
      0.498424,
      -0.164005
    ],
    [
      8.97881,
      0.512513,
      0.236235
    ],
    [
      9.33246,
      0.67743,
      0.636474
    ],
    [
      9.5939,
      0.967105,
      1.03671
    ],
    [
      9.7218,
      1.33575,
      1.43695
    ],
    [
      9.69596,
      1.7251,
      1.83719
    ],
    [
      9.52045,
      2.07361,
      2.23743
    ],
    [
      9.22303,
      2.3262,
      2.63767
    ],
    [
      8.88924,
      2.62153,
      2.26758
    ],
    [
      8.60113,
      2.96583,
      2.26758
    ],
    [
      8.31302,
      3.31013,
      2.26758
    ],
    [
      8.07593,
      3.68779,
      1.91451
    ],
    [
      8.02487,
      4.12989,
      1.45709
    ],
    [
      8.17429,
      4.54909,
      0.999673
    ],
    [
      8.49349,
      4.8592,
      0.542256
    ],
    [
      9.0,
      5.0,
      0.0
    ]
  ]
}