{
  "robot": {
    "class": "RectangleRobot",
    "radius": 0.3817715998991814,
    "wheelbase": 0.23967837433623929,
    "max_velocity": 8.91428300323294,
    "max_steering_at_zero_v": 0.5144294774950552,
    "max_steering_at_max_v": 0.23091856627591084,
    "acceleration": 5,
    "width": 0.4854380047341488,
    "lenght": 0.5893625043367208
  },
  "planner": {
    "class": "Dubins_pathfinding",
    "start": [
      1.0,
      5.0
    ],
    "goal": [
      9.0,
      5.0
    ],
    "bounds": [
      0,
      10,
      0,
      10
    ],
    "max_runtime": 15.0,
    "goal_threshold": 0.0,
    "interpolate_steps": 50
  },
  "path": [
    [
      1.0,
      5.0,
      0.0
    ],
    [
      1.31436,
      4.86056,
      -0.834997
    ],
    [
      1.42198,
      4.53393,
      -1.66999
    ],
    [
      1.32798,
      4.19297,
      -1.86179
    ],
    [
      1.22639,
      3.85376,
      -1.86179
    ],
    [
      1.1248,
      3.51455,
      -1.86179
    ],
    [
      1.02712,
      3.17437,
      -1.7238
    ],
    [
      0.933338,
      2.83068,
      -1.84607
    ],
    [
      0.836475,
      2.48773,
      -1.84607
    ],
    [
      0.720798,
      2.15227,
      -2.15548
    ],
    [
      0.646569,
      1.82223,
      -1.60728
    ],
    [
      0.634021,
      1.47846,
      -1.60728
    ],
    [
      0.621473,
      1.1347,
      -1.60728
    ],
    [
      0.706669,
      0.810045,
      -0.917376
    ],
    [
      1.01307,
      0.644855,
      -0.0715309
    ],
    [
      1.37152,
      0.631455,
      -0.0366471
    ],
    [
      1.72997,
      0.618313,
      -0.0366471
    ],
    [
      2.06576,
      0.713771,
      0.692056
    ],
    [
      2.39205,
      0.810036,
      -0.0258521
    ],
    [
      2.74111,
      0.80101,
      -0.0258521
    ],
    [
      3.09017,
      0.791984,
      -0.0258521
    ],
    [
      3.43923,
      0.782958,
      -0.0258521
    ],
    [
      3.78829,
      0.773932,
      -0.0258521
    ],
    [
      4.13735,
      0.764906,
      -0.0258521
    ],
    [
      4.4864,
      0.755881,
      -0.0258521
    ],
    [
      4.83546,
      0.746855,
      -0.0258521
    ],
    [
      5.18452,
      0.737829,
      -0.0258521
    ],
    [
      5.53367,
      0.732953,
      -0.0138773
    ],
    [
      5.88281,
      0.728107,
      -0.0138773
    ],
    [
      6.23195,
      0.723262,
      -0.0138773
    ],
    [
      6.58109,
      0.718416,
      -0.0138773
    ],
    [
      6.93024,
      0.713571,
      -0.0138773
    ],
    [
      7.27938,
      0.708726,
      -0.0138773
    ],
    [
      7.62852,
      0.70388,
      -0.0138773
    ],
    [
      7.97766,
      0.699035,
      -0.0138773
    ],
    [
      8.32681,
      0.694189,
      -0.0138773
    ],
    [
      8.62663,
      0.812057,
      0.724095
    ],
    [
      8.87408,
      1.03088,
      0.724095
    ],
    [
      9.12153,
      1.24971,
      0.724095
    ],
    [
      9.30609,
      1.51565,
      1.33602
    ],
    [
      9.26841,
      1.85819,
      1.82515
    ],
    [
      9.18055,
      2.19613,
      1.82515
    ],
    [
      9.09269,
      2.53408,
      1.82515
    ],
    [
      9.00483,
      2.87202,
      1.82515
    ],
    [
      8.91697,
      3.20996,
      1.82515
    ],
    [
      8.82911,
      3.5479,
      1.82515
    ],
    [
      8.74125,
      3.88584,
      1.82515
    ],
    [
      8.65339,
      4.22378,
      1.82515
    ],
    [
      8.57611,
      4.56364,
      1.59978
    ],
    [
      9.0,
      5.0,
      0.0
    ]
  ]
}