{
  "robot": {
    "class": "RectangleRobot",
    "radius": 0.1629371340605468,
    "wheelbase": 0.2807765994229749,
    "max_velocity": 12.58079888067635,
    "max_steering_at_zero_v": 0.3308319286259778,
    "max_steering_at_max_v": 0.2384435110820457,
    "acceleration": 5,
    "width": 0.2210422788622503,
    "lenght": 0.23944592203426973
  },
  "planner": {
    "class": "Dubins_pathfinding",
    "start": [
      1.0,
      5.0
    ],
    "goal": [
      9.0,
      5.0
    ],
    "bounds": [
      0,
      10,
      0,
      10
    ],
    "max_runtime": 15.0,
    "goal_threshold": 0.0,
    "interpolate_steps": 50
  },
  "path": [
    [
      1.0,
      5.0,
      0.0
    ],
    [
      1.30725,
      5.05994,
      0.385303
    ],
    [
      1.56945,
      5.23096,
      0.770607
    ],
    [
      1.76919,
      5.47418,
      0.907604
    ],
    [
      1.96311,
      5.72241,
      0.907604
    ],
    [
      2.15036,
      5.97535,
      1.04903
    ],
    [
      2.25154,
      6.27159,
      1.43433
    ],
    [
      2.23396,
      6.58414,
      1.81963
    ],
    [
      2.1002,
      6.86717,
      2.20494
    ],
    [
      1.96662,
      7.14949,
      1.82052
    ],
    [
      1.94866,
      7.4613,
      1.43611
    ],
    [
      2.04895,
      7.75709,
      1.0517
    ],
    [
      2.25284,
      7.99368,
      0.667292
    ],
    [
      2.52997,
      8.13833,
      0.350803
    ],
    [
      2.82509,
      8.24632,
      0.350803
    ],
    [
      3.12021,
      8.35432,
      0.350803
    ],
    [
      3.41533,
      8.46231,
      0.350803
    ],
    [
      3.71045,
      8.57031,
      0.350803
    ],
    [
      4.00557,
      8.6783,
      0.350803
    ],
    [
      4.33283,
      8.80004,
      0.356165
    ],
    [
      4.66009,
      8.92179,
      0.356165
    ],
    [
      4.98735,
      9.04354,
      0.356165
    ],
    [
      5.3146,
      9.16529,
      0.356165
    ],
    [
      5.64186,
      9.28704,
      0.356165
    ],
    [
      5.96912,
      9.40879,
      0.356165
    ],
    [
      6.29638,
      9.53054,
      0.356165
    ],
    [
      6.62411,
      9.65093,
      0.296655
    ],
    [
      6.96944,
      9.67969,
      -0.130462
    ],
    [
      7.29454,
      9.67166,
      -0.00489519
    ],
    [
      7.61995,
      9.67007,
      -0.00489519
    ],
    [
      7.94536,
      9.66848,
      -0.00489519
    ],
    [
      8.27076,
      9.66688,
      -0.00489519
    ],
    [
      8.59615,
      9.66649,
      0.0493612
    ],
    [
      8.9053,
      9.62203,
      -0.33505
    ],
    [
      9.17521,
      9.46488,
      -0.719461
    ],
    [
      9.36649,
      9.21798,
      -1.10387
    ],
    [
      9.45121,
      8.91736,
      -1.48828
    ],
    [
      9.41702,
      8.60691,
      -1.87269
    ],
    [
      9.28935,
      8.32007,
      -2.0164
    ],
    [
      9.15391,
      8.0365,
      -2.0164
    ],
    [
      9.01846,
      7.75293,
      -2.0164
    ],
    [
      8.88302,
      7.46936,
      -2.0164
    ],
    [
      8.74757,
      7.18578,
      -2.0164
    ],
    [
      8.57675,
      6.82816,
      -2.0164
    ],
    [
      8.40594,
      6.47053,
      -2.0164
    ],
    [
      8.23734,
      6.11191,
      -1.9392
    ],
    [
      8.18802,
      5.72257,
      -1.4544
    ],
    [
      8.32584,
      5.3551,
      -0.969599
    ],
    [
      8.61902,
      5.0942,
      -0.4848
    ],
    [
      9.0,
      5.0,
      0.0
    ]
  ]
}