{
  "robot": {
    "class": "RectangleRobot",
    "radius": 0.3438861768412896,
    "wheelbase": 0.28618867540007004,
    "max_velocity": 11.839114501635823,
    "max_steering_at_zero_v": 0.42614448415010525,
    "max_steering_at_max_v": 0.18146343437498916,
    "acceleration": 5,
    "width": 0.6273308021229178,
    "lenght": 0.2819341681986974
  },
  "planner": {
    "class": "Dubins_pathfinding",
    "start": [
      1.0,
      5.0
    ],
    "goal": [
      9.0,
      5.0
    ],
    "bounds": [
      0,
      10,
      0,
      10
    ],
    "max_runtime": 15.0,
    "goal_threshold": 0.0,
    "interpolate_steps": 50
  },
  "path": [
    [
      1.0,
      5.0,
      0.0
    ],
    [
      1.35338,
      4.89164,
      -0.595051
    ],
    [
      1.58529,
      4.60382,
      -1.1901
    ],
    [
      1.61599,
      4.23547,
      -1.78515
    ],
    [
      1.47244,
      3.88977,
      -2.00488
    ],
    [
      1.31467,
      3.54942,
      -2.00488
    ],
    [
      1.15689,
      3.20908,
      -2.00488
    ],
    [
      1.06982,
      2.84896,
      -1.52071
    ],
    [
      1.00244,
      2.5236,
      -1.94042
    ],
    [
      0.88127,
      2.21084,
      -1.94042
    ],
    [
      0.760096,
      1.89807,
      -1.94042
    ],
    [
      0.638922,
      1.58531,
      -1.94042
    ],
    [
      0.55612,
      1.26269,
      -1.58528
    ],
    [
      0.638625,
      0.941644,
      -1.05323
    ],
    [
      0.876784,
      0.704448,
      -0.513521
    ],
    [
      1.20295,
      0.621717,
      -0.0458533
    ],
    [
      1.54283,
      0.606121,
      -0.0458533
    ],
    [
      1.88272,
      0.590525,
      -0.0458533
    ],
    [
      2.2226,
      0.574929,
      -0.0458533
    ],
    [
      2.56249,
      0.559334,
      -0.0458533
    ],
    [
      2.90237,
      0.543738,
      -0.0458533
    ],
    [
      3.24226,
      0.528142,
      -0.0458533
    ],
    [
      3.56591,
      0.43692,
      -0.542918
    ],
    [
      3.90251,
      0.346363,
      0.0172857
    ],
    [
      4.25394,
      0.38075,
      0.104294
    ],
    [
      4.60518,
      0.417516,
      0.104294
    ],
    [
      4.95643,
      0.454283,
      0.104294
    ],
    [
      5.30365,
      0.418895,
      -0.376057
    ],
    [
      5.67613,
      0.3786,
      0.0284797
    ],
    [
      6.05406,
      0.389366,
      0.0284797
    ],
    [
      6.43199,
      0.400133,
      0.0284797
    ],
    [
      6.80992,
      0.410899,
      0.0284797
    ],
    [
      7.18785,
      0.421642,
      0.0199652
    ],
    [
      7.52582,
      0.496293,
      0.277488
    ],
    [
      7.85981,
      0.591427,
      0.277488
    ],
    [
      8.19381,
      0.686562,
      0.277488
    ],
    [
      8.52781,
      0.781696,
      0.277488
    ],
    [
      8.84421,
      0.918048,
      0.655293
    ],
    [
      9.04902,
      1.19308,
      1.20616
    ],
    [
      9.0755,
      1.55441,
      1.78908
    ],
    [
      8.94592,
      1.89789,
      1.95519
    ],
    [
      8.80812,
      2.23856,
      1.95519
    ],
    [
      8.67031,
      2.57924,
      1.95519
    ],
    [
      8.53251,
      2.91991,
      1.95519
    ],
    [
      8.3947,
      3.26058,
      1.95519
    ],
    [
      8.24387,
      3.59486,
      2.16987
    ],
    [
      8.13974,
      4.03461,
      1.43672
    ],
    [
      8.3246,
      4.45445,
      1.059
    ],
    [
      8.57811,
      4.83802,
      0.733152
    ],
    [
      9.0,
      5.0,
      0.0
    ]
  ]
}