{
  "robot": {
    "class": "RectangleRobot",
    "radius": 0.3685140011471094,
    "wheelbase": 0.2699614692998949,
    "max_velocity": 7.6740567196430085,
    "max_steering_at_zero_v": 0.4505588304341487,
    "max_steering_at_max_v": 0.21831475322574775,
    "acceleration": 5,
    "width": 0.28250632784623575,
    "lenght": 0.68073522818541
  },
  "planner": {
    "class": "Dubins_pathfinding",
    "start": [
      1.0,
      5.0
    ],
    "goal": [
      9.0,
      5.0
    ],
    "bounds": [
      0,
      10,
      0,
      10
    ],
    "max_runtime": 15.0,
    "goal_threshold": 0.0,
    "interpolate_steps": 50
  },
  "path": [
    [
      1.0,
      5.0,
      0.0
    ],
    [
      1.358,
      5.12997,
      0.696464
    ],
    [
      1.54926,
      5.45933,
      1.39293
    ],
    [
      1.49011,
      5.83711,
      1.94347
    ],
    [
      1.34859,
      6.1991,
      1.94347
    ],
    [
      1.20707,
      6.56109,
      1.94347
    ],
    [
      1.06556,
      6.92309,
      1.94347
    ],
    [
      0.924037,
      7.28508,
      1.94347
    ],
    [
      0.782599,
      7.64711,
      1.92596
    ],
    [
      0.667834,
      8.00975,
      1.87542
    ],
    [
      0.553746,
      8.37262,
      1.87542
    ],
    [
      0.439657,
      8.73549,
      1.87542
    ],
    [
      0.375503,
      9.10654,
      1.44849
    ],
    [
      0.54216,
      9.4403,
      0.766889
    ],
    [
      0.881864,
      9.59449,
      0.0852843
    ],
    [
      1.24281,
      9.5002,
      -0.59632
    ],
    [
      1.57261,
      9.40412,
      0.0293693
    ],
    [
      1.92116,
      9.42491,
      0.0603307
    ],
    [
      2.26971,
      9.44596,
      0.0603307
    ],
    [
      2.61825,
      9.46702,
      0.0603307
    ],
    [
      2.96679,
      9.48807,
      0.0603307
    ],
    [
      3.31533,
      9.50912,
      0.0603307
    ],
    [
      3.66387,
      9.53018,
      0.0603307
    ],
    [
      4.01241,
      9.55123,
      0.0603307
    ],
    [
      4.36095,
      9.57228,
      0.0603307
    ],
    [
      4.70787,
      9.53724,
      -0.129407
    ],
    [
      5.05413,
      9.49218,
      -0.129407
    ],
    [
      5.40039,
      9.44712,
      -0.129407
    ],
    [
      5.74664,
      9.40206,
      -0.129407
    ],
    [
      6.0929,
      9.357,
      -0.129407
    ],
    [
      6.43916,
      9.31194,
      -0.129407
    ],
    [
      6.78541,
      9.26688,
      -0.129407
    ],
    [
      7.13167,
      9.22182,
      -0.129407
    ],
    [
      7.47793,
      9.17676,
      -0.129407
    ],
    [
      7.85092,
      9.16557,
      -0.0212385
    ],
    [
      8.2241,
      9.15764,
      -0.0212385
    ],
    [
      8.59728,
      9.14972,
      -0.0212385
    ],
    [
      8.96863,
      9.12436,
      -0.272066
    ],
    [
      9.26963,
      8.91555,
      -0.940919
    ],
    [
      9.37672,
      8.58916,
      -1.56661
    ],
    [
      9.29597,
      8.25139,
      -1.88769
    ],
    [
      9.18716,
      7.9196,
      -1.88769
    ],
    [
      9.07835,
      7.58781,
      -1.88769
    ],
    [
      8.96954,
      7.25602,
      -1.88769
    ],
    [
      8.86073,
      6.92423,
      -1.88769
    ],
    [
      8.75191,
      6.59244,
      -1.88769
    ],
    [
      8.6431,
      6.26065,
      -1.88769
    ],
    [
      8.53429,
      5.92887,
      -1.88769
    ],
    [
      8.4954,
      5.31971,
      -1.1295
    ],
    [
      9.0,
      5.0,
      0.0
    ]
  ]
}