{
  "robot": {
    "class": "RectangleRobot",
    "radius": 0.32122614111543885,
    "wheelbase": 0.38129145594063507,
    "max_velocity": 11.669348822464276,
    "max_steering_at_zero_v": 0.44993959372419867,
    "max_steering_at_max_v": 0.256403283506777,
    "acceleration": 5,
    "width": 0.609644780716492,
    "lenght": 0.2026775179658657
  },
  "planner": {
    "class": "Dubins_pathfinding",
    "start": [
      1.0,
      5.0
    ],
    "goal": [
      9.0,
      5.0
    ],
    "bounds": [
      0,
      10,
      0,
      10
    ],
    "max_runtime": 15.0,
    "goal_threshold": 0.0,
    "interpolate_steps": 50
  },
  "path": [
    [
      1.0,
      5.0,
      0.0
    ],
    [
      1.37418,
      5.09431,
      0.493798
    ],
    [
      1.65896,
      5.3547,
      0.987596
    ],
    [
      1.7863,
      5.71897,
      1.48139
    ],
    [
      1.72578,
      6.10008,
      1.97519
    ],
    [
      1.52854,
      6.43593,
      2.1243
    ],
    [
      1.32361,
      6.76756,
      2.1243
    ],
    [
      1.11869,
      7.09918,
      2.1243
    ],
    [
      0.902745,
      7.42302,
      2.30928
    ],
    [
      0.72051,
      7.74218,
      1.9582
    ],
    [
      0.580723,
      8.08478,
      1.9582
    ],
    [
      0.474831,
      8.4374,
      1.65859
    ],
    [
      0.528373,
      8.80011,
      1.18989
    ],
    [
      0.739985,
      9.09952,
      0.72119
    ],
    [
      1.06403,
      9.27104,
      0.252492
    ],
    [
      1.40844,
      9.30379,
      0.0465537
    ],
    [
      1.75478,
      9.31992,
      0.0465537
    ],
    [
      2.10112,
      9.33606,
      0.0465537
    ],
    [
      2.44745,
      9.35219,
      0.0465537
    ],
    [
      2.79379,
      9.36833,
      0.0465537
    ],
    [
      3.14013,
      9.38446,
      0.0465537
    ],
    [
      3.48652,
      9.39689,
      -0.0503229
    ],
    [
      3.86654,
      9.39836,
      0.00732016
    ],
    [
      4.24657,
      9.40115,
      0.00732016
    ],
    [
      4.62661,
      9.40393,
      0.00732016
    ],
    [
      5.00664,
      9.40671,
      0.00732016
    ],
    [
      5.38668,
      9.40949,
      0.00732016
    ],
    [
      5.76664,
      9.40902,
      -0.0834639
    ],
    [
      6.17695,
      9.40475,
      -0.00439013
    ],
    [
      6.58734,
      9.40295,
      -0.00439013
    ],
    [
      6.99772,
      9.40115,
      -0.00439013
    ],
    [
      7.40811,
      9.39935,
      -0.00439013
    ],
    [
      7.80495,
      9.48496,
      0.470487
    ],
    [
      8.16663,
      9.57073,
      -0.00482424
    ],
    [
      8.53955,
      9.53064,
      -0.121377
    ],
    [
      8.9052,
      9.4541,
      -0.405718
    ],
    [
      9.2026,
      9.23111,
      -0.881029
    ],
    [
      9.36499,
      8.89674,
      -1.35634
    ],
    [
      9.35637,
      8.52513,
      -1.83165
    ],
    [
      9.17864,
      8.19866,
      -2.30696
    ],
    [
      8.87122,
      7.9897,
      -2.78227
    ],
    [
      8.51693,
      7.72389,
      -2.2136
    ],
    [
      8.36124,
      7.30916,
      -1.67229
    ],
    [
      8.31575,
      6.86253,
      -1.67229
    ],
    [
      8.27026,
      6.4159,
      -1.67229
    ],
    [
      8.22477,
      5.96927,
      -1.67229
    ],
    [
      8.25576,
      5.52613,
      -1.23072
    ],
    [
      8.51469,
      5.16679,
      -0.66205
    ],
    [
      8.51469,
      5.16679,
      -0.66205
    ],
    [
      9.0,
      5.0,
      0.0
    ]
  ]
}