{
  "robot": {
    "class": "RectangleRobot",
    "radius": 0.23782663534241474,
    "wheelbase": 0.40790928697152085,
    "max_velocity": 8.780885110157357,
    "max_steering_at_zero_v": 0.4027825400866006,
    "max_steering_at_max_v": 0.26126427847110323,
    "acceleration": 5,
    "width": 0.3094197748069037,
    "lenght": 0.3612553624122702
  },
  "planner": {
    "class": "Dubins_pathfinding",
    "start": [
      1.0,
      5.0
    ],
    "goal": [
      9.0,
      5.0
    ],
    "bounds": [
      0,
      10,
      0,
      10
    ],
    "max_runtime": 15.0,
    "goal_threshold": 0.0,
    "interpolate_steps": 50
  },
  "path": [
    [
      1.0,
      5.0,
      0.0
    ],
    [
      1.38189,
      5.07947,
      0.410319
    ],
    [
      1.70039,
      5.30468,
      0.820638
    ],
    [
      1.90261,
      5.63824,
      1.23096
    ],
    [
      1.95498,
      6.02478,
      1.64128
    ],
    [
      1.84882,
      6.40013,
      2.0516
    ],
    [
      1.6307,
      6.72652,
      2.17999
    ],
    [
      1.40592,
      7.04868,
      2.17999
    ],
    [
      1.18114,
      7.37083,
      2.17999
    ],
    [
      0.897451,
      7.63855,
      2.59031
    ],
    [
      0.584864,
      7.87278,
      2.30247
    ],
    [
      0.388844,
      8.21002,
      1.89215
    ],
    [
      0.343623,
      8.59747,
      1.48183
    ],
    [
      0.456708,
      8.97079,
      1.07151
    ],
    [
      0.709324,
      9.26801,
      0.66119
    ],
    [
      1.05954,
      9.4398,
      0.25087
    ],
    [
      1.4492,
      9.45762,
      -0.159449
    ],
    [
      1.84084,
      9.42881,
      -0.0618309
    ],
    [
      2.23292,
      9.40453,
      -0.0618309
    ],
    [
      2.62499,
      9.38026,
      -0.0618309
    ],
    [
      3.01706,
      9.35599,
      -0.0618309
    ],
    [
      3.40913,
      9.33171,
      -0.0618309
    ],
    [
      3.80121,
      9.30744,
      -0.0618309
    ],
    [
      4.19328,
      9.28317,
      -0.0618309
    ],
    [
      4.58535,
      9.2589,
      -0.0618309
    ],
    [
      4.97682,
      9.22677,
      -0.0823883
    ],
    [
      5.36827,
      9.19445,
      -0.0823883
    ],
    [
      5.75973,
      9.16212,
      -0.0823883
    ],
    [
      6.15118,
      9.1298,
      -0.0823883
    ],
    [
      6.54263,
      9.09748,
      -0.0823883
    ],
    [
      6.93409,
      9.06515,
      -0.0823883
    ],
    [
      7.32554,
      9.03283,
      -0.0823883
    ],
    [
      7.71701,
      9.00079,
      -0.058037
    ],
    [
      8.0894,
      9.04023,
      0.174253
    ],
    [
      8.45929,
      9.10535,
      0.174253
    ],
    [
      8.83184,
      9.14186,
      -0.0709038
    ],
    [
      9.19179,
      9.04338,
      -0.463212
    ],
    [
      9.49793,
      8.80165,
      -0.873531
    ],
    [
      9.68223,
      8.45786,
      -1.28385
    ],
    [
      9.7141,
      8.0691,
      -1.69417
    ],
    [
      9.58824,
      7.69988,
      -2.10449
    ],
    [
      9.32574,
      7.41127,
      -2.48901
    ],
    [
      9.01363,
      7.17273,
      -2.48901
    ],
    [
      8.70153,
      6.9342,
      -2.48901
    ],
    [
      8.38986,
      6.6951,
      -2.45058
    ],
    [
      8.11441,
      6.32104,
      -1.96047
    ],
    [
      8.04747,
      5.86136,
      -1.47035
    ],
    [
      8.20479,
      5.42427,
      -0.980233
    ],
    [
      8.54934,
      5.1127,
      -0.490116
    ],
    [
      9.0,
      5.0,
      0.0
    ]
  ]
}