{
  "robot": {
    "class": "RectangleRobot",
    "radius": 0.2567746414701741,
    "wheelbase": 0.201028015626167,
    "max_velocity": 12.256406513306487,
    "max_steering_at_zero_v": 0.4171132294194799,
    "max_steering_at_max_v": 0.21022891607369787,
    "acceleration": 5,
    "width": 0.23251453255214566,
    "lenght": 0.4578972135322544
  },
  "planner": {
    "class": "Dubins_pathfinding",
    "start": [
      1.0,
      5.0
    ],
    "goal": [
      9.0,
      5.0
    ],
    "bounds": [
      0,
      10,
      0,
      10
    ],
    "max_runtime": 15.0,
    "goal_threshold": 0.0,
    "interpolate_steps": 50
  },
  "path": [
    [
      1.0,
      5.0,
      0.0
    ],
    [
      1.30594,
      4.88132,
      -0.740097
    ],
    [
      1.45181,
      4.58738,
      -1.48019
    ],
    [
      1.38114,
      4.26257,
      -1.9088
    ],
    [
      1.2698,
      3.94581,
      -1.9088
    ],
    [
      1.15846,
      3.62905,
      -1.9088
    ],
    [
      1.0458,
      3.31279,
      -1.9876
    ],
    [
      0.931424,
      2.96166,
      -1.87839
    ],
    [
      0.819589,
      2.60963,
      -1.87839
    ],
    [
      0.707754,
      2.25759,
      -1.87839
    ],
    [
      0.595919,
      1.90555,
      -1.87839
    ],
    [
      0.487038,
      1.5527,
      -1.76214
    ],
    [
      0.563947,
      1.20178,
      -0.947954
    ],
    [
      0.787282,
      0.948539,
      -0.84028
    ],
    [
      1.01306,
      0.697382,
      -0.789556
    ],
    [
      1.31473,
      0.56363,
      -0.0451086
    ],
    [
      1.62722,
      0.669659,
      0.699339
    ],
    [
      1.95114,
      0.775166,
      -0.0457261
    ],
    [
      2.29995,
      0.759205,
      -0.0457261
    ],
    [
      2.64877,
      0.743244,
      -0.0457261
    ],
    [
      2.99758,
      0.727283,
      -0.0457261
    ],
    [
      3.34639,
      0.711322,
      -0.0457261
    ],
    [
      3.6952,
      0.695361,
      -0.0457261
    ],
    [
      4.04401,
      0.679401,
      -0.0457261
    ],
    [
      4.39282,
      0.66344,
      -0.0457261
    ],
    [
      4.74163,
      0.647479,
      -0.0457261
    ],
    [
      5.09927,
      0.593705,
      -0.156999
    ],
    [
      5.45657,
      0.537145,
      -0.156999
    ],
    [
      5.81248,
      0.474188,
      -0.326923
    ],
    [
      6.15815,
      0.478732,
      0.177001
    ],
    [
      6.50331,
      0.54047,
      0.177001
    ],
    [
      6.84846,
      0.602208,
      0.177001
    ],
    [
      7.19361,
      0.663946,
      0.177001
    ],
    [
      7.53876,
      0.725684,
      0.177001
    ],
    [
      7.88391,
      0.787422,
      0.177001
    ],
    [
      8.22942,
      0.846636,
      0.0709504
    ],
    [
      8.58622,
      0.900772,
      0.355897
    ],
    [
      8.84284,
      1.14202,
      1.15321
    ],
    [
      9.04318,
      1.44263,
      0.959436
    ],
    [
      9.25079,
      1.73882,
      0.959436
    ],
    [
      9.4584,
      2.035,
      0.959436
    ],
    [
      9.60561,
      2.35892,
      1.50296
    ],
    [
      9.50868,
      2.67126,
      2.24043
    ],
    [
      9.29382,
      2.92772,
      2.26869
    ],
    [
      9.07882,
      3.18407,
      2.26869
    ],
    [
      8.86383,
      3.44042,
      2.26869
    ],
    [
      8.74264,
      3.74439,
      1.58319
    ],
    [
      8.61607,
      4.24086,
      1.85229
    ],
    [
      8.58931,
      4.73907,
      1.13201
    ],
    [
      9.0,
      5.0,
      0.0
    ]
  ]
}