{
  "robot": {
    "class": "RectangleRobot",
    "radius": 0.4063390167182912,
    "wheelbase": 0.23305944144953192,
    "max_velocity": 11.679007361256012,
    "max_steering_at_zero_v": 0.3640831096566207,
    "max_steering_at_max_v": 0.2243930431901215,
    "acceleration": 5,
    "width": 0.5550349846650898,
    "lenght": 0.5936175130740117
  },
  "planner": {
    "class": "Dubins_pathfinding",
    "start": [
      1.0,
      5.0
    ],
    "goal": [
      9.0,
      5.0
    ],
    "bounds": [
      0,
      10,
      0,
      10
    ],
    "max_runtime": 15.0,
    "goal_threshold": 0.0,
    "interpolate_steps": 50
  },
  "path": [
    [
      1.0,
      5.0,
      0.0
    ],
    [
      1.35321,
      4.8877,
      -0.615692
    ],
    [
      1.5767,
      4.59203,
      -1.23138
    ],
    [
      1.5884,
      4.22158,
      -1.84708
    ],
    [
      1.48541,
      3.85939,
      -1.84783
    ],
    [
      1.32741,
      3.52212,
      -2.29347
    ],
    [
      1.1524,
      3.19524,
      -1.98381
    ],
    [
      1.00283,
      2.85391,
      -1.98381
    ],
    [
      0.853257,
      2.51259,
      -1.98381
    ],
    [
      0.703683,
      2.17127,
      -1.98381
    ],
    [
      0.554109,
      1.82995,
      -1.98381
    ],
    [
      0.420468,
      1.48309,
      -1.74876
    ],
    [
      0.451076,
      1.15657,
      -1.2059
    ],
    [
      0.624925,
      0.874846,
      -0.964171
    ],
    [
      0.823773,
      0.609711,
      -0.763969
    ],
    [
      1.12954,
      0.451108,
      -0.193037
    ],
    [
      1.47642,
      0.46502,
      0.133065
    ],
    [
      1.82251,
      0.511347,
      0.133065
    ],
    [
      2.1686,
      0.557673,
      0.133065
    ],
    [
      2.51469,
      0.603999,
      0.133065
    ],
    [
      2.86078,
      0.650325,
      0.133065
    ],
    [
      3.20687,
      0.696651,
      0.133065
    ],
    [
      3.55296,
      0.742977,
      0.133065
    ],
    [
      3.89905,
      0.789303,
      0.133065
    ],
    [
      4.24796,
      0.791538,
      -0.0120086
    ],
    [
      4.59711,
      0.787345,
      -0.0120086
    ],
    [
      4.94627,
      0.783152,
      -0.0120086
    ],
    [
      5.29542,
      0.778959,
      -0.0120086
    ],
    [
      5.64457,
      0.774766,
      -0.0120086
    ],
    [
      5.99372,
      0.770573,
      -0.0120086
    ],
    [
      6.34287,
      0.76638,
      -0.0120086
    ],
    [
      6.69202,
      0.762187,
      -0.0120086
    ],
    [
      7.04117,
      0.757994,
      -0.0120086
    ],
    [
      7.40856,
      0.781116,
      0.0681941
    ],
    [
      7.77587,
      0.806203,
      0.0681941
    ],
    [
      8.14318,
      0.83129,
      0.0681941
    ],
    [
      8.51049,
      0.856377,
      0.0681941
    ],
    [
      8.86936,
      0.924317,
      0.446869
    ],
    [
      9.13522,
      1.17093,
      1.04885
    ],
    [
      9.2147,
      1.52474,
      1.65083
    ],
    [
      9.07985,
      1.86137,
      2.2528
    ],
    [
      8.9298,
      2.22008,
      1.82422
    ],
    [
      8.83132,
      2.60036,
      1.82422
    ],
    [
      8.73283,
      2.98063,
      1.82422
    ],
    [
      8.63434,
      3.36091,
      1.82422
    ],
    [
      8.53586,
      3.74119,
      1.82422
    ],
    [
      8.43737,
      4.12146,
      1.82422
    ],
    [
      8.40024,
      4.50811,
      1.37381
    ],
    [
      8.59146,
      4.84353,
      0.731512
    ],
    [
      9.0,
      5.0,
      0.0
    ]
  ]
}