{
  "robot": {
    "class": "RectangleRobot",
    "radius": 0.3674147414775542,
    "wheelbase": 0.2849554047664132,
    "max_velocity": 12.09914179882795,
    "max_steering_at_zero_v": 0.38339364566215145,
    "max_steering_at_max_v": 0.17697897789128977,
    "acceleration": 5,
    "width": 0.41160904974405466,
    "lenght": 0.6087301201590638
  },
  "planner": {
    "class": "Dubins_pathfinding",
    "start": [
      1.0,
      5.0
    ],
    "goal": [
      9.0,
      5.0
    ],
    "bounds": [
      0,
      10,
      0,
      10
    ],
    "max_runtime": 15.0,
    "goal_threshold": 0.0,
    "interpolate_steps": 50
  },
  "path": [
    [
      1.0,
      5.0,
      0.0
    ],
    [
      1.34885,
      4.90786,
      -0.516445
    ],
    [
      1.6067,
      4.65548,
      -1.03289
    ],
    [
      1.7063,
      4.30869,
      -1.54934
    ],
    [
      1.62181,
      3.95788,
      -2.04462
    ],
    [
      1.45534,
      3.63322,
      -2.04462
    ],
    [
      1.28886,
      3.30856,
      -2.04462
    ],
    [
      1.12238,
      2.98391,
      -2.04462
    ],
    [
      0.956524,
      2.65895,
      -2.00037
    ],
    [
      0.837673,
      2.32857,
      -1.90745
    ],
    [
      0.721668,
      1.9971,
      -1.90745
    ],
    [
      0.605663,
      1.66564,
      -1.90745
    ],
    [
      0.511478,
      1.32854,
      -1.65465
    ],
    [
      0.568464,
      0.985667,
      -1.15755
    ],
    [
      0.782061,
      0.711466,
      -0.660457
    ],
    [
      1.10057,
      0.57231,
      -0.163362
    ],
    [
      1.49229,
      0.544377,
      -0.0619462
    ],
    [
      1.88436,
      0.520058,
      -0.0619462
    ],
    [
      2.27643,
      0.49574,
      -0.0619462
    ],
    [
      2.6685,
      0.471421,
      -0.0619462
    ],
    [
      3.06057,
      0.447103,
      -0.0619462
    ],
    [
      3.45264,
      0.422785,
      -0.0619462
    ],
    [
      3.84471,
      0.398466,
      -0.0619462
    ],
    [
      4.23678,
      0.374148,
      -0.0619462
    ],
    [
      4.60557,
      0.415652,
      0.157905
    ],
    [
      4.97292,
      0.474145,
      0.157905
    ],
    [
      5.34026,
      0.532638,
      0.157905
    ],
    [
      5.70761,
      0.59113,
      0.157905
    ],
    [
      6.07496,
      0.649623,
      0.157905
    ],
    [
      6.44231,
      0.708116,
      0.157905
    ],
    [
      6.80966,
      0.766609,
      0.157905
    ],
    [
      7.17705,
      0.824784,
      0.127732
    ],
    [
      7.55137,
      0.77424,
      -0.317982
    ],
    [
      7.91391,
      0.654908,
      -0.317982
    ],
    [
      8.27199,
      0.524378,
      -0.502819
    ],
    [
      8.60639,
      0.436963,
      -0.00856179
    ],
    [
      8.94223,
      0.518639,
      0.485696
    ],
    [
      9.19913,
      0.749858,
      0.979953
    ],
    [
      9.31561,
      1.07527,
      1.47421
    ],
    [
      9.26491,
      1.41743,
      1.90975
    ],
    [
      9.14881,
      1.74673,
      1.90975
    ],
    [
      9.03271,
      2.07604,
      1.90975
    ],
    [
      8.91661,
      2.40535,
      1.90975
    ],
    [
      8.80051,
      2.73466,
      1.90975
    ],
    [
      8.64794,
      3.16739,
      1.90975
    ],
    [
      8.49538,
      3.60012,
      1.90975
    ],
    [
      8.34282,
      4.03285,
      1.90975
    ],
    [
      8.31948,
      4.48322,
      1.29896
    ],
    [
      8.57275,
      4.85616,
      0.649481
    ],
    [
      9.0,
      5.0,
      0.0
    ]
  ]
}