{
  "robot": {
    "class": "RectangleRobot",
    "radius": 0.3864494276195808,
    "wheelbase": 0.387141538208556,
    "max_velocity": 12.366068128622082,
    "max_steering_at_zero_v": 0.44200702253774604,
    "max_steering_at_max_v": 0.17114860149600053,
    "acceleration": 5,
    "width": 0.5958274582179639,
    "lenght": 0.4923030372276074
  },
  "planner": {
    "class": "Dubins_pathfinding",
    "start": [
      1.0,
      5.0
    ],
    "goal": [
      9.0,
      5.0
    ],
    "bounds": [
      0,
      10,
      0,
      10
    ],
    "max_runtime": 15.0,
    "goal_threshold": 0.0,
    "interpolate_steps": 50
  },
  "path": [
    [
      1.0,
      5.0,
      0.0
    ],
    [
      1.33867,
      4.92661,
      -0.426827
    ],
    [
      1.61657,
      4.71959,
      -0.853653
    ],
    [
      1.78384,
      4.4161,
      -1.28048
    ],
    [
      1.81046,
      4.0706,
      -1.70731
    ],
    [
      1.69166,
      3.74506,
      -2.13413
    ],
    [
      1.45965,
      3.48538,
      -2.35932
    ],
    [
      1.21198,
      3.23924,
      -2.35932
    ],
    [
      0.9643,
      2.99311,
      -2.35932
    ],
    [
      0.716625,
      2.74698,
      -2.35932
    ],
    [
      0.528138,
      2.45619,
      -1.93249
    ],
    [
      0.476942,
      2.11346,
      -1.50566
    ],
    [
      0.529306,
      1.76834,
      -1.40936
    ],
    [
      0.585432,
      1.4237,
      -1.40936
    ],
    [
      0.641605,
      1.07907,
      -1.39858
    ],
    [
      0.77195,
      0.75799,
      -0.971756
    ],
    [
      1.02352,
      0.519674,
      -0.544929
    ],
    [
      1.35119,
      0.406886,
      -0.118103
    ],
    [
      1.69615,
      0.439864,
      0.308724
    ],
    [
      2.08482,
      0.485513,
      0.0440603
    ],
    [
      2.47726,
      0.502815,
      0.0440603
    ],
    [
      2.8697,
      0.520117,
      0.0440603
    ],
    [
      3.26214,
      0.53742,
      0.0440603
    ],
    [
      3.65458,
      0.554722,
      0.0440603
    ],
    [
      4.04703,
      0.572024,
      0.0440603
    ],
    [
      4.43947,
      0.589327,
      0.0440603
    ],
    [
      4.83191,
      0.606629,
      0.0440603
    ],
    [
      5.22411,
      0.614264,
      0.0187991
    ],
    [
      5.61631,
      0.621638,
      0.0187991
    ],
    [
      6.00851,
      0.629012,
      0.0187991
    ],
    [
      6.40072,
      0.636386,
      0.0187991
    ],
    [
      6.79292,
      0.64376,
      0.0187991
    ],
    [
      7.18512,
      0.651134,
      0.0187991
    ],
    [
      7.57733,
      0.658507,
      0.0187991
    ],
    [
      7.96387,
      0.709681,
      0.34788
    ],
    [
      8.33531,
      0.77085,
      0.0928941
    ],
    [
      8.69926,
      0.861124,
      0.465464
    ],
    [
      8.98651,
      1.10128,
      0.927234
    ],
    [
      9.13668,
      1.44427,
      1.389
    ],
    [
      9.12572,
      1.79062,
      1.81583
    ],
    [
      8.99778,
      2.11508,
      1.97667
    ],
    [
      8.85992,
      2.43589,
      1.97667
    ],
    [
      8.72206,
      2.7567,
      1.97667
    ],
    [
      8.58419,
      3.0775,
      1.97667
    ],
    [
      8.44633,
      3.39831,
      1.97667
    ],
    [
      8.30847,
      3.71912,
      1.97667
    ],
    [
      8.19304,
      4.04751,
      1.73586
    ],
    [
      8.20979,
      4.39363,
      1.30903
    ],
    [
      8.50198,
      4.83094,
      0.654515
    ],
    [
      9.0,
      5.0,
      0.0
    ]
  ]
}