{
  "robot": {
    "class": "RectangleRobot",
    "radius": 0.45647631322609217,
    "wheelbase": 0.3157118185708147,
    "max_velocity": 8.523610220053943,
    "max_steering_at_zero_v": 0.5161823343582499,
    "max_steering_at_max_v": 0.23231237639797414,
    "acceleration": 5,
    "width": 0.5895941302262059,
    "lenght": 0.6970374880512133
  },
  "planner": {
    "class": "Dubins_pathfinding",
    "start": [
      1.0,
      5.0
    ],
    "goal": [
      9.0,
      5.0
    ],
    "bounds": [
      0,
      10,
      0,
      10
    ],
    "max_runtime": 15.0,
    "goal_threshold": 0.0,
    "interpolate_steps": 50
  },
  "path": [
    [
      1.0,
      5.0,
      0.0
    ],
    [
      1.29486,
      4.92045,
      -0.430493
    ],
    [
      1.55791,
      4.76324,
      -0.777157
    ],
    [
      1.70827,
      4.49839,
      -1.33168
    ],
    [
      1.68264,
      4.15588,
      -1.95933
    ],
    [
      1.52507,
      3.84434,
      -2.04487
    ],
    [
      1.36566,
      3.53367,
      -2.04487
    ],
    [
      1.20626,
      3.223,
      -2.04487
    ],
    [
      1.04685,
      2.91233,
      -2.04487
    ],
    [
      0.887447,
      2.60167,
      -2.04487
    ],
    [
      0.728042,
      2.291,
      -2.04487
    ],
    [
      0.568637,
      1.98033,
      -2.04487
    ],
    [
      0.478195,
      1.64805,
      -1.53329
    ],
    [
      0.50794,
      1.34625,
      -1.46874
    ],
    [
      0.534708,
      1.04428,
      -1.59076
    ],
    [
      0.660495,
      0.680715,
      -0.88465
    ],
    [
      0.992118,
      0.485701,
      -0.178536
    ],
    [
      1.3843,
      0.485065,
      0.0287485
    ],
    [
      1.77696,
      0.496356,
      0.0287485
    ],
    [
      2.16962,
      0.507648,
      0.0287485
    ],
    [
      2.56228,
      0.518939,
      0.0287485
    ],
    [
      2.95494,
      0.530231,
      0.0287485
    ],
    [
      3.3476,
      0.541522,
      0.0287485
    ],
    [
      3.73976,
      0.5565,
      0.038238
    ],
    [
      4.13192,
      0.571503,
      0.038238
    ],
    [
      4.52408,
      0.586505,
      0.038238
    ],
    [
      4.91624,
      0.601508,
      0.038238
    ],
    [
      5.3084,
      0.616511,
      0.038238
    ],
    [
      5.70056,
      0.631513,
      0.038238
    ],
    [
      6.09272,
      0.646516,
      0.038238
    ],
    [
      6.48489,
      0.661219,
      0.00542772
    ],
    [
      6.82013,
      0.677373,
      0.0497774
    ],
    [
      7.15535,
      0.694073,
      0.0497774
    ],
    [
      7.48695,
      0.667099,
      -0.348026
    ],
    [
      7.85655,
      0.660915,
      0.231785
    ],
    [
      8.22256,
      0.747304,
      0.231785
    ],
    [
      8.58857,
      0.833692,
      0.231785
    ],
    [
      8.94659,
      0.943338,
      0.529491
    ],
    [
      9.18091,
      1.21385,
      1.18445
    ],
    [
      9.20199,
      1.57112,
      1.82957
    ],
    [
      9.10875,
      1.92336,
      1.82957
    ],
    [
      9.01551,
      2.27559,
      1.82957
    ],
    [
      8.92227,
      2.62782,
      1.82957
    ],
    [
      8.82903,
      2.98005,
      1.82957
    ],
    [
      8.73579,
      3.33228,
      1.83247
    ],
    [
      8.53693,
      3.62984,
      2.48742
    ],
    [
      8.32302,
      4.00563,
      1.68911
    ],
    [
      8.4109,
      4.43623,
      1.24802
    ],
    [
      8.60158,
      4.83195,
      0.79831
    ],
    [
      9.0,
      5.0,
      0.0
    ]
  ]
}