{
  "robot": {
    "class": "RectangleRobot",
    "radius": 0.2962138796384031,
    "wheelbase": 0.32706555056253644,
    "max_velocity": 10.339031682668942,
    "max_steering_at_zero_v": 0.4579036329916247,
    "max_steering_at_max_v": 0.16084011982933666,
    "acceleration": 5,
    "width": 0.4986135176328599,
    "lenght": 0.31993000796349697
  },
  "planner": {
    "class": "Dubins_pathfinding",
    "start": [
      1.0,
      5.0
    ],
    "goal": [
      9.0,
      5.0
    ],
    "bounds": [
      0,
      10,
      0,
      10
    ],
    "max_runtime": 15.0,
    "goal_threshold": 0.0,
    "interpolate_steps": 50
  },
  "path": [
    [
      1.0,
      5.0,
      0.0
    ],
    [
      1.32577,
      4.91454,
      -0.513102
    ],
    [
      1.56763,
      4.68017,
      -1.0262
    ],
    [
      1.6633,
      4.35726,
      -1.53931
    ],
    [
      1.58943,
      4.02836,
      -1.98689
    ],
    [
      1.4518,
      3.7169,
      -1.98689
    ],
    [
      1.31417,
      3.40545,
      -1.98689
    ],
    [
      1.17654,
      3.09399,
      -1.98689
    ],
    [
      1.0389,
      2.78253,
      -1.98689
    ],
    [
      0.891028,
      2.47638,
      -2.17345
    ],
    [
      0.707826,
      2.16853,
      -2.10301
    ],
    [
      0.526023,
      1.85981,
      -2.10301
    ],
    [
      0.378575,
      1.53575,
      -1.76575
    ],
    [
      0.402072,
      1.19139,
      -1.23959
    ],
    [
      0.595335,
      0.905409,
      -0.713431
    ],
    [
      0.906082,
      0.755166,
      -0.187273
    ],
    [
      1.25443,
      0.736633,
      -0.029531
    ],
    [
      1.60345,
      0.726323,
      -0.029531
    ],
    [
      1.95248,
      0.716013,
      -0.029531
    ],
    [
      2.3015,
      0.705702,
      -0.029531
    ],
    [
      2.65053,
      0.695392,
      -0.029531
    ],
    [
      2.99955,
      0.685082,
      -0.029531
    ],
    [
      3.34122,
      0.663988,
      -0.0627313
    ],
    [
      3.68286,
      0.642527,
      -0.0627313
    ],
    [
      4.02451,
      0.621067,
      -0.0627313
    ],
    [
      4.36615,
      0.599607,
      -0.0627313
    ],
    [
      4.7078,
      0.578147,
      -0.0627313
    ],
    [
      5.04945,
      0.556687,
      -0.0627313
    ],
    [
      5.39109,
      0.535227,
      -0.0627313
    ],
    [
      5.73274,
      0.513767,
      -0.0627313
    ],
    [
      6.07441,
      0.492678,
      -0.0292488
    ],
    [
      6.42772,
      0.534569,
      0.146875
    ],
    [
      6.78012,
      0.586704,
      0.146875
    ],
    [
      7.13253,
      0.638839,
      0.146875
    ],
    [
      7.48493,
      0.690974,
      0.146875
    ],
    [
      7.83733,
      0.743108,
      0.146875
    ],
    [
      8.18974,
      0.795243,
      0.146875
    ],
    [
      8.54051,
      0.855457,
      0.304538
    ],
    [
      8.84342,
      1.05438,
      0.857618
    ],
    [
      8.99667,
      1.38276,
      1.4107
    ],
    [
      8.99131,
      1.74896,
      1.62808
    ],
    [
      8.9703,
      2.11541,
      1.62808
    ],
    [
      8.94928,
      2.48185,
      1.62808
    ],
    [
      8.92827,
      2.84829,
      1.62808
    ],
    [
      8.90011,
      3.21397,
      1.77529
    ],
    [
      8.73244,
      3.53522,
      2.32837
    ],
    [
      8.46392,
      3.94172,
      2.12705
    ],
    [
      8.33971,
      4.4029,
      1.47037
    ],
    [
      8.55489,
      4.82859,
      0.735184
    ],
    [
      9.0,
      5.0,
      0.0
    ]
  ]
}