{
  "robot": {
    "class": "RectangleRobot",
    "radius": 0.233799303711111,
    "wheelbase": 0.33840614146873543,
    "max_velocity": 12.05168677843296,
    "max_steering_at_zero_v": 0.47084778424181983,
    "max_steering_at_max_v": 0.25872920390555076,
    "acceleration": 5,
    "width": 0.23780854006091545,
    "lenght": 0.4026109237679689
  },
  "planner": {
    "class": "Dubins_pathfinding",
    "start": [
      1.0,
      5.0
    ],
    "goal": [
      9.0,
      5.0
    ],
    "bounds": [
      0,
      10,
      0,
      10
    ],
    "max_runtime": 15.0,
    "goal_threshold": 0.0,
    "interpolate_steps": 50
  },
  "path": [
    [
      1.0,
      5.0,
      0.0
    ],
    [
      1.30338,
      5.07326,
      0.473883
    ],
    [
      1.5399,
      5.27689,
      0.947767
    ],
    [
      1.65756,
      5.56599,
      1.40122
    ],
    [
      1.71073,
      5.87651,
      1.40122
    ],
    [
      1.76389,
      6.18703,
      1.40122
    ],
    [
      1.80341,
      6.49895,
      1.60448
    ],
    [
      1.71998,
      6.79969,
      2.07836
    ],
    [
      1.63657,
      7.09965,
      1.60565
    ],
    [
      1.69888,
      7.40469,
      1.13294
    ],
    [
      1.89325,
      7.64791,
      0.660231
    ],
    [
      2.14918,
      7.83026,
      0.61708
    ],
    [
      2.40548,
      8.01211,
      0.61708
    ],
    [
      2.66178,
      8.19395,
      0.61708
    ],
    [
      2.91808,
      8.3758,
      0.61708
    ],
    [
      3.17438,
      8.55765,
      0.61708
    ],
    [
      3.43068,
      8.7395,
      0.61708
    ],
    [
      3.68698,
      8.92134,
      0.61708
    ],
    [
      3.93965,
      9.03071,
      0.199924
    ],
    [
      4.21603,
      9.03993,
      -0.0299175
    ],
    [
      4.49324,
      9.03163,
      -0.0299175
    ],
    [
      4.77044,
      9.02334,
      -0.0299175
    ],
    [
      5.04765,
      9.01584,
      0.0188988
    ],
    [
      5.3547,
      9.04075,
      0.0857888
    ],
    [
      5.66166,
      9.06715,
      0.0857888
    ],
    [
      5.96861,
      9.09355,
      0.0857888
    ],
    [
      6.27557,
      9.11994,
      0.0857888
    ],
    [
      6.58252,
      9.14634,
      0.0857888
    ],
    [
      6.88949,
      9.17261,
      0.0658738
    ],
    [
      7.19064,
      9.1222,
      -0.397554
    ],
    [
      7.47937,
      9.06412,
      -0.0974591
    ],
    [
      7.77396,
      9.03532,
      -0.0974591
    ],
    [
      8.06855,
      9.00652,
      -0.0974591
    ],
    [
      8.36313,
      8.97772,
      -0.0974591
    ],
    [
      8.65772,
      8.94891,
      -0.0974591
    ],
    [
      8.94482,
      8.88457,
      -0.428526
    ],
    [
      9.17831,
      8.70665,
      -0.873762
    ],
    [
      9.31241,
      8.44551,
      -1.319
    ],
    [
      9.33293,
      8.11679,
      -1.57354
    ],
    [
      9.33203,
      7.7863,
      -1.57354
    ],
    [
      9.33112,
      7.45582,
      -1.57354
    ],
    [
      9.3301,
      7.12533,
      -1.59191
    ],
    [
      9.24296,
      6.81006,
      -2.08904
    ],
    [
      9.01601,
      6.57451,
      -2.58616
    ],
    [
      8.73781,
      6.33089,
      -2.38673
    ],
    [
      8.474,
      6.07135,
      -2.22879
    ],
    [
      8.33857,
      5.7317,
      -1.67159
    ],
    [
      8.40324,
      5.37181,
      -1.1144
    ],
    [
      8.64845,
      5.10056,
      -0.557198
    ],
    [
      9.0,
      5.0,
      0.0
    ]
  ]
}