{
  "robot": {
    "class": "RectangleRobot",
    "radius": 0.1423916061135441,
    "wheelbase": 0.23100798584534382,
    "max_velocity": 7.575285656385896,
    "max_steering_at_zero_v": 0.3710275589608336,
    "max_steering_at_max_v": 0.24068573037933222,
    "acceleration": 5,
    "width": 0.18435186266076353,
    "lenght": 0.2170619006179706
  },
  "planner": {
    "class": "Dubins_pathfinding",
    "start": [
      1.0,
      5.0
    ],
    "goal": [
      9.0,
      5.0
    ],
    "bounds": [
      0,
      10,
      0,
      10
    ],
    "max_runtime": 15.0,
    "goal_threshold": 0.0,
    "interpolate_steps": 50
  },
  "path": [
    [
      1.0,
      5.0,
      0.0
    ],
    [
      1.27328,
      5.06663,
      0.478271
    ],
    [
      1.48524,
      5.25156,
      0.956543
    ],
    [
      1.59071,
      5.51281,
      1.3438
    ],
    [
      1.65462,
      5.78951,
      1.3438
    ],
    [
      1.71853,
      6.06621,
      1.3438
    ],
    [
      1.78244,
      6.34292,
      1.3438
    ],
    [
      1.84636,
      6.61962,
      1.3438
    ],
    [
      1.91027,
      6.89632,
      1.3438
    ],
    [
      1.97418,
      7.17303,
      1.3438
    ],
    [
      2.01115,
      7.45314,
      1.64662
    ],
    [
      2.05755,
      7.73226,
      1.16548
    ],
    [
      2.22786,
      7.9582,
      0.684345
    ],
    [
      2.48036,
      8.08875,
      0.382682
    ],
    [
      2.74539,
      8.19543,
      0.382682
    ],
    [
      3.01041,
      8.30211,
      0.382682
    ],
    [
      3.27543,
      8.40878,
      0.382682
    ],
    [
      3.54046,
      8.51546,
      0.382682
    ],
    [
      3.80548,
      8.62214,
      0.382682
    ],
    [
      4.07051,
      8.72882,
      0.382682
    ],
    [
      4.33553,
      8.8355,
      0.382682
    ],
    [
      4.60056,
      8.94218,
      0.382682
    ],
    [
      4.90926,
      8.9881,
      0.0308774
    ],
    [
      5.22337,
      8.9978,
      0.0308774
    ],
    [
      5.53748,
      9.00751,
      0.0308774
    ],
    [
      5.85159,
      9.01721,
      0.0308774
    ],
    [
      6.1657,
      9.02691,
      0.0308774
    ],
    [
      6.47981,
      9.03661,
      0.0308774
    ],
    [
      6.79392,
      9.04631,
      0.0308774
    ],
    [
      7.10803,
      9.05602,
      0.0308774
    ],
    [
      7.42214,
      9.06572,
      0.0308774
    ],
    [
      7.73624,
      9.07542,
      0.0308774
    ],
    [
      8.01832,
      9.0263,
      -0.259115
    ],
    [
      8.29637,
      8.95259,
      -0.259115
    ],
    [
      8.57441,
      8.87889,
      -0.259115
    ],
    [
      8.85244,
      8.80511,
      -0.275292
    ],
    [
      9.09999,
      8.66419,
      -0.759729
    ],
    [
      9.25854,
      8.40837,
      -1.2722
    ],
    [
      9.27129,
      8.10766,
      -1.78468
    ],
    [
      9.16243,
      7.824,
      -1.97109
    ],
    [
      9.04385,
      7.54375,
      -1.97109
    ],
    [
      8.92527,
      7.26351,
      -1.97109
    ],
    [
      8.80669,
      6.98327,
      -1.97109
    ],
    [
      8.68811,
      6.70303,
      -1.97109
    ],
    [
      8.56953,
      6.42279,
      -1.97109
    ],
    [
      8.45475,
      6.14111,
      -1.85411
    ],
    [
      8.41665,
      5.77306,
      -1.63589
    ],
    [
      8.43673,
      5.4059,
      -1.24885
    ],
    [
      8.65286,
      5.11205,
      -0.624425
    ],
    [
      9.0,
      5.0,
      0.0
    ]
  ]
}