{
  "robot": {
    "class": "RectangleRobot",
    "radius": 0.39309736836780756,
    "wheelbase": 0.2762966729573688,
    "max_velocity": 9.52167098323934,
    "max_steering_at_zero_v": 0.37920309064248614,
    "max_steering_at_max_v": 0.197365237805551,
    "acceleration": 5,
    "width": 0.42086217122978464,
    "lenght": 0.6640611394280911
  },
  "planner": {
    "class": "Dubins_pathfinding",
    "start": [
      1.0,
      5.0
    ],
    "goal": [
      9.0,
      5.0
    ],
    "bounds": [
      0,
      10,
      0,
      10
    ],
    "max_runtime": 15.0,
    "goal_threshold": 0.0,
    "interpolate_steps": 50
  },
  "path": [
    [
      1.0,
      5.0,
      0.0
    ],
    [
      1.3346,
      5.08608,
      0.5036
    ],
    [
      1.58612,
      5.32295,
      1.0072
    ],
    [
      1.69211,
      5.65179,
      1.5108
    ],
    [
      1.62625,
      5.99095,
      2.0144
    ],
    [
      1.45594,
      6.29573,
      2.08537
    ],
    [
      1.28409,
      6.59969,
      2.08537
    ],
    [
      1.11224,
      6.90365,
      2.08537
    ],
    [
      0.940383,
      7.20761,
      2.08537
    ],
    [
      0.768531,
      7.51157,
      2.08537
    ],
    [
      0.664659,
      7.8984,
      1.71629
    ],
    [
      0.606146,
      8.29771,
      1.71629
    ],
    [
      0.544552,
      8.69646,
      1.81134
    ],
    [
      0.548442,
      9.04194,
      1.30774
    ],
    [
      0.71857,
      9.34265,
      0.804138
    ],
    [
      1.01269,
      9.52392,
      0.300538
    ],
    [
      1.35838,
      9.54556,
      -0.0848898
    ],
    [
      1.7063,
      9.51595,
      -0.0848898
    ],
    [
      2.05422,
      9.48635,
      -0.0848898
    ],
    [
      2.40214,
      9.45674,
      -0.0848898
    ],
    [
      2.75006,
      9.42713,
      -0.0848898
    ],
    [
      3.09797,
      9.39753,
      -0.0848898
    ],
    [
      3.44678,
      9.40797,
      0.0472644
    ],
    [
      3.79557,
      9.42447,
      0.0472644
    ],
    [
      4.14435,
      9.44097,
      0.0472644
    ],
    [
      4.49314,
      9.45747,
      0.0472644
    ],
    [
      4.84193,
      9.47396,
      0.0472644
    ],
    [
      5.19071,
      9.49046,
      0.0472644
    ],
    [
      5.5395,
      9.50696,
      0.0472644
    ],
    [
      5.88828,
      9.52346,
      0.0472644
    ],
    [
      6.23707,
      9.53995,
      0.0472644
    ],
    [
      6.61029,
      9.49306,
      -0.167259
    ],
    [
      6.98199,
      9.4303,
      -0.167259
    ],
    [
      7.35368,
      9.36755,
      -0.167259
    ],
    [
      7.72538,
      9.30479,
      -0.167259
    ],
    [
      8.09707,
      9.24204,
      -0.167259
    ],
    [
      8.46877,
      9.17928,
      -0.167259
    ],
    [
      8.8391,
      9.1102,
      -0.303946
    ],
    [
      9.1514,
      8.90747,
      -0.847612
    ],
    [
      9.31485,
      8.56651,
      -1.39993
    ],
    [
      9.27511,
      8.1905,
      -1.95225
    ],
    [
      9.1293,
      7.83638,
      -1.96148
    ],
    [
      8.98346,
      7.48228,
      -1.96148
    ],
    [
      8.83762,
      7.12818,
      -1.96148
    ],
    [
      8.69178,
      6.77408,
      -1.96148
    ],
    [
      8.54594,
      6.41998,
      -1.96148
    ],
    [
      8.40029,
      6.0658,
      -1.93742
    ],
    [
      8.31459,
      5.58867,
      -1.41922
    ],
    [
      8.54825,
      5.16737,
      -0.70961
    ],
    [
      9.0,
      5.0,
      0.0
    ]
  ]
}