{
  "robot": {
    "class": "RectangleRobot",
    "radius": 0.34889913670959805,
    "wheelbase": 0.3925633691684986,
    "max_velocity": 12.968877770959894,
    "max_steering_at_zero_v": 0.47086040170853294,
    "max_steering_at_max_v": 0.21800349993008936,
    "acceleration": 5,
    "width": 0.21056283889405297,
    "lenght": 0.6652711637097224
  },
  "planner": {
    "class": "Dubins_pathfinding",
    "start": [
      1.0,
      5.0
    ],
    "goal": [
      9.0,
      5.0
    ],
    "bounds": [
      0,
      10,
      0,
      10
    ],
    "max_runtime": 15.0,
    "goal_threshold": 0.0,
    "interpolate_steps": 50
  },
  "path": [
    [
      1.0,
      5.0,
      0.0
    ],
    [
      1.37605,
      5.0979,
      0.509386
    ],
    [
      1.65662,
      5.36676,
      1.01877
    ],
    [
      1.77047,
      5.7383,
      1.52816
    ],
    [
      1.68868,
      6.11818,
      2.03754
    ],
    [
      1.44518,
      6.42424,
      2.32241
    ],
    [
      1.17696,
      6.71123,
      2.32241
    ],
    [
      0.908731,
      6.99822,
      2.32241
    ],
    [
      0.640504,
      7.28521,
      2.32241
    ],
    [
      0.45279,
      7.63709,
      1.79931
    ],
    [
      0.465961,
      8.03568,
      1.27807
    ],
    [
      0.582368,
      8.42192,
      1.27807
    ],
    [
      0.692382,
      8.80978,
      1.40889
    ],
    [
      0.823461,
      9.13021,
      0.956099
    ],
    [
      1.08151,
      9.361,
      0.503311
    ],
    [
      1.41452,
      9.45565,
      0.0505241
    ],
    [
      1.76367,
      9.45911,
      0.00788293
    ],
    [
      2.11284,
      9.46186,
      0.00788293
    ],
    [
      2.462,
      9.46461,
      0.00788293
    ],
    [
      2.81117,
      9.46736,
      0.00788293
    ],
    [
      3.16033,
      9.47012,
      0.00788293
    ],
    [
      3.5095,
      9.47287,
      0.00788293
    ],
    [
      3.88334,
      9.4828,
      0.0269282
    ],
    [
      4.25718,
      9.49287,
      0.0269282
    ],
    [
      4.63103,
      9.50294,
      0.0269282
    ],
    [
      5.00487,
      9.51301,
      0.0269282
    ],
    [
      5.37871,
      9.52308,
      0.0269282
    ],
    [
      5.75255,
      9.53315,
      0.0269282
    ],
    [
      6.12639,
      9.54321,
      0.0269282
    ],
    [
      6.49899,
      9.5671,
      0.216674
    ],
    [
      6.84997,
      9.5876,
      0.0130037
    ],
    [
      7.20224,
      9.59218,
      0.0130037
    ],
    [
      7.55452,
      9.59676,
      0.0130037
    ],
    [
      7.90679,
      9.60134,
      0.0130037
    ],
    [
      8.25907,
      9.60593,
      0.0130037
    ],
    [
      8.61117,
      9.60454,
      -0.111448
    ],
    [
      8.94044,
      9.48811,
      -0.568292
    ],
    [
      9.18459,
      9.23838,
      -1.02514
    ],
    [
      9.29607,
      8.86612,
      -1.53452
    ],
    [
      9.21589,
      8.48505,
      -1.93737
    ],
    [
      9.07509,
      8.11833,
      -1.93737
    ],
    [
      8.9343,
      7.7516,
      -1.93737
    ],
    [
      8.7935,
      7.38488,
      -1.93737
    ],
    [
      8.6527,
      7.01816,
      -1.93737
    ],
    [
      8.51191,
      6.65143,
      -1.93737
    ],
    [
      8.37111,
      6.28471,
      -1.93737
    ],
    [
      8.23526,
      5.87058,
      -1.70007
    ],
    [
      8.30144,
      5.4445,
      -1.13338
    ],
    [
      8.586,
      5.12055,
      -0.566689
    ],
    [
      9.0,
      5.0,
      0.0
    ]
  ]
}