{
  "robot": {
    "class": "RectangleRobot",
    "radius": 0.3709299991373346,
    "wheelbase": 0.2691139330566713,
    "max_velocity": 12.856888061505412,
    "max_steering_at_zero_v": 0.4227803565342611,
    "max_steering_at_max_v": 0.23191324233170285,
    "acceleration": 5,
    "width": 0.48554025963198666,
    "lenght": 0.5608983092474028
  },
  "planner": {
    "class": "Dubins_pathfinding",
    "start": [
      1.0,
      5.0
    ],
    "goal": [
      9.0,
      5.0
    ],
    "bounds": [
      0,
      10,
      0,
      10
    ],
    "max_runtime": 15.0,
    "goal_threshold": 0.0,
    "interpolate_steps": 50
  },
  "path": [
    [
      1.0,
      5.0,
      0.0
    ],
    [
      1.33783,
      4.89547,
      -0.600174
    ],
    [
      1.55757,
      4.6184,
      -1.20035
    ],
    [
      1.58243,
      4.26565,
      -1.80052
    ],
    [
      1.43622,
      3.93881,
      -2.0386
    ],
    [
      1.27434,
      3.61839,
      -2.0386
    ],
    [
      1.11246,
      3.29797,
      -2.0386
    ],
    [
      0.965357,
      2.97146,
      -1.80728
    ],
    [
      0.884926,
      2.62286,
      -1.79748
    ],
    [
      0.804522,
      2.27426,
      -1.79748
    ],
    [
      0.724118,
      1.92566,
      -1.79748
    ],
    [
      0.643715,
      1.57706,
      -1.79748
    ],
    [
      0.563311,
      1.22846,
      -1.79748
    ],
    [
      0.550011,
      0.875272,
      -1.32176
    ],
    [
      0.727268,
      0.580177,
      -0.737995
    ],
    [
      1.03782,
      0.431651,
      -0.154233
    ],
    [
      1.38622,
      0.438763,
      0.0594642
    ],
    [
      1.73477,
      0.459514,
      0.0594642
    ],
    [
      2.08333,
      0.480265,
      0.0594642
    ],
    [
      2.43189,
      0.501016,
      0.0594642
    ],
    [
      2.78045,
      0.521768,
      0.0594642
    ],
    [
      3.12901,
      0.542519,
      0.0594642
    ],
    [
      3.47757,
      0.56327,
      0.0594642
    ],
    [
      3.87032,
      0.558306,
      -0.0170994
    ],
    [
      4.26309,
      0.55159,
      -0.0170994
    ],
    [
      4.65585,
      0.544873,
      -0.0170994
    ],
    [
      5.04862,
      0.538156,
      -0.0170994
    ],
    [
      5.44138,
      0.531439,
      -0.0170994
    ],
    [
      5.83415,
      0.524723,
      -0.0170994
    ],
    [
      6.22692,
      0.518006,
      -0.0170994
    ],
    [
      6.61968,
      0.511289,
      -0.0170994
    ],
    [
      6.96774,
      0.509727,
      -0.0043478
    ],
    [
      7.31579,
      0.508214,
      -0.0043478
    ],
    [
      7.66384,
      0.506701,
      -0.0043478
    ],
    [
      8.0119,
      0.505188,
      -0.0043478
    ],
    [
      8.35995,
      0.503674,
      -0.0043478
    ],
    [
      8.70722,
      0.514445,
      0.198636
    ],
    [
      9.01008,
      0.675821,
      0.780526
    ],
    [
      9.1744,
      0.977089,
      1.36242
    ],
    [
      9.1461,
      1.31909,
      1.94431
    ],
    [
      9.04741,
      1.69911,
      1.81146
    ],
    [
      8.95378,
      2.08061,
      1.81146
    ],
    [
      8.86015,
      2.46211,
      1.81146
    ],
    [
      8.76652,
      2.84361,
      1.81146
    ],
    [
      8.67289,
      3.22512,
      1.81146
    ],
    [
      8.57927,
      3.60662,
      1.81146
    ],
    [
      8.48564,
      3.98812,
      1.81146
    ],
    [
      8.40262,
      4.37152,
      1.62152
    ],
    [
      8.56646,
      4.81394,
      0.81076
    ],
    [
      9.0,
      5.0,
      0.0
    ]
  ]
}