{
  "robot": {
    "class": "RectangleRobot",
    "radius": 0.36662213211066097,
    "wheelbase": 0.2593022615098642,
    "max_velocity": 7.068548606605696,
    "max_steering_at_zero_v": 0.4771302523881247,
    "max_steering_at_max_v": 0.18987581708558834,
    "acceleration": 5,
    "width": 0.5563069809129485,
    "lenght": 0.4776711148907667
  },
  "planner": {
    "class": "Dubins_pathfinding",
    "start": [
      1.0,
      5.0
    ],
    "goal": [
      9.0,
      5.0
    ],
    "bounds": [
      0,
      10,
      0,
      10
    ],
    "max_runtime": 15.0,
    "goal_threshold": 0.0,
    "interpolate_steps": 50
  },
  "path": [
    [
      1.0,
      5.0,
      0.0
    ],
    [
      1.33947,
      5.13233,
      0.743394
    ],
    [
      1.49981,
      5.45949,
      1.48679
    ],
    [
      1.41871,
      5.81962,
      1.91571
    ],
    [
      1.29263,
      6.17053,
      1.91571
    ],
    [
      1.16656,
      6.52144,
      1.91571
    ],
    [
      1.04048,
      6.87235,
      1.91571
    ],
    [
      0.914407,
      7.22327,
      1.91571
    ],
    [
      0.805207,
      7.57861,
      1.65169
    ],
    [
      0.719396,
      7.94867,
      1.81656
    ],
    [
      0.626897,
      8.31743,
      1.81656
    ],
    [
      0.534397,
      8.68619,
      1.81656
    ],
    [
      0.536503,
      9.05875,
      1.19886
    ],
    [
      0.789744,
      9.33008,
      0.440885
    ],
    [
      1.16018,
      9.35304,
      -0.317087
    ],
    [
      1.50669,
      9.32551,
      -0.0130609
    ],
    [
      1.85584,
      9.32095,
      -0.0130609
    ],
    [
      2.20498,
      9.31639,
      -0.0130609
    ],
    [
      2.55413,
      9.31183,
      -0.0130609
    ],
    [
      2.90328,
      9.30727,
      -0.0130609
    ],
    [
      3.25242,
      9.30271,
      -0.0130609
    ],
    [
      3.60157,
      9.29815,
      -0.0130609
    ],
    [
      3.95072,
      9.29359,
      -0.0130609
    ],
    [
      4.29982,
      9.28788,
      -0.0806944
    ],
    [
      4.63538,
      9.29245,
      0.0213807
    ],
    [
      4.97097,
      9.29962,
      0.0213807
    ],
    [
      5.30656,
      9.3068,
      0.0213807
    ],
    [
      5.64215,
      9.31397,
      0.0213807
    ],
    [
      5.97774,
      9.32115,
      0.0213807
    ],
    [
      6.31333,
      9.32833,
      0.0213807
    ],
    [
      6.64892,
      9.3355,
      0.0213807
    ],
    [
      6.98409,
      9.3484,
      0.172669
    ],
    [
      7.32262,
      9.36964,
      0.0518939
    ],
    [
      7.66147,
      9.38724,
      0.0518939
    ],
    [
      8.00033,
      9.40484,
      0.0518939
    ],
    [
      8.33919,
      9.42249,
      0.0652484
    ],
    [
      8.67955,
      9.31812,
      -0.660313
    ],
    [
      8.94973,
      9.07437,
      -0.738205
    ],
    [
      9.21892,
      8.82946,
      -0.738205
    ],
    [
      9.47834,
      8.57534,
      -0.969737
    ],
    [
      9.56236,
      8.2294,
      -1.6953
    ],
    [
      9.39568,
      7.91484,
      -2.42086
    ],
    [
      9.21996,
      7.5826,
      -1.82599
    ],
    [
      9.12324,
      7.21189,
      -1.82599
    ],
    [
      9.02653,
      6.84118,
      -1.82599
    ],
    [
      8.81208,
      6.53484,
      -2.56302
    ],
    [
      8.58288,
      6.13659,
      -1.71068
    ],
    [
      8.51648,
      5.66501,
      -1.71068
    ],
    [
      8.59216,
      5.2096,
      -0.94946
    ],
    [
      9.0,
      5.0,
      0.0
    ]
  ]
}