{
  "robot": {
    "class": "RectangleRobot",
    "radius": 0.22521674851431941,
    "wheelbase": 0.3453644512537621,
    "max_velocity": 7.2786503023168,
    "max_steering_at_zero_v": 0.35673999469950074,
    "max_steering_at_max_v": 0.24062947940144558,
    "acceleration": 5,
    "width": 0.169230004406338,
    "lenght": 0.41743447492280705
  },
  "planner": {
    "class": "Dubins_pathfinding",
    "start": [
      1.0,
      5.0
    ],
    "goal": [
      9.0,
      5.0
    ],
    "bounds": [
      0,
      10,
      0,
      10
    ],
    "max_runtime": 15.0,
    "goal_threshold": 0.0,
    "interpolate_steps": 50
  },
  "path": [
    [
      1.0,
      5.0,
      0.0
    ],
    [
      1.38116,
      5.08202,
      0.423899
    ],
    [
      1.69486,
      5.31356,
      0.847797
    ],
    [
      1.88555,
      5.65363,
      1.2717
    ],
    [
      1.91948,
      6.04204,
      1.69559
    ],
    [
      1.79252,
      6.41106,
      2.05167
    ],
    [
      1.61082,
      6.75933,
      2.05167
    ],
    [
      1.42912,
      7.10761,
      2.05167
    ],
    [
      1.24742,
      7.45588,
      2.05167
    ],
    [
      0.907745,
      7.84293,
      2.39375
    ],
    [
      0.684071,
      8.16228,
      1.96985
    ],
    [
      0.611547,
      8.54536,
      1.54595
    ],
    [
      0.70301,
      8.92437,
      1.12205
    ],
    [
      0.942272,
      9.23221,
      0.698152
    ],
    [
      1.28698,
      9.4144,
      0.274253
    ],
    [
      1.67662,
      9.44784,
      -0.0088406
    ],
    [
      2.06943,
      9.44437,
      -0.0088406
    ],
    [
      2.46224,
      9.44089,
      -0.0088406
    ],
    [
      2.81141,
      9.44159,
      0.00214693
    ],
    [
      3.16059,
      9.44234,
      0.00214693
    ],
    [
      3.50976,
      9.44309,
      0.00214693
    ],
    [
      3.85894,
      9.44384,
      0.00214693
    ],
    [
      4.20812,
      9.44459,
      0.00214693
    ],
    [
      4.55729,
      9.44534,
      0.00214693
    ],
    [
      4.90647,
      9.44609,
      0.00214693
    ],
    [
      5.25564,
      9.44684,
      0.00214693
    ],
    [
      5.60482,
      9.44758,
      0.00214693
    ],
    [
      5.99611,
      9.43962,
      -0.0209928
    ],
    [
      6.3874,
      9.4314,
      -0.0209928
    ],
    [
      6.77868,
      9.42319,
      -0.0209928
    ],
    [
      7.16997,
      9.41497,
      -0.0209928
    ],
    [
      7.56126,
      9.40676,
      -0.0209928
    ],
    [
      7.95255,
      9.39854,
      -0.0209928
    ],
    [
      8.34383,
      9.39032,
      -0.0209928
    ],
    [
      8.73507,
      9.38086,
      -0.0729603
    ],
    [
      9.0704,
      9.29117,
      -0.449759
    ],
    [
      9.3492,
      9.08438,
      -0.826558
    ],
    [
      9.53236,
      8.78953,
      -1.20336
    ],
    [
      9.59417,
      8.44796,
      -1.58016
    ],
    [
      9.52597,
      8.10761,
      -1.95695
    ],
    [
      9.33962,
      7.81427,
      -2.2531
    ],
    [
      9.11943,
      7.54327,
      -2.2531
    ],
    [
      8.89925,
      7.27226,
      -2.2531
    ],
    [
      8.67906,
      7.00126,
      -2.2531
    ],
    [
      8.39325,
      6.64948,
      -2.2531
    ],
    [
      8.14137,
      6.27529,
      -1.95646
    ],
    [
      8.07826,
      5.83099,
      -1.46734
    ],
    [
      8.2313,
      5.40914,
      -0.978228
    ],
    [
      8.5646,
      5.10866,
      -0.489114
    ],
    [
      9.0,
      5.0,
      0.0
    ]
  ]
}