{
  "robot": {
    "class": "RectangleRobot",
    "radius": 0.36460839581429066,
    "wheelbase": 0.2674699457429001,
    "max_velocity": 11.467401806635483,
    "max_steering_at_zero_v": 0.5008978962506494,
    "max_steering_at_max_v": 0.24368664428794062,
    "acceleration": 5,
    "width": 0.66910533145131,
    "lenght": 0.2899227218010247
  },
  "planner": {
    "class": "Dubins_pathfinding",
    "start": [
      1.0,
      5.0
    ],
    "goal": [
      9.0,
      5.0
    ],
    "bounds": [
      0,
      10,
      0,
      10
    ],
    "max_runtime": 15.0,
    "goal_threshold": 0.0,
    "interpolate_steps": 50
  },
  "path": [
    [
      1.0,
      5.0,
      0.0
    ],
    [
      1.31319,
      5.11359,
      0.695869
    ],
    [
      1.48075,
      5.40154,
      1.39174
    ],
    [
      1.44315,
      5.73623,
      1.80519
    ],
    [
      1.3642,
      6.06691,
      1.80519
    ],
    [
      1.28524,
      6.39758,
      1.80519
    ],
    [
      1.20882,
      6.72877,
      1.70208
    ],
    [
      1.08041,
      7.1095,
      1.92664
    ],
    [
      0.94017,
      7.48682,
      1.92664
    ],
    [
      0.799934,
      7.86413,
      1.92664
    ],
    [
      0.659497,
      8.24137,
      1.95634
    ],
    [
      0.617746,
      8.5582,
      1.61191
    ],
    [
      0.604527,
      8.87951,
      1.61191
    ],
    [
      0.610354,
      9.19983,
      1.33219
    ],
    [
      0.780171,
      9.4661,
      0.673952
    ],
    [
      1.07739,
      9.57286,
      0.0157187
    ],
    [
      1.42635,
      9.56099,
      -0.0358554
    ],
    [
      1.77531,
      9.54847,
      -0.0358554
    ],
    [
      2.12426,
      9.53596,
      -0.0358554
    ],
    [
      2.47321,
      9.52344,
      -0.0358554
    ],
    [
      2.82216,
      9.51092,
      -0.0358554
    ],
    [
      3.17111,
      9.49841,
      -0.0358554
    ],
    [
      3.52007,
      9.48589,
      -0.0358554
    ],
    [
      3.86902,
      9.47337,
      -0.0358554
    ],
    [
      4.21797,
      9.46085,
      -0.0358554
    ],
    [
      4.56669,
      9.44295,
      -0.0514599
    ],
    [
      4.9154,
      9.42499,
      -0.0514599
    ],
    [
      5.26411,
      9.40703,
      -0.0514599
    ],
    [
      5.61283,
      9.38907,
      -0.0514599
    ],
    [
      5.96154,
      9.37111,
      -0.0514599
    ],
    [
      6.31026,
      9.35315,
      -0.0514599
    ],
    [
      6.65897,
      9.33519,
      -0.0514599
    ],
    [
      7.00768,
      9.31723,
      -0.0514599
    ],
    [
      7.3564,
      9.29927,
      -0.0514599
    ],
    [
      7.72927,
      9.30853,
      0.0290926
    ],
    [
      8.10215,
      9.31938,
      0.0290926
    ],
    [
      8.47502,
      9.33024,
      0.0290926
    ],
    [
      8.83849,
      9.27625,
      -0.490734
    ],
    [
      9.07253,
      8.99742,
      -1.25427
    ],
    [
      9.09729,
      8.59525,
      -1.56886
    ],
    [
      9.09807,
      8.19051,
      -1.56886
    ],
    [
      9.09885,
      7.78577,
      -1.56886
    ],
    [
      9.07737,
      7.38325,
      -1.87189
    ],
    [
      8.81945,
      7.08638,
      -2.70033
    ],
    [
      8.55925,
      6.78197,
      -1.85578
    ],
    [
      8.53276,
      6.37132,
      -1.5951
    ],
    [
      8.52273,
      5.95883,
      -1.5951
    ],
    [
      8.5127,
      5.54634,
      -1.5951
    ],
    [
      8.63472,
      5.16412,
      -0.84455
    ],
    [
      9.0,
      5.0,
      0.0
    ]
  ]
}