{
  "robot": {
    "class": "RectangleRobot",
    "radius": 0.2764176849923693,
    "wheelbase": 0.23666113851564954,
    "max_velocity": 12.704403526590587,
    "max_steering_at_zero_v": 0.3501274580893049,
    "max_steering_at_max_v": 0.23478688511711782,
    "acceleration": 5,
    "width": 0.46394694635280453,
    "lenght": 0.3006329610606108
  },
  "planner": {
    "class": "Dubins_pathfinding",
    "start": [
      1.0,
      5.0
    ],
    "goal": [
      9.0,
      5.0
    ],
    "bounds": [
      0,
      10,
      0,
      10
    ],
    "max_runtime": 15.0,
    "goal_threshold": 0.0,
    "interpolate_steps": 50
  },
  "path": [
    [
      1.0,
      5.0,
      0.0
    ],
    [
      1.30306,
      5.07523,
      0.486613
    ],
    [
      1.53577,
      5.28345,
      0.973225
    ],
    [
      1.64409,
      5.57632,
      1.45984
    ],
    [
      1.67145,
      5.89049,
      1.48459
    ],
    [
      1.6986,
      6.20468,
      1.48459
    ],
    [
      1.72575,
      6.51888,
      1.48459
    ],
    [
      1.75291,
      6.83307,
      1.48459
    ],
    [
      1.78006,
      7.14726,
      1.48459
    ],
    [
      1.82411,
      7.45868,
      1.25452
    ],
    [
      1.97836,
      7.71191,
      0.792905
    ],
    [
      2.224,
      7.88057,
      0.522692
    ],
    [
      2.48322,
      8.02992,
      0.522692
    ],
    [
      2.74243,
      8.17927,
      0.522692
    ],
    [
      3.00165,
      8.32861,
      0.522692
    ],
    [
      3.26087,
      8.47796,
      0.522692
    ],
    [
      3.51121,
      8.64039,
      0.743757
    ],
    [
      3.67771,
      8.88574,
      1.20537
    ],
    [
      3.85363,
      9.13959,
      0.724183
    ],
    [
      4.12706,
      9.28319,
      0.242995
    ],
    [
      4.43735,
      9.30019,
      -0.0136153
    ],
    [
      4.74917,
      9.29595,
      -0.0136153
    ],
    [
      5.06099,
      9.2917,
      -0.0136153
    ],
    [
      5.37281,
      9.28746,
      -0.0136153
    ],
    [
      5.68463,
      9.28321,
      -0.0136153
    ],
    [
      5.99645,
      9.27896,
      -0.0136153
    ],
    [
      6.30827,
      9.27472,
      -0.0136153
    ],
    [
      6.61905,
      9.28716,
      0.213732
    ],
    [
      6.93663,
      9.30044,
      -0.00830101
    ],
    [
      7.25526,
      9.29779,
      -0.00830101
    ],
    [
      7.57389,
      9.29515,
      -0.00830101
    ],
    [
      7.89252,
      9.2925,
      -0.00830101
    ],
    [
      8.21115,
      9.28986,
      -0.00830101
    ],
    [
      8.5183,
      9.21779,
      -0.475721
    ],
    [
      8.76155,
      8.99991,
      -0.985105
    ],
    [
      8.93334,
      8.71802,
      -1.02505
    ],
    [
      9.10469,
      8.43585,
      -1.02505
    ],
    [
      9.27605,
      8.15368,
      -1.02505
    ],
    [
      9.39539,
      7.84915,
      -1.44405
    ],
    [
      9.35372,
      7.52525,
      -1.95344
    ],
    [
      9.1594,
      7.2628,
      -2.46282
    ],
    [
      8.94153,
      7.03385,
      -2.30636
    ],
    [
      8.72925,
      6.79929,
      -2.30636
    ],
    [
      8.51442,
      6.56719,
      -2.41099
    ],
    [
      8.33281,
      6.29164,
      -1.89609
    ],
    [
      8.30893,
      5.96216,
      -1.44972
    ],
    [
      8.34923,
      5.63091,
      -1.44972
    ],
    [
      8.44447,
      5.31432,
      -1.0298
    ],
    [
      8.68086,
      5.08403,
      -0.514899
    ],
    [
      9.0,
      5.0,
      0.0
    ]
  ]
}