{
  "robot": {
    "class": "RectangleRobot",
    "radius": 0.31164649780471126,
    "wheelbase": 0.45870008224977654,
    "max_velocity": 12.622372350222065,
    "max_steering_at_zero_v": 0.4793137590453702,
    "max_steering_at_max_v": 0.25097398663735276,
    "acceleration": 5,
    "width": 0.585587496481423,
    "lenght": 0.21349810851711776
  },
  "planner": {
    "class": "Dubins_pathfinding",
    "start": [
      1.0,
      5.0
    ],
    "goal": [
      9.0,
      5.0
    ],
    "bounds": [
      0,
      10,
      0,
      10
    ],
    "max_runtime": 15.0,
    "goal_threshold": 0.0,
    "interpolate_steps": 50
  },
  "path": [
    [
      1.0,
      5.0,
      0.0
    ],
    [
      1.34014,
      4.93182,
      -0.395641
    ],
    [
      1.62772,
      4.73782,
      -0.791282
    ],
    [
      1.81833,
      4.44797,
      -1.18692
    ],
    [
      1.8825,
      4.10706,
      -1.58256
    ],
    [
      1.81032,
      3.76774,
      -1.9782
    ],
    [
      1.62001,
      3.47644,
      -2.22878
    ],
    [
      1.40648,
      3.20016,
      -2.22878
    ],
    [
      1.19295,
      2.92388,
      -2.22878
    ],
    [
      0.979426,
      2.6476,
      -2.22878
    ],
    [
      0.819404,
      2.33213,
      -1.92792
    ],
    [
      0.695128,
      1.99906,
      -1.92792
    ],
    [
      0.579328,
      1.66328,
      -1.78587
    ],
    [
      0.574501,
      1.31021,
      -1.38307
    ],
    [
      0.708463,
      0.983506,
      -0.980261
    ],
    [
      0.95977,
      0.735464,
      -0.577455
    ],
    [
      1.2882,
      0.605787,
      -0.17465
    ],
    [
      1.64117,
      0.615232,
      0.228155
    ],
    [
      2.00461,
      0.64996,
      0.0619443
    ],
    [
      2.36947,
      0.67259,
      0.0619443
    ],
    [
      2.73433,
      0.69522,
      0.0619443
    ],
    [
      3.0992,
      0.71785,
      0.0619443
    ],
    [
      3.46406,
      0.74048,
      0.0619443
    ],
    [
      3.82892,
      0.763111,
      0.0619443
    ],
    [
      4.19379,
      0.785741,
      0.0619443
    ],
    [
      4.55839,
      0.811309,
      0.143707
    ],
    [
      4.95033,
      0.836217,
      0.0545358
    ],
    [
      5.34257,
      0.857629,
      0.0545358
    ],
    [
      5.73481,
      0.879041,
      0.0545358
    ],
    [
      6.12705,
      0.900454,
      0.0545358
    ],
    [
      6.51929,
      0.921866,
      0.0545358
    ],
    [
      6.91153,
      0.943278,
      0.0545358
    ],
    [
      7.30377,
      0.96469,
      0.0545358
    ],
    [
      7.69601,
      0.986103,
      0.0545358
    ],
    [
      8.08029,
      0.921418,
      -0.343145
    ],
    [
      8.46705,
      0.874548,
      0.101951
    ],
    [
      8.8363,
      0.998762,
      0.547047
    ],
    [
      9.1161,
      1.26986,
      0.992143
    ],
    [
      9.25192,
      1.635,
      1.43724
    ],
    [
      9.2173,
      2.02305,
      1.88233
    ],
    [
      9.01898,
      2.35838,
      2.32743
    ],
    [
      8.6956,
      2.57566,
      2.77253
    ],
    [
      8.33503,
      2.83493,
      2.26385
    ],
    [
      8.14638,
      3.23699,
      1.75516
    ],
    [
      8.12569,
      3.68496,
      1.59025
    ],
    [
      8.11759,
      4.13382,
      1.55224
    ],
    [
      8.23729,
      4.5615,
      1.04356
    ],
    [
      8.55013,
      4.87673,
      0.53488
    ],
    [
      8.97688,
      4.9997,
      0.0261985
    ],
    [
      9.0,
      5.0,
      0.0
    ]
  ]
}