{
  "robot": {
    "class": "RectangleRobot",
    "radius": 0.2705177047780788,
    "wheelbase": 0.4286133657431912,
    "max_velocity": 11.50959799812069,
    "max_steering_at_zero_v": 0.4494178444584527,
    "max_steering_at_max_v": 0.20834744788792672,
    "acceleration": 5,
    "width": 0.3701927394675061,
    "lenght": 0.39455880428542256
  },
  "planner": {
    "class": "Dubins_pathfinding",
    "start": [
      1.0,
      5.0
    ],
    "goal": [
      9.0,
      5.0
    ],
    "bounds": [
      0,
      10,
      0,
      10
    ],
    "max_runtime": 15.0,
    "goal_threshold": 0.0,
    "interpolate_steps": 50
  },
  "path": [
    [
      1.0,
      5.0,
      0.0
    ],
    [
      1.38015,
      4.91458,
      -0.442061
    ],
    [
      1.68722,
      4.67474,
      -0.884122
    ],
    [
      1.86216,
      4.32659,
      -1.32618
    ],
    [
      1.87135,
      3.93706,
      -1.76824
    ],
    [
      1.74637,
      3.56507,
      -1.92146
    ],
    [
      1.61143,
      3.19615,
      -1.92146
    ],
    [
      1.47649,
      2.82723,
      -1.92146
    ],
    [
      1.34154,
      2.45831,
      -1.92146
    ],
    [
      1.14343,
      2.1434,
      -2.34326
    ],
    [
      0.865628,
      1.89215,
      -2.30934
    ],
    [
      0.678303,
      1.57071,
      -1.88754
    ],
    [
      0.638998,
      1.20074,
      -1.46574
    ],
    [
      0.754603,
      0.847112,
      -1.04394
    ],
    [
      1.00485,
      0.571805,
      -0.622138
    ],
    [
      1.36356,
      0.419678,
      -0.180077
    ],
    [
      1.75539,
      0.412937,
      0.0351282
    ],
    [
      2.14797,
      0.426733,
      0.0351282
    ],
    [
      2.54055,
      0.440529,
      0.0351282
    ],
    [
      2.93313,
      0.454326,
      0.0351282
    ],
    [
      3.32571,
      0.468122,
      0.0351282
    ],
    [
      3.71829,
      0.481918,
      0.0351282
    ],
    [
      4.11088,
      0.495715,
      0.0351282
    ],
    [
      4.46004,
      0.498814,
      0.00793493
    ],
    [
      4.8092,
      0.501585,
      0.00793493
    ],
    [
      5.15837,
      0.504355,
      0.00793493
    ],
    [
      5.50753,
      0.507126,
      0.00793493
    ],
    [
      5.8567,
      0.509897,
      0.00793493
    ],
    [
      6.20586,
      0.512667,
      0.00793493
    ],
    [
      6.55503,
      0.515438,
      0.00793493
    ],
    [
      6.90419,
      0.518209,
      0.00793493
    ],
    [
      7.25132,
      0.544801,
      0.240082
    ],
    [
      7.63506,
      0.593643,
      0.105968
    ],
    [
      8.02,
      0.634587,
      0.105968
    ],
    [
      8.40494,
      0.675532,
      0.105968
    ],
    [
      8.78894,
      0.722851,
      0.226421
    ],
    [
      9.13572,
      0.887907,
      0.662052
    ],
    [
      9.38046,
      1.18388,
      1.09768
    ],
    [
      9.47744,
      1.55549,
      1.53332
    ],
    [
      9.40856,
      1.93332,
      1.96895
    ],
    [
      9.22593,
      2.22997,
      2.17841
    ],
    [
      9.02659,
      2.51665,
      2.17841
    ],
    [
      8.82724,
      2.80333,
      2.17841
    ],
    [
      8.62789,
      3.09001,
      2.17841
    ],
    [
      8.42854,
      3.37669,
      2.17841
    ],
    [
      8.23165,
      3.66497,
      2.09713
    ],
    [
      8.11928,
      3.9932,
      1.70418
    ],
    [
      8.14115,
      4.33945,
      1.31124
    ],
    [
      8.29393,
      4.65093,
      0.918296
    ],
    [
      9.0,
      5.0,
      0.0
    ]
  ]
}