{
  "robot": {
    "class": "RectangleRobot",
    "radius": 0.3573124156290116,
    "wheelbase": 0.2127550810399441,
    "max_velocity": 10.349117488579102,
    "max_steering_at_zero_v": 0.3330645346103898,
    "max_steering_at_max_v": 0.18249246105294292,
    "acceleration": 5,
    "width": 0.16726450157704112,
    "lenght": 0.6947742338074593
  },
  "planner": {
    "class": "Dubins_pathfinding",
    "start": [
      1.0,
      5.0
    ],
    "goal": [
      9.0,
      5.0
    ],
    "bounds": [
      0,
      10,
      0,
      10
    ],
    "max_runtime": 15.0,
    "goal_threshold": 0.0,
    "interpolate_steps": 50
  },
  "path": [
    [
      1.0,
      5.0,
      0.0
    ],
    [
      1.3587,
      5.11545,
      0.622751
    ],
    [
      1.58273,
      5.41844,
      1.2455
    ],
    [
      1.58798,
      5.79523,
      1.86825
    ],
    [
      1.46397,
      6.15757,
      1.90141
    ],
    [
      1.33965,
      6.51981,
      1.90141
    ],
    [
      1.21532,
      6.88205,
      1.90141
    ],
    [
      1.08605,
      7.24235,
      2.03298
    ],
    [
      0.909478,
      7.57532,
      2.05893
    ],
    [
      0.732725,
      7.90819,
      2.05893
    ],
    [
      0.555973,
      8.24106,
      2.05893
    ],
    [
      0.414967,
      8.58781,
      1.70518
    ],
    [
      0.478484,
      8.95335,
      1.09233
    ],
    [
      0.740701,
      9.21584,
      0.479486
    ],
    [
      1.07866,
      9.28769,
      0.0378774
    ],
    [
      1.42758,
      9.30091,
      0.0378774
    ],
    [
      1.77651,
      9.31413,
      0.0378774
    ],
    [
      2.12543,
      9.32735,
      0.0378774
    ],
    [
      2.47436,
      9.34058,
      0.0378774
    ],
    [
      2.82329,
      9.3538,
      0.0378774
    ],
    [
      3.17221,
      9.36702,
      0.0378774
    ],
    [
      3.52114,
      9.38025,
      0.0378774
    ],
    [
      3.87006,
      9.39347,
      0.0378774
    ],
    [
      4.2612,
      9.35969,
      -0.101293
    ],
    [
      4.65201,
      9.31997,
      -0.101293
    ],
    [
      5.04282,
      9.28025,
      -0.101293
    ],
    [
      5.43363,
      9.24052,
      -0.101293
    ],
    [
      5.82444,
      9.2008,
      -0.101293
    ],
    [
      6.21525,
      9.16108,
      -0.101293
    ],
    [
      6.60606,
      9.12136,
      -0.101293
    ],
    [
      6.99687,
      9.08163,
      -0.101293
    ],
    [
      7.33277,
      9.12648,
      0.233846
    ],
    [
      7.66448,
      9.20549,
      0.233846
    ],
    [
      7.99619,
      9.2845,
      0.233846
    ],
    [
      8.32789,
      9.36352,
      0.233846
    ],
    [
      8.6572,
      9.45062,
      0.399586
    ],
    [
      9.04213,
      9.48156,
      -0.239168
    ],
    [
      9.36962,
      9.27691,
      -0.877923
    ],
    [
      9.51053,
      8.91735,
      -1.51668
    ],
    [
      9.42415,
      8.53785,
      -1.92466
    ],
    [
      9.28802,
      8.16937,
      -1.92466
    ],
    [
      9.1519,
      7.80088,
      -1.92466
    ],
    [
      9.01578,
      7.4324,
      -1.92466
    ],
    [
      8.87965,
      7.06392,
      -1.92466
    ],
    [
      8.7352,
      6.6729,
      -1.92466
    ],
    [
      8.59076,
      6.28187,
      -1.92466
    ],
    [
      8.44631,
      5.89085,
      -1.92466
    ],
    [
      8.3992,
      5.48368,
      -1.35564
    ],
    [
      8.61435,
      5.13595,
      -0.67782
    ],
    [
      9.0,
      5.0,
      0.0
    ]
  ]
}