{
  "robot": {
    "class": "RectangleRobot",
    "radius": 0.3875174680628773,
    "wheelbase": 0.34947828101346134,
    "max_velocity": 11.703461686226955,
    "max_steering_at_zero_v": 0.3932738206110961,
    "max_steering_at_max_v": 0.15866401210455044,
    "acceleration": 5,
    "width": 0.6457223089973886,
    "lenght": 0.42862787109395206
  },
  "planner": {
    "class": "Dubins_pathfinding",
    "start": [
      1.0,
      5.0
    ],
    "goal": [
      9.0,
      5.0
    ],
    "bounds": [
      0,
      10,
      0,
      10
    ],
    "max_runtime": 15.0,
    "goal_threshold": 0.0,
    "interpolate_steps": 50
  },
  "path": [
    [
      1.0,
      5.0,
      0.0
    ],
    [
      1.37874,
      5.08995,
      0.466345
    ],
    [
      1.67659,
      5.34058,
      0.932689
    ],
    [
      1.82995,
      5.69837,
      1.39903
    ],
    [
      1.80606,
      6.08691,
      1.86538
    ],
    [
      1.65508,
      6.44938,
      1.97941
    ],
    [
      1.499,
      6.80986,
      1.97941
    ],
    [
      1.34291,
      7.17034,
      1.97941
    ],
    [
      1.18683,
      7.53083,
      1.97941
    ],
    [
      1.00875,
      7.80435,
      2.22618
    ],
    [
      0.809157,
      8.06399,
      2.22618
    ],
    [
      0.6414,
      8.3434,
      1.92751
    ],
    [
      0.588808,
      8.66455,
      1.53872
    ],
    [
      0.690854,
      9.04021,
      1.07238
    ],
    [
      0.950909,
      9.32988,
      0.606035
    ],
    [
      1.31343,
      9.47168,
      0.139691
    ],
    [
      1.70584,
      9.47541,
      -0.0166983
    ],
    [
      2.09861,
      9.46885,
      -0.0166983
    ],
    [
      2.49138,
      9.46229,
      -0.0166983
    ],
    [
      2.88414,
      9.45573,
      -0.0166983
    ],
    [
      3.27691,
      9.44917,
      -0.0166983
    ],
    [
      3.62608,
      9.44752,
      -0.00457157
    ],
    [
      3.97526,
      9.44592,
      -0.00457157
    ],
    [
      4.32443,
      9.44432,
      -0.00457157
    ],
    [
      4.6736,
      9.44273,
      -0.00457157
    ],
    [
      5.02277,
      9.44113,
      -0.00457157
    ],
    [
      5.37195,
      9.43954,
      -0.00457157
    ],
    [
      5.72112,
      9.43794,
      -0.00457157
    ],
    [
      6.07029,
      9.43634,
      -0.00457157
    ],
    [
      6.41947,
      9.43475,
      -0.00457157
    ],
    [
      6.81134,
      9.42725,
      -0.0193588
    ],
    [
      7.20321,
      9.41966,
      -0.0193588
    ],
    [
      7.59508,
      9.41208,
      -0.0193588
    ],
    [
      7.98696,
      9.40449,
      -0.0193588
    ],
    [
      8.37883,
      9.3969,
      -0.0193588
    ],
    [
      8.76927,
      9.37265,
      -0.218745
    ],
    [
      9.11878,
      9.20321,
      -0.684048
    ],
    [
      9.35511,
      8.89497,
      -1.14935
    ],
    [
      9.42878,
      8.55845,
      -1.56121
    ],
    [
      9.36158,
      8.22059,
      -1.97307
    ],
    [
      9.16598,
      7.93668,
      -2.32096
    ],
    [
      8.9298,
      7.68256,
      -2.28774
    ],
    [
      8.68564,
      7.22199,
      -1.9844
    ],
    [
      8.47514,
      6.74239,
      -1.9844
    ],
    [
      8.26463,
      6.26279,
      -1.9844
    ],
    [
      8.16203,
      5.75657,
      -1.46879
    ],
    [
      8.36884,
      5.28451,
      -0.846995
    ],
    [
      8.8119,
      5.02127,
      -0.225202
    ],
    [
      8.8119,
      5.02127,
      -0.225202
    ],
    [
      9.0,
      5.0,
      0.0
    ]
  ]
}