{
  "robot": {
    "class": "RectangleRobot",
    "radius": 0.3469755282431992,
    "wheelbase": 0.3443177826383818,
    "max_velocity": 8.088740446666117,
    "max_steering_at_zero_v": 0.4901784536082856,
    "max_steering_at_max_v": 0.2240796598293569,
    "acceleration": 5,
    "width": 0.6036418265594571,
    "lenght": 0.3423223831807538
  },
  "planner": {
    "class": "Dubins_pathfinding",
    "start": [
      1.0,
      5.0
    ],
    "goal": [
      9.0,
      5.0
    ],
    "bounds": [
      0,
      10,
      0,
      10
    ],
    "max_runtime": 15.0,
    "goal_threshold": 0.0,
    "interpolate_steps": 50
  },
  "path": [
    [
      1.0,
      5.0,
      0.0
    ],
    [
      1.33238,
      5.09219,
      0.541147
    ],
    [
      1.56978,
      5.34243,
      1.08229
    ],
    [
      1.64436,
      5.67921,
      1.62344
    ],
    [
      1.54075,
      6.00951,
      2.01967
    ],
    [
      1.38923,
      6.32409,
      2.01967
    ],
    [
      1.2377,
      6.63868,
      2.01967
    ],
    [
      1.08618,
      6.95326,
      2.01967
    ],
    [
      0.934652,
      7.26785,
      2.01967
    ],
    [
      0.783126,
      7.58243,
      2.01967
    ],
    [
      0.704246,
      8.02158,
      1.65141
    ],
    [
      0.630024,
      8.46197,
      1.99867
    ],
    [
      0.575988,
      8.80264,
      1.45753
    ],
    [
      0.70516,
      9.12247,
      0.916381
    ],
    [
      0.980627,
      9.33007,
      0.375234
    ],
    [
      1.32416,
      9.37549,
      0.0048948
    ],
    [
      1.67333,
      9.3772,
      0.0048948
    ],
    [
      2.0225,
      9.37891,
      0.0048948
    ],
    [
      2.37168,
      9.38062,
      0.0048948
    ],
    [
      2.72085,
      9.38233,
      0.0048948
    ],
    [
      3.07002,
      9.38404,
      0.0048948
    ],
    [
      3.4192,
      9.38482,
      0.00223735
    ],
    [
      3.76837,
      9.3856,
      0.00223735
    ],
    [
      4.11755,
      9.38639,
      0.00223735
    ],
    [
      4.46672,
      9.38717,
      0.00223735
    ],
    [
      4.8159,
      9.38795,
      0.00223735
    ],
    [
      5.16507,
      9.38873,
      0.00223735
    ],
    [
      5.51425,
      9.38951,
      0.00223735
    ],
    [
      5.86342,
      9.39029,
      0.00223735
    ],
    [
      6.2126,
      9.39107,
      0.00223735
    ],
    [
      6.55824,
      9.39584,
      0.0139139
    ],
    [
      6.90388,
      9.40065,
      0.0139139
    ],
    [
      7.24952,
      9.40546,
      0.0139139
    ],
    [
      7.59517,
      9.41027,
      0.0139139
    ],
    [
      7.94081,
      9.41508,
      0.0139139
    ],
    [
      8.28645,
      9.41989,
      0.0139139
    ],
    [
      8.63198,
      9.4203,
      -0.102859
    ],
    [
      8.95033,
      9.29656,
      -0.638579
    ],
    [
      9.16092,
      9.02765,
      -1.1743
    ],
    [
      9.19649,
      8.6425,
      -1.78309
    ],
    [
      9.08852,
      8.26484,
      -1.85331
    ],
    [
      8.97902,
      7.88759,
      -1.85331
    ],
    [
      8.86951,
      7.51034,
      -1.85331
    ],
    [
      8.76,
      7.13309,
      -1.85331
    ],
    [
      8.65049,
      6.75584,
      -1.85331
    ],
    [
      8.54098,
      6.37859,
      -1.85331
    ],
    [
      8.43148,
      6.00134,
      -1.85331
    ],
    [
      8.43148,
      6.00134,
      -1.85331
    ],
    [
      8.43435,
      5.33479,
      -1.06883
    ],
    [
      9.0,
      5.0,
      0.0
    ]
  ]
}