{
  "robot": {
    "class": "RectangleRobot",
    "radius": 0.22471203060110392,
    "wheelbase": 0.5559418295755528,
    "max_velocity": 7.808634733709927,
    "max_steering_at_zero_v": 0.4916531008200268,
    "max_steering_at_max_v": 0.1652839883505629,
    "acceleration": 5,
    "width": 0.2472873676443132,
    "lenght": 0.37527449232665966
  },
  "planner": {
    "class": "Dubins_pathfinding",
    "start": [
      1.0,
      5.0
    ],
    "goal": [
      9.0,
      5.0
    ],
    "bounds": [
      0,
      10,
      0,
      10
    ],
    "max_runtime": 15.0,
    "goal_threshold": 0.0,
    "interpolate_steps": 50
  },
  "path": [
    [
      1.0,
      5.0,
      0.0
    ],
    [
      1.38352,
      5.07344,
      0.378389
    ],
    [
      1.71277,
      5.28336,
      0.756778
    ],
    [
      1.94119,
      5.60007,
      1.13517
    ],
    [
      2.03645,
      5.97875,
      1.51356
    ],
    [
      1.98507,
      6.36584,
      1.89194
    ],
    [
      1.79433,
      6.70657,
      2.27033
    ],
    [
      1.49137,
      6.95302,
      2.61333
    ],
    [
      1.19715,
      7.20975,
      2.23494
    ],
    [
      0.91722,
      7.48402,
      2.4043
    ],
    [
      0.634639,
      7.7558,
      2.25715
    ],
    [
      0.448516,
      8.09866,
      1.87912
    ],
    [
      0.402084,
      8.48601,
      1.50108
    ],
    [
      0.501899,
      8.86315,
      1.12305
    ],
    [
      0.733865,
      9.17682,
      0.745013
    ],
    [
      1.06523,
      9.38272,
      0.366978
    ],
    [
      1.44919,
      9.45178,
      -0.0110564
    ],
    [
      1.79791,
      9.43426,
      -0.0527994
    ],
    [
      2.1466,
      9.41583,
      -0.0527994
    ],
    [
      2.49529,
      9.3974,
      -0.0527994
    ],
    [
      2.84398,
      9.37897,
      -0.0527994
    ],
    [
      3.19267,
      9.36054,
      -0.0527994
    ],
    [
      3.54136,
      9.34212,
      -0.0527994
    ],
    [
      3.89005,
      9.32369,
      -0.0527994
    ],
    [
      4.23874,
      9.30526,
      -0.0527994
    ],
    [
      4.58743,
      9.28683,
      -0.0527994
    ],
    [
      4.97936,
      9.26042,
      -0.0675707
    ],
    [
      5.37129,
      9.2339,
      -0.0675707
    ],
    [
      5.76322,
      9.20738,
      -0.0675707
    ],
    [
      6.15514,
      9.18085,
      -0.0675707
    ],
    [
      6.54707,
      9.15433,
      -0.0675707
    ],
    [
      6.939,
      9.12781,
      -0.0675707
    ],
    [
      7.33092,
      9.10129,
      -0.0675707
    ],
    [
      7.72285,
      9.07476,
      -0.0675707
    ],
    [
      8.071,
      9.05155,
      -0.0665744
    ],
    [
      8.41848,
      9.02198,
      -0.177596
    ],
    [
      8.74522,
      8.90432,
      -0.513695
    ],
    [
      9.01488,
      8.68548,
      -0.849793
    ],
    [
      9.19727,
      8.38995,
      -1.18589
    ],
    [
      9.27199,
      8.0508,
      -1.52199
    ],
    [
      9.23068,
      7.70599,
      -1.85809
    ],
    [
      9.07796,
      7.3941,
      -2.19419
    ],
    [
      8.83091,
      7.15002,
      -2.53029
    ],
    [
      8.44911,
      6.91807,
      -2.58223
    ],
    [
      8.13223,
      6.608,
      -2.15186
    ],
    [
      7.97362,
      6.194,
      -1.72149
    ],
    [
      8.00219,
      5.75157,
      -1.29112
    ],
    [
      8.21274,
      5.36141,
      -0.860744
    ],
    [
      8.56688,
      5.09467,
      -0.430372
    ],
    [
      9.0,
      5.0,
      0.0
    ]
  ]
}