{
  "robot": {
    "class": "RectangleRobot",
    "radius": 0.28210106895217657,
    "wheelbase": 0.46567845363931976,
    "max_velocity": 7.086317053650317,
    "max_steering_at_zero_v": 0.4696189435524254,
    "max_steering_at_max_v": 0.1718397828862991,
    "acceleration": 5,
    "width": 0.3157767434323311,
    "lenght": 0.46755652142079507
  },
  "planner": {
    "class": "Dubins_pathfinding",
    "start": [
      1.0,
      5.0
    ],
    "goal": [
      9.0,
      5.0
    ],
    "bounds": [
      0,
      10,
      0,
      10
    ],
    "max_runtime": 15.0,
    "goal_threshold": 0.0,
    "interpolate_steps": 50
  },
  "path": [
    [
      1.0,
      5.0,
      0.0
    ],
    [
      1.34081,
      5.06564,
      0.380525
    ],
    [
      1.63286,
      5.25316,
      0.76105
    ],
    [
      1.83438,
      5.53574,
      1.14157
    ],
    [
      1.91653,
      5.87295,
      1.5221
    ],
    [
      1.86756,
      6.21655,
      1.90262
    ],
    [
      1.69448,
      6.51739,
      2.28315
    ],
    [
      1.46557,
      6.78107,
      2.28573
    ],
    [
      1.24036,
      7.04774,
      2.18388
    ],
    [
      1.09794,
      7.36425,
      1.80335
    ],
    [
      0.966885,
      7.74217,
      1.92026
    ],
    [
      0.829858,
      8.11819,
      1.92026
    ],
    [
      0.708574,
      8.49883,
      1.73104
    ],
    [
      0.73152,
      8.89521,
      1.29491
    ],
    [
      0.919761,
      9.24479,
      0.858774
    ],
    [
      1.23134,
      9.47907,
      0.430684
    ],
    [
      1.61206,
      9.56286,
      0.00259306
    ],
    [
      2.00477,
      9.55363,
      -0.0243503
    ],
    [
      2.39747,
      9.54406,
      -0.0243503
    ],
    [
      2.79018,
      9.5345,
      -0.0243503
    ],
    [
      3.18289,
      9.52493,
      -0.0243503
    ],
    [
      3.5756,
      9.51537,
      -0.0243503
    ],
    [
      3.9683,
      9.50581,
      -0.0243503
    ],
    [
      4.31698,
      9.48729,
      -0.054227
    ],
    [
      4.66565,
      9.46836,
      -0.054227
    ],
    [
      5.01431,
      9.44944,
      -0.054227
    ],
    [
      5.36297,
      9.43051,
      -0.054227
    ],
    [
      5.71164,
      9.41159,
      -0.054227
    ],
    [
      6.0603,
      9.39266,
      -0.054227
    ],
    [
      6.40896,
      9.37374,
      -0.054227
    ],
    [
      6.75762,
      9.35481,
      -0.054227
    ],
    [
      7.10629,
      9.33589,
      -0.054227
    ],
    [
      7.45478,
      9.34519,
      0.0378357
    ],
    [
      7.80324,
      9.35838,
      0.0378357
    ],
    [
      8.1517,
      9.37157,
      0.0378357
    ],
    [
      8.50005,
      9.37489,
      -0.108882
    ],
    [
      8.8313,
      9.27283,
      -0.488899
    ],
    [
      9.10105,
      9.05517,
      -0.868917
    ],
    [
      9.27083,
      8.75298,
      -1.24893
    ],
    [
      9.3164,
      8.40937,
      -1.62895
    ],
    [
      9.21159,
      8.0339,
      -2.05704
    ],
    [
      9.00885,
      7.69747,
      -2.11742
    ],
    [
      8.80466,
      7.36189,
      -2.11742
    ],
    [
      8.60047,
      7.02631,
      -2.11742
    ],
    [
      8.39627,
      6.69072,
      -2.11742
    ],
    [
      8.19309,
      6.35455,
      -2.06708
    ],
    [
      8.08452,
      5.98015,
      -1.63899
    ],
    [
      8.14117,
      5.59445,
      -1.2109
    ],
    [
      8.47775,
      5.16311,
      -0.60545
    ],
    [
      9.0,
      5.0,
      0.0
    ]
  ]
}