{
  "robot": {
    "class": "RectangleRobot",
    "radius": 0.3058033368296461,
    "wheelbase": 0.46530458159419175,
    "max_velocity": 7.013639854891858,
    "max_steering_at_zero_v": 0.46139809972356727,
    "max_steering_at_max_v": 0.175577598766668,
    "acceleration": 5,
    "width": 0.5487623722449038,
    "lenght": 0.2700418154151864
  },
  "planner": {
    "class": "Dubins_pathfinding",
    "start": [
      1.0,
      5.0
    ],
    "goal": [
      9.0,
      5.0
    ],
    "bounds": [
      0,
      10,
      0,
      10
    ],
    "max_runtime": 15.0,
    "goal_threshold": 0.0,
    "interpolate_steps": 50
  },
  "path": [
    [
      1.0,
      5.0,
      0.0
    ],
    [
      1.34113,
      5.06439,
      0.373105
    ],
    [
      1.63532,
      5.24869,
      0.74621
    ],
    [
      1.84209,
      5.52755,
      1.11931
    ],
    [
      1.93299,
      5.86259,
      1.49242
    ],
    [
      1.89551,
      6.20772,
      1.86552
    ],
    [
      1.73897,
      6.51827,
      2.13493
    ],
    [
      1.55227,
      6.81334,
      2.13493
    ],
    [
      1.36557,
      7.10841,
      2.13493
    ],
    [
      1.17887,
      7.40348,
      2.13493
    ],
    [
      0.942057,
      7.65733,
      2.50804
    ],
    [
      0.696904,
      7.90319,
      2.16897
    ],
    [
      0.55801,
      8.22135,
      1.79586
    ],
    [
      0.544643,
      8.56825,
      1.42276
    ],
    [
      0.658643,
      8.89615,
      1.04965
    ],
    [
      0.884323,
      9.15994,
      0.676547
    ],
    [
      1.19063,
      9.32332,
      0.303442
    ],
    [
      1.53542,
      9.3638,
      -0.0696625
    ],
    [
      1.87124,
      9.27583,
      -0.442767
    ],
    [
      2.25065,
      9.18564,
      -0.0432699
    ],
    [
      2.6431,
      9.16865,
      -0.0432699
    ],
    [
      3.03556,
      9.15165,
      -0.0432699
    ],
    [
      3.42802,
      9.13466,
      -0.0432699
    ],
    [
      3.82047,
      9.11767,
      -0.0432699
    ],
    [
      4.21293,
      9.10068,
      -0.0432699
    ],
    [
      4.60538,
      9.08369,
      -0.0432699
    ],
    [
      4.99784,
      9.06669,
      -0.0432699
    ],
    [
      5.34637,
      9.08486,
      0.0689428
    ],
    [
      5.69472,
      9.10892,
      0.0689428
    ],
    [
      6.04306,
      9.13297,
      0.0689428
    ],
    [
      6.39141,
      9.15702,
      0.0689428
    ],
    [
      6.73976,
      9.18108,
      0.0689428
    ],
    [
      7.0881,
      9.20513,
      0.0689428
    ],
    [
      7.43645,
      9.22919,
      0.0689428
    ],
    [
      7.7848,
      9.25324,
      0.0689428
    ],
    [
      8.13314,
      9.27729,
      0.0689428
    ],
    [
      8.51922,
      9.22252,
      -0.3508
    ],
    [
      8.84947,
      9.01517,
      -0.770543
    ],
    [
      9.06654,
      8.69123,
      -1.19029
    ],
    [
      9.13276,
      8.30694,
      -1.61003
    ],
    [
      9.03663,
      7.92903,
      -2.02977
    ],
    [
      8.84663,
      7.58523,
      -2.07848
    ],
    [
      8.65566,
      7.24195,
      -2.07848
    ],
    [
      8.46469,
      6.89868,
      -2.07848
    ],
    [
      8.22876,
      6.47459,
      -2.07848
    ],
    [
      8.06805,
      6.02142,
      -1.66234
    ],
    [
      8.14816,
      5.54829,
      -1.1438
    ],
    [
      8.45223,
      5.17705,
      -0.625256
    ],
    [
      8.90032,
      5.00532,
      -0.106711
    ],
    [
      9.0,
      5.0,
      0.0
    ]
  ]
}