{
  "robot": {
    "class": "RectangleRobot",
    "radius": 0.4220780792097008,
    "wheelbase": 0.20820912516316514,
    "max_velocity": 11.600764700146552,
    "max_steering_at_zero_v": 0.3795194292132744,
    "max_steering_at_max_v": 0.23785278094451207,
    "acceleration": 5,
    "width": 0.5903021559850453,
    "lenght": 0.6034426107235129
  },
  "planner": {
    "class": "Dubins_pathfinding",
    "start": [
      1.0,
      5.0
    ],
    "goal": [
      9.0,
      5.0
    ],
    "bounds": [
      0,
      10,
      0,
      10
    ],
    "max_runtime": 15.0,
    "goal_threshold": 0.0,
    "interpolate_steps": 50
  },
  "path": [
    [
      1.0,
      5.0,
      0.0
    ],
    [
      1.32371,
      5.11249,
      0.668899
    ],
    [
      1.50791,
      5.40149,
      1.3378
    ],
    [
      1.47381,
      5.74269,
      1.95633
    ],
    [
      1.3425,
      6.06623,
      1.95633
    ],
    [
      1.2112,
      6.38978,
      1.95633
    ],
    [
      1.07989,
      6.71332,
      1.95633
    ],
    [
      0.948582,
      7.03687,
      1.95633
    ],
    [
      0.817274,
      7.36042,
      1.95633
    ],
    [
      0.685967,
      7.68396,
      1.95633
    ],
    [
      0.617638,
      8.03436,
      1.72413
    ],
    [
      0.562989,
      8.38798,
      1.72413
    ],
    [
      0.508339,
      8.74159,
      1.72413
    ],
    [
      0.474339,
      9.09643,
      1.4423
    ],
    [
      0.633614,
      9.40904,
      0.756858
    ],
    [
      0.954801,
      9.55022,
      0.0714193
    ],
    [
      1.29282,
      9.4562,
      -0.61402
    ],
    [
      1.62221,
      9.35966,
      -0.0320231
    ],
    [
      1.9712,
      9.34848,
      -0.0320231
    ],
    [
      2.3202,
      9.3373,
      -0.0320231
    ],
    [
      2.6692,
      9.32612,
      -0.0320231
    ],
    [
      3.0182,
      9.31494,
      -0.0320231
    ],
    [
      3.36719,
      9.30376,
      -0.0320231
    ],
    [
      3.71619,
      9.29258,
      -0.0320231
    ],
    [
      4.06519,
      9.2814,
      -0.0320231
    ],
    [
      4.41418,
      9.27022,
      -0.0320231
    ],
    [
      4.80694,
      9.26313,
      -0.0179258
    ],
    [
      5.1997,
      9.25609,
      -0.0179258
    ],
    [
      5.59246,
      9.24905,
      -0.0179258
    ],
    [
      5.98522,
      9.24201,
      -0.0179258
    ],
    [
      6.37798,
      9.23497,
      -0.0179258
    ],
    [
      6.77074,
      9.22792,
      -0.0179258
    ],
    [
      7.1635,
      9.22088,
      -0.0179258
    ],
    [
      7.55626,
      9.21384,
      -0.0179258
    ],
    [
      7.92572,
      9.20031,
      -0.0368504
    ],
    [
      8.29517,
      9.18669,
      -0.0368504
    ],
    [
      8.66462,
      9.17307,
      -0.0368504
    ],
    [
      9.02566,
      9.11293,
      -0.463533
    ],
    [
      9.27326,
      8.84882,
      -1.17175
    ],
    [
      9.28952,
      8.48716,
      -1.87997
    ],
    [
      9.18079,
      8.15346,
      -1.88582
    ],
    [
      9.07204,
      7.81976,
      -1.88582
    ],
    [
      8.9633,
      7.48606,
      -1.88582
    ],
    [
      8.85456,
      7.15236,
      -1.88582
    ],
    [
      8.74581,
      6.81866,
      -1.88582
    ],
    [
      8.63707,
      6.48496,
      -1.88582
    ],
    [
      8.54797,
      6.14682,
      -1.60777
    ],
    [
      8.49175,
      5.66719,
      -1.69125
    ],
    [
      8.58305,
      5.20792,
      -0.925173
    ],
    [
      9.0,
      5.0,
      0.0
    ]
  ]
}