{
  "robot": {
    "class": "RectangleRobot",
    "radius": 0.3264431104897364,
    "wheelbase": 0.3284755005214256,
    "max_velocity": 10.261435641147699,
    "max_steering_at_zero_v": 0.4887641091638183,
    "max_steering_at_max_v": 0.19400909874933764,
    "acceleration": 5,
    "width": 0.12085652595047672,
    "lenght": 0.6416027725002743
  },
  "planner": {
    "class": "Dubins_pathfinding",
    "start": [
      1.0,
      5.0
    ],
    "goal": [
      9.0,
      5.0
    ],
    "bounds": [
      0,
      10,
      0,
      10
    ],
    "max_runtime": 15.0,
    "goal_threshold": 0.0,
    "interpolate_steps": 50
  },
  "path": [
    [
      1.0,
      5.0,
      0.0
    ],
    [
      1.32359,
      4.90845,
      -0.551415
    ],
    [
      1.55126,
      4.66095,
      -1.10283
    ],
    [
      1.61552,
      4.33085,
      -1.65424
    ],
    [
      1.53431,
      4.00063,
      -1.84482
    ],
    [
      1.44214,
      3.67275,
      -1.84482
    ],
    [
      1.34997,
      3.34486,
      -1.84482
    ],
    [
      1.25781,
      3.01698,
      -1.84482
    ],
    [
      1.16561,
      2.68911,
      -1.85451
    ],
    [
      0.987141,
      2.40408,
      -2.40593
    ],
    [
      0.806064,
      2.10984,
      -1.83902
    ],
    [
      0.727517,
      1.76862,
      -1.79536
    ],
    [
      0.649542,
      1.42725,
      -1.79536
    ],
    [
      0.577977,
      1.08474,
      -1.65012
    ],
    [
      0.648012,
      0.746424,
      -1.08321
    ],
    [
      0.888776,
      0.498642,
      -0.516306
    ],
    [
      1.22494,
      0.418919,
      0.0506029
    ],
    [
      1.55133,
      0.532198,
      0.617512
    ],
    [
      1.85924,
      0.656327,
      0.274814
    ],
    [
      2.18085,
      0.747006,
      0.274814
    ],
    [
      2.50247,
      0.837685,
      0.274814
    ],
    [
      2.82408,
      0.928363,
      0.274814
    ],
    [
      3.15395,
      0.944198,
      -0.220647
    ],
    [
      3.49986,
      0.915274,
      -0.0607118
    ],
    [
      3.84668,
      0.894192,
      -0.0607118
    ],
    [
      4.19349,
      0.873111,
      -0.0607118
    ],
    [
      4.5403,
      0.852029,
      -0.0607118
    ],
    [
      4.88712,
      0.830948,
      -0.0607118
    ],
    [
      5.23393,
      0.809866,
      -0.0607118
    ],
    [
      5.58074,
      0.788785,
      -0.0607118
    ],
    [
      5.92756,
      0.767703,
      -0.0607118
    ],
    [
      6.27084,
      0.795445,
      0.338293
    ],
    [
      6.63458,
      0.839238,
      0.0503638
    ],
    [
      7.00204,
      0.857761,
      0.0503638
    ],
    [
      7.3695,
      0.876284,
      0.0503638
    ],
    [
      7.73697,
      0.894806,
      0.0503638
    ],
    [
      8.10443,
      0.913329,
      0.0503638
    ],
    [
      8.4719,
      0.931851,
      0.0503638
    ],
    [
      8.82348,
      1.02325,
      0.543455
    ],
    [
      9.06509,
      1.2935,
      1.13913
    ],
    [
      9.11155,
      1.6637,
      1.75277
    ],
    [
      9.01881,
      2.03116,
      1.82193
    ],
    [
      8.92462,
      2.39829,
      1.82193
    ],
    [
      8.83043,
      2.76542,
      1.82193
    ],
    [
      8.73625,
      3.13255,
      1.82193
    ],
    [
      8.64206,
      3.49968,
      1.82193
    ],
    [
      8.53203,
      3.86141,
      2.05489
    ],
    [
      8.38364,
      4.34218,
      1.63585
    ],
    [
      8.54927,
      4.80466,
      0.817924
    ],
    [
      9.0,
      5.0,
      0.0
    ]
  ]
}