{
  "robot": {
    "class": "RectangleRobot",
    "radius": 0.2075744585040487,
    "wheelbase": 0.3904643955107553,
    "max_velocity": 11.289161256759161,
    "max_steering_at_zero_v": 0.42741675625676034,
    "max_steering_at_max_v": 0.25954707468603766,
    "acceleration": 5,
    "width": 0.25445539449229126,
    "lenght": 0.32802602870316344
  },
  "planner": {
    "class": "Dubins_pathfinding",
    "start": [
      1.0,
      5.0
    ],
    "goal": [
      9.0,
      5.0
    ],
    "bounds": [
      0,
      10,
      0,
      10
    ],
    "max_runtime": 15.0,
    "goal_threshold": 0.0,
    "interpolate_steps": 50
  },
  "path": [
    [
      1.0,
      5.0,
      0.0
    ],
    [
      1.37922,
      4.91156,
      -0.45825
    ],
    [
      1.68019,
      4.66448,
      -0.9165
    ],
    [
      1.8408,
      4.30976,
      -1.37475
    ],
    [
      1.82793,
      3.92057,
      -1.833
    ],
    [
      1.68594,
      3.55455,
      -1.95784
    ],
    [
      1.53767,
      3.19078,
      -1.95784
    ],
    [
      1.3894,
      2.82701,
      -1.95784
    ],
    [
      1.24113,
      2.46325,
      -1.95784
    ],
    [
      1.01609,
      2.14546,
      -2.41609
    ],
    [
      0.676875,
      1.95177,
      -2.67121
    ],
    [
      0.378927,
      1.70106,
      -2.21296
    ],
    [
      0.222628,
      1.34441,
      -1.75471
    ],
    [
      0.240228,
      0.955416,
      -1.29646
    ],
    [
      0.428098,
      0.614339,
      -0.838206
    ],
    [
      0.74747,
      0.391561,
      -0.379956
    ],
    [
      1.13244,
      0.33305,
      0.0782943
    ],
    [
      1.52233,
      0.380882,
      0.124389
    ],
    [
      1.91212,
      0.429619,
      0.124389
    ],
    [
      2.30191,
      0.478356,
      0.124389
    ],
    [
      2.6917,
      0.527093,
      0.124389
    ],
    [
      3.08148,
      0.57583,
      0.124389
    ],
    [
      3.47127,
      0.624567,
      0.124389
    ],
    [
      3.86106,
      0.673305,
      0.124389
    ],
    [
      4.25085,
      0.722042,
      0.124389
    ],
    [
      4.59975,
      0.727851,
      -0.00337636
    ],
    [
      4.94892,
      0.726672,
      -0.00337636
    ],
    [
      5.2981,
      0.725493,
      -0.00337636
    ],
    [
      5.64727,
      0.724314,
      -0.00337636
    ],
    [
      5.99645,
      0.723135,
      -0.00337636
    ],
    [
      6.34562,
      0.721956,
      -0.00337636
    ],
    [
      6.69479,
      0.720777,
      -0.00337636
    ],
    [
      7.04397,
      0.719598,
      -0.00337636
    ],
    [
      7.39314,
      0.718419,
      -0.00337636
    ],
    [
      7.773,
      0.727784,
      0.0255964
    ],
    [
      8.15285,
      0.737509,
      0.0255964
    ],
    [
      8.52921,
      0.777517,
      0.292542
    ],
    [
      8.85735,
      0.962867,
      0.735801
    ],
    [
      9.07428,
      1.27104,
      1.17906
    ],
    [
      9.13808,
      1.64247,
      1.62232
    ],
    [
      9.03642,
      2.00537,
      2.06558
    ],
    [
      8.78893,
      2.28959,
      2.50884
    ],
    [
      8.51118,
      2.63576,
      1.98512
    ],
    [
      8.38927,
      3.06732,
      1.82014
    ],
    [
      8.27849,
      3.50238,
      1.82014
    ],
    [
      8.16773,
      3.93745,
      1.81268
    ],
    [
      8.1766,
      4.38118,
      1.28896
    ],
    [
      8.40619,
      4.76101,
      0.765248
    ],
    [
      8.79496,
      4.97512,
      0.241534
    ],
    [
      9.0,
      5.0,
      0.0
    ]
  ]
}