{
  "robot": {
    "class": "RectangleRobot",
    "radius": 0.3368079609983815,
    "wheelbase": 0.41630125000180795,
    "max_velocity": 11.804526250430877,
    "max_steering_at_zero_v": 0.49315432064564935,
    "max_steering_at_max_v": 0.2253365198852602,
    "acceleration": 5,
    "width": 0.5035848841921547,
    "lenght": 0.4473931993009317
  },
  "planner": {
    "class": "Dubins_pathfinding",
    "start": [
      1.0,
      5.0
    ],
    "goal": [
      9.0,
      5.0
    ],
    "bounds": [
      0,
      10,
      0,
      10
    ],
    "max_runtime": 15.0,
    "goal_threshold": 0.0,
    "interpolate_steps": 50
  },
  "path": [
    [
      1.0,
      5.0,
      0.0
    ],
    [
      1.33228,
      4.92511,
      -0.443362
    ],
    [
      1.60031,
      4.71492,
      -0.886723
    ],
    [
      1.75226,
      4.41007,
      -1.33008
    ],
    [
      1.75874,
      4.06951,
      -1.77345
    ],
    [
      1.65864,
      3.74113,
      -1.8793
    ],
    [
      1.55437,
      3.41392,
      -1.8793
    ],
    [
      1.43711,
      3.09177,
      -2.06907
    ],
    [
      1.27066,
      2.79134,
      -2.07681
    ],
    [
      1.10419,
      2.49093,
      -2.07681
    ],
    [
      0.937721,
      2.19051,
      -2.07681
    ],
    [
      0.771252,
      1.8901,
      -2.07681
    ],
    [
      0.621438,
      1.58198,
      -1.85898
    ],
    [
      0.598809,
      1.24208,
      -1.41558
    ],
    [
      0.753287,
      0.885475,
      -0.908439
    ],
    [
      1.06152,
      0.648779,
      -0.401302
    ],
    [
      1.44604,
      0.584946,
      -0.0250302
    ],
    [
      1.83874,
      0.575115,
      -0.0250302
    ],
    [
      2.23144,
      0.565283,
      -0.0250302
    ],
    [
      2.62414,
      0.555452,
      -0.0250302
    ],
    [
      3.01684,
      0.54562,
      -0.0250302
    ],
    [
      3.40954,
      0.535789,
      -0.0250302
    ],
    [
      3.75629,
      0.549774,
      0.0459286
    ],
    [
      4.10299,
      0.565709,
      0.0459286
    ],
    [
      4.4497,
      0.581644,
      0.0459286
    ],
    [
      4.7964,
      0.597579,
      0.0459286
    ],
    [
      5.14311,
      0.613514,
      0.0459286
    ],
    [
      5.48981,
      0.629449,
      0.0459286
    ],
    [
      5.83652,
      0.645384,
      0.0459286
    ],
    [
      6.18323,
      0.661319,
      0.0459286
    ],
    [
      6.52998,
      0.672877,
      -0.0603946
    ],
    [
      6.87698,
      0.689987,
      0.0674689
    ],
    [
      7.22382,
      0.713423,
      0.0674689
    ],
    [
      7.57066,
      0.73686,
      0.0674689
    ],
    [
      7.9175,
      0.760296,
      0.0674689
    ],
    [
      8.26449,
      0.773925,
      -0.0917344
    ],
    [
      8.61577,
      0.823173,
      0.370309
    ],
    [
      8.90827,
      1.02385,
      0.832352
    ],
    [
      9.08063,
      1.33388,
      1.29439
    ],
    [
      9.11697,
      1.6889,
      1.52759
    ],
    [
      9.13243,
      2.04646,
      1.52759
    ],
    [
      9.14575,
      2.40406,
      1.60179
    ],
    [
      9.15073,
      2.83528,
      1.66883
    ],
    [
      8.99411,
      3.23136,
      2.22587
    ],
    [
      8.65177,
      3.48476,
      2.7829
    ],
    [
      8.30029,
      3.75031,
      2.20622
    ],
    [
      8.15043,
      4.16457,
      1.62955
    ],
    [
      8.25069,
      4.59354,
      1.05287
    ],
    [
      8.56862,
      4.89847,
      0.476186
    ],
    [
      9.0,
      5.0,
      0.0
    ]
  ]
}