{
  "robot": {
    "class": "RectangleRobot",
    "radius": 0.3021320546799065,
    "wheelbase": 0.38391726716834906,
    "max_velocity": 10.253367185337812,
    "max_steering_at_zero_v": 0.4173948903692434,
    "max_steering_at_max_v": 0.24972398565704979,
    "acceleration": 5,
    "width": 0.5246994256332098,
    "lenght": 0.2997092367622121
  },
  "planner": {
    "class": "Dubins_pathfinding",
    "start": [
      1.0,
      5.0
    ],
    "goal": [
      9.0,
      5.0
    ],
    "bounds": [
      0,
      10,
      0,
      10
    ],
    "max_runtime": 15.0,
    "goal_threshold": 0.0,
    "interpolate_steps": 50
  },
  "path": [
    [
      1.0,
      5.0,
      0.0
    ],
    [
      1.3772,
      5.08649,
      0.450808
    ],
    [
      1.67903,
      5.32869,
      0.901617
    ],
    [
      1.84519,
      5.67819,
      1.35243
    ],
    [
      1.84247,
      6.06517,
      1.80323
    ],
    [
      1.67991,
      6.41789,
      2.10075
    ],
    [
      1.48262,
      6.75464,
      2.10075
    ],
    [
      1.32067,
      7.10759,
      1.80069
    ],
    [
      1.19022,
      7.43064,
      2.00769
    ],
    [
      1.04247,
      7.74702,
      2.00769
    ],
    [
      0.894726,
      8.06339,
      2.00769
    ],
    [
      0.746981,
      8.37977,
      2.00769
    ],
    [
      0.636435,
      8.70915,
      1.70559
    ],
    [
      0.659608,
      9.05519,
      1.30227
    ],
    [
      0.816734,
      9.36437,
      0.898944
    ],
    [
      1.0826,
      9.58707,
      0.495621
    ],
    [
      1.41454,
      9.68756,
      0.0922977
    ],
    [
      1.80631,
      9.66797,
      -0.084297
    ],
    [
      2.19774,
      9.63489,
      -0.084297
    ],
    [
      2.58916,
      9.60182,
      -0.084297
    ],
    [
      2.98059,
      9.56874,
      -0.084297
    ],
    [
      3.37202,
      9.53567,
      -0.084297
    ],
    [
      3.76345,
      9.5026,
      -0.084297
    ],
    [
      4.15488,
      9.46952,
      -0.084297
    ],
    [
      4.54631,
      9.43645,
      -0.084297
    ],
    [
      4.89469,
      9.41294,
      -0.0669971
    ],
    [
      5.24308,
      9.38956,
      -0.0669971
    ],
    [
      5.59148,
      9.36619,
      -0.0669971
    ],
    [
      5.93987,
      9.34281,
      -0.0669971
    ],
    [
      6.28826,
      9.31944,
      -0.0669971
    ],
    [
      6.63665,
      9.29606,
      -0.0669971
    ],
    [
      6.98505,
      9.27268,
      -0.0669971
    ],
    [
      7.33344,
      9.24931,
      -0.0669971
    ],
    [
      7.68195,
      9.22873,
      0.01351
    ],
    [
      8.06975,
      9.23283,
      0.0105665
    ],
    [
      8.45755,
      9.23693,
      0.0105665
    ],
    [
      8.8376,
      9.17623,
      -0.378547
    ],
    [
      9.15446,
      8.95827,
      -0.826511
    ],
    [
      9.34566,
      8.62457,
      -1.27447
    ],
    [
      9.37346,
      8.24099,
      -1.72244
    ],
    [
      9.23237,
      7.88322,
      -2.1704
    ],
    [
      8.95024,
      7.62185,
      -2.61837
    ],
    [
      8.63543,
      7.30886,
      -2.09981
    ],
    [
      8.46496,
      6.89407,
      -1.93437
    ],
    [
      8.30531,
      6.47448,
      -1.93437
    ],
    [
      8.15452,
      6.052,
      -1.78763
    ],
    [
      8.17336,
      5.60847,
      -1.26907
    ],
    [
      8.40955,
      5.23259,
      -0.750509
    ],
    [
      8.80098,
      5.02318,
      -0.231951
    ],
    [
      9.0,
      5.0,
      0.0
    ]
  ]
}