{
  "robot": {
    "class": "RectangleRobot",
    "radius": 0.40576100506464896,
    "wheelbase": 0.4076754762379723,
    "max_velocity": 10.022582465421976,
    "max_steering_at_zero_v": 0.478198761366896,
    "max_steering_at_max_v": 0.25931199655484705,
    "acceleration": 5,
    "width": 0.6338664857684891,
    "lenght": 0.5067358790768639
  },
  "planner": {
    "class": "Dubins_pathfinding",
    "start": [
      1.0,
      5.0
    ],
    "goal": [
      9.0,
      5.0
    ],
    "bounds": [
      0,
      10,
      0,
      10
    ],
    "max_runtime": 15.0,
    "goal_threshold": 0.0,
    "interpolate_steps": 50
  },
  "path": [
    [
      1.0,
      5.0,
      0.0
    ],
    [
      1.37628,
      4.90415,
      -0.498842
    ],
    [
      1.66085,
      4.63997,
      -0.997683
    ],
    [
      1.78436,
      4.27184,
      -1.49652
    ],
    [
      1.7167,
      3.88948,
      -1.99537
    ],
    [
      1.54058,
      3.53889,
      -2.03816
    ],
    [
      1.36381,
      3.18861,
      -2.03816
    ],
    [
      1.18574,
      2.83902,
      -2.09925
    ],
    [
      1.00827,
      2.51341,
      -2.06885
    ],
    [
      0.831108,
      2.18761,
      -2.06885
    ],
    [
      0.65395,
      1.86182,
      -2.06885
    ],
    [
      0.495498,
      1.52763,
      -1.84034
    ],
    [
      0.47903,
      1.1817,
      -1.39639
    ],
    [
      0.612735,
      0.86224,
      -0.952446
    ],
    [
      0.870692,
      0.63117,
      -0.508499
    ],
    [
      1.20289,
      0.533294,
      -0.0645524
    ],
    [
      1.5519,
      0.540203,
      0.0298191
    ],
    [
      1.90093,
      0.550613,
      0.0298191
    ],
    [
      2.24995,
      0.561024,
      0.0298191
    ],
    [
      2.59897,
      0.571435,
      0.0298191
    ],
    [
      2.94799,
      0.581845,
      0.0298191
    ],
    [
      3.29689,
      0.587197,
      0.0150931
    ],
    [
      3.64579,
      0.592463,
      0.0150931
    ],
    [
      3.9947,
      0.59773,
      0.0150931
    ],
    [
      4.3436,
      0.602996,
      0.0150931
    ],
    [
      4.6925,
      0.608263,
      0.0150931
    ],
    [
      5.04141,
      0.613529,
      0.0150931
    ],
    [
      5.39031,
      0.618795,
      0.0150931
    ],
    [
      5.73921,
      0.624062,
      0.0150931
    ],
    [
      6.08812,
      0.62921,
      -0.00226566
    ],
    [
      6.47853,
      0.612507,
      -0.0445548
    ],
    [
      6.86893,
      0.595102,
      -0.0445548
    ],
    [
      7.25925,
      0.57643,
      -0.101343
    ],
    [
      7.64982,
      0.606717,
      0.131677
    ],
    [
      8.03924,
      0.658293,
      0.131677
    ],
    [
      8.42867,
      0.70987,
      0.131677
    ],
    [
      8.81611,
      0.771924,
      0.296397
    ],
    [
      9.14832,
      0.973832,
      0.795838
    ],
    [
      9.34325,
      1.31018,
      1.29528
    ],
    [
      9.35327,
      1.69881,
      1.79472
    ],
    [
      9.17595,
      2.04476,
      2.29416
    ],
    [
      8.98231,
      2.38449,
      2.00563
    ],
    [
      8.81682,
      2.74076,
      2.00563
    ],
    [
      8.65134,
      3.09702,
      2.00563
    ],
    [
      8.48586,
      3.45329,
      2.00563
    ],
    [
      8.32038,
      3.80956,
      2.00563
    ],
    [
      8.21402,
      4.18426,
      1.60794
    ],
    [
      8.29603,
      4.56427,
      1.1085
    ],
    [
      8.55003,
      4.85857,
      0.609061
    ],
    [
      9.0,
      5.0,
      0.0
    ]
  ]
}