{
  "robot": {
    "class": "RectangleRobot",
    "radius": 0.2852805033892742,
    "wheelbase": 0.23758476443357252,
    "max_velocity": 7.615783745606807,
    "max_steering_at_zero_v": 0.3789988591753541,
    "max_steering_at_max_v": 0.21012929189776386,
    "acceleration": 5,
    "width": 0.4938427306789549,
    "lenght": 0.2857607737456348
  },
  "planner": {
    "class": "Dubins_pathfinding",
    "start": [
      1.0,
      5.0
    ],
    "goal": [
      9.0,
      5.0
    ],
    "bounds": [
      0,
      10,
      0,
      10
    ],
    "max_runtime": 15.0,
    "goal_threshold": 0.0,
    "interpolate_steps": 50
  },
  "path": [
    [
      1.0,
      5.0,
      0.0
    ],
    [
      1.33618,
      4.89626,
      -0.598647
    ],
    [
      1.55544,
      4.62111,
      -1.19729
    ],
    [
      1.60258,
      4.26924,
      -1.52976
    ],
    [
      1.61723,
      3.91241,
      -1.52976
    ],
    [
      1.63188,
      3.55558,
      -1.52976
    ],
    [
      1.62392,
      3.1999,
      -1.80554
    ],
    [
      1.44483,
      2.89707,
      -2.40418
    ],
    [
      1.23256,
      2.57064,
      -2.05454
    ],
    [
      1.05027,
      2.22368,
      -2.05454
    ],
    [
      0.867987,
      1.87672,
      -2.05454
    ],
    [
      0.685702,
      1.52977,
      -2.05454
    ],
    [
      0.594265,
      1.1552,
      -1.48781
    ],
    [
      0.748213,
      0.802409,
      -0.830846
    ],
    [
      1.0731,
      0.619401,
      -0.195153
    ],
    [
      1.44773,
      0.649476,
      0.207211
    ],
    [
      1.81885,
      0.727496,
      0.207211
    ],
    [
      2.18997,
      0.805516,
      0.207211
    ],
    [
      2.5611,
      0.883537,
      0.207211
    ],
    [
      2.93222,
      0.961557,
      0.207211
    ],
    [
      3.30446,
      1.03245,
      0.0515944
    ],
    [
      3.6642,
      0.934334,
      -0.584098
    ],
    [
      3.96934,
      0.835905,
      -0.0399622
    ],
    [
      4.29316,
      0.856616,
      0.0762784
    ],
    [
      4.61683,
      0.881354,
      0.0762784
    ],
    [
      4.9405,
      0.906091,
      0.0762784
    ],
    [
      5.26417,
      0.930828,
      0.0762784
    ],
    [
      5.58785,
      0.955461,
      0.0576379
    ],
    [
      5.95376,
      0.927822,
      -0.0940682
    ],
    [
      6.31936,
      0.893328,
      -0.0940682
    ],
    [
      6.68497,
      0.858834,
      -0.0940682
    ],
    [
      7.05058,
      0.82434,
      -0.0940682
    ],
    [
      7.41648,
      0.796593,
      0.0564405
    ],
    [
      7.79584,
      0.844614,
      0.130149
    ],
    [
      8.17504,
      0.894246,
      0.130149
    ],
    [
      8.55423,
      0.943879,
      0.130149
    ],
    [
      8.93343,
      0.993511,
      0.130149
    ],
    [
      9.28355,
      1.13173,
      0.691694
    ],
    [
      9.48277,
      1.45051,
      1.33274
    ],
    [
      9.46588,
      1.79899,
      1.81775
    ],
    [
      9.37952,
      2.14153,
      1.81775
    ],
    [
      9.29317,
      2.48406,
      1.81775
    ],
    [
      9.20682,
      2.82659,
      1.81775
    ],
    [
      9.12046,
      3.16913,
      1.81775
    ],
    [
      9.02157,
      3.50755,
      2.02822
    ],
    [
      8.7834,
      3.76143,
      2.62036
    ],
    [
      8.5013,
      4.07599,
      2.14397
    ],
    [
      8.40896,
      4.48447,
      1.43453
    ],
    [
      8.60786,
      4.85301,
      0.717265
    ],
    [
      9.0,
      5.0,
      0.0
    ]
  ]
}