{
  "robot": {
    "class": "RectangleRobot",
    "radius": 0.3189701865492396,
    "wheelbase": 0.26697799648709564,
    "max_velocity": 11.169851022765878,
    "max_steering_at_zero_v": 0.5085806977107539,
    "max_steering_at_max_v": 0.22341632980169535,
    "acceleration": 5,
    "width": 0.5179817548858098,
    "lenght": 0.37237457114368544
  },
  "planner": {
    "class": "Dubins_pathfinding",
    "start": [
      1.0,
      5.0
    ],
    "goal": [
      9.0,
      5.0
    ],
    "bounds": [
      0,
      10,
      0,
      10
    ],
    "max_runtime": 15.0,
    "goal_threshold": 0.0,
    "interpolate_steps": 50
  },
  "path": [
    [
      1.0,
      5.0,
      0.0
    ],
    [
      1.33101,
      4.86718,
      -0.763163
    ],
    [
      1.47841,
      4.5424,
      -1.52633
    ],
    [
      1.40284,
      4.18668,
      -1.84752
    ],
    [
      1.30299,
      3.83511,
      -1.84752
    ],
    [
      1.20315,
      3.48355,
      -1.84752
    ],
    [
      1.1033,
      3.13198,
      -1.84752
    ],
    [
      1.00345,
      2.78042,
      -1.84752
    ],
    [
      0.90581,
      2.4283,
      -1.75001
    ],
    [
      0.807053,
      2.13044,
      -1.91058
    ],
    [
      0.702378,
      1.83432,
      -1.91058
    ],
    [
      0.612266,
      1.53439,
      -1.65962
    ],
    [
      0.680395,
      1.17447,
      -1.29999
    ],
    [
      0.77903,
      0.819185,
      -1.29999
    ],
    [
      0.983815,
      0.523224,
      -0.582233
    ],
    [
      1.33652,
      0.452734,
      0.187716
    ],
    [
      1.63881,
      0.647642,
      0.957665
    ],
    [
      1.92198,
      0.838512,
      0.228524
    ],
    [
      2.26957,
      0.833939,
      -0.0769919
    ],
    [
      2.61771,
      0.807082,
      -0.0769919
    ],
    [
      2.96585,
      0.780225,
      -0.0769919
    ],
    [
      3.31399,
      0.753368,
      -0.0769919
    ],
    [
      3.66214,
      0.726511,
      -0.0769919
    ],
    [
      4.01028,
      0.699654,
      -0.0769919
    ],
    [
      4.35842,
      0.672796,
      -0.0769919
    ],
    [
      4.70656,
      0.645939,
      -0.0769919
    ],
    [
      5.0685,
      0.622644,
      -0.0641649
    ],
    [
      5.43044,
      0.599388,
      -0.0641649
    ],
    [
      5.79238,
      0.576132,
      -0.0641649
    ],
    [
      6.15432,
      0.552877,
      -0.0641649
    ],
    [
      6.51626,
      0.529621,
      -0.0641649
    ],
    [
      6.8782,
      0.506365,
      -0.0641649
    ],
    [
      7.23787,
      0.518419,
      0.321038
    ],
    [
      7.55074,
      0.624217,
      0.326101
    ],
    [
      7.86361,
      0.730021,
      0.326101
    ],
    [
      8.17648,
      0.835825,
      0.326101
    ],
    [
      8.48935,
      0.941629,
      0.326101
    ],
    [
      8.80105,
      1.05049,
      0.443106
    ],
    [
      9.0294,
      1.28001,
      1.13278
    ],
    [
      9.05953,
      1.60238,
      1.82245
    ],
    [
      8.87766,
      1.87023,
      2.51212
    ],
    [
      8.69203,
      2.1538,
      1.78872
    ],
    [
      8.66066,
      2.49861,
      1.64781
    ],
    [
      8.63401,
      2.84401,
      1.64781
    ],
    [
      8.60735,
      3.18941,
      1.64781
    ],
    [
      8.5807,
      3.53481,
      1.64781
    ],
    [
      8.55405,
      3.88021,
      1.64781
    ],
    [
      8.52739,
      4.22561,
      1.64781
    ],
    [
      8.51945,
      4.5707,
      1.36793
    ],
    [
      9.0,
      5.0,
      0.0
    ]
  ]
}