{
  "robot": {
    "class": "RectangleRobot",
    "radius": 0.38854194537383446,
    "wheelbase": 0.41404305981151757,
    "max_velocity": 10.02910170886376,
    "max_steering_at_zero_v": 0.4741004437797577,
    "max_steering_at_max_v": 0.16151131056521056,
    "acceleration": 5,
    "width": 0.5006433647787918,
    "lenght": 0.5943194381496408
  },
  "planner": {
    "class": "Dubins_pathfinding",
    "start": [
      1.0,
      5.0
    ],
    "goal": [
      9.0,
      5.0
    ],
    "bounds": [
      0,
      10,
      0,
      10
    ],
    "max_runtime": 15.0,
    "goal_threshold": 0.0,
    "interpolate_steps": 50
  },
  "path": [
    [
      1.0,
      5.0,
      0.0
    ],
    [
      1.34703,
      5.07844,
      0.444582
    ],
    [
      1.62659,
      5.2985,
      0.889164
    ],
    [
      1.78432,
      5.6174,
      1.33375
    ],
    [
      1.78957,
      5.97315,
      1.77833
    ],
    [
      1.69739,
      6.3198,
      1.83423
    ],
    [
      1.60398,
      6.66616,
      1.83423
    ],
    [
      1.54298,
      7.01801,
      1.54844
    ],
    [
      1.45769,
      7.3975,
      2.03527
    ],
    [
      1.20478,
      7.69301,
      2.52211
    ],
    [
      0.85956,
      7.8784,
      2.53211
    ],
    [
      0.603705,
      8.17136,
      2.04527
    ],
    [
      0.514631,
      8.54997,
      1.55844
    ],
    [
      0.613036,
      8.92628,
      1.0716
    ],
    [
      0.876054,
      9.21282,
      0.584763
    ],
    [
      1.24257,
      9.34302,
      0.097926
    ],
    [
      1.59119,
      9.3321,
      -0.0602012
    ],
    [
      1.93973,
      9.31109,
      -0.0602012
    ],
    [
      2.28828,
      9.29008,
      -0.0602012
    ],
    [
      2.63682,
      9.26907,
      -0.0602012
    ],
    [
      2.98536,
      9.24806,
      -0.0602012
    ],
    [
      3.33391,
      9.22706,
      -0.0602012
    ],
    [
      3.68245,
      9.20605,
      -0.0602012
    ],
    [
      4.03099,
      9.18504,
      -0.0602012
    ],
    [
      4.37954,
      9.16403,
      -0.0602012
    ],
    [
      4.77219,
      9.17082,
      0.0246704
    ],
    [
      5.16486,
      9.18051,
      0.0246704
    ],
    [
      5.55752,
      9.19019,
      0.0246704
    ],
    [
      5.95018,
      9.19988,
      0.0246704
    ],
    [
      6.34285,
      9.20957,
      0.0246704
    ],
    [
      6.73551,
      9.21926,
      0.0246704
    ],
    [
      7.12818,
      9.22895,
      0.0246704
    ],
    [
      7.52083,
      9.23566,
      -0.0612378
    ],
    [
      7.92814,
      9.25055,
      0.232457
    ],
    [
      8.26684,
      9.26511,
      -0.0545686
    ],
    [
      8.6064,
      9.24125,
      -0.169203
    ],
    [
      8.9203,
      9.11579,
      -0.591276
    ],
    [
      9.15526,
      8.87275,
      -1.01335
    ],
    [
      9.27003,
      8.55479,
      -1.43542
    ],
    [
      9.24448,
      8.21771,
      -1.8575
    ],
    [
      9.08309,
      7.92068,
      -2.27957
    ],
    [
      8.81418,
      7.71584,
      -2.70164
    ],
    [
      8.48046,
      7.42423,
      -2.14526
    ],
    [
      8.34576,
      7.00087,
      -1.70388
    ],
    [
      8.28619,
      6.5559,
      -1.70388
    ],
    [
      8.22662,
      6.11093,
      -1.70388
    ],
    [
      8.20572,
      5.66481,
      -1.39379
    ],
    [
      8.40055,
      5.26676,
      -0.837406
    ],
    [
      8.77622,
      5.03165,
      -0.281021
    ],
    [
      9.0,
      5.0,
      0.0
    ]
  ]
}