{
  "robot": {
    "class": "RectangleRobot",
    "radius": 0.20192941203622186,
    "wheelbase": 0.4426180470618891,
    "max_velocity": 10.196298499593974,
    "max_steering_at_zero_v": 0.4158344429110118,
    "max_steering_at_max_v": 0.24736040555768252,
    "acceleration": 5,
    "width": 0.2826849519391166,
    "lenght": 0.28842879143448286
  },
  "planner": {
    "class": "Dubins_pathfinding",
    "start": [
      1.0,
      5.0
    ],
    "goal": [
      9.0,
      5.0
    ],
    "bounds": [
      0,
      10,
      0,
      10
    ],
    "max_runtime": 15.0,
    "goal_threshold": 0.0,
    "interpolate_steps": 50
  },
  "path": [
    [
      1.0,
      5.0,
      0.0
    ],
    [
      1.38284,
      4.92401,
      -0.391907
    ],
    [
      1.70764,
      4.70754,
      -0.783814
    ],
    [
      1.92513,
      4.38344,
      -1.17572
    ],
    [
      2.00233,
      4.00084,
      -1.56763
    ],
    [
      1.92755,
      3.61775,
      -1.95953
    ],
    [
      1.72008,
      3.28577,
      -2.20816
    ],
    [
      1.44367,
      3.00991,
      -2.54995
    ],
    [
      1.08352,
      2.85946,
      -2.94186
    ],
    [
      0.72336,
      2.70902,
      -2.54995
    ],
    [
      0.447972,
      2.43242,
      -2.15805
    ],
    [
      0.299111,
      2.07161,
      -1.76614
    ],
    [
      0.299349,
      1.68129,
      -1.37423
    ],
    [
      0.44865,
      1.32066,
      -0.982327
    ],
    [
      0.724374,
      1.0444,
      -0.59042
    ],
    [
      1.05759,
      0.836381,
      -0.556624
    ],
    [
      1.39111,
      0.628843,
      -0.556624
    ],
    [
      1.75632,
      0.491101,
      -0.164717
    ],
    [
      2.14833,
      0.471987,
      -0.0231771
    ],
    [
      2.54105,
      0.462883,
      -0.0231771
    ],
    [
      2.93376,
      0.45378,
      -0.0231771
    ],
    [
      3.32648,
      0.444676,
      -0.0231771
    ],
    [
      3.7192,
      0.435572,
      -0.0231771
    ],
    [
      4.11192,
      0.426469,
      -0.0231771
    ],
    [
      4.50464,
      0.41788,
      0.00887471
    ],
    [
      4.88701,
      0.430671,
      0.0342874
    ],
    [
      5.26936,
      0.443786,
      0.0342874
    ],
    [
      5.65172,
      0.456902,
      0.0342874
    ],
    [
      6.03407,
      0.470017,
      0.0342874
    ],
    [
      6.41643,
      0.483132,
      0.0342874
    ],
    [
      6.79878,
      0.496247,
      0.0342874
    ],
    [
      7.18115,
      0.504815,
      -0.0609733
    ],
    [
      7.54942,
      0.410068,
      -0.442661
    ],
    [
      7.88438,
      0.317911,
      -0.0942992
    ],
    [
      8.23069,
      0.345633,
      0.254062
    ],
    [
      8.54673,
      0.489905,
      0.602424
    ],
    [
      8.79454,
      0.733393,
      0.950786
    ],
    [
      8.94435,
      1.04685,
      1.29915
    ],
    [
      8.97815,
      1.39261,
      1.64751
    ],
    [
      8.8919,
      1.72915,
      1.99587
    ],
    [
      8.71052,
      2.02701,
      2.15335
    ],
    [
      8.51842,
      2.3186,
      2.15335
    ],
    [
      8.34803,
      2.73189,
      1.87614
    ],
    [
      8.21306,
      3.16006,
      1.87614
    ],
    [
      8.0781,
      3.58823,
      1.87614
    ],
    [
      7.9981,
      4.02719,
      1.54133
    ],
    [
      8.10971,
      4.45817,
      1.09343
    ],
    [
      8.39696,
      4.7983,
      0.645541
    ],
    [
      8.80318,
      4.98049,
      0.197647
    ],
    [
      9.0,
      5.0,
      0.0
    ]
  ]
}