{
  "robot": {
    "class": "RectangleRobot",
    "radius": 0.27496200091881456,
    "wheelbase": 0.25287927621479234,
    "max_velocity": 8.19329770536285,
    "max_steering_at_zero_v": 0.41987735058995995,
    "max_steering_at_max_v": 0.1789883511297462,
    "acceleration": 5,
    "width": 0.12437289779169872,
    "lenght": 0.5356750788416504
  },
  "planner": {
    "class": "Dubins_pathfinding",
    "start": [
      1.0,
      5.0
    ],
    "goal": [
      9.0,
      5.0
    ],
    "bounds": [
      0,
      10,
      0,
      10
    ],
    "max_runtime": 15.0,
    "goal_threshold": 0.0,
    "interpolate_steps": 50
  },
  "path": [
    [
      1.0,
      5.0,
      0.0
    ],
    [
      1.3293,
      5.10555,
      0.620373
    ],
    [
      1.53588,
      5.38287,
      1.24075
    ],
    [
      1.54275,
      5.72861,
      1.86112
    ],
    [
      1.42824,
      6.06083,
      1.90422
    ],
    [
      1.31323,
      6.39289,
      1.90422
    ],
    [
      1.18116,
      6.71735,
      2.16124
    ],
    [
      1.06929,
      7.02939,
      1.8112
    ],
    [
      0.989835,
      7.35352,
      1.8112
    ],
    [
      0.910376,
      7.67765,
      1.8112
    ],
    [
      0.830916,
      8.00178,
      1.8112
    ],
    [
      0.751457,
      8.3259,
      1.8112
    ],
    [
      0.66676,
      8.64849,
      1.95009
    ],
    [
      0.643742,
      8.99692,
      1.32344
    ],
    [
      0.829428,
      9.29264,
      0.696788
    ],
    [
      1.15326,
      9.42328,
      0.0701371
    ],
    [
      1.49688,
      9.34969,
      -0.354859
    ],
    [
      1.83177,
      9.23287,
      -0.199596
    ],
    [
      2.12291,
      9.07961,
      -0.683768
    ],
    [
      2.38112,
      8.86919,
      -0.683768
    ],
    [
      2.63933,
      8.65877,
      -0.683768
    ],
    [
      2.89754,
      8.44835,
      -0.683768
    ],
    [
      3.15576,
      8.23793,
      -0.683768
    ],
    [
      3.41397,
      8.02751,
      -0.683768
    ],
    [
      3.67218,
      7.81709,
      -0.683768
    ],
    [
      3.8864,
      7.56696,
      -1.14255
    ],
    [
      3.95995,
      7.30437,
      -1.33676
    ],
    [
      4.0233,
      7.03864,
      -1.33676
    ],
    [
      4.07936,
      6.77159,
      -1.49858
    ],
    [
      4.21065,
      6.44806,
      -0.872004
    ],
    [
      4.50671,
      6.26298,
      -0.245424
    ],
    [
      4.8598,
      6.23179,
      -0.0609856
    ],
    [
      5.21407,
      6.21016,
      -0.0609856
    ],
    [
      5.56834,
      6.18853,
      -0.0609856
    ],
    [
      5.9226,
      6.16689,
      -0.0609856
    ],
    [
      6.27691,
      6.14609,
      -0.00703877
    ],
    [
      6.60981,
      6.25135,
      0.619541
    ],
    [
      6.86846,
      6.40919,
      0.542371
    ],
    [
      7.12801,
      6.56561,
      0.542371
    ],
    [
      7.38756,
      6.72203,
      0.542371
    ],
    [
      7.64711,
      6.87845,
      0.542371
    ],
    [
      7.90875,
      7.03105,
      0.418272
    ],
    [
      8.26084,
      7.06658,
      -0.217092
    ],
    [
      8.56532,
      6.88623,
      -0.852455
    ],
    [
      8.70334,
      6.56037,
      -1.48782
    ],
    [
      8.62922,
      6.21241,
      -1.94475
    ],
    [
      8.50002,
      5.87657,
      -1.85233
    ],
    [
      8.4398,
      5.48248,
      -1.42201
    ],
    [
      8.63033,
      5.13725,
      -0.711006
    ],
    [
      9.0,
      5.0,
      0.0
    ]
  ]
}