{
  "robot": {
    "class": "RectangleRobot",
    "radius": 0.2868806224731099,
    "wheelbase": 0.210235559080198,
    "max_velocity": 10.321778215734145,
    "max_steering_at_zero_v": 0.4314876279060192,
    "max_steering_at_max_v": 0.20636173316047027,
    "acceleration": 5,
    "width": 0.31358069807337724,
    "lenght": 0.4804884098477814
  },
  "planner": {
    "class": "Dubins_pathfinding",
    "start": [
      1.0,
      5.0
    ],
    "goal": [
      9.0,
      5.0
    ],
    "bounds": [
      0,
      10,
      0,
      10
    ],
    "max_runtime": 15.0,
    "goal_threshold": 0.0,
    "interpolate_steps": 50
  },
  "path": [
    [
      1.0,
      5.0,
      0.0
    ],
    [
      1.31331,
      5.12445,
      0.756197
    ],
    [
      1.45584,
      5.42996,
      1.51239
    ],
    [
      1.3827,
      5.76513,
      1.86988
    ],
    [
      1.28096,
      6.09509,
      1.86988
    ],
    [
      1.17923,
      6.42505,
      1.86988
    ],
    [
      1.07749,
      6.75501,
      1.86988
    ],
    [
      0.975751,
      7.08498,
      1.86988
    ],
    [
      0.84081,
      7.3996,
      2.27102
    ],
    [
      0.698313,
      7.72223,
      1.89715
    ],
    [
      0.584429,
      8.05871,
      1.89715
    ],
    [
      0.470544,
      8.39519,
      1.89715
    ],
    [
      0.388318,
      8.73811,
      1.52023
    ],
    [
      0.535696,
      9.05153,
      0.742266
    ],
    [
      0.860646,
      9.17136,
      -0.0356999
    ],
    [
      1.2237,
      9.27279,
      0.371808
    ],
    [
      1.57793,
      9.41092,
      0.371808
    ],
    [
      1.93215,
      9.54905,
      0.371808
    ],
    [
      2.29737,
      9.6361,
      -0.108117
    ],
    [
      2.62599,
      9.59879,
      -0.113052
    ],
    [
      2.95462,
      9.56148,
      -0.113052
    ],
    [
      3.28324,
      9.52417,
      -0.113052
    ],
    [
      3.61186,
      9.48686,
      -0.113052
    ],
    [
      3.94048,
      9.44955,
      -0.113052
    ],
    [
      4.26946,
      9.41833,
      0.0504451
    ],
    [
      4.65884,
      9.39819,
      -0.0586311
    ],
    [
      5.04816,
      9.37534,
      -0.0586311
    ],
    [
      5.43748,
      9.35249,
      -0.0586311
    ],
    [
      5.8268,
      9.32964,
      -0.0586311
    ],
    [
      6.21598,
      9.30523,
      -0.141303
    ],
    [
      6.55402,
      9.29075,
      -0.0352062
    ],
    [
      6.89224,
      9.27884,
      -0.0352062
    ],
    [
      7.23046,
      9.26693,
      -0.0352062
    ],
    [
      7.56868,
      9.25502,
      -0.0352062
    ],
    [
      7.9068,
      9.24154,
      -0.118196
    ],
    [
      8.22657,
      9.14779,
      -0.310408
    ],
    [
      8.54429,
      9.04588,
      -0.310408
    ],
    [
      8.862,
      8.94396,
      -0.310408
    ],
    [
      9.16803,
      8.8164,
      -0.662351
    ],
    [
      9.33665,
      8.53706,
      -1.39308
    ],
    [
      9.27578,
      8.2165,
      -2.12381
    ],
    [
      9.17692,
      7.8523,
      -1.75392
    ],
    [
      9.10773,
      7.47871,
      -1.75392
    ],
    [
      9.03854,
      7.10512,
      -1.75392
    ],
    [
      8.94828,
      6.73775,
      -2.06455
    ],
    [
      8.81272,
      6.3483,
      -1.88869
    ],
    [
      8.68371,
      5.95626,
      -1.88869
    ],
    [
      8.55614,
      5.56379,
      -1.80773
    ],
    [
      8.64123,
      5.17416,
      -0.903867
    ],
    [
      9.0,
      5.0,
      0.0
    ]
  ]
}