{
  "robot": {
    "class": "RectangleRobot",
    "radius": 0.37362833053165656,
    "wheelbase": 0.3977569444530182,
    "max_velocity": 10.19014141510602,
    "max_steering_at_zero_v": 0.5090506516461151,
    "max_steering_at_max_v": 0.19888901952730756,
    "acceleration": 5,
    "width": 0.599346666628801,
    "lenght": 0.44629148625582815
  },
  "planner": {
    "class": "Dubins_pathfinding",
    "start": [
      1.0,
      5.0
    ],
    "goal": [
      9.0,
      5.0
    ],
    "bounds": [
      0,
      10,
      0,
      10
    ],
    "max_runtime": 15.0,
    "goal_threshold": 0.0,
    "interpolate_steps": 50
  },
  "path": [
    [
      1.0,
      5.0,
      0.0
    ],
    [
      1.33537,
      5.08384,
      0.489947
    ],
    [
      1.59184,
      5.31564,
      0.979894
    ],
    [
      1.70905,
      5.64085,
      1.46984
    ],
    [
      1.65944,
      5.98297,
      1.95979
    ],
    [
      1.5077,
      6.29742,
      2.02467
    ],
    [
      1.35461,
      6.61125,
      2.02467
    ],
    [
      1.20151,
      6.92507,
      2.02467
    ],
    [
      1.04841,
      7.23889,
      2.02467
    ],
    [
      0.895311,
      7.55272,
      2.02467
    ],
    [
      0.744799,
      7.88961,
      1.98979
    ],
    [
      0.59468,
      8.22668,
      1.98979
    ],
    [
      0.464296,
      8.57069,
      1.74729
    ],
    [
      0.494321,
      8.93433,
      1.22955
    ],
    [
      0.700385,
      9.23546,
      0.711798
    ],
    [
      1.02848,
      9.39513,
      0.194051
    ],
    [
      1.39259,
      9.37149,
      -0.323696
    ],
    [
      1.78357,
      9.34185,
      0.050323
    ],
    [
      2.17824,
      9.36173,
      0.050323
    ],
    [
      2.5729,
      9.38161,
      0.050323
    ],
    [
      2.96757,
      9.40148,
      0.050323
    ],
    [
      3.36223,
      9.42136,
      0.050323
    ],
    [
      3.7569,
      9.44124,
      0.050323
    ],
    [
      4.14014,
      9.36761,
      -0.465754
    ],
    [
      4.47738,
      9.28964,
      -0.0554291
    ],
    [
      4.82602,
      9.2703,
      -0.0554291
    ],
    [
      5.17466,
      9.25095,
      -0.0554291
    ],
    [
      5.5233,
      9.23161,
      -0.0554291
    ],
    [
      5.87194,
      9.21226,
      -0.0554291
    ],
    [
      6.22058,
      9.19292,
      -0.0554291
    ],
    [
      6.56922,
      9.17358,
      -0.0554291
    ],
    [
      6.91786,
      9.15423,
      -0.0554291
    ],
    [
      7.2665,
      9.13489,
      -0.0554291
    ],
    [
      7.65202,
      9.19923,
      0.249676
    ],
    [
      8.03266,
      9.29629,
      0.249676
    ],
    [
      8.41334,
      9.39323,
      0.230705
    ],
    [
      8.80081,
      9.37582,
      -0.320485
    ],
    [
      9.12179,
      9.15807,
      -0.871676
    ],
    [
      9.2812,
      8.80447,
      -1.42287
    ],
    [
      9.23182,
      8.41976,
      -1.97406
    ],
    [
      8.98827,
      8.11788,
      -2.52525
    ],
    [
      8.74473,
      7.81601,
      -1.97406
    ],
    [
      8.64852,
      7.43574,
      -1.78684
    ],
    [
      8.56431,
      7.05205,
      -1.78684
    ],
    [
      8.4801,
      6.66836,
      -1.78684
    ],
    [
      8.39589,
      6.28467,
      -1.78684
    ],
    [
      8.31168,
      5.90098,
      -1.78684
    ],
    [
      8.31589,
      5.51291,
      -1.28668
    ],
    [
      8.52183,
      5.18423,
      -0.735488
    ],
    [
      9.0,
      5.0,
      0.0
    ]
  ]
}