{
  "robot": {
    "class": "RectangleRobot",
    "radius": 0.3492906415772326,
    "wheelbase": 0.3059030780312248,
    "max_velocity": 10.09012824590631,
    "max_steering_at_zero_v": 0.37329934418574007,
    "max_steering_at_max_v": 0.157303753712661,
    "acceleration": 5,
    "width": 0.663400517949418,
    "lenght": 0.21889623559619054
  },
  "planner": {
    "class": "Dubins_pathfinding",
    "start": [
      1.0,
      5.0
    ],
    "goal": [
      9.0,
      5.0
    ],
    "bounds": [
      0,
      10,
      0,
      10
    ],
    "max_runtime": 15.0,
    "goal_threshold": 0.0,
    "interpolate_steps": 50
  },
  "path": [
    [
      1.0,
      5.0,
      0.0
    ],
    [
      1.34552,
      5.08058,
      0.458257
    ],
    [
      1.61974,
      5.30571,
      0.916515
    ],
    [
      1.76608,
      5.62891,
      1.37477
    ],
    [
      1.75433,
      5.98351,
      1.83303
    ],
    [
      1.60571,
      6.30813,
      2.0528
    ],
    [
      1.43979,
      6.62527,
      2.0528
    ],
    [
      1.27388,
      6.94241,
      2.0528
    ],
    [
      1.09985,
      7.25475,
      2.20819
    ],
    [
      0.904381,
      7.56499,
      2.1258
    ],
    [
      0.711124,
      7.87669,
      2.1258
    ],
    [
      0.517932,
      8.18843,
      2.11186
    ],
    [
      0.408364,
      8.5349,
      1.6423
    ],
    [
      0.467437,
      8.89346,
      1.17273
    ],
    [
      0.682362,
      9.18647,
      0.70316
    ],
    [
      1.00661,
      9.35052,
      0.233593
    ],
    [
      1.37,
      9.35009,
      -0.235975
    ],
    [
      1.76111,
      9.32658,
      -0.00877482
    ],
    [
      2.15392,
      9.32314,
      -0.00877482
    ],
    [
      2.54673,
      9.31969,
      -0.00877482
    ],
    [
      2.93954,
      9.31624,
      -0.00877482
    ],
    [
      3.33234,
      9.3128,
      -0.00877482
    ],
    [
      3.72515,
      9.30935,
      -0.00877482
    ],
    [
      4.11796,
      9.3059,
      -0.00877482
    ],
    [
      4.51077,
      9.30246,
      -0.00877482
    ],
    [
      4.90247,
      9.33104,
      0.0808161
    ],
    [
      5.29401,
      9.36275,
      0.0808161
    ],
    [
      5.68555,
      9.39446,
      0.0808161
    ],
    [
      6.07709,
      9.42617,
      0.0808161
    ],
    [
      6.46863,
      9.45789,
      0.0808161
    ],
    [
      6.86018,
      9.4896,
      0.0808161
    ],
    [
      7.25172,
      9.52131,
      0.0808161
    ],
    [
      7.64326,
      9.55302,
      0.0808161
    ],
    [
      8.05499,
      9.51437,
      -0.139109
    ],
    [
      8.46548,
      9.45689,
      -0.139109
    ],
    [
      8.87598,
      9.39942,
      -0.139109
    ],
    [
      9.25991,
      9.25594,
      -0.620758
    ],
    [
      9.48993,
      8.9971,
      -1.06783
    ],
    [
      9.58544,
      8.66426,
      -1.5149
    ],
    [
      9.52766,
      8.32283,
      -1.96196
    ],
    [
      9.36153,
      8.01592,
      -2.0834
    ],
    [
      9.19028,
      7.71162,
      -2.0834
    ],
    [
      9.01903,
      7.40733,
      -2.0834
    ],
    [
      8.84777,
      7.10303,
      -2.0834
    ],
    [
      8.67652,
      6.79873,
      -2.0834
    ],
    [
      8.50527,
      6.49444,
      -2.0834
    ],
    [
      8.26787,
      6.05307,
      -1.92656
    ],
    [
      8.25078,
      5.56037,
      -1.28437
    ],
    [
      8.5322,
      5.15559,
      -0.642185
    ],
    [
      9.0,
      5.0,
      0.0
    ]
  ]
}