{
  "robot": {
    "class": "RectangleRobot",
    "radius": 0.18744134491887052,
    "wheelbase": 0.49962593117817733,
    "max_velocity": 8.122580837899497,
    "max_steering_at_zero_v": 0.46856935188523374,
    "max_steering_at_max_v": 0.17059956000524015,
    "acceleration": 5,
    "width": 0.2689088809631168,
    "lenght": 0.26119924364198344
  },
  "planner": {
    "class": "Dubins_pathfinding",
    "start": [
      1.0,
      5.0
    ],
    "goal": [
      9.0,
      5.0
    ],
    "bounds": [
      0,
      10,
      0,
      10
    ],
    "max_runtime": 15.0,
    "goal_threshold": 0.0,
    "interpolate_steps": 50
  },
  "path": [
    [
      1.0,
      5.0,
      0.0
    ],
    [
      1.38254,
      4.92286,
      -0.397966
    ],
    [
      1.70528,
      4.7035,
      -0.795933
    ],
    [
      1.91779,
      4.3762,
      -1.1939
    ],
    [
      1.98686,
      3.99213,
      -1.59187
    ],
    [
      1.90168,
      3.6113,
      -1.98983
    ],
    [
      1.69075,
      3.28086,
      -2.18843
    ],
    [
      1.46327,
      2.96061,
      -2.18843
    ],
    [
      1.23578,
      2.64036,
      -2.18843
    ],
    [
      0.988345,
      2.39642,
      -2.48889
    ],
    [
      0.753812,
      2.1402,
      -2.13514
    ],
    [
      0.622562,
      1.81859,
      -1.7814
    ],
    [
      0.610849,
      1.47143,
      -1.42765
    ],
    [
      0.720124,
      1.14171,
      -1.0739
    ],
    [
      0.936853,
      0.870253,
      -0.720153
    ],
    [
      1.2342,
      0.690688,
      -0.366405
    ],
    [
      1.57534,
      0.625246,
      -0.0126572
    ],
    [
      1.91802,
      0.682032,
      0.341091
    ],
    [
      2.31166,
      0.74026,
      0.0187518
    ],
    [
      2.71174,
      0.747763,
      0.0187518
    ],
    [
      3.11181,
      0.755266,
      0.0187518
    ],
    [
      3.51189,
      0.762769,
      0.0187518
    ],
    [
      3.90907,
      0.799201,
      0.261661
    ],
    [
      4.2745,
      0.830079,
      -0.0282999
    ],
    [
      4.64276,
      0.819654,
      -0.0282999
    ],
    [
      5.01102,
      0.80923,
      -0.0282999
    ],
    [
      5.37929,
      0.798805,
      -0.0282999
    ],
    [
      5.74683,
      0.807452,
      0.16845
    ],
    [
      6.09234,
      0.804909,
      -0.174425
    ],
    [
      6.43437,
      0.744638,
      -0.174425
    ],
    [
      6.77641,
      0.684367,
      -0.174425
    ],
    [
      7.11844,
      0.624096,
      -0.174425
    ],
    [
      7.46047,
      0.563825,
      -0.174425
    ],
    [
      7.8025,
      0.503553,
      -0.174425
    ],
    [
      8.14562,
      0.451584,
      -0.0441419
    ],
    [
      8.48814,
      0.496984,
      0.307706
    ],
    [
      8.79402,
      0.657646,
      0.659553
    ],
    [
      9.04906,
      0.953011,
      1.05752
    ],
    [
      9.1697,
      1.32413,
      1.45549
    ],
    [
      9.13709,
      1.713,
      1.85345
    ],
    [
      8.9677,
      2.06614,
      2.08586
    ],
    [
      8.7742,
      2.408,
      2.08586
    ],
    [
      8.58069,
      2.74986,
      2.08586
    ],
    [
      8.38719,
      3.09172,
      2.08586
    ],
    [
      8.19369,
      3.43358,
      2.08586
    ],
    [
      8.0297,
      3.83173,
      1.75541
    ],
    [
      8.04465,
      4.26118,
      1.31656
    ],
    [
      8.24067,
      4.64358,
      0.877706
    ],
    [
      8.58059,
      4.90646,
      0.438853
    ],
    [
      9.0,
      5.0,
      0.0
    ]
  ]
}