{
  "robot": {
    "class": "RectangleRobot",
    "radius": 0.13989674883626146,
    "wheelbase": 0.20809217564706728,
    "max_velocity": 8.460815399656566,
    "max_steering_at_zero_v": 0.3880439363158475,
    "max_steering_at_max_v": 0.19557389790285162,
    "acceleration": 5,
    "width": 0.184323995742144,
    "lenght": 0.21049718747164814
  },
  "planner": {
    "class": "Dubins_pathfinding",
    "start": [
      1.0,
      5.0
    ],
    "goal": [
      9.0,
      5.0
    ],
    "bounds": [
      0,
      10,
      0,
      10
    ],
    "max_runtime": 15.0,
    "goal_threshold": 0.0,
    "interpolate_steps": 50
  },
  "path": [
    [
      1.0,
      5.0,
      0.0
    ],
    [
      1.29561,
      5.09462,
      0.619561
    ],
    [
      1.48132,
      5.3433,
      1.23912
    ],
    [
      1.48948,
      5.65394,
      1.78448
    ],
    [
      1.45563,
      5.96525,
      1.42279
    ],
    [
      1.53715,
      6.24036,
      1.25899
    ],
    [
      1.62526,
      6.51374,
      1.25899
    ],
    [
      1.71338,
      6.78712,
      1.25899
    ],
    [
      1.80149,
      7.0605,
      1.25899
    ],
    [
      1.88961,
      7.33387,
      1.25899
    ],
    [
      1.98168,
      7.60579,
      1.13021
    ],
    [
      2.16915,
      7.81837,
      0.565991
    ],
    [
      2.41492,
      7.97254,
      0.560229
    ],
    [
      2.6607,
      8.12671,
      0.560229
    ],
    [
      2.90648,
      8.28088,
      0.560229
    ],
    [
      3.15226,
      8.43505,
      0.560229
    ],
    [
      3.39803,
      8.58922,
      0.560229
    ],
    [
      3.64381,
      8.74339,
      0.560229
    ],
    [
      3.88959,
      8.89756,
      0.560229
    ],
    [
      4.13537,
      9.05173,
      0.560229
    ],
    [
      4.39165,
      9.1846,
      0.254408
    ],
    [
      4.69061,
      9.26629,
      0.266864
    ],
    [
      4.98955,
      9.34802,
      0.266864
    ],
    [
      5.28849,
      9.42974,
      0.266864
    ],
    [
      5.58743,
      9.51147,
      0.266864
    ],
    [
      5.88637,
      9.5932,
      0.266864
    ],
    [
      6.18532,
      9.67492,
      0.266864
    ],
    [
      6.48715,
      9.74106,
      0.01705
    ],
    [
      6.75886,
      9.66798,
      -0.52843
    ],
    [
      7.00503,
      9.52426,
      -0.52843
    ],
    [
      7.2512,
      9.38054,
      -0.52843
    ],
    [
      7.49737,
      9.23683,
      -0.52843
    ],
    [
      7.74355,
      9.09311,
      -0.52843
    ],
    [
      7.99299,
      8.95579,
      -0.36037
    ],
    [
      8.27343,
      8.93319,
      0.199582
    ],
    [
      8.57653,
      8.90143,
      -0.408402
    ],
    [
      8.80717,
      8.70222,
      -1.01639
    ],
    [
      8.91381,
      8.41269,
      -1.27119
    ],
    [
      9.00516,
      8.11698,
      -1.27119
    ],
    [
      9.09651,
      7.82126,
      -1.27119
    ],
    [
      9.18786,
      7.52554,
      -1.27119
    ],
    [
      9.20116,
      7.2209,
      -1.82915
    ],
    [
      9.03867,
      6.96307,
      -2.43713
    ],
    [
      8.86541,
      6.67838,
      -1.90347
    ],
    [
      8.75491,
      6.35856,
      -1.90347
    ],
    [
      8.64441,
      6.03873,
      -1.90347
    ],
    [
      8.5339,
      5.71891,
      -1.90347
    ],
    [
      8.50569,
      5.38736,
      -1.32938
    ],
    [
      8.686,
      5.10838,
      -0.664692
    ],
    [
      9.0,
      5.0,
      0.0
    ]
  ]
}