{
  "robot": {
    "class": "RectangleRobot",
    "radius": 0.2667689052587812,
    "wheelbase": 0.378597215343468,
    "max_velocity": 11.333547183030277,
    "max_steering_at_zero_v": 0.367120408431225,
    "max_steering_at_max_v": 0.22845975417718084,
    "acceleration": 5,
    "width": 0.28850553035122384,
    "lenght": 0.44880636605181234
  },
  "planner": {
    "class": "Dubins_pathfinding",
    "start": [
      1.0,
      5.0
    ],
    "goal": [
      9.0,
      5.0
    ],
    "bounds": [
      0,
      10,
      0,
      10
    ],
    "max_runtime": 15.0,
    "goal_threshold": 0.0,
    "interpolate_steps": 50
  },
  "path": [
    [
      1.0,
      5.0,
      0.0
    ],
    [
      1.38248,
      4.92267,
      -0.399004
    ],
    [
      1.70488,
      4.70281,
      -0.798008
    ],
    [
      1.91653,
      4.37498,
      -1.19701
    ],
    [
      1.9842,
      3.99066,
      -1.59602
    ],
    [
      1.89724,
      3.61025,
      -1.99502
    ],
    [
      1.66933,
      3.29351,
      -2.39402
    ],
    [
      1.37404,
      3.03445,
      -2.42248
    ],
    [
      1.07848,
      2.77569,
      -2.42248
    ],
    [
      0.841644,
      2.46556,
      -2.02348
    ],
    [
      0.683892,
      2.10581,
      -1.98189
    ],
    [
      0.526914,
      1.74572,
      -1.98189
    ],
    [
      0.442838,
      1.36466,
      -1.58849
    ],
    [
      0.513393,
      0.980865,
      -1.18949
    ],
    [
      0.727508,
      0.654632,
      -0.790484
    ],
    [
      1.05155,
      0.437208,
      -0.39148
    ],
    [
      1.4346,
      0.362753,
      0.00752362
    ],
    [
      1.78376,
      0.366596,
      0.0110226
    ],
    [
      2.13291,
      0.370445,
      0.0110226
    ],
    [
      2.48207,
      0.374294,
      0.0110226
    ],
    [
      2.83122,
      0.378142,
      0.0110226
    ],
    [
      3.18038,
      0.381991,
      0.0110226
    ],
    [
      3.52953,
      0.38584,
      0.0110226
    ],
    [
      3.87869,
      0.389689,
      0.0110226
    ],
    [
      4.22784,
      0.393537,
      0.0110226
    ],
    [
      4.577,
      0.397386,
      0.0110226
    ],
    [
      4.95527,
      0.401252,
      0.0102175
    ],
    [
      5.33355,
      0.405117,
      0.0102175
    ],
    [
      5.71182,
      0.408982,
      0.0102175
    ],
    [
      6.08935,
      0.424822,
      0.166392
    ],
    [
      6.44141,
      0.556745,
      0.550639
    ],
    [
      6.80782,
      0.691026,
      0.162558
    ],
    [
      7.19546,
      0.754602,
      0.162558
    ],
    [
      7.58311,
      0.818177,
      0.162558
    ],
    [
      7.97075,
      0.881753,
      0.162558
    ],
    [
      8.3584,
      0.945328,
      0.162558
    ],
    [
      8.72984,
      1.06565,
      0.509386
    ],
    [
      9.02605,
      1.31968,
      0.90839
    ],
    [
      9.2003,
      1.66884,
      1.30739
    ],
    [
      9.23016,
      2.0149,
      1.66206
    ],
    [
      9.13798,
      2.3498,
      2.01673
    ],
    [
      8.93632,
      2.63287,
      2.31613
    ],
    [
      8.6995,
      2.88947,
      2.31613
    ],
    [
      8.46269,
      3.14607,
      2.31613
    ],
    [
      8.228,
      3.40453,
      2.24027
    ],
    [
      8.06387,
      3.71066,
      1.8856
    ],
    [
      8.01627,
      4.05473,
      1.53093
    ],
    [
      8.09113,
      4.39392,
      1.17626
    ],
    [
      8.45379,
      4.83458,
      0.58813
    ],
    [
      9.0,
      5.0,
      0.0
    ]
  ]
}