{
  "robot": {
    "class": "RectangleRobot",
    "radius": 0.41798315118387425,
    "wheelbase": 0.42170034165686954,
    "max_velocity": 7.027852205695771,
    "max_steering_at_zero_v": 0.5037011312212532,
    "max_steering_at_max_v": 0.23165481587592401,
    "acceleration": 5,
    "width": 0.623743509100131,
    "lenght": 0.5565821534597213
  },
  "planner": {
    "class": "Dubins_pathfinding",
    "start": [
      1.0,
      5.0
    ],
    "goal": [
      9.0,
      5.0
    ],
    "bounds": [
      0,
      10,
      0,
      10
    ],
    "max_runtime": 15.0,
    "goal_threshold": 0.0,
    "interpolate_steps": 50
  },
  "path": [
    [
      1.0,
      5.0,
      0.0
    ],
    [
      1.33718,
      5.0783,
      0.456337
    ],
    [
      1.60536,
      5.29717,
      0.912673
    ],
    [
      1.74965,
      5.61182,
      1.36901
    ],
    [
      1.74052,
      5.95785,
      1.82535
    ],
    [
      1.60445,
      6.27883,
      2.00844
    ],
    [
      1.45647,
      6.5951,
      2.00844
    ],
    [
      1.30849,
      6.91137,
      2.00844
    ],
    [
      1.1605,
      7.22763,
      2.00844
    ],
    [
      1.01252,
      7.5439,
      2.00844
    ],
    [
      0.824979,
      7.88302,
      2.08119
    ],
    [
      0.635646,
      8.22119,
      2.08119
    ],
    [
      0.512724,
      8.58484,
      1.64888
    ],
    [
      0.579381,
      8.96205,
      1.1429
    ],
    [
      0.820506,
      9.25968,
      0.636911
    ],
    [
      1.1747,
      9.40781,
      0.242432
    ],
    [
      1.55078,
      9.49975,
      0.190477
    ],
    [
      1.89893,
      9.5062,
      -0.0392106
    ],
    [
      2.24784,
      9.49251,
      -0.0392106
    ],
    [
      2.59675,
      9.47882,
      -0.0392106
    ],
    [
      2.94565,
      9.46514,
      -0.0392106
    ],
    [
      3.29456,
      9.45145,
      -0.0392106
    ],
    [
      3.64347,
      9.43776,
      -0.0392106
    ],
    [
      3.99238,
      9.42407,
      -0.0392106
    ],
    [
      4.34129,
      9.41038,
      -0.0392106
    ],
    [
      4.69019,
      9.3967,
      -0.0392106
    ],
    [
      5.04969,
      9.37565,
      -0.0589015
    ],
    [
      5.40917,
      9.35445,
      -0.0589015
    ],
    [
      5.76865,
      9.33325,
      -0.0589015
    ],
    [
      6.12813,
      9.31205,
      -0.0589015
    ],
    [
      6.48762,
      9.29085,
      -0.0589015
    ],
    [
      6.8471,
      9.26965,
      -0.0589015
    ],
    [
      7.20658,
      9.24844,
      -0.0653666
    ],
    [
      7.60158,
      9.2783,
      0.102668
    ],
    [
      7.99608,
      9.31894,
      0.102668
    ],
    [
      8.39057,
      9.35959,
      0.102668
    ],
    [
      8.78117,
      9.32118,
      -0.353502
    ],
    [
      9.102,
      9.09567,
      -0.871794
    ],
    [
      9.25903,
      8.78718,
      -1.32813
    ],
    [
      9.26405,
      8.44106,
      -1.78447
    ],
    [
      9.14222,
      8.11437,
      -1.9624
    ],
    [
      9.00894,
      7.79163,
      -1.9624
    ],
    [
      8.87567,
      7.46889,
      -1.9624
    ],
    [
      8.7424,
      7.14614,
      -1.9624
    ],
    [
      8.60913,
      6.8234,
      -1.9624
    ],
    [
      8.47586,
      6.50066,
      -1.9624
    ],
    [
      8.34259,
      6.17791,
      -1.9624
    ],
    [
      8.24328,
      5.65177,
      -1.42204
    ],
    [
      8.50064,
      5.1854,
      -0.711019
    ],
    [
      9.0,
      5.0,
      0.0
    ]
  ]
}