{
  "robot": {
    "class": "RectangleRobot",
    "radius": 0.19977547097018028,
    "wheelbase": 0.21786911580195822,
    "max_velocity": 8.243240469430933,
    "max_steering_at_zero_v": 0.48349845833519034,
    "max_steering_at_max_v": 0.19132205462162472,
    "acceleration": 5,
    "width": 0.34046086069194925,
    "lenght": 0.2091108738022165
  },
  "planner": {
    "class": "Dubins_pathfinding",
    "start": [
      1.0,
      5.0
    ],
    "goal": [
      9.0,
      5.0
    ],
    "bounds": [
      0,
      10,
      0,
      10
    ],
    "max_runtime": 15.0,
    "goal_threshold": 0.0,
    "interpolate_steps": 50
  },
  "path": [
    [
      1.0,
      5.0,
      0.0
    ],
    [
      1.2216,
      4.93587,
      -0.563396
    ],
    [
      1.3747,
      4.7633,
      -1.12679
    ],
    [
      1.44437,
      4.54041,
      -1.29206
    ],
    [
      1.5087,
      4.31566,
      -1.29206
    ],
    [
      1.57302,
      4.09091,
      -1.29206
    ],
    [
      1.63734,
      3.86615,
      -1.29206
    ],
    [
      1.70166,
      3.6414,
      -1.29206
    ],
    [
      1.76598,
      3.41665,
      -1.29206
    ],
    [
      1.8303,
      3.1919,
      -1.29206
    ],
    [
      1.89462,
      2.96715,
      -1.29206
    ],
    [
      1.95894,
      2.7424,
      -1.29206
    ],
    [
      2.02326,
      2.51765,
      -1.29206
    ],
    [
      2.08792,
      2.293,
      -1.2509
    ],
    [
      2.21803,
      2.10318,
      -0.688916
    ],
    [
      2.42928,
      2.01188,
      -0.126931
    ],
    [
      2.65669,
      2.0472,
      0.435054
    ],
    [
      2.85247,
      2.17345,
      0.595657
    ],
    [
      3.0455,
      2.30428,
      0.595657
    ],
    [
      3.23853,
      2.43511,
      0.595657
    ],
    [
      3.43156,
      2.56594,
      0.595657
    ],
    [
      3.62475,
      2.69653,
      0.558583
    ],
    [
      3.80674,
      2.87396,
      0.834447
    ],
    [
      3.97808,
      3.06299,
      0.834447
    ],
    [
      4.14943,
      3.25202,
      0.834447
    ],
    [
      4.32077,
      3.44106,
      0.834447
    ],
    [
      4.49211,
      3.63009,
      0.834447
    ],
    [
      4.66857,
      3.81387,
      0.646363
    ],
    [
      4.90541,
      3.89736,
      0.0314967
    ],
    [
      5.1346,
      3.86755,
      -0.163292
    ],
    [
      5.36302,
      3.82992,
      -0.163292
    ],
    [
      5.59074,
      3.78892,
      -0.292148
    ],
    [
      5.78298,
      3.66539,
      -0.850062
    ],
    [
      5.88068,
      3.45882,
      -1.40797
    ],
    [
      5.98218,
      3.24798,
      -0.836282
    ],
    [
      6.18162,
      3.12559,
      -0.264588
    ],
    [
      6.41556,
      3.13056,
      0.307105
    ],
    [
      6.63345,
      3.22417,
      0.416166
    ],
    [
      6.85042,
      3.32006,
      0.416166
    ],
    [
      7.06739,
      3.41596,
      0.416166
    ],
    [
      7.28436,
      3.51186,
      0.416166
    ],
    [
      7.50132,
      3.60775,
      0.416166
    ],
    [
      7.71829,
      3.70365,
      0.416166
    ],
    [
      7.93526,
      3.79955,
      0.416166
    ],
    [
      8.15053,
      3.89886,
      0.55184
    ],
    [
      8.30712,
      4.07275,
      1.12353
    ],
    [
      8.34473,
      4.3037,
      1.69523
    ],
    [
      8.4417,
      4.62557,
      0.861125
    ],
    [
      8.69178,
      4.86472,
      0.756509
    ],
    [
      9.0,
      5.0,
      0.0
    ]
  ]
}