{
  "robot": {
    "class": "RectangleRobot",
    "radius": 0.28717003996530305,
    "wheelbase": 0.34091969682869816,
    "max_velocity": 10.65775203554012,
    "max_steering_at_zero_v": 0.4108778936249109,
    "max_steering_at_max_v": 0.20315796693308055,
    "acceleration": 5,
    "width": 0.17491324393646027,
    "lenght": 0.5470574782509781
  },
  "planner": {
    "class": "Dubins_pathfinding",
    "start": [
      1.0,
      5.0
    ],
    "goal": [
      9.0,
      5.0
    ],
    "bounds": [
      0,
      10,
      0,
      10
    ],
    "max_runtime": 15.0,
    "goal_threshold": 0.0,
    "interpolate_steps": 50
  },
  "path": [
    [
      1.0,
      5.0,
      0.0
    ],
    [
      1.37653,
      4.90345,
      -0.502005
    ],
    [
      1.66015,
      4.63764,
      -1.00401
    ],
    [
      1.78087,
      4.26815,
      -1.50602
    ],
    [
      1.7089,
      3.88616,
      -2.00802
    ],
    [
      1.51463,
      3.54482,
      -2.09592
    ],
    [
      1.3177,
      3.20493,
      -2.09592
    ],
    [
      1.12077,
      2.86503,
      -2.09592
    ],
    [
      0.923836,
      2.52514,
      -2.09592
    ],
    [
      0.765266,
      2.17701,
      -1.98582
    ],
    [
      0.610961,
      1.82681,
      -1.98582
    ],
    [
      0.456656,
      1.47661,
      -1.98582
    ],
    [
      0.377002,
      1.10603,
      -1.53987
    ],
    [
      0.480054,
      0.741426,
      -1.05081
    ],
    [
      0.742312,
      0.467975,
      -0.56176
    ],
    [
      1.10229,
      0.349786,
      -0.0727072
    ],
    [
      1.4756,
      0.414566,
      0.416346
    ],
    [
      1.81544,
      0.481509,
      0.00384678
    ],
    [
      2.16462,
      0.482852,
      0.00384678
    ],
    [
      2.51379,
      0.484196,
      0.00384678
    ],
    [
      2.86297,
      0.485539,
      0.00384678
    ],
    [
      3.21214,
      0.486882,
      0.00384678
    ],
    [
      3.56131,
      0.488225,
      0.00384678
    ],
    [
      3.91049,
      0.489568,
      0.00384678
    ],
    [
      4.25966,
      0.490912,
      0.00384678
    ],
    [
      4.60883,
      0.492255,
      0.00384678
    ],
    [
      5.00116,
      0.490934,
      -0.00342011
    ],
    [
      5.39349,
      0.489592,
      -0.00342011
    ],
    [
      5.78582,
      0.48825,
      -0.00342011
    ],
    [
      6.17815,
      0.486908,
      -0.00342011
    ],
    [
      6.57048,
      0.485566,
      -0.00342011
    ],
    [
      6.96281,
      0.484225,
      -0.00342011
    ],
    [
      7.35513,
      0.482883,
      -0.00342011
    ],
    [
      7.74746,
      0.481147,
      -0.0351468
    ],
    [
      8.08764,
      0.545855,
      0.41108
    ],
    [
      8.37446,
      0.742471,
      0.684842
    ],
    [
      8.6449,
      0.963342,
      0.684842
    ],
    [
      8.91534,
      1.18421,
      0.684842
    ],
    [
      9.18577,
      1.4051,
      0.692064
    ],
    [
      9.39689,
      1.67959,
      1.13829
    ],
    [
      9.46887,
      2.01832,
      1.58452
    ],
    [
      9.38762,
      2.35494,
      2.03074
    ],
    [
      9.16905,
      2.62353,
      2.47697
    ],
    [
      8.89201,
      2.96838,
      2.15856
    ],
    [
      8.64538,
      3.33852,
      2.15856
    ],
    [
      8.39874,
      3.70866,
      2.15856
    ],
    [
      8.22455,
      4.11262,
      1.70522
    ],
    [
      8.29003,
      4.54653,
      1.13682
    ],
    [
      8.57878,
      4.87696,
      0.568408
    ],
    [
      9.0,
      5.0,
      0.0
    ]
  ]
}