{
  "robot": {
    "class": "RectangleRobot",
    "radius": 0.4000154529812792,
    "wheelbase": 0.21541537237577285,
    "max_velocity": 9.330651337168822,
    "max_steering_at_zero_v": 0.3469828233430702,
    "max_steering_at_max_v": 0.16094255020734669,
    "acceleration": 5,
    "width": 0.4776825671284095,
    "lenght": 0.6417700643975883
  },
  "planner": {
    "class": "Dubins_pathfinding",
    "start": [
      1.0,
      5.0
    ],
    "goal": [
      9.0,
      5.0
    ],
    "bounds": [
      0,
      10,
      0,
      10
    ],
    "max_runtime": 15.0,
    "goal_threshold": 0.0,
    "interpolate_steps": 50
  },
  "path": [
    [
      1.0,
      5.0,
      0.0
    ],
    [
      1.35358,
      5.11628,
      0.635449
    ],
    [
      1.56912,
      5.41972,
      1.2709
    ],
    [
      1.56248,
      5.79187,
      1.90635
    ],
    [
      1.41882,
      6.14207,
      1.96257
    ],
    [
      1.27429,
      6.49193,
      1.96257
    ],
    [
      1.12509,
      6.83962,
      2.09396
    ],
    [
      0.986529,
      7.19401,
      1.91983
    ],
    [
      0.856255,
      7.55197,
      1.91983
    ],
    [
      0.725981,
      7.90993,
      1.91983
    ],
    [
      0.595707,
      8.26789,
      1.91983
    ],
    [
      0.465539,
      8.62589,
      1.90045
    ],
    [
      0.461824,
      9.00035,
      1.26099
    ],
    [
      0.682302,
      9.30303,
      0.62153
    ],
    [
      1.0081,
      9.41416,
      0.0534371
    ],
    [
      1.35677,
      9.43281,
      0.0534371
    ],
    [
      1.70545,
      9.45146,
      0.0534371
    ],
    [
      2.05413,
      9.47011,
      0.0534371
    ],
    [
      2.40281,
      9.48876,
      0.0534371
    ],
    [
      2.75149,
      9.50741,
      0.0534371
    ],
    [
      3.10016,
      9.52606,
      0.0534371
    ],
    [
      3.44884,
      9.54471,
      0.0534371
    ],
    [
      3.79752,
      9.56336,
      0.0534371
    ],
    [
      4.15408,
      9.54231,
      -0.0721093
    ],
    [
      4.5105,
      9.51656,
      -0.0721093
    ],
    [
      4.86692,
      9.49082,
      -0.0721093
    ],
    [
      5.22333,
      9.46507,
      -0.0721093
    ],
    [
      5.57975,
      9.43932,
      -0.0721093
    ],
    [
      5.93617,
      9.41358,
      -0.0721093
    ],
    [
      6.29259,
      9.38783,
      -0.0721093
    ],
    [
      6.64906,
      9.36304,
      -0.0156044
    ],
    [
      7.02107,
      9.35635,
      -0.0179702
    ],
    [
      7.39308,
      9.34967,
      -0.0179702
    ],
    [
      7.76509,
      9.34298,
      -0.0179702
    ],
    [
      8.1371,
      9.33629,
      -0.0179702
    ],
    [
      8.50879,
      9.32442,
      -0.150099
    ],
    [
      8.8351,
      9.24964,
      -0.42877
    ],
    [
      9.08637,
      9.03334,
      -0.992776
    ],
    [
      9.18308,
      8.71621,
      -1.55678
    ],
    [
      9.15611,
      8.38853,
      -1.66318
    ],
    [
      9.12577,
      8.06103,
      -1.66318
    ],
    [
      9.09542,
      7.73354,
      -1.66318
    ],
    [
      9.06508,
      7.40605,
      -1.66318
    ],
    [
      9.0248,
      7.08009,
      -1.84708
    ],
    [
      8.85442,
      6.80365,
      -2.39919
    ],
    [
      8.64565,
      6.41443,
      -1.89351
    ],
    [
      8.50357,
      5.98954,
      -1.89351
    ],
    [
      8.40562,
      5.55603,
      -1.50414
    ],
    [
      8.59304,
      5.16068,
      -0.752069
    ],
    [
      9.0,
      5.0,
      0.0
    ]
  ]
}