{
  "robot": {
    "class": "RectangleRobot",
    "radius": 0.3691659684143357,
    "wheelbase": 0.32086794102507155,
    "max_velocity": 8.822118074595375,
    "max_steering_at_zero_v": 0.4252229001356567,
    "max_steering_at_max_v": 0.18978356381838105,
    "acceleration": 5,
    "width": 0.45773780737197234,
    "lenght": 0.5793186935042544
  },
  "planner": {
    "class": "Dubins_pathfinding",
    "start": [
      1.0,
      5.0
    ],
    "goal": [
      9.0,
      5.0
    ],
    "bounds": [
      0,
      10,
      0,
      10
    ],
    "max_runtime": 15.0,
    "goal_threshold": 0.0,
    "interpolate_steps": 50
  },
  "path": [
    [
      1.0,
      5.0,
      0.0
    ],
    [
      1.34812,
      4.90858,
      -0.513597
    ],
    [
      1.60641,
      4.65793,
      -1.02719
    ],
    [
      1.70823,
      4.31271,
      -1.54079
    ],
    [
      1.62888,
      3.96126,
      -1.98416
    ],
    [
      1.4827,
      3.628,
      -1.98416
    ],
    [
      1.33669,
      3.29467,
      -1.96187
    ],
    [
      1.18453,
      2.9773,
      -2.02143
    ],
    [
      1.03122,
      2.66045,
      -2.02143
    ],
    [
      0.877922,
      2.34361,
      -2.02143
    ],
    [
      0.724619,
      2.02676,
      -2.02143
    ],
    [
      0.571317,
      1.70991,
      -2.02143
    ],
    [
      0.440233,
      1.38459,
      -1.76211
    ],
    [
      0.460103,
      1.03678,
      -1.26534
    ],
    [
      0.643335,
      0.740479,
      -0.768573
    ],
    [
      0.942926,
      0.56808,
      -0.275769
    ],
    [
      1.28925,
      0.529919,
      -0.0645254
    ],
    [
      1.6377,
      0.507404,
      -0.0645254
    ],
    [
      1.98615,
      0.484888,
      -0.0645254
    ],
    [
      2.3346,
      0.462373,
      -0.0645254
    ],
    [
      2.68305,
      0.439858,
      -0.0645254
    ],
    [
      3.0315,
      0.417343,
      -0.0645254
    ],
    [
      3.37995,
      0.394828,
      -0.0645254
    ],
    [
      3.7284,
      0.372313,
      -0.0645254
    ],
    [
      4.07742,
      0.379249,
      0.0286787
    ],
    [
      4.42646,
      0.389261,
      0.0286787
    ],
    [
      4.77549,
      0.399274,
      0.0286787
    ],
    [
      5.12452,
      0.409286,
      0.0286787
    ],
    [
      5.47356,
      0.419299,
      0.0286787
    ],
    [
      5.82259,
      0.429311,
      0.0286787
    ],
    [
      6.17162,
      0.439324,
      0.0286787
    ],
    [
      6.52065,
      0.449336,
      0.0286787
    ],
    [
      6.86969,
      0.459349,
      0.0286787
    ],
    [
      7.24482,
      0.540011,
      0.261744
    ],
    [
      7.61644,
      0.639563,
      0.261744
    ],
    [
      7.98805,
      0.739115,
      0.261744
    ],
    [
      8.35967,
      0.838667,
      0.261744
    ],
    [
      8.73128,
      0.938219,
      0.261744
    ],
    [
      9.06462,
      1.12089,
      0.771828
    ],
    [
      9.2559,
      1.44925,
      1.3148
    ],
    [
      9.25002,
      1.82922,
      1.85776
    ],
    [
      9.10324,
      2.19346,
      1.96403
    ],
    [
      8.95272,
      2.5563,
      1.96403
    ],
    [
      8.8022,
      2.91914,
      1.96403
    ],
    [
      8.65167,
      3.28198,
      1.96403
    ],
    [
      8.50115,
      3.64482,
      1.96403
    ],
    [
      8.35063,
      4.00766,
      1.96403
    ],
    [
      8.29862,
      4.392,
      1.42841
    ],
    [
      8.45661,
      4.74617,
      0.874001
    ],
    [
      9.0,
      5.0,
      0.0
    ]
  ]
}