{
  "robot": {
    "class": "RectangleRobot",
    "radius": 0.31865735856102456,
    "wheelbase": 0.25253636755474934,
    "max_velocity": 11.448265003101422,
    "max_steering_at_zero_v": 0.39826467421496664,
    "max_steering_at_max_v": 0.17539657523292468,
    "acceleration": 5,
    "width": 0.5384077642552693,
    "lenght": 0.3410089852921766
  },
  "planner": {
    "class": "Dubins_pathfinding",
    "start": [
      1.0,
      5.0
    ],
    "goal": [
      9.0,
      5.0
    ],
    "bounds": [
      0,
      10,
      0,
      10
    ],
    "max_runtime": 15.0,
    "goal_threshold": 0.0,
    "interpolate_steps": 50
  },
  "path": [
    [
      1.0,
      5.0,
      0.0
    ],
    [
      1.36555,
      4.87584,
      -0.654854
    ],
    [
      1.57987,
      4.55473,
      -1.30971
    ],
    [
      1.55854,
      4.16814,
      -1.84234
    ],
    [
      1.45265,
      3.78963,
      -1.88263
    ],
    [
      1.31687,
      3.46801,
      -1.97808
    ],
    [
      1.17856,
      3.1474,
      -1.97808
    ],
    [
      1.04024,
      2.82679,
      -1.97808
    ],
    [
      0.901924,
      2.50617,
      -1.97808
    ],
    [
      0.763608,
      2.18556,
      -1.97808
    ],
    [
      0.625292,
      1.86495,
      -1.97808
    ],
    [
      0.509436,
      1.53705,
      -1.69728
    ],
    [
      0.565779,
      1.19742,
      -1.11552
    ],
    [
      0.799479,
      0.944615,
      -0.533758
    ],
    [
      1.03132,
      0.713181,
      -0.919742
    ],
    [
      1.26354,
      0.482186,
      -0.531219
    ],
    [
      1.57906,
      0.399581,
      0.0190951
    ],
    [
      1.89119,
      0.494172,
      0.569409
    ],
    [
      2.22215,
      0.590181,
      0.0548341
    ],
    [
      2.5708,
      0.609318,
      0.0548341
    ],
    [
      2.91945,
      0.628455,
      0.0548341
    ],
    [
      3.2681,
      0.647592,
      0.0548341
    ],
    [
      3.61676,
      0.666729,
      0.0548341
    ],
    [
      3.96541,
      0.685866,
      0.0548341
    ],
    [
      4.31406,
      0.705004,
      0.0548341
    ],
    [
      4.66271,
      0.724141,
      0.0548341
    ],
    [
      5.01136,
      0.743278,
      0.0548341
    ],
    [
      5.4019,
      0.722895,
      -0.062741
    ],
    [
      5.79233,
      0.698367,
      -0.062741
    ],
    [
      6.18277,
      0.673838,
      -0.062741
    ],
    [
      6.57321,
      0.649309,
      -0.062741
    ],
    [
      6.96365,
      0.624781,
      -0.062741
    ],
    [
      7.35408,
      0.600252,
      -0.062741
    ],
    [
      7.74452,
      0.575723,
      -0.062741
    ],
    [
      8.13498,
      0.551711,
      -0.0212277
    ],
    [
      8.50025,
      0.666012,
      0.627771
    ],
    [
      8.74899,
      0.96292,
      0.956522
    ],
    [
      8.97351,
      1.28124,
      0.956522
    ],
    [
      9.19802,
      1.59957,
      0.956522
    ],
    [
      9.42516,
      1.9159,
      0.851741
    ],
    [
      9.5629,
      2.19765,
      1.38039
    ],
    [
      9.53974,
      2.51041,
      1.90905
    ],
    [
      9.39312,
      2.78961,
      2.28217
    ],
    [
      9.15767,
      3.12236,
      2.17872
    ],
    [
      8.9248,
      3.45703,
      2.17872
    ],
    [
      8.69192,
      3.79169,
      2.17872
    ],
    [
      8.46409,
      4.12953,
      2.03788
    ],
    [
      8.41326,
      4.52621,
      1.35859
    ],
    [
      8.62292,
      4.86676,
      0.679295
    ],
    [
      9.0,
      5.0,
      0.0
    ]
  ]
}