{
  "robot": {
    "class": "RectangleRobot",
    "radius": 0.33454650835747457,
    "wheelbase": 0.4649365506090999,
    "max_velocity": 11.901600435790717,
    "max_steering_at_zero_v": 0.49166716154405965,
    "max_steering_at_max_v": 0.259282005262506,
    "acceleration": 5,
    "width": 0.5818241678188195,
    "lenght": 0.330402939996982
  },
  "planner": {
    "class": "Dubins_pathfinding",
    "start": [
      1.0,
      5.0
    ],
    "goal": [
      9.0,
      5.0
    ],
    "bounds": [
      0,
      10,
      0,
      10
    ],
    "max_runtime": 15.0,
    "goal_threshold": 0.0,
    "interpolate_steps": 50
  },
  "path": [
    [
      1.0,
      5.0,
      0.0
    ],
    [
      1.37956,
      4.91264,
      -0.452469
    ],
    [
      1.68272,
      4.66813,
      -0.904938
    ],
    [
      1.84849,
      4.31568,
      -1.35741
    ],
    [
      1.84348,
      3.92623,
      -1.80988
    ],
    [
      1.70266,
      3.55994,
      -1.96407
    ],
    [
      1.55213,
      3.1971,
      -1.96407
    ],
    [
      1.40159,
      2.83427,
      -1.96407
    ],
    [
      1.25105,
      2.47144,
      -1.96407
    ],
    [
      1.02491,
      2.15433,
      -2.41654
    ],
    [
      0.714136,
      1.91568,
      -2.33751
    ],
    [
      0.513731,
      1.58171,
      -1.88504
    ],
    [
      0.479497,
      1.19374,
      -1.43257
    ],
    [
      0.618326,
      0.829842,
      -0.980102
    ],
    [
      0.902276,
      0.563256,
      -0.527633
    ],
    [
      1.2742,
      0.447637,
      -0.0751641
    ],
    [
      1.65925,
      0.506252,
      0.377305
    ],
    [
      2.0007,
      0.567113,
      -0.0128665
    ],
    [
      2.34985,
      0.56262,
      -0.0128665
    ],
    [
      2.699,
      0.558128,
      -0.0128665
    ],
    [
      3.04815,
      0.553635,
      -0.0128665
    ],
    [
      3.39729,
      0.549142,
      -0.0128665
    ],
    [
      3.74644,
      0.54465,
      -0.0128665
    ],
    [
      4.09559,
      0.540157,
      -0.0128665
    ],
    [
      4.44473,
      0.535665,
      -0.0128665
    ],
    [
      4.79388,
      0.531172,
      -0.0128665
    ],
    [
      5.1835,
      0.525846,
      -0.0136711
    ],
    [
      5.57312,
      0.520519,
      -0.0136711
    ],
    [
      5.96273,
      0.515192,
      -0.0136711
    ],
    [
      6.35235,
      0.509865,
      -0.0136711
    ],
    [
      6.74196,
      0.504538,
      -0.0136711
    ],
    [
      7.13158,
      0.499212,
      -0.0136711
    ],
    [
      7.5212,
      0.493885,
      -0.0136711
    ],
    [
      7.91066,
      0.484957,
      -0.1048
    ],
    [
      8.2862,
      0.528209,
      0.334135
    ],
    [
      8.60775,
      0.726956,
      0.77307
    ],
    [
      8.83856,
      1.0294,
      0.957766
    ],
    [
      9.05766,
      1.34119,
      0.978271
    ],
    [
      9.19543,
      1.69321,
      1.41721
    ],
    [
      9.17055,
      2.07041,
      1.85614
    ],
    [
      8.98772,
      2.40128,
      2.29508
    ],
    [
      8.68161,
      2.62309,
      2.73401
    ],
    [
      8.37244,
      2.84838,
      2.28973
    ],
    [
      8.19011,
      3.18469,
      1.84544
    ],
    [
      8.15168,
      3.56731,
      1.60696
    ],
    [
      8.13773,
      3.95278,
      1.60696
    ],
    [
      8.15628,
      4.33645,
      1.33286
    ],
    [
      8.32615,
      4.67923,
      0.888571
    ],
    [
      8.62685,
      4.91572,
      0.444286
    ],
    [
      9.0,
      5.0,
      0.0
    ]
  ]
}