{
  "robot": {
    "class": "RectangleRobot",
    "radius": 0.31854674614882433,
    "wheelbase": 0.2132491906086633,
    "max_velocity": 7.912209778481859,
    "max_steering_at_zero_v": 0.3463376232191971,
    "max_steering_at_max_v": 0.24000065175153112,
    "acceleration": 5,
    "width": 0.5281237940253984,
    "lenght": 0.3563332374508904
  },
  "planner": {
    "class": "Dubins_pathfinding",
    "start": [
      1.0,
      5.0
    ],
    "goal": [
      9.0,
      5.0
    ],
    "bounds": [
      0,
      10,
      0,
      10
    ],
    "max_runtime": 15.0,
    "goal_threshold": 0.0,
    "interpolate_steps": 50
  },
  "path": [
    [
      1.0,
      5.0,
      0.0
    ],
    [
      1.31881,
      4.90662,
      -0.569864
    ],
    [
      1.53685,
      4.656,
      -1.13973
    ],
    [
      1.58523,
      4.32734,
      -1.70959
    ],
    [
      1.49634,
      4.00281,
      -1.85723
    ],
    [
      1.4012,
      3.67979,
      -1.85723
    ],
    [
      1.30607,
      3.35677,
      -1.85723
    ],
    [
      1.2147,
      3.0328,
      -1.74245
    ],
    [
      1.0963,
      2.66388,
      -1.90029
    ],
    [
      0.970835,
      2.29697,
      -1.90029
    ],
    [
      0.845365,
      1.93006,
      -1.90029
    ],
    [
      0.719896,
      1.56315,
      -1.90029
    ],
    [
      0.687576,
      1.18304,
      -1.33348
    ],
    [
      0.876873,
      0.859198,
      -0.770369
    ],
    [
      1.21299,
      0.697186,
      -0.127936
    ],
    [
      1.56189,
      0.698524,
      0.023122
    ],
    [
      1.91097,
      0.706597,
      0.023122
    ],
    [
      2.26005,
      0.71467,
      0.023122
    ],
    [
      2.60914,
      0.722743,
      0.023122
    ],
    [
      2.95822,
      0.730816,
      0.023122
    ],
    [
      3.3073,
      0.738889,
      0.023122
    ],
    [
      3.65639,
      0.746962,
      0.023122
    ],
    [
      4.00547,
      0.755035,
      0.023122
    ],
    [
      4.35455,
      0.763107,
      0.023122
    ],
    [
      4.70119,
      0.757696,
      -0.0169791
    ],
    [
      5.04783,
      0.75181,
      -0.0169791
    ],
    [
      5.39446,
      0.745924,
      -0.0169791
    ],
    [
      5.7411,
      0.740038,
      -0.0169791
    ],
    [
      6.08774,
      0.734152,
      -0.0169791
    ],
    [
      6.43438,
      0.728266,
      -0.0169791
    ],
    [
      6.78101,
      0.72238,
      -0.0169791
    ],
    [
      7.12765,
      0.716493,
      -0.0169791
    ],
    [
      7.47422,
      0.714108,
      0.0919028
    ],
    [
      7.80365,
      0.775705,
      0.194032
    ],
    [
      8.13259,
      0.840343,
      0.194032
    ],
    [
      8.46153,
      0.904981,
      0.194032
    ],
    [
      8.79047,
      0.96962,
      0.194032
    ],
    [
      9.11169,
      1.05973,
      0.494547
    ],
    [
      9.34725,
      1.29192,
      1.06186
    ],
    [
      9.42113,
      1.61432,
      1.62918
    ],
    [
      9.36943,
      1.99032,
      1.71291
    ],
    [
      9.31566,
      2.36609,
      1.71291
    ],
    [
      9.2619,
      2.74186,
      1.71291
    ],
    [
      9.20814,
      3.11762,
      1.71291
    ],
    [
      9.09061,
      3.4736,
      2.18977
    ],
    [
      8.78927,
      3.6936,
      2.83216
    ],
    [
      8.44713,
      3.97968,
      2.05824
    ],
    [
      8.40019,
      4.42393,
      1.37178
    ],
    [
      8.58699,
      4.83169,
      0.773922
    ],
    [
      9.0,
      5.0,
      0.0
    ]
  ]
}