{
  "robot": {
    "class": "RectangleRobot",
    "radius": 0.2877526790427368,
    "wheelbase": 0.5106429672996626,
    "max_velocity": 7.400059639301862,
    "max_steering_at_zero_v": 0.49783274671846645,
    "max_steering_at_max_v": 0.25734506881319946,
    "acceleration": 5,
    "width": 0.38328405414453137,
    "lenght": 0.4293014686949268
  },
  "planner": {
    "class": "Dubins_pathfinding",
    "start": [
      1.0,
      5.0
    ],
    "goal": [
      9.0,
      5.0
    ],
    "bounds": [
      0,
      10,
      0,
      10
    ],
    "max_runtime": 15.0,
    "goal_threshold": 0.0,
    "interpolate_steps": 50
  },
  "path": [
    [
      1.0,
      5.0,
      0.0
    ],
    [
      1.34119,
      5.06414,
      0.371638
    ],
    [
      1.6358,
      5.2478,
      0.743276
    ],
    [
      1.84361,
      5.52591,
      1.11491
    ],
    [
      1.93623,
      5.8605,
      1.48655
    ],
    [
      1.90102,
      6.20588,
      1.85819
    ],
    [
      1.7428,
      6.5149,
      2.22983
    ],
    [
      1.51549,
      6.77992,
      2.28366
    ],
    [
      1.28712,
      7.04407,
      2.28366
    ],
    [
      1.05876,
      7.30822,
      2.28366
    ],
    [
      0.883165,
      7.6079,
      1.95929
    ],
    [
      0.750899,
      7.93105,
      1.95929
    ],
    [
      0.628388,
      8.25765,
      1.81086
    ],
    [
      0.609566,
      8.60431,
      1.43922
    ],
    [
      0.717915,
      8.93414,
      1.06758
    ],
    [
      0.938642,
      9.20211,
      0.695945
    ],
    [
      1.24161,
      9.37163,
      0.324307
    ],
    [
      1.58546,
      9.41955,
      -0.0473316
    ],
    [
      1.92324,
      9.33934,
      -0.41897
    ],
    [
      2.30459,
      9.25669,
      -0.0551234
    ],
    [
      2.69682,
      9.23505,
      -0.0551234
    ],
    [
      3.08905,
      9.21341,
      -0.0551234
    ],
    [
      3.48127,
      9.19177,
      -0.0551234
    ],
    [
      3.8735,
      9.17012,
      -0.0551234
    ],
    [
      4.26572,
      9.14848,
      -0.0551234
    ],
    [
      4.65795,
      9.12684,
      -0.0551234
    ],
    [
      5.05018,
      9.10519,
      -0.0551234
    ],
    [
      5.39902,
      9.11697,
      0.0480462
    ],
    [
      5.74779,
      9.13374,
      0.0480462
    ],
    [
      6.09657,
      9.15051,
      0.0480462
    ],
    [
      6.44534,
      9.16728,
      0.0480462
    ],
    [
      6.79411,
      9.18405,
      0.0480462
    ],
    [
      7.14289,
      9.20082,
      0.0480462
    ],
    [
      7.49166,
      9.21759,
      0.0480462
    ],
    [
      7.84043,
      9.23436,
      0.0480462
    ],
    [
      8.18921,
      9.25113,
      0.0480462
    ],
    [
      8.55981,
      9.19404,
      -0.353746
    ],
    [
      8.87857,
      8.99656,
      -0.755538
    ],
    [
      9.09472,
      8.69015,
      -1.15733
    ],
    [
      9.17383,
      8.32362,
      -1.55912
    ],
    [
      9.1033,
      7.95534,
      -1.96091
    ],
    [
      8.90177,
      7.63778,
      -2.21931
    ],
    [
      8.67375,
      7.33691,
      -2.21931
    ],
    [
      8.44077,
      7.04012,
      -2.33627
    ],
    [
      8.20427,
      6.60789,
      -1.828
    ],
    [
      8.07901,
      6.12543,
      -1.76994
    ],
    [
      8.11156,
      5.63386,
      -1.2394
    ],
    [
      8.38838,
      5.22634,
      -0.708859
    ],
    [
      8.83335,
      5.0149,
      -0.178318
    ],
    [
      9.0,
      5.0,
      0.0
    ]
  ]
}