{
  "robot": {
    "class": "RectangleRobot",
    "radius": 0.34650648023040964,
    "wheelbase": 0.3237678736594087,
    "max_velocity": 11.317238488246701,
    "max_steering_at_zero_v": 0.47409711390174725,
    "max_steering_at_max_v": 0.20812155664883586,
    "acceleration": 5,
    "width": 0.19811027566561334,
    "lenght": 0.6640928263747198
  },
  "planner": {
    "class": "Dubins_pathfinding",
    "start": [
      1.0,
      5.0
    ],
    "goal": [
      9.0,
      5.0
    ],
    "bounds": [
      0,
      10,
      0,
      10
    ],
    "max_runtime": 15.0,
    "goal_threshold": 0.0,
    "interpolate_steps": 50
  },
  "path": [
    [
      1.0,
      5.0,
      0.0
    ],
    [
      1.35211,
      4.89262,
      -0.592032
    ],
    [
      1.58437,
      4.60701,
      -1.18406
    ],
    [
      1.61772,
      4.24041,
      -1.77609
    ],
    [
      1.53189,
      3.87685,
      -1.80323
    ],
    [
      1.44585,
      3.51334,
      -1.80323
    ],
    [
      1.3598,
      3.14984,
      -1.80323
    ],
    [
      1.21259,
      2.81113,
      -2.26194
    ],
    [
      1.01337,
      2.5264,
      -2.17434
    ],
    [
      0.816107,
      2.24023,
      -2.17434
    ],
    [
      0.61981,
      1.95342,
      -2.1136
    ],
    [
      0.529263,
      1.61396,
      -1.54934
    ],
    [
      0.62443,
      1.2738,
      -1.17199
    ],
    [
      0.76524,
      0.946887,
      -1.07757
    ],
    [
      1.03058,
      0.685476,
      -0.478314
    ],
    [
      1.39674,
      0.604107,
      -0.0984929
    ],
    [
      1.77302,
      0.566926,
      -0.0984929
    ],
    [
      2.14957,
      0.550355,
      0.157348
    ],
    [
      2.49832,
      0.561253,
      0.0122277
    ],
    [
      2.84747,
      0.565522,
      0.0122277
    ],
    [
      3.19662,
      0.569792,
      0.0122277
    ],
    [
      3.54577,
      0.574061,
      0.0122277
    ],
    [
      3.89492,
      0.578331,
      0.0122277
    ],
    [
      4.24407,
      0.5826,
      0.0122277
    ],
    [
      4.59322,
      0.58687,
      0.0122277
    ],
    [
      4.94237,
      0.591139,
      0.0122277
    ],
    [
      5.29152,
      0.595409,
      0.0122277
    ],
    [
      5.5974,
      0.569226,
      -0.0978236
    ],
    [
      5.90305,
      0.539231,
      -0.0978236
    ],
    [
      6.2087,
      0.509235,
      -0.0978236
    ],
    [
      6.50335,
      0.431985,
      -0.490829
    ],
    [
      6.82411,
      0.357927,
      0.0370257
    ],
    [
      7.14685,
      0.435188,
      0.300764
    ],
    [
      7.46496,
      0.533856,
      0.300764
    ],
    [
      7.78306,
      0.632525,
      0.300764
    ],
    [
      8.10117,
      0.731193,
      0.300764
    ],
    [
      8.41928,
      0.829861,
      0.300764
    ],
    [
      8.73555,
      0.93363,
      0.43185
    ],
    [
      9.0134,
      1.18353,
      1.03313
    ],
    [
      9.10115,
      1.54678,
      1.63441
    ],
    [
      9.05754,
      1.92364,
      1.68844
    ],
    [
      9.01301,
      2.3004,
      1.68844
    ],
    [
      8.96847,
      2.67717,
      1.68844
    ],
    [
      8.89596,
      3.04773,
      1.99025
    ],
    [
      8.64952,
      3.32865,
      2.59154
    ],
    [
      8.38514,
      3.65433,
      1.91382
    ],
    [
      8.35652,
      4.07756,
      1.52972
    ],
    [
      8.38361,
      4.50387,
      1.35543
    ],
    [
      8.60437,
      4.86056,
      0.677717
    ],
    [
      9.0,
      5.0,
      0.0
    ]
  ]
}