{
  "robot": {
    "class": "RectangleRobot",
    "radius": 0.21697556184891034,
    "wheelbase": 0.3237296260575075,
    "max_velocity": 12.959444664111611,
    "max_steering_at_zero_v": 0.3882099213153294,
    "max_steering_at_max_v": 0.2029591469614122,
    "acceleration": 5,
    "width": 0.28185149173007434,
    "lenght": 0.3299595647471567
  },
  "planner": {
    "class": "Dubins_pathfinding",
    "start": [
      1.0,
      5.0
    ],
    "goal": [
      9.0,
      5.0
    ],
    "bounds": [
      0,
      10,
      0,
      10
    ],
    "max_runtime": 15.0,
    "goal_threshold": 0.0,
    "interpolate_steps": 50
  },
  "path": [
    [
      1.0,
      5.0,
      0.0
    ],
    [
      1.30632,
      5.06167,
      0.397348
    ],
    [
      1.56492,
      5.23708,
      0.794696
    ],
    [
      1.73548,
      5.49889,
      1.19204
    ],
    [
      1.79145,
      5.8063,
      1.58939
    ],
    [
      1.77698,
      6.1205,
      1.61782
    ],
    [
      1.76219,
      6.43469,
      1.61782
    ],
    [
      1.74741,
      6.74888,
      1.61782
    ],
    [
      1.73262,
      7.06306,
      1.61782
    ],
    [
      1.76403,
      7.37415,
      1.27526
    ],
    [
      1.92701,
      7.6665,
      0.849206
    ],
    [
      2.19602,
      7.86582,
      0.459155
    ],
    [
      2.49834,
      8.01529,
      0.459155
    ],
    [
      2.80066,
      8.16476,
      0.459155
    ],
    [
      3.10299,
      8.31423,
      0.459155
    ],
    [
      3.40531,
      8.46369,
      0.459155
    ],
    [
      3.70764,
      8.61316,
      0.459155
    ],
    [
      4.00842,
      8.76553,
      0.550268
    ],
    [
      4.3031,
      8.91132,
      0.446495
    ],
    [
      4.59975,
      9.05334,
      0.446495
    ],
    [
      4.8964,
      9.19536,
      0.446495
    ],
    [
      5.19305,
      9.33738,
      0.446495
    ],
    [
      5.4897,
      9.4794,
      0.446495
    ],
    [
      5.78635,
      9.62142,
      0.446495
    ],
    [
      6.09143,
      9.74136,
      0.201968
    ],
    [
      6.43662,
      9.74749,
      -0.0613605
    ],
    [
      6.78254,
      9.72624,
      -0.0613605
    ],
    [
      7.12857,
      9.70939,
      0.0440813
    ],
    [
      7.47152,
      9.65469,
      -0.269638
    ],
    [
      7.80808,
      9.56168,
      -0.269638
    ],
    [
      8.14464,
      9.46866,
      -0.269638
    ],
    [
      8.4812,
      9.37565,
      -0.269638
    ],
    [
      8.81776,
      9.28263,
      -0.269638
    ],
    [
      9.15272,
      9.1846,
      -0.385058
    ],
    [
      9.43747,
      8.98743,
      -0.826169
    ],
    [
      9.61079,
      8.68756,
      -1.26728
    ],
    [
      9.63949,
      8.3424,
      -1.70839
    ],
    [
      9.60595,
      8.01617,
      -1.67162
    ],
    [
      9.56204,
      7.69159,
      -1.8387
    ],
    [
      9.4131,
      7.40203,
      -2.25301
    ],
    [
      9.1602,
      7.19692,
      -2.66732
    ],
    [
      8.84612,
      7.11097,
      -3.08163
    ],
    [
      8.49311,
      7.00363,
      -2.61119
    ],
    [
      8.2271,
      6.74794,
      -2.14074
    ],
    [
      8.10589,
      6.39944,
      -1.67029
    ],
    [
      8.14443,
      6.03088,
      -1.37232
    ],
    [
      8.21786,
      5.66579,
      -1.37232
    ],
    [
      8.36033,
      5.32529,
      -0.940897
    ],
    [
      8.64119,
      5.08599,
      -0.470448
    ],
    [
      9.0,
      5.0,
      0.0
    ]
  ]
}