{
  "robot": {
    "class": "RectangleRobot",
    "radius": 0.24253430002750095,
    "wheelbase": 0.4807420385652858,
    "max_velocity": 7.323676546554568,
    "max_steering_at_zero_v": 0.45667764929651744,
    "max_steering_at_max_v": 0.23787594403669862,
    "acceleration": 5,
    "width": 0.18079381348643814,
    "lenght": 0.4501168112438708
  },
  "planner": {
    "class": "Dubins_pathfinding",
    "start": [
      1.0,
      5.0
    ],
    "goal": [
      9.0,
      5.0
    ],
    "bounds": [
      0,
      10,
      0,
      10
    ],
    "max_runtime": 15.0,
    "goal_threshold": 0.0,
    "interpolate_steps": 50
  },
  "path": [
    [
      1.0,
      5.0,
      0.0
    ],
    [
      1.38236,
      4.9222,
      -0.401465
    ],
    [
      1.70391,
      4.70118,
      -0.80293
    ],
    [
      1.91353,
      4.37207,
      -1.20439
    ],
    [
      1.97787,
      3.98722,
      -1.60586
    ],
    [
      1.88672,
      3.60783,
      -2.00732
    ],
    [
      1.68165,
      3.27314,
      -2.14362
    ],
    [
      1.46874,
      2.94302,
      -2.14362
    ],
    [
      1.25583,
      2.6129,
      -2.14362
    ],
    [
      1.00013,
      2.33069,
      -2.37612
    ],
    [
      0.729688,
      2.06127,
      -2.25747
    ],
    [
      0.550569,
      1.72667,
      -1.86711
    ],
    [
      0.512248,
      1.34907,
      -1.47676
    ],
    [
      0.620491,
      0.985304,
      -1.0864
    ],
    [
      0.859011,
      0.690087,
      -0.69605
    ],
    [
      1.19192,
      0.507839,
      -0.305694
    ],
    [
      1.56914,
      0.46598,
      0.0846607
    ],
    [
      1.87668,
      0.52518,
      0.217835
    ],
    [
      2.17668,
      0.613396,
      0.426861
    ],
    [
      2.51334,
      0.698798,
      0.0700034
    ],
    [
      2.86217,
      0.688825,
      -0.0481226
    ],
    [
      3.21094,
      0.672029,
      -0.0481226
    ],
    [
      3.55972,
      0.655232,
      -0.0481226
    ],
    [
      3.90849,
      0.638435,
      -0.0481226
    ],
    [
      4.25726,
      0.621638,
      -0.0481226
    ],
    [
      4.60603,
      0.604841,
      -0.0481226
    ],
    [
      4.9548,
      0.588045,
      -0.0481226
    ],
    [
      5.30358,
      0.571248,
      -0.0481226
    ],
    [
      5.65097,
      0.551431,
      -0.0570948
    ],
    [
      5.99836,
      0.531576,
      -0.0570948
    ],
    [
      6.34575,
      0.51172,
      -0.0570948
    ],
    [
      6.69314,
      0.491864,
      -0.0570948
    ],
    [
      7.04055,
      0.485755,
      0.110596
    ],
    [
      7.4331,
      0.485994,
      -0.0209195
    ],
    [
      7.82583,
      0.477776,
      -0.0209195
    ],
    [
      8.21757,
      0.490376,
      0.185595
    ],
    [
      8.57901,
      0.637395,
      0.58706
    ],
    [
      8.85425,
      0.913961,
      0.988524
    ],
    [
      8.99954,
      1.27609,
      1.38999
    ],
    [
      8.99176,
      1.66621,
      1.79145
    ],
    [
      8.83217,
      2.02226,
      2.19292
    ],
    [
      8.66922,
      2.39262,
      1.79881
    ],
    [
      8.5771,
      2.78958,
      1.79881
    ],
    [
      8.41402,
      3.15988,
      2.19332
    ],
    [
      8.41402,
      3.15988,
      2.19332
    ],
    [
      8.13067,
      3.57244,
      2.04763
    ],
    [
      8.02213,
      4.05584,
      1.53572
    ],
    [
      8.16429,
      4.53044,
      1.02381
    ],
    [
      8.5207,
      4.87457,
      0.511907
    ],
    [
      9.0,
      5.0,
      0.0
    ]
  ]
}