{
  "robot": {
    "class": "RectangleRobot",
    "radius": 0.308755087797659,
    "wheelbase": 0.2776299069294993,
    "max_velocity": 9.051911433398512,
    "max_steering_at_zero_v": 0.47736717155249736,
    "max_steering_at_max_v": 0.18067038838237656,
    "acceleration": 5,
    "width": 0.4232751323866619,
    "lenght": 0.44961870431156914
  },
  "planner": {
    "class": "Dubins_pathfinding",
    "start": [
      1.0,
      5.0
    ],
    "goal": [
      9.0,
      5.0
    ],
    "bounds": [
      0,
      10,
      0,
      10
    ],
    "max_runtime": 15.0,
    "goal_threshold": 0.0,
    "interpolate_steps": 50
  },
  "path": [
    [
      1.0,
      5.0,
      0.0
    ],
    [
      1.35455,
      5.13378,
      0.721596
    ],
    [
      1.53236,
      5.46842,
      1.44319
    ],
    [
      1.45241,
      5.84103,
      1.98599
    ],
    [
      1.29619,
      6.19542,
      1.98599
    ],
    [
      1.13641,
      6.54807,
      2.10758
    ],
    [
      1.038,
      6.88235,
      1.77008
    ],
    [
      0.968599,
      7.22599,
      1.77008
    ],
    [
      0.899197,
      7.56962,
      1.77008
    ],
    [
      0.829795,
      7.91325,
      1.77008
    ],
    [
      0.760393,
      8.25688,
      1.77008
    ],
    [
      0.690992,
      8.60051,
      1.77008
    ],
    [
      0.696337,
      8.94585,
      1.24019
    ],
    [
      0.925507,
      9.23044,
      0.545523
    ],
    [
      1.28404,
      9.3086,
      0.00312445
    ],
    [
      1.65688,
      9.30976,
      0.00312445
    ],
    [
      2.02972,
      9.31119,
      0.0347636
    ],
    [
      2.36494,
      9.31012,
      -0.00444077
    ],
    [
      2.70017,
      9.30863,
      -0.00444077
    ],
    [
      3.03539,
      9.30714,
      -0.00444077
    ],
    [
      3.37062,
      9.30565,
      -0.00444077
    ],
    [
      3.70584,
      9.30416,
      -0.00444077
    ],
    [
      4.04107,
      9.30268,
      -0.00444077
    ],
    [
      4.37516,
      9.28722,
      -0.233088
    ],
    [
      4.71895,
      9.29234,
      0.101613
    ],
    [
      5.06303,
      9.32742,
      0.101613
    ],
    [
      5.40736,
      9.35848,
      -0.0210615
    ],
    [
      5.73954,
      9.33269,
      -0.0803184
    ],
    [
      6.07166,
      9.30595,
      -0.0803184
    ],
    [
      6.40378,
      9.27922,
      -0.0803184
    ],
    [
      6.7359,
      9.25249,
      -0.0803184
    ],
    [
      7.06803,
      9.22575,
      -0.0803184
    ],
    [
      7.40015,
      9.19902,
      -0.0803184
    ],
    [
      7.73227,
      9.17229,
      -0.0803184
    ],
    [
      8.06439,
      9.14556,
      -0.0803184
    ],
    [
      8.39147,
      9.09213,
      -0.39894
    ],
    [
      8.74297,
      9.00677,
      -0.326645
    ],
    [
      9.02289,
      8.78764,
      -1.00173
    ],
    [
      9.10446,
      8.44163,
      -1.67681
    ],
    [
      8.9519,
      8.12054,
      -2.3519
    ],
    [
      8.63213,
      7.96522,
      -3.02698
    ],
    [
      8.33005,
      7.82696,
      -2.39768
    ],
    [
      8.16723,
      7.53738,
      -1.76838
    ],
    [
      8.18668,
      7.2025,
      -1.41214
    ],
    [
      8.24004,
      6.86898,
      -1.41214
    ],
    [
      8.2934,
      6.53546,
      -1.41214
    ],
    [
      8.34677,
      6.20194,
      -1.41214
    ],
    [
      8.40021,
      5.86844,
      -1.39453
    ],
    [
      8.52179,
      5.29303,
      -1.0995
    ],
    [
      9.0,
      5.0,
      0.0
    ]
  ]
}