{
  "robot": {
    "class": "RectangleRobot",
    "radius": 0.2097659144661927,
    "wheelbase": 0.20560618647563889,
    "max_velocity": 10.752448167179953,
    "max_steering_at_zero_v": 0.4832654930791326,
    "max_steering_at_max_v": 0.25433314734251994,
    "acceleration": 5,
    "width": 0.10699625457237145,
    "lenght": 0.4056584240402713
  },
  "planner": {
    "class": "Dubins_pathfinding",
    "start": [
      1.0,
      5.0
    ],
    "goal": [
      9.0,
      5.0
    ],
    "bounds": [
      0,
      10,
      0,
      10
    ],
    "max_runtime": 15.0,
    "goal_threshold": 0.0,
    "interpolate_steps": 50
  },
  "path": [
    [
      1.0,
      5.0,
      0.0
    ],
    [
      1.27632,
      5.11403,
      0.782782
    ],
    [
      1.39427,
      5.38955,
      1.45297
    ],
    [
      1.43033,
      5.69413,
      1.45297
    ],
    [
      1.46638,
      5.9987,
      1.45297
    ],
    [
      1.52878,
      6.29676,
      1.08007
    ],
    [
      1.63084,
      6.59322,
      1.25925
    ],
    [
      1.72704,
      6.89195,
      1.25925
    ],
    [
      1.82324,
      7.19069,
      1.25925
    ],
    [
      1.91945,
      7.48942,
      1.25925
    ],
    [
      2.01565,
      7.78816,
      1.25925
    ],
    [
      2.20819,
      8.02546,
      0.489218
    ],
    [
      2.51251,
      8.05253,
      -0.311806
    ],
    [
      2.82052,
      8.08022,
      0.420118
    ],
    [
      3.11035,
      8.20969,
      0.420118
    ],
    [
      3.3297,
      8.4273,
      1.18532
    ],
    [
      3.53849,
      8.64014,
      0.404667
    ],
    [
      3.82639,
      8.7434,
      0.341867
    ],
    [
      4.11455,
      8.84594,
      0.341867
    ],
    [
      4.40271,
      8.94848,
      0.341867
    ],
    [
      4.69088,
      9.05102,
      0.341867
    ],
    [
      4.97904,
      9.15356,
      0.341867
    ],
    [
      5.26721,
      9.2561,
      0.341867
    ],
    [
      5.55537,
      9.35864,
      0.341867
    ],
    [
      5.82571,
      9.49469,
      0.783205
    ],
    [
      6.07448,
      9.60786,
      0.0706861
    ],
    [
      6.35189,
      9.58032,
      -0.126088
    ],
    [
      6.62921,
      9.56582,
      0.198744
    ],
    [
      6.9335,
      9.52351,
      -0.285004
    ],
    [
      7.23217,
      9.43601,
      -0.285004
    ],
    [
      7.53083,
      9.34851,
      -0.285004
    ],
    [
      7.8295,
      9.261,
      -0.285004
    ],
    [
      8.12816,
      9.1735,
      -0.285004
    ],
    [
      8.42683,
      9.086,
      -0.285004
    ],
    [
      8.72549,
      8.99849,
      -0.285004
    ],
    [
      8.99886,
      8.8605,
      -0.824093
    ],
    [
      9.10266,
      8.57573,
      -1.61842
    ],
    [
      8.97225,
      8.30212,
      -2.41274
    ],
    [
      8.80521,
      8.03105,
      -2.03718
    ],
    [
      8.66103,
      7.74464,
      -2.03718
    ],
    [
      8.51684,
      7.45823,
      -2.03718
    ],
    [
      8.37266,
      7.17182,
      -2.03718
    ],
    [
      8.22847,
      6.88541,
      -2.03718
    ],
    [
      8.09194,
      6.59579,
      -1.83122
    ],
    [
      8.13727,
      6.28376,
      -1.12329
    ],
    [
      8.27726,
      5.99211,
      -1.12329
    ],
    [
      8.41725,
      5.70046,
      -1.12329
    ],
    [
      8.55724,
      5.4088,
      -1.12329
    ],
    [
      8.71202,
      5.12614,
      -0.825698
    ],
    [
      9.0,
      5.0,
      0.0
    ]
  ]
}