{
  "robot": {
    "class": "RectangleRobot",
    "radius": 0.377020815897516,
    "wheelbase": 0.20052304360396014,
    "max_velocity": 7.409047511972135,
    "max_steering_at_zero_v": 0.4602475985188769,
    "max_steering_at_max_v": 0.25444578128509604,
    "acceleration": 5,
    "width": 0.6016225135504776,
    "lenght": 0.4545647738984183
  },
  "planner": {
    "class": "Dubins_pathfinding",
    "start": [
      1.0,
      5.0
    ],
    "goal": [
      9.0,
      5.0
    ],
    "bounds": [
      0,
      10,
      0,
      10
    ],
    "max_runtime": 15.0,
    "goal_threshold": 0.0,
    "interpolate_steps": 50
  },
  "path": [
    [
      1.0,
      5.0,
      0.0
    ],
    [
      1.30792,
      5.14221,
      0.865295
    ],
    [
      1.39933,
      5.46884,
      1.73059
    ],
    [
      1.32789,
      5.81146,
      1.77763
    ],
    [
      1.25601,
      6.15399,
      1.77763
    ],
    [
      1.18414,
      6.49652,
      1.77763
    ],
    [
      1.11226,
      6.83906,
      1.77763
    ],
    [
      1.02472,
      7.17671,
      2.06283
    ],
    [
      0.900277,
      7.54735,
      1.87688
    ],
    [
      0.782357,
      7.9205,
      1.87688
    ],
    [
      0.663512,
      8.29334,
      1.9464
    ],
    [
      0.515129,
      8.68144,
      2.26682
    ],
    [
      0.426278,
      9.00562,
      1.4098
    ],
    [
      0.613152,
      9.28502,
      0.55278
    ],
    [
      0.947039,
      9.36617,
      0.138855
    ],
    [
      1.29035,
      9.41415,
      0.138855
    ],
    [
      1.63366,
      9.46213,
      0.138855
    ],
    [
      1.97697,
      9.51011,
      0.138855
    ],
    [
      2.31498,
      9.48075,
      -0.483603
    ],
    [
      2.64076,
      9.43014,
      -0.0294401
    ],
    [
      2.97398,
      9.42032,
      -0.0294401
    ],
    [
      3.30721,
      9.41051,
      -0.0294401
    ],
    [
      3.64043,
      9.4007,
      -0.0294401
    ],
    [
      3.97366,
      9.39088,
      -0.0294401
    ],
    [
      4.30688,
      9.38107,
      -0.0294401
    ],
    [
      4.64011,
      9.37126,
      -0.0294401
    ],
    [
      4.97333,
      9.36144,
      -0.0294401
    ],
    [
      5.30656,
      9.3517,
      -0.0115812
    ],
    [
      5.65539,
      9.33631,
      -0.0447134
    ],
    [
      6.00422,
      9.3207,
      -0.0447134
    ],
    [
      6.35305,
      9.3051,
      -0.0447134
    ],
    [
      6.70188,
      9.28949,
      -0.0447134
    ],
    [
      7.0507,
      9.27388,
      -0.0447134
    ],
    [
      7.39953,
      9.25827,
      -0.0447134
    ],
    [
      7.74836,
      9.24266,
      -0.0447134
    ],
    [
      8.09719,
      9.22706,
      -0.0447134
    ],
    [
      8.44601,
      9.21145,
      -0.0447134
    ],
    [
      8.58646,
      9.20063,
      -0.0611635
    ],
    [
      8.92156,
      8.98312,
      -1.03548
    ],
    [
      9.13452,
      8.62405,
      -1.03548
    ],
    [
      9.34748,
      8.26498,
      -1.03548
    ],
    [
      9.51579,
      7.88846,
      -1.52395
    ],
    [
      9.41932,
      7.51506,
      -1.89508
    ],
    [
      9.29566,
      7.1472,
      -1.89508
    ],
    [
      9.172,
      6.77933,
      -1.89508
    ],
    [
      9.04834,
      6.41147,
      -1.89508
    ],
    [
      8.91993,
      6.04549,
      -2.05406
    ],
    [
      8.68175,
      5.65883,
      -2.12516
    ],
    [
      8.63543,
      5.22928,
      -1.12282
    ],
    [
      9.0,
      5.0,
      0.0
    ]
  ]
}