{
  "robot": {
    "class": "RectangleRobot",
    "radius": 0.2844731048344617,
    "wheelbase": 0.20511422357275044,
    "max_velocity": 8.72903245516351,
    "max_steering_at_zero_v": 0.40980044142693045,
    "max_steering_at_max_v": 0.18556017650813122,
    "acceleration": 5,
    "width": 0.30429592084059387,
    "lenght": 0.48073254732377924
  },
  "planner": {
    "class": "Dubins_pathfinding",
    "start": [
      1.0,
      5.0
    ],
    "goal": [
      9.0,
      5.0
    ],
    "bounds": [
      0,
      10,
      0,
      10
    ],
    "max_runtime": 15.0,
    "goal_threshold": 0.0,
    "interpolate_steps": 50
  },
  "path": [
    [
      1.0,
      5.0,
      0.0
    ],
    [
      1.32814,
      4.86735,
      -0.768337
    ],
    [
      1.47191,
      4.54392,
      -1.53667
    ],
    [
      1.39979,
      4.18976,
      -1.82602
    ],
    [
      1.30726,
      3.83898,
      -1.89036
    ],
    [
      1.22793,
      3.4576,
      -1.76659
    ],
    [
      1.15213,
      3.07536,
      -1.76659
    ],
    [
      1.07632,
      2.69313,
      -1.76659
    ],
    [
      1.00051,
      2.31089,
      -1.76659
    ],
    [
      0.872105,
      1.94838,
      -2.25597
    ],
    [
      0.703645,
      1.65737,
      -2.07179
    ],
    [
      0.541954,
      1.36209,
      -2.07179
    ],
    [
      0.437708,
      1.04704,
      -1.56269
    ],
    [
      0.555219,
      0.739138,
      -0.849727
    ],
    [
      0.852127,
      0.582229,
      -0.122612
    ],
    [
      1.19303,
      0.541417,
      -0.119143
    ],
    [
      1.53392,
      0.500608,
      -0.119143
    ],
    [
      1.87482,
      0.459799,
      -0.119143
    ],
    [
      2.21572,
      0.418991,
      -0.119143
    ],
    [
      2.55662,
      0.378182,
      -0.119143
    ],
    [
      2.89784,
      0.360922,
      0.197135
    ],
    [
      3.24545,
      0.392882,
      0.0828639
    ],
    [
      3.59343,
      0.421783,
      0.0828639
    ],
    [
      3.94141,
      0.450684,
      0.0828639
    ],
    [
      4.28938,
      0.479585,
      0.0828639
    ],
    [
      4.63736,
      0.508486,
      0.0828639
    ],
    [
      4.98534,
      0.537387,
      0.0828639
    ],
    [
      5.33332,
      0.566288,
      0.0828639
    ],
    [
      5.6813,
      0.595189,
      0.0828639
    ],
    [
      6.02927,
      0.62409,
      0.0828639
    ],
    [
      6.42036,
      0.660983,
      0.0941331
    ],
    [
      6.81145,
      0.697906,
      0.0941331
    ],
    [
      7.20253,
      0.73483,
      0.0941331
    ],
    [
      7.59361,
      0.771753,
      0.0941331
    ],
    [
      7.9847,
      0.808676,
      0.0941331
    ],
    [
      8.37578,
      0.845599,
      0.0941331
    ],
    [
      8.76687,
      0.882522,
      0.0941331
    ],
    [
      9.15795,
      0.919445,
      0.0941331
    ],
    [
      9.46258,
      1.0715,
      0.831806
    ],
    [
      9.58575,
      1.38892,
      1.56948
    ],
    [
      9.50902,
      1.72747,
      1.84501
    ],
    [
      9.4147,
      2.06277,
      1.84501
    ],
    [
      9.32038,
      2.39807,
      1.84501
    ],
    [
      9.22605,
      2.73338,
      1.84501
    ],
    [
      9.13173,
      3.06868,
      1.84501
    ],
    [
      8.9794,
      3.37605,
      2.36921
    ],
    [
      8.76397,
      3.81924,
      1.93369
    ],
    [
      8.58747,
      4.28409,
      1.93369
    ],
    [
      8.5897,
      4.76151,
      1.05305
    ],
    [
      9.0,
      5.0,
      0.0
    ]
  ]
}