{
  "robot": {
    "class": "RectangleRobot",
    "radius": 0.29219402087964935,
    "wheelbase": 0.41596354786342016,
    "max_velocity": 12.299266747763848,
    "max_steering_at_zero_v": 0.4959279424729968,
    "max_steering_at_max_v": 0.18857905003725117,
    "acceleration": 5,
    "width": 0.48837849315825765,
    "lenght": 0.3209296352344818
  },
  "planner": {
    "class": "Dubins_pathfinding",
    "start": [
      1.0,
      5.0
    ],
    "goal": [
      9.0,
      5.0
    ],
    "bounds": [
      0,
      10,
      0,
      10
    ],
    "max_runtime": 15.0,
    "goal_threshold": 0.0,
    "interpolate_steps": 50
  },
  "path": [
    [
      1.0,
      5.0,
      0.0
    ],
    [
      1.3373,
      5.07794,
      0.454159
    ],
    [
      1.60621,
      5.29595,
      0.908319
    ],
    [
      1.75222,
      5.60983,
      1.36248
    ],
    [
      1.74572,
      5.95596,
      1.81664
    ],
    [
      1.59099,
      6.26631,
      2.1732
    ],
    [
      1.39314,
      6.55403,
      2.1732
    ],
    [
      1.19528,
      6.84174,
      2.1732
    ],
    [
      0.997432,
      7.12945,
      2.1732
    ],
    [
      0.870051,
      7.45135,
      1.72053
    ],
    [
      0.746717,
      7.76997,
      2.10606
    ],
    [
      0.571124,
      8.06607,
      2.10606
    ],
    [
      0.405113,
      8.36715,
      1.9384
    ],
    [
      0.356218,
      8.70502,
      1.49064
    ],
    [
      0.458418,
      9.03074,
      1.04289
    ],
    [
      0.691564,
      9.28011,
      0.595132
    ],
    [
      1.00969,
      9.40396,
      0.147377
    ],
    [
      1.40411,
      9.40732,
      -0.0181115
    ],
    [
      1.79891,
      9.40017,
      -0.0181115
    ],
    [
      2.19372,
      9.39302,
      -0.0181115
    ],
    [
      2.58852,
      9.38587,
      -0.0181115
    ],
    [
      2.98333,
      9.37872,
      -0.0181115
    ],
    [
      3.37626,
      9.39831,
      0.246225
    ],
    [
      3.72351,
      9.41873,
      -0.0180723
    ],
    [
      4.07263,
      9.41242,
      -0.0180723
    ],
    [
      4.42175,
      9.40611,
      -0.0180723
    ],
    [
      4.77086,
      9.3998,
      -0.0180723
    ],
    [
      5.11998,
      9.39349,
      -0.0180723
    ],
    [
      5.4691,
      9.38718,
      -0.0180723
    ],
    [
      5.81822,
      9.38087,
      -0.0180723
    ],
    [
      6.16734,
      9.37456,
      -0.0180723
    ],
    [
      6.51646,
      9.36825,
      -0.0180723
    ],
    [
      6.89731,
      9.34266,
      -0.0697901
    ],
    [
      7.2781,
      9.31604,
      -0.0697901
    ],
    [
      7.6589,
      9.28942,
      -0.0697901
    ],
    [
      8.0397,
      9.2628,
      -0.0697901
    ],
    [
      8.42049,
      9.23618,
      -0.0697901
    ],
    [
      8.78324,
      9.13018,
      -0.531344
    ],
    [
      9.05194,
      8.86458,
      -1.02784
    ],
    [
      9.16212,
      8.49196,
      -1.53877
    ],
    [
      9.08033,
      8.11121,
      -1.9393
    ],
    [
      8.93882,
      7.74476,
      -1.9393
    ],
    [
      8.79732,
      7.37831,
      -1.9393
    ],
    [
      8.65581,
      7.01186,
      -1.9393
    ],
    [
      8.51431,
      6.64541,
      -1.9393
    ],
    [
      8.37281,
      6.27895,
      -1.9393
    ],
    [
      8.24395,
      5.9085,
      -1.75346
    ],
    [
      8.2924,
      5.46815,
      -1.16897
    ],
    [
      8.57578,
      5.12763,
      -0.584486
    ],
    [
      9.0,
      5.0,
      0.0
    ]
  ]
}