{
  "robot": {
    "class": "RectangleRobot",
    "radius": 0.17705067164227037,
    "wheelbase": 0.20830094330574003,
    "max_velocity": 10.360008694111883,
    "max_steering_at_zero_v": 0.5096742294157038,
    "max_steering_at_max_v": 0.2138769274143518,
    "acceleration": 5,
    "width": 0.16042282016853265,
    "lenght": 0.31567749378929566
  },
  "planner": {
    "class": "Dubins_pathfinding",
    "start": [
      1.0,
      5.0
    ],
    "goal": [
      9.0,
      5.0
    ],
    "bounds": [
      0,
      10,
      0,
      10
    ],
    "max_runtime": 15.0,
    "goal_threshold": 0.0,
    "interpolate_steps": 50
  },
  "path": [
    [
      1.0,
      5.0,
      0.0
    ],
    [
      1.21167,
      5.06594,
      0.604023
    ],
    [
      1.34843,
      5.24043,
      1.20805
    ],
    [
      1.41485,
      5.4555,
      1.27492
    ],
    [
      1.48049,
      5.67082,
      1.27492
    ],
    [
      1.54612,
      5.88615,
      1.27492
    ],
    [
      1.61176,
      6.10147,
      1.27492
    ],
    [
      1.67739,
      6.31679,
      1.27492
    ],
    [
      1.74303,
      6.53212,
      1.27492
    ],
    [
      1.80866,
      6.74744,
      1.27492
    ],
    [
      1.8743,
      6.96277,
      1.27492
    ],
    [
      1.93993,
      7.17809,
      1.27492
    ],
    [
      2.00557,
      7.39342,
      1.27492
    ],
    [
      2.06728,
      7.60973,
      1.42228
    ],
    [
      2.1708,
      7.81656,
      0.791257
    ],
    [
      2.3764,
      7.92249,
      0.160229
    ],
    [
      2.60747,
      7.89413,
      -0.265507
    ],
    [
      2.8344,
      7.83242,
      -0.265507
    ],
    [
      3.06133,
      7.77071,
      -0.265507
    ],
    [
      3.28826,
      7.709,
      -0.265507
    ],
    [
      3.50921,
      7.63166,
      -0.565584
    ],
    [
      3.65638,
      7.45324,
      -1.19661
    ],
    [
      3.66994,
      7.22235,
      -1.82764
    ],
    [
      3.6996,
      6.95602,
      -1.09213
    ],
    [
      3.86374,
      6.73691,
      -0.903818
    ],
    [
      4.02386,
      6.5153,
      -1.1505
    ],
    [
      4.16521,
      6.3522,
      -0.562977
    ],
    [
      4.37326,
      6.29473,
      0.00615791
    ],
    [
      4.59221,
      6.29608,
      0.00615791
    ],
    [
      4.81116,
      6.29743,
      0.00615791
    ],
    [
      5.03012,
      6.29877,
      0.00615791
    ],
    [
      5.24907,
      6.30012,
      0.00615791
    ],
    [
      5.46802,
      6.30147,
      0.00615791
    ],
    [
      5.67734,
      6.35462,
      0.539996
    ],
    [
      5.89788,
      6.40652,
      -0.0776983
    ],
    [
      6.12643,
      6.37905,
      -0.121154
    ],
    [
      6.35494,
      6.35123,
      -0.121154
    ],
    [
      6.58345,
      6.3234,
      -0.121154
    ],
    [
      6.81197,
      6.29558,
      -0.121154
    ],
    [
      7.04048,
      6.26776,
      -0.121154
    ],
    [
      7.26899,
      6.23994,
      -0.121154
    ],
    [
      7.49751,
      6.21212,
      -0.121154
    ],
    [
      7.72602,
      6.1843,
      -0.121154
    ],
    [
      7.95453,
      6.15647,
      -0.121154
    ],
    [
      8.17575,
      6.10046,
      -0.517328
    ],
    [
      8.32929,
      5.93386,
      -1.13502
    ],
    [
      8.35797,
      5.70913,
      -1.75272
    ],
    [
      8.45099,
      5.38856,
      -0.824063
    ],
    [
      8.69826,
      5.14644,
      -0.773504
    ],
    [
      9.0,
      5.0,
      0.0
    ]
  ]
}