{
  "robot": {
    "class": "RectangleRobot",
    "radius": 0.26067216109776903,
    "wheelbase": 0.3905981653917422,
    "max_velocity": 9.28545371181199,
    "max_steering_at_zero_v": 0.4524511551556493,
    "max_steering_at_max_v": 0.24727913522935085,
    "acceleration": 5,
    "width": 0.1691450286765243,
    "lenght": 0.493142840929018
  },
  "planner": {
    "class": "Dubins_pathfinding",
    "start": [
      1.0,
      5.0
    ],
    "goal": [
      9.0,
      5.0
    ],
    "bounds": [
      0,
      10,
      0,
      10
    ],
    "max_runtime": 15.0,
    "goal_threshold": 0.0,
    "interpolate_steps": 50
  },
  "path": [
    [
      1.0,
      5.0,
      0.0
    ],
    [
      1.37245,
      4.90847,
      -0.481941
    ],
    [
      1.66006,
      4.65474,
      -0.963883
    ],
    [
      1.7973,
      4.2966,
      -1.44582
    ],
    [
      1.75291,
      3.91564,
      -1.92777
    ],
    [
      1.61492,
      3.55379,
      -1.93517
    ],
    [
      1.4555,
      3.20216,
      -2.17833
    ],
    [
      1.24394,
      2.87111,
      -2.13777
    ],
    [
      1.03293,
      2.5397,
      -2.13777
    ],
    [
      0.821923,
      2.20829,
      -2.13777
    ],
    [
      0.610913,
      1.87688,
      -2.13777
    ],
    [
      0.458989,
      1.51818,
      -1.73439
    ],
    [
      0.490413,
      1.13047,
      -1.24546
    ],
    [
      0.669301,
      0.833796,
      -0.810926
    ],
    [
      0.956461,
      0.640001,
      -0.376392
    ],
    [
      1.29848,
      0.581069,
      -0.0421205
    ],
    [
      1.64735,
      0.566366,
      -0.0421205
    ],
    [
      1.99622,
      0.551662,
      -0.0421205
    ],
    [
      2.34508,
      0.536959,
      -0.0421205
    ],
    [
      2.69395,
      0.522256,
      -0.0421205
    ],
    [
      3.04282,
      0.507553,
      -0.0421205
    ],
    [
      3.39168,
      0.49285,
      -0.0421205
    ],
    [
      3.73909,
      0.511813,
      0.0686973
    ],
    [
      4.08635,
      0.535706,
      0.0686973
    ],
    [
      4.4336,
      0.559599,
      0.0686973
    ],
    [
      4.78085,
      0.583492,
      0.0686973
    ],
    [
      5.1281,
      0.607384,
      0.0686973
    ],
    [
      5.47535,
      0.631277,
      0.0686973
    ],
    [
      5.82261,
      0.65517,
      0.0686973
    ],
    [
      6.16986,
      0.679063,
      0.0686973
    ],
    [
      6.51709,
      0.703189,
      0.0928311
    ],
    [
      6.84211,
      0.752816,
      0.156467
    ],
    [
      7.16691,
      0.804055,
      0.156467
    ],
    [
      7.49372,
      0.809997,
      -0.179998
    ],
    [
      7.79639,
      0.687489,
      -0.589193
    ],
    [
      8.16243,
      0.556042,
      -0.100342
    ],
    [
      8.54732,
      0.611885,
      0.388509
    ],
    [
      8.86091,
      0.841939,
      0.877359
    ],
    [
      9.02973,
      1.19231,
      1.36621
    ],
    [
      9.01424,
      1.58093,
      1.85506
    ],
    [
      8.8186,
      1.91724,
      2.30128
    ],
    [
      8.5565,
      2.20984,
      2.30128
    ],
    [
      8.34169,
      2.53508,
      1.92234
    ],
    [
      8.28117,
      2.94784,
      1.6401
    ],
    [
      8.25216,
      3.36579,
      1.6401
    ],
    [
      8.22315,
      3.78375,
      1.6401
    ],
    [
      8.19645,
      4.2018,
      1.56412
    ],
    [
      8.30589,
      4.60131,
      1.04275
    ],
    [
      8.59977,
      4.89324,
      0.521374
    ],
    [
      9.0,
      5.0,
      0.0
    ]
  ]
}