{
  "robot": {
    "class": "RectangleRobot",
    "radius": 0.38996823113681195,
    "wheelbase": 0.2313789046425886,
    "max_velocity": 10.839386881124632,
    "max_steering_at_zero_v": 0.3320780835844268,
    "max_steering_at_max_v": 0.24837422611380028,
    "acceleration": 5,
    "width": 0.3851300786148084,
    "lenght": 0.6782150895770805
  },
  "planner": {
    "class": "Dubins_pathfinding",
    "start": [
      1.0,
      5.0
    ],
    "goal": [
      9.0,
      5.0
    ],
    "bounds": [
      0,
      10,
      0,
      10
    ],
    "max_runtime": 15.0,
    "goal_threshold": 0.0,
    "interpolate_steps": 50
  },
  "path": [
    [
      1.0,
      5.0,
      0.0
    ],
    [
      1.3605,
      4.89492,
      -0.567228
    ],
    [
      1.60809,
      4.61261,
      -1.13446
    ],
    [
      1.66522,
      4.24147,
      -1.70168
    ],
    [
      1.53035,
      3.88798,
      -2.03036
    ],
    [
      1.36154,
      3.54688,
      -2.03036
    ],
    [
      1.19545,
      3.20454,
      -1.93592
    ],
    [
      1.0478,
      2.89336,
      -2.02085
    ],
    [
      0.897935,
      2.58317,
      -2.02085
    ],
    [
      0.734431,
      2.28083,
      -2.23761
    ],
    [
      0.595368,
      1.94478,
      -1.68871
    ],
    [
      0.604734,
      1.57702,
      -1.51919
    ],
    [
      0.626455,
      1.20945,
      -1.42896
    ],
    [
      0.773518,
      0.876822,
      -0.880056
    ],
    [
      1.07252,
      0.669791,
      -0.331154
    ],
    [
      1.43562,
      0.64918,
      0.217749
    ],
    [
      1.78363,
      0.667768,
      0.0132238
    ],
    [
      2.13278,
      0.672386,
      0.0132238
    ],
    [
      2.48192,
      0.677003,
      0.0132238
    ],
    [
      2.83107,
      0.68162,
      0.0132238
    ],
    [
      3.18021,
      0.686237,
      0.0132238
    ],
    [
      3.52936,
      0.690855,
      0.0132238
    ],
    [
      3.8785,
      0.695472,
      0.0132238
    ],
    [
      4.22765,
      0.700089,
      0.0132238
    ],
    [
      4.5768,
      0.704707,
      0.0132238
    ],
    [
      4.92572,
      0.702826,
      -0.0057366
    ],
    [
      5.27464,
      0.700824,
      -0.0057366
    ],
    [
      5.62357,
      0.698822,
      -0.0057366
    ],
    [
      5.97249,
      0.696821,
      -0.0057366
    ],
    [
      6.32141,
      0.694819,
      -0.0057366
    ],
    [
      6.67033,
      0.692817,
      -0.0057366
    ],
    [
      7.01926,
      0.690816,
      -0.0057366
    ],
    [
      7.36777,
      0.681432,
      -0.154233
    ],
    [
      7.6836,
      0.542563,
      -0.674278
    ],
    [
      7.99679,
      0.404108,
      -0.158209
    ],
    [
      8.33752,
      0.438235,
      0.35786
    ],
    [
      8.61751,
      0.63563,
      0.830306
    ],
    [
      8.85111,
      0.891218,
      0.830306
    ],
    [
      9.08209,
      1.14905,
      0.931884
    ],
    [
      9.20973,
      1.46984,
      1.4523
    ],
    [
      9.16243,
      1.81217,
      1.90452
    ],
    [
      9.04805,
      2.14208,
      1.90452
    ],
    [
      8.93368,
      2.472,
      1.90452
    ],
    [
      8.8193,
      2.80191,
      1.90452
    ],
    [
      8.70493,
      3.13182,
      1.90452
    ],
    [
      8.59055,
      3.46173,
      1.90452
    ],
    [
      8.47617,
      3.79165,
      1.90452
    ],
    [
      8.36192,
      4.1216,
      1.88512
    ],
    [
      8.36192,
      4.1216,
      1.88512
    ],
    [
      9.0,
      5.0,
      0.0
    ]
  ]
}