{
  "robot": {
    "class": "RectangleRobot",
    "radius": 0.2745589168537345,
    "wheelbase": 0.5389213794085734,
    "max_velocity": 8.010433382059562,
    "max_steering_at_zero_v": 0.5069099211192032,
    "max_steering_at_max_v": 0.19252374317625826,
    "acceleration": 5,
    "width": 0.39153066102558265,
    "lenght": 0.3850118657553996
  },
  "planner": {
    "class": "Dubins_pathfinding",
    "start": [
      1.0,
      5.0
    ],
    "goal": [
      9.0,
      5.0
    ],
    "bounds": [
      0,
      10,
      0,
      10
    ],
    "max_runtime": 15.0,
    "goal_threshold": 0.0,
    "interpolate_steps": 50
  },
  "path": [
    [
      1.0,
      5.0,
      0.0
    ],
    [
      1.52096,
      5.04511,
      0.243512
    ],
    [
      1.9717,
      5.29922,
      0.783203
    ],
    [
      2.22779,
      5.74884,
      1.32289
    ],
    [
      2.21643,
      6.26614,
      1.86258
    ],
    [
      1.94087,
      6.70409,
      2.40228
    ],
    [
      1.47942,
      6.93818,
      2.94197
    ],
    [
      0.96326,
      6.90188,
      -2.80153
    ],
    [
      0.539123,
      6.6055,
      -2.26184
    ],
    [
      0.32757,
      6.13329,
      -1.72215
    ],
    [
      0.31017,
      5.61014,
      -1.58718
    ],
    [
      0.301587,
      5.08644,
      -1.58718
    ],
    [
      0.293004,
      4.56275,
      -1.58718
    ],
    [
      0.422751,
      4.06185,
      -1.04749
    ],
    [
      0.791455,
      3.69882,
      -0.507802
    ],
    [
      1.29431,
      3.57685,
      0.0318886
    ],
    [
      1.78836,
      3.73062,
      0.571579
    ],
    [
      2.13318,
      4.11641,
      1.11127
    ],
    [
      2.23074,
      4.62456,
      1.65096
    ],
    [
      2.0322,
      5.21689,
      1.97528
    ],
    [
      1.78499,
      5.79435,
      1.97528
    ],
    [
      1.53778,
      6.37182,
      1.97528
    ],
    [
      1.29058,
      6.94928,
      1.97528
    ],
    [
      0.891757,
      7.42051,
      2.59627
    ],
    [
      0.536932,
      7.79712,
      2.05658
    ],
    [
      0.426067,
      8.30254,
      1.51688
    ],
    [
      0.590678,
      8.79308,
      0.977194
    ],
    [
      0.983971,
      9.12932,
      0.437503
    ],
    [
      1.49428,
      9.21816,
      -0.0304433
    ],
    [
      2.0178,
      9.20222,
      -0.0304433
    ],
    [
      2.63936,
      9.28866,
      0.168772
    ],
    [
      3.25894,
      9.39423,
      0.168772
    ],
    [
      3.87853,
      9.4998,
      0.168772
    ],
    [
      4.49812,
      9.60537,
      0.168772
    ],
    [
      5.11771,
      9.71095,
      0.168772
    ],
    [
      5.63673,
      9.67573,
      -0.180847
    ],
    [
      6.15195,
      9.58153,
      -0.180847
    ],
    [
      6.66718,
      9.48732,
      -0.180847
    ],
    [
      7.1824,
      9.39311,
      -0.180847
    ],
    [
      7.69762,
      9.29891,
      -0.180847
    ],
    [
      8.2166,
      9.25871,
      0.153691
    ],
    [
      8.79266,
      9.17092,
      -0.456149
    ],
    [
      9.2146,
      8.76903,
      -1.06599
    ],
    [
      9.33031,
      8.19792,
      -1.67583
    ],
    [
      9.09806,
      7.66349,
      -2.28567
    ],
    [
      8.64279,
      7.28719,
      -2.59088
    ],
    [
      8.20649,
      6.69169,
      -1.86924
    ],
    [
      8.02957,
      5.95943,
      -1.5594
    ],
    [
      8.31768,
      5.28035,
      -0.779701
    ],
    [
      9.0,
      5.0,
      0.0
    ]
  ]
}