{
  "robot": {
    "class": "RectangleRobot",
    "radius": 0.28832066498581455,
    "wheelbase": 0.33993415250009434,
    "max_velocity": 11.797875582633466,
    "max_steering_at_zero_v": 0.46133837262430677,
    "max_steering_at_max_v": 0.19440400148895998,
    "acceleration": 5,
    "width": 0.37132134546457174,
    "lenght": 0.44117534137101244
  },
  "planner": {
    "class": "Dubins_pathfinding",
    "start": [
      1.0,
      5.0
    ],
    "goal": [
      9.0,
      5.0
    ],
    "bounds": [
      0,
      10,
      0,
      10
    ],
    "max_runtime": 15.0,
    "goal_threshold": 0.0,
    "interpolate_steps": 50
  },
  "path": [
    [
      1.0,
      5.0,
      0.0
    ],
    [
      1.3342,
      4.91277,
      -0.510632
    ],
    [
      1.58313,
      4.67333,
      -1.02126
    ],
    [
      1.68329,
      4.34278,
      -1.5319
    ],
    [
      1.61338,
      4.00367,
      -1.92641
    ],
    [
      1.49181,
      3.67634,
      -1.92641
    ],
    [
      1.37024,
      3.34902,
      -1.92641
    ],
    [
      1.24866,
      3.02169,
      -1.92641
    ],
    [
      1.12709,
      2.69436,
      -1.92641
    ],
    [
      1.00552,
      2.36703,
      -1.92641
    ],
    [
      0.823453,
      2.04841,
      -2.12749
    ],
    [
      0.629202,
      1.73628,
      -2.12749
    ],
    [
      0.498071,
      1.39696,
      -1.67786
    ],
    [
      0.556565,
      1.03847,
      -1.14024
    ],
    [
      0.790385,
      0.760518,
      -0.602611
    ],
    [
      1.13356,
      0.641514,
      -0.0649852
    ],
    [
      1.48926,
      0.715037,
      0.472641
    ],
    [
      1.82646,
      0.792531,
      0.0560164
    ],
    [
      2.17509,
      0.81208,
      0.0560164
    ],
    [
      2.52372,
      0.831629,
      0.0560164
    ],
    [
      2.87235,
      0.851179,
      0.0560164
    ],
    [
      3.22097,
      0.870728,
      0.0560164
    ],
    [
      3.5696,
      0.890278,
      0.0560164
    ],
    [
      3.91823,
      0.909827,
      0.0560164
    ],
    [
      4.26686,
      0.929376,
      0.0560164
    ],
    [
      4.61549,
      0.948926,
      0.0560164
    ],
    [
      4.95271,
      0.918563,
      -0.121563
    ],
    [
      5.28925,
      0.877448,
      -0.121563
    ],
    [
      5.6258,
      0.836334,
      -0.121563
    ],
    [
      5.96235,
      0.79522,
      -0.121563
    ],
    [
      6.29889,
      0.754105,
      -0.121563
    ],
    [
      6.63552,
      0.71381,
      -0.0724842
    ],
    [
      7.01195,
      0.729868,
      0.0580819
    ],
    [
      7.38828,
      0.751751,
      0.0580819
    ],
    [
      7.76462,
      0.773634,
      0.0580819
    ],
    [
      8.14096,
      0.795517,
      0.0580819
    ],
    [
      8.51669,
      0.823283,
      0.189634
    ],
    [
      8.84934,
      0.990285,
      0.740916
    ],
    [
      9.04524,
      1.30678,
      1.2922
    ],
    [
      9.04634,
      1.679,
      1.84348
    ],
    [
      8.99002,
      2.04242,
      1.70734
    ],
    [
      8.93993,
      2.40699,
      1.70734
    ],
    [
      8.88984,
      2.77155,
      1.70734
    ],
    [
      8.8012,
      3.12626,
      2.04901
    ],
    [
      8.5541,
      3.39295,
      2.58715
    ],
    [
      8.28317,
      3.71067,
      1.96663
    ],
    [
      8.24749,
      4.12669,
      1.3461
    ],
    [
      8.35303,
      4.53761,
      1.24105
    ],
    [
      8.60239,
      4.87252,
      0.620525
    ],
    [
      9.0,
      5.0,
      0.0
    ]
  ]
}