{
  "robot": {
    "class": "RectangleRobot",
    "radius": 0.3169536313061799,
    "wheelbase": 0.2670344631622065,
    "max_velocity": 11.16882470862084,
    "max_steering_at_zero_v": 0.5025876512676277,
    "max_steering_at_max_v": 0.20881601728288843,
    "acceleration": 5,
    "width": 0.18580026834024405,
    "lenght": 0.6060665622498806
  },
  "planner": {
    "class": "Dubins_pathfinding",
    "start": [
      1.0,
      5.0
    ],
    "goal": [
      9.0,
      5.0
    ],
    "bounds": [
      0,
      10,
      0,
      10
    ],
    "max_runtime": 15.0,
    "goal_threshold": 0.0,
    "interpolate_steps": 50
  },
  "path": [
    [
      1.0,
      5.0,
      0.0
    ],
    [
      1.32006,
      4.87967,
      -0.719245
    ],
    [
      1.48157,
      4.57828,
      -1.43849
    ],
    [
      1.43473,
      4.23431,
      -1.79351
    ],
    [
      1.35755,
      3.89352,
      -1.79351
    ],
    [
      1.28893,
      3.55136,
      -1.60445
    ],
    [
      1.20039,
      3.22957,
      -1.90431
    ],
    [
      1.09065,
      2.91282,
      -1.90431
    ],
    [
      0.980911,
      2.59607,
      -1.90431
    ],
    [
      0.871172,
      2.27933,
      -1.90431
    ],
    [
      0.761433,
      1.96258,
      -1.90431
    ],
    [
      0.651694,
      1.64583,
      -1.90431
    ],
    [
      0.551879,
      1.32639,
      -1.69844
    ],
    [
      0.622746,
      1.00552,
      -1.00842
    ],
    [
      0.881654,
      0.803159,
      -0.318404
    ],
    [
      1.20596,
      0.73575,
      -0.193513
    ],
    [
      1.53115,
      0.672024,
      -0.193513
    ],
    [
      1.85634,
      0.608298,
      -0.193513
    ],
    [
      2.18153,
      0.544572,
      -0.193513
    ],
    [
      2.50906,
      0.517339,
      0.195305
    ],
    [
      2.78841,
      0.683411,
      0.877411
    ],
    [
      3.07353,
      0.850589,
      0.183209
    ],
    [
      3.41004,
      0.847723,
      -0.0464186
    ],
    [
      3.74692,
      0.832074,
      -0.0464186
    ],
    [
      4.08381,
      0.816425,
      -0.0464186
    ],
    [
      4.4207,
      0.800776,
      -0.0464186
    ],
    [
      4.75759,
      0.785127,
      -0.0464186
    ],
    [
      5.09437,
      0.768032,
      -0.123657
    ],
    [
      5.4315,
      0.777953,
      0.0514446
    ],
    [
      5.76868,
      0.795314,
      0.0514446
    ],
    [
      6.10587,
      0.812676,
      0.0514446
    ],
    [
      6.44306,
      0.829784,
      0.019129
    ],
    [
      6.80958,
      0.846372,
      0.0456935
    ],
    [
      7.1761,
      0.863131,
      0.0456935
    ],
    [
      7.54262,
      0.87989,
      0.0456935
    ],
    [
      7.90913,
      0.896649,
      0.0456935
    ],
    [
      8.2751,
      0.919103,
      0.199221
    ],
    [
      8.60438,
      0.98816,
      0.206763
    ],
    [
      8.89793,
      1.13944,
      0.817384
    ],
    [
      9.02852,
      1.44224,
      1.50993
    ],
    [
      8.93567,
      1.75867,
      2.20248
    ],
    [
      8.83099,
      2.12354,
      1.67595
    ],
    [
      8.79053,
      2.50691,
      1.67595
    ],
    [
      8.75007,
      2.89028,
      1.67595
    ],
    [
      8.70961,
      3.27365,
      1.67595
    ],
    [
      8.64909,
      3.65292,
      1.9666
    ],
    [
      8.57556,
      4.05432,
      1.71423
    ],
    [
      8.51731,
      4.45924,
      1.68415
    ],
    [
      8.63757,
      4.8377,
      0.842075
    ],
    [
      9.0,
      5.0,
      0.0
    ]
  ]
}