{
  "robot": {
    "class": "RectangleRobot",
    "radius": 0.35427086547257197,
    "wheelbase": 0.22165075872302592,
    "max_velocity": 10.560883937553196,
    "max_steering_at_zero_v": 0.32032746543487917,
    "max_steering_at_max_v": 0.22545333930205552,
    "acceleration": 5,
    "width": 0.514355423731164,
    "lenght": 0.4873088164286334
  },
  "planner": {
    "class": "Dubins_pathfinding",
    "start": [
      1.0,
      5.0
    ],
    "goal": [
      9.0,
      5.0
    ],
    "bounds": [
      0,
      10,
      0,
      10
    ],
    "max_runtime": 15.0,
    "goal_threshold": 0.0,
    "interpolate_steps": 50
  },
  "path": [
    [
      1.0,
      5.0,
      0.0
    ],
    [
      1.3335,
      5.08919,
      0.522625
    ],
    [
      1.57796,
      5.33293,
      1.04525
    ],
    [
      1.66812,
      5.66617,
      1.56788
    ],
    [
      1.58075,
      6.00037,
      2.03716
    ],
    [
      1.42374,
      6.31225,
      2.03716
    ],
    [
      1.26674,
      6.62414,
      2.03716
    ],
    [
      1.10973,
      6.93603,
      2.03716
    ],
    [
      0.952726,
      7.24791,
      2.03716
    ],
    [
      0.79572,
      7.5598,
      2.03716
    ],
    [
      0.680873,
      7.92247,
      1.84522
    ],
    [
      0.577624,
      8.28922,
      1.84522
    ],
    [
      0.501575,
      8.66088,
      1.55724
    ],
    [
      0.61218,
      9.02011,
      0.986974
    ],
    [
      0.899214,
      9.26278,
      0.416704
    ],
    [
      1.2404,
      9.31951,
      -0.00643128
    ],
    [
      1.58957,
      9.31726,
      -0.00643128
    ],
    [
      1.93874,
      9.31502,
      -0.00643128
    ],
    [
      2.28791,
      9.31277,
      -0.00643128
    ],
    [
      2.63708,
      9.31052,
      -0.00643128
    ],
    [
      2.98625,
      9.30828,
      -0.00643128
    ],
    [
      3.33542,
      9.30603,
      -0.00643128
    ],
    [
      3.68458,
      9.30379,
      -0.00643128
    ],
    [
      4.03068,
      9.27244,
      -0.302776
    ],
    [
      4.39189,
      9.24583,
      0.0245842
    ],
    [
      4.75612,
      9.25478,
      0.0245842
    ],
    [
      5.12035,
      9.26374,
      0.0245842
    ],
    [
      5.48457,
      9.2727,
      0.0245842
    ],
    [
      5.8488,
      9.28165,
      0.0245842
    ],
    [
      6.21302,
      9.29061,
      0.0245842
    ],
    [
      6.57716,
      9.29441,
      -0.099669
    ],
    [
      6.9309,
      9.26812,
      -0.0735298
    ],
    [
      7.28466,
      9.24206,
      -0.0735298
    ],
    [
      7.63841,
      9.21601,
      -0.0735298
    ],
    [
      7.99217,
      9.18995,
      -0.0735298
    ],
    [
      8.34593,
      9.16389,
      -0.0735298
    ],
    [
      8.69715,
      9.12095,
      -0.299746
    ],
    [
      8.9932,
      8.93319,
      -0.830661
    ],
    [
      9.15342,
      8.62139,
      -1.36158
    ],
    [
      9.17138,
      8.25896,
      -1.55599
    ],
    [
      9.17676,
      7.89552,
      -1.55599
    ],
    [
      9.18214,
      7.53209,
      -1.55599
    ],
    [
      9.18752,
      7.16866,
      -1.55599
    ],
    [
      9.15807,
      6.80848,
      -1.88006
    ],
    [
      8.96095,
      6.50843,
      -2.42408
    ],
    [
      8.63305,
      6.2325,
      -2.44231
    ],
    [
      8.37319,
      5.8994,
      -1.92428
    ],
    [
      8.35939,
      5.47839,
      -1.28286
    ],
    [
      8.60024,
      5.13279,
      -0.641428
    ],
    [
      9.0,
      5.0,
      0.0
    ]
  ]
}