{
  "robot": {
    "class": "RectangleRobot",
    "radius": 0.36236435816546214,
    "wheelbase": 0.3580293894457002,
    "max_velocity": 11.261025465937186,
    "max_steering_at_zero_v": 0.5229586186363311,
    "max_steering_at_max_v": 0.16856102821800484,
    "acceleration": 5,
    "width": 0.5447894592545757,
    "lenght": 0.4779499527772509
  },
  "planner": {
    "class": "Dubins_pathfinding",
    "start": [
      1.0,
      5.0
    ],
    "goal": [
      9.0,
      5.0
    ],
    "bounds": [
      0,
      10,
      0,
      10
    ],
    "max_runtime": 15.0,
    "goal_threshold": 0.0,
    "interpolate_steps": 50
  },
  "path": [
    [
      1.0,
      5.0,
      0.0
    ],
    [
      1.33107,
      5.0956,
      0.562242
    ],
    [
      1.56021,
      5.35297,
      1.12448
    ],
    [
      1.61687,
      5.69288,
      1.68673
    ],
    [
      1.50906,
      6.02376,
      1.94503
    ],
    [
      1.38141,
      6.34877,
      1.94503
    ],
    [
      1.25377,
      6.67378,
      1.94503
    ],
    [
      1.12612,
      6.99879,
      1.94503
    ],
    [
      0.998477,
      7.3238,
      1.94503
    ],
    [
      0.870832,
      7.64881,
      1.94503
    ],
    [
      0.66813,
      7.97425,
      2.16794
    ],
    [
      0.503491,
      8.31707,
      1.73763
    ],
    [
      0.55131,
      8.67923,
      1.16198
    ],
    [
      0.698692,
      9.01943,
      1.16198
    ],
    [
      0.883961,
      9.33719,
      0.784679
    ],
    [
      1.2069,
      9.50786,
      0.187706
    ],
    [
      1.56992,
      9.46748,
      -0.409266
    ],
    [
      1.9371,
      9.4154,
      -0.00645897
    ],
    [
      2.3113,
      9.41299,
      -0.00645897
    ],
    [
      2.6855,
      9.41057,
      -0.00645897
    ],
    [
      3.0597,
      9.40815,
      -0.00645897
    ],
    [
      3.43391,
      9.40574,
      -0.00645897
    ],
    [
      3.80806,
      9.40164,
      -0.0800732
    ],
    [
      4.15677,
      9.3893,
      -0.0334189
    ],
    [
      4.50552,
      9.37764,
      -0.0334189
    ],
    [
      4.85427,
      9.36598,
      -0.0334189
    ],
    [
      5.20302,
      9.35433,
      -0.0334189
    ],
    [
      5.55176,
      9.34267,
      -0.0334189
    ],
    [
      5.90051,
      9.33101,
      -0.0334189
    ],
    [
      6.24926,
      9.31935,
      -0.0334189
    ],
    [
      6.59801,
      9.30769,
      -0.0334189
    ],
    [
      6.9467,
      9.29507,
      -0.0890821
    ],
    [
      7.30694,
      9.28369,
      -0.0284055
    ],
    [
      7.66724,
      9.27345,
      -0.0284055
    ],
    [
      8.02753,
      9.26322,
      -0.0284055
    ],
    [
      8.38783,
      9.25298,
      -0.0284055
    ],
    [
      8.74708,
      9.23142,
      -0.219884
    ],
    [
      9.05724,
      9.05789,
      -0.800263
    ],
    [
      9.22146,
      8.74271,
      -1.38064
    ],
    [
      9.18417,
      8.37529,
      -1.87323
    ],
    [
      9.07276,
      8.01819,
      -1.87323
    ],
    [
      8.96134,
      7.66109,
      -1.87323
    ],
    [
      8.84993,
      7.30399,
      -1.87323
    ],
    [
      8.73851,
      6.94689,
      -1.87323
    ],
    [
      8.6271,
      6.58979,
      -1.87323
    ],
    [
      8.42246,
      6.28337,
      -2.4606
    ],
    [
      8.20139,
      5.90614,
      -1.74115
    ],
    [
      8.2837,
      5.47672,
      -1.0217
    ],
    [
      8.59075,
      5.15392,
      -0.719453
    ],
    [
      9.0,
      5.0,
      0.0
    ]
  ]
}