{
  "robot": {
    "class": "RectangleRobot",
    "radius": 0.42291682229373667,
    "wheelbase": 0.24186890239668926,
    "max_velocity": 10.339231672472888,
    "max_steering_at_zero_v": 0.5170899194904319,
    "max_steering_at_max_v": 0.2502889757205907,
    "acceleration": 5,
    "width": 0.5560967600241948,
    "lenght": 0.6373311131638886
  },
  "planner": {
    "class": "Dubins_pathfinding",
    "start": [
      1.0,
      5.0
    ],
    "goal": [
      9.0,
      5.0
    ],
    "bounds": [
      0,
      10,
      0,
      10
    ],
    "max_runtime": 15.0,
    "goal_threshold": 0.0,
    "interpolate_steps": 50
  },
  "path": [
    [
      1.0,
      5.0,
      0.0
    ],
    [
      1.31643,
      5.14114,
      0.83908
    ],
    [
      1.42285,
      5.47087,
      1.67816
    ],
    [
      1.32829,
      5.81461,
      1.85861
    ],
    [
      1.227,
      6.15679,
      1.85861
    ],
    [
      1.1257,
      6.49898,
      1.85861
    ],
    [
      1.0244,
      6.84116,
      1.85861
    ],
    [
      0.927732,
      7.18446,
      1.70896
    ],
    [
      0.830445,
      7.55852,
      1.83381
    ],
    [
      0.729925,
      7.93185,
      1.83381
    ],
    [
      0.629405,
      8.30519,
      1.83381
    ],
    [
      0.528885,
      8.67852,
      1.83381
    ],
    [
      0.431519,
      9.05257,
      1.71049
    ],
    [
      0.547164,
      9.40767,
      0.801415
    ],
    [
      0.898375,
      9.53463,
      -0.107665
    ],
    [
      1.29061,
      9.5133,
      -0.0526716
    ],
    [
      1.68289,
      9.49262,
      -0.0526716
    ],
    [
      2.07516,
      9.47194,
      -0.0526716
    ],
    [
      2.46744,
      9.45126,
      -0.0526716
    ],
    [
      2.85972,
      9.43058,
      -0.0526716
    ],
    [
      3.252,
      9.4099,
      -0.0526716
    ],
    [
      3.64428,
      9.38922,
      -0.0526716
    ],
    [
      4.03656,
      9.36854,
      -0.0526716
    ],
    [
      4.38571,
      9.37032,
      0.00730044
    ],
    [
      4.73488,
      9.37287,
      0.00730044
    ],
    [
      5.08405,
      9.37542,
      0.00730044
    ],
    [
      5.43322,
      9.37797,
      0.00730044
    ],
    [
      5.78238,
      9.38052,
      0.00730044
    ],
    [
      6.13155,
      9.38307,
      0.00730044
    ],
    [
      6.48072,
      9.38561,
      0.00730044
    ],
    [
      6.82988,
      9.38816,
      0.00730044
    ],
    [
      7.17905,
      9.39071,
      0.00730044
    ],
    [
      7.55035,
      9.41507,
      0.0675876
    ],
    [
      7.92162,
      9.4402,
      0.0675876
    ],
    [
      8.29288,
      9.46533,
      0.0675876
    ],
    [
      8.66415,
      9.49047,
      0.0675876
    ],
    [
      9.03542,
      9.5156,
      0.0675876
    ],
    [
      9.38596,
      9.42676,
      -0.676157
    ],
    [
      9.54503,
      9.10341,
      -1.55111
    ],
    [
      9.45872,
      8.72149,
      -1.83722
    ],
    [
      9.3553,
      8.34253,
      -1.83722
    ],
    [
      9.25187,
      7.96356,
      -1.83722
    ],
    [
      9.14845,
      7.5846,
      -1.83722
    ],
    [
      9.04502,
      7.20563,
      -1.83722
    ],
    [
      8.9416,
      6.82667,
      -1.83722
    ],
    [
      8.83818,
      6.44771,
      -1.83722
    ],
    [
      8.73475,
      6.06874,
      -1.83722
    ],
    [
      8.61783,
      5.64032,
      -1.83722
    ],
    [
      8.63232,
      5.21154,
      -1.04419
    ],
    [
      9.0,
      5.0,
      0.0
    ]
  ]
}