{
  "robot": {
    "class": "RectangleRobot",
    "radius": 0.3257314382318858,
    "wheelbase": 0.24796676069279108,
    "max_velocity": 10.798105366398373,
    "max_steering_at_zero_v": 0.3774370784070121,
    "max_steering_at_max_v": 0.23950530851457882,
    "acceleration": 5,
    "width": 0.26451995678841767,
    "lenght": 0.5953428187784789
  },
  "planner": {
    "class": "Dubins_pathfinding",
    "start": [
      1.0,
      5.0
    ],
    "goal": [
      9.0,
      5.0
    ],
    "bounds": [
      0,
      10,
      0,
      10
    ],
    "max_runtime": 15.0,
    "goal_threshold": 0.0,
    "interpolate_steps": 50
  },
  "path": [
    [
      1.0,
      5.0,
      0.0
    ],
    [
      1.32845,
      4.90682,
      -0.552864
    ],
    [
      1.55905,
      4.65504,
      -1.10573
    ],
    [
      1.62307,
      4.31968,
      -1.65859
    ],
    [
      1.54154,
      3.98409,
      -1.83828
    ],
    [
      1.45014,
      3.65059,
      -1.83828
    ],
    [
      1.35874,
      3.31708,
      -1.83828
    ],
    [
      1.26734,
      2.98357,
      -1.83828
    ],
    [
      1.13507,
      2.66701,
      -2.21516
    ],
    [
      0.992008,
      2.38383,
      -1.98786
    ],
    [
      0.863157,
      2.093,
      -1.98786
    ],
    [
      0.733554,
      1.80253,
      -2.03934
    ],
    [
      0.667906,
      1.46688,
      -1.52576
    ],
    [
      0.683498,
      1.12093,
      -1.52576
    ],
    [
      0.72294,
      0.778293,
      -1.24799
    ],
    [
      0.915879,
      0.496049,
      -0.694344
    ],
    [
      1.2284,
      0.357415,
      -0.140696
    ],
    [
      1.56712,
      0.403812,
      0.412952
    ],
    [
      1.83085,
      0.621378,
      0.9666
    ],
    [
      2.09722,
      0.840094,
      0.408345
    ],
    [
      2.43936,
      0.892135,
      0.00641397
    ],
    [
      2.78853,
      0.894375,
      0.00641397
    ],
    [
      3.1377,
      0.896614,
      0.00641397
    ],
    [
      3.48687,
      0.898854,
      0.00641397
    ],
    [
      3.83604,
      0.901094,
      0.00641397
    ],
    [
      4.1852,
      0.903333,
      0.00641397
    ],
    [
      4.53437,
      0.905573,
      0.00641397
    ],
    [
      4.88354,
      0.907812,
      0.00641397
    ],
    [
      5.27814,
      0.914864,
      0.0179732
    ],
    [
      5.67274,
      0.921957,
      0.0179732
    ],
    [
      6.06734,
      0.92905,
      0.0179732
    ],
    [
      6.46194,
      0.936143,
      0.0179732
    ],
    [
      6.85647,
      0.939436,
      -0.0922845
    ],
    [
      7.22599,
      0.937674,
      0.00289374
    ],
    [
      7.59559,
      0.938743,
      0.00289374
    ],
    [
      7.96519,
      0.939813,
      0.00289374
    ],
    [
      8.33479,
      0.940883,
      0.00289374
    ],
    [
      8.70133,
      0.971067,
      0.309252
    ],
    [
      9.00098,
      1.17815,
      0.900164
    ],
    [
      9.13424,
      1.51444,
      1.48688
    ],
    [
      9.08818,
      1.87711,
      1.76111
    ],
    [
      9.01876,
      2.23746,
      1.76111
    ],
    [
      8.94934,
      2.59781,
      1.76111
    ],
    [
      8.87992,
      2.95816,
      1.76111
    ],
    [
      8.80796,
      3.31794,
      1.85241
    ],
    [
      8.61124,
      3.62151,
      2.43913
    ],
    [
      8.39674,
      4.00654,
      1.71901
    ],
    [
      8.37985,
      4.45596,
      1.44023
    ],
    [
      8.58752,
      4.84471,
      0.720114
    ],
    [
      9.0,
      5.0,
      0.0
    ]
  ]
}