{
  "robot": {
    "class": "RectangleRobot",
    "radius": 0.2744989130473928,
    "wheelbase": 0.33059927808331996,
    "max_velocity": 11.161934263706307,
    "max_steering_at_zero_v": 0.5217361357809578,
    "max_steering_at_max_v": 0.16264324912246636,
    "acceleration": 5,
    "width": 0.2370124932179432,
    "lenght": 0.495200657426275
  },
  "planner": {
    "class": "Dubins_pathfinding",
    "start": [
      1.0,
      5.0
    ],
    "goal": [
      9.0,
      5.0
    ],
    "bounds": [
      0,
      10,
      0,
      10
    ],
    "max_runtime": 15.0,
    "goal_threshold": 0.0,
    "interpolate_steps": 50
  },
  "path": [
    [
      1.0,
      5.0,
      0.0
    ],
    [
      1.32811,
      5.10279,
      0.607172
    ],
    [
      1.53894,
      5.37441,
      1.21434
    ],
    [
      1.55711,
      5.71777,
      1.82152
    ],
    [
      1.45849,
      6.05272,
      1.85822
    ],
    [
      1.35951,
      6.38758,
      1.85822
    ],
    [
      1.26053,
      6.72243,
      1.85822
    ],
    [
      1.16154,
      7.05728,
      1.85822
    ],
    [
      1.06256,
      7.39213,
      1.85822
    ],
    [
      0.963575,
      7.72699,
      1.85822
    ],
    [
      0.847141,
      8.03327,
      1.93994
    ],
    [
      0.728897,
      8.33891,
      1.93994
    ],
    [
      0.654508,
      8.65513,
      1.54297
    ],
    [
      0.75398,
      8.96274,
      0.973119
    ],
    [
      1.00369,
      9.16808,
      0.403269
    ],
    [
      1.34656,
      9.21008,
      -0.0389894
    ],
    [
      1.69547,
      9.19647,
      -0.0389894
    ],
    [
      2.04438,
      9.18286,
      -0.0389894
    ],
    [
      2.39329,
      9.16925,
      -0.0389894
    ],
    [
      2.7422,
      9.15564,
      -0.0389894
    ],
    [
      3.09111,
      9.14203,
      -0.0389894
    ],
    [
      3.44002,
      9.12842,
      -0.0389894
    ],
    [
      3.78893,
      9.11481,
      -0.0389894
    ],
    [
      4.13784,
      9.1012,
      -0.0389894
    ],
    [
      4.48701,
      9.09956,
      -0.00364645
    ],
    [
      4.83619,
      9.09829,
      -0.00364645
    ],
    [
      5.18536,
      9.09702,
      -0.00364645
    ],
    [
      5.53453,
      9.09574,
      -0.00364645
    ],
    [
      5.88371,
      9.09447,
      -0.00364645
    ],
    [
      6.23288,
      9.0932,
      -0.00364645
    ],
    [
      6.58205,
      9.09192,
      -0.00364645
    ],
    [
      6.93123,
      9.09065,
      -0.00364645
    ],
    [
      7.2804,
      9.08938,
      -0.00364645
    ],
    [
      7.62132,
      9.09759,
      0.0247583
    ],
    [
      7.96224,
      9.10603,
      0.0247583
    ],
    [
      8.30315,
      9.11447,
      0.0247583
    ],
    [
      8.637,
      9.06627,
      -0.422054
    ],
    [
      8.88997,
      8.84505,
      -1.01504
    ],
    [
      8.97612,
      8.52023,
      -1.60803
    ],
    [
      8.90297,
      8.19805,
      -1.84112
    ],
    [
      8.81452,
      7.87884,
      -1.84112
    ],
    [
      8.72607,
      7.55964,
      -1.84112
    ],
    [
      8.63762,
      7.24044,
      -1.84112
    ],
    [
      8.54916,
      6.92124,
      -1.84112
    ],
    [
      8.46071,
      6.60203,
      -1.84112
    ],
    [
      8.37226,
      6.28283,
      -1.84112
    ],
    [
      8.28381,
      5.96363,
      -1.84112
    ],
    [
      8.24535,
      5.63786,
      -1.42131
    ],
    [
      8.53162,
      5.21311,
      -0.673572
    ],
    [
      9.0,
      5.0,
      0.0
    ]
  ]
}