{
  "robot": {
    "class": "RectangleRobot",
    "radius": 0.24383997727164258,
    "wheelbase": 0.5731986449239981,
    "max_velocity": 11.415923873087262,
    "max_steering_at_zero_v": 0.5234995773680422,
    "max_steering_at_max_v": 0.2555986606280983,
    "acceleration": 5,
    "width": 0.30621005785280786,
    "lenght": 0.3795617716961506
  },
  "planner": {
    "class": "Dubins_pathfinding",
    "start": [
      1.0,
      5.0
    ],
    "goal": [
      9.0,
      5.0
    ],
    "bounds": [
      0,
      10,
      0,
      10
    ],
    "max_runtime": 15.0,
    "goal_threshold": 0.0,
    "interpolate_steps": 50
  },
  "path": [
    [
      1.0,
      5.0,
      0.0
    ],
    [
      1.38266,
      5.07669,
      0.395578
    ],
    [
      1.70621,
      5.29491,
      0.791156
    ],
    [
      1.92069,
      5.62096,
      1.18673
    ],
    [
      2.05873,
      5.98872,
      1.23597
    ],
    [
      2.11205,
      6.37533,
      1.63155
    ],
    [
      2.01227,
      6.75263,
      2.02712
    ],
    [
      1.77481,
      7.06234,
      2.4227
    ],
    [
      1.43634,
      7.25663,
      2.81828
    ],
    [
      1.05169,
      7.33264,
      2.88204
    ],
    [
      0.701533,
      7.50496,
      2.48647
    ],
    [
      0.444819,
      7.79891,
      2.09089
    ],
    [
      0.321201,
      8.16908,
      1.69531
    ],
    [
      0.349772,
      8.5583,
      1.29973
    ],
    [
      0.526119,
      8.90646,
      0.904155
    ],
    [
      0.823005,
      9.15977,
      0.508577
    ],
    [
      1.19458,
      9.27912,
      0.112999
    ],
    [
      1.58715,
      9.28784,
      0.00839452
    ],
    [
      1.97996,
      9.29114,
      0.00839452
    ],
    [
      2.37277,
      9.29443,
      0.00839452
    ],
    [
      2.76558,
      9.29773,
      0.00839452
    ],
    [
      3.15839,
      9.30103,
      0.00839452
    ],
    [
      3.5512,
      9.30433,
      0.00839452
    ],
    [
      3.94401,
      9.30762,
      0.00839452
    ],
    [
      4.33682,
      9.31092,
      0.00839452
    ],
    [
      4.72921,
      9.32908,
      0.0482386
    ],
    [
      5.12158,
      9.34802,
      0.0482386
    ],
    [
      5.51394,
      9.36696,
      0.0482386
    ],
    [
      5.90631,
      9.3859,
      0.0482386
    ],
    [
      6.29868,
      9.40484,
      0.0482386
    ],
    [
      6.69104,
      9.42379,
      0.0482386
    ],
    [
      7.08341,
      9.44273,
      0.0482386
    ],
    [
      7.47577,
      9.46167,
      0.0482386
    ],
    [
      7.85495,
      9.51472,
      0.153298
    ],
    [
      8.23348,
      9.5732,
      0.153298
    ],
    [
      8.61409,
      9.60358,
      -0.0851459
    ],
    [
      8.98884,
      9.49463,
      -0.480724
    ],
    [
      9.29267,
      9.24968,
      -0.876302
    ],
    [
      9.47864,
      8.90658,
      -1.27188
    ],
    [
      9.51804,
      8.5183,
      -1.66746
    ],
    [
      9.40478,
      8.14483,
      -2.06304
    ],
    [
      9.17469,
      7.82715,
      -2.23499
    ],
    [
      8.93254,
      7.51784,
      -2.23499
    ],
    [
      8.6904,
      7.20852,
      -2.23499
    ],
    [
      8.38366,
      6.81669,
      -2.23499
    ],
    [
      8.09886,
      6.41026,
      -2.0044
    ],
    [
      8.00922,
      5.92606,
      -1.5033
    ],
    [
      8.16321,
      5.45834,
      -1.0022
    ],
    [
      8.52295,
      5.12209,
      -0.501101
    ],
    [
      9.0,
      5.0,
      0.0
    ]
  ]
}