{
  "robot": {
    "class": "RectangleRobot",
    "radius": 0.3385023024474724,
    "wheelbase": 0.20933757321439128,
    "max_velocity": 9.480921720093331,
    "max_steering_at_zero_v": 0.4687059960859855,
    "max_steering_at_max_v": 0.18641955012147443,
    "acceleration": 5,
    "width": 0.4553183175360096,
    "lenght": 0.501019425536713
  },
  "planner": {
    "class": "Dubins_pathfinding",
    "start": [
      1.0,
      5.0
    ],
    "goal": [
      9.0,
      5.0
    ],
    "bounds": [
      0,
      10,
      0,
      10
    ],
    "max_runtime": 15.0,
    "goal_threshold": 0.0,
    "interpolate_steps": 50
  },
  "path": [
    [
      1.0,
      5.0,
      0.0
    ],
    [
      1.30531,
      5.13466,
      0.830803
    ],
    [
      1.41173,
      5.45093,
      1.66161
    ],
    [
      1.32978,
      5.78421,
      1.82869
    ],
    [
      1.24218,
      6.11633,
      1.82869
    ],
    [
      1.15457,
      6.44845,
      1.82869
    ],
    [
      1.06697,
      6.78058,
      1.82869
    ],
    [
      0.979371,
      7.1127,
      1.82869
    ],
    [
      0.89177,
      7.44482,
      1.82869
    ],
    [
      0.803253,
      7.77668,
      1.89659
    ],
    [
      0.724036,
      8.15139,
      1.77058
    ],
    [
      0.648006,
      8.52688,
      1.77058
    ],
    [
      0.571975,
      8.90237,
      1.77058
    ],
    [
      0.609108,
      9.27238,
      1.0245
    ],
    [
      0.921982,
      9.46905,
      0.0978439
    ],
    [
      1.27025,
      9.44866,
      -0.0764135
    ],
    [
      1.61841,
      9.42201,
      -0.0764135
    ],
    [
      1.96657,
      9.39535,
      -0.0764135
    ],
    [
      2.31473,
      9.3687,
      -0.0764135
    ],
    [
      2.66288,
      9.34204,
      -0.0764135
    ],
    [
      3.01104,
      9.31538,
      -0.0764135
    ],
    [
      3.3592,
      9.28873,
      -0.0764135
    ],
    [
      3.70736,
      9.26207,
      -0.0764135
    ],
    [
      4.05551,
      9.23542,
      -0.0764135
    ],
    [
      4.40257,
      9.23525,
      0.00331551
    ],
    [
      4.74967,
      9.2364,
      0.00331551
    ],
    [
      5.09676,
      9.23756,
      0.00331551
    ],
    [
      5.44385,
      9.23871,
      0.00331551
    ],
    [
      5.79094,
      9.23986,
      0.00331551
    ],
    [
      6.13803,
      9.24101,
      0.00331551
    ],
    [
      6.48511,
      9.24271,
      0.0550187
    ],
    [
      6.84677,
      9.22864,
      -0.0445298
    ],
    [
      7.20841,
      9.21253,
      -0.0445298
    ],
    [
      7.57004,
      9.19642,
      -0.0445298
    ],
    [
      7.93168,
      9.1803,
      -0.0445298
    ],
    [
      8.29331,
      9.16419,
      -0.0445298
    ],
    [
      8.65495,
      9.14807,
      -0.0445298
    ],
    [
      9.01458,
      9.11716,
      -0.313557
    ],
    [
      9.27075,
      8.87788,
      -1.18914
    ],
    [
      9.27124,
      8.52578,
      -1.75076
    ],
    [
      9.2071,
      8.17323,
      -1.75076
    ],
    [
      9.14296,
      7.82067,
      -1.75076
    ],
    [
      9.07882,
      7.46812,
      -1.75076
    ],
    [
      9.01468,
      7.11557,
      -1.75076
    ],
    [
      8.95053,
      6.76302,
      -1.75076
    ],
    [
      8.88639,
      6.41047,
      -1.75076
    ],
    [
      8.82152,
      6.05807,
      -1.81079
    ],
    [
      8.65012,
      5.64614,
      -1.97803
    ],
    [
      8.6354,
      5.21851,
      -1.07984
    ],
    [
      9.0,
      5.0,
      0.0
    ]
  ]
}