{
  "robot": {
    "class": "RectangleRobot",
    "radius": 0.32035920519322764,
    "wheelbase": 0.37793296764287065,
    "max_velocity": 7.908950116774539,
    "max_steering_at_zero_v": 0.46791524930325673,
    "max_steering_at_max_v": 0.20943151362683773,
    "acceleration": 5,
    "width": 0.30215302811777617,
    "lenght": 0.5649987867309136
  },
  "planner": {
    "class": "Dubins_pathfinding",
    "start": [
      1.0,
      5.0
    ],
    "goal": [
      9.0,
      5.0
    ],
    "bounds": [
      0,
      10,
      0,
      10
    ],
    "max_runtime": 15.0,
    "goal_threshold": 0.0,
    "interpolate_steps": 50
  },
  "path": [
    [
      1.0,
      5.0,
      0.0
    ],
    [
      1.42246,
      4.86925,
      -0.600293
    ],
    [
      1.6972,
      4.52272,
      -1.20059
    ],
    [
      1.72816,
      4.08157,
      -1.80088
    ],
    [
      1.54394,
      3.67354,
      -2.04404
    ],
    [
      1.33933,
      3.27394,
      -2.04404
    ],
    [
      1.13471,
      2.87434,
      -2.04404
    ],
    [
      0.93219,
      2.47373,
      -1.96516
    ],
    [
      0.754328,
      2.02037,
      -1.94433
    ],
    [
      0.580302,
      1.56565,
      -1.84206
    ],
    [
      0.606283,
      1.08791,
      -1.19087
    ],
    [
      0.884379,
      0.74406,
      -0.590579
    ],
    [
      1.30809,
      0.617367,
      -0.00212111
    ],
    [
      1.75703,
      0.616415,
      -0.00212111
    ],
    [
      2.20597,
      0.615463,
      -0.00212111
    ],
    [
      2.65491,
      0.614511,
      -0.00212111
    ],
    [
      3.10385,
      0.613558,
      -0.00212111
    ],
    [
      3.55279,
      0.612606,
      -0.00212111
    ],
    [
      3.9813,
      0.653716,
      0.105741
    ],
    [
      4.40951,
      0.699165,
      0.105741
    ],
    [
      4.83772,
      0.744614,
      0.105741
    ],
    [
      5.26592,
      0.790062,
      0.105741
    ],
    [
      5.69413,
      0.835511,
      0.105741
    ],
    [
      6.12234,
      0.88096,
      0.105741
    ],
    [
      6.55017,
      0.929208,
      0.192665
    ],
    [
      7.04019,
      0.945792,
      0.00785458
    ],
    [
      7.53109,
      0.949648,
      0.00785458
    ],
    [
      8.022,
      0.953504,
      0.00785458
    ],
    [
      8.51141,
      0.936377,
      -0.22952
    ],
    [
      8.95794,
      0.969705,
      0.378525
    ],
    [
      9.30539,
      1.25214,
      0.986571
    ],
    [
      9.43206,
      1.68235,
      1.50731
    ],
    [
      9.46091,
      2.13617,
      1.50731
    ],
    [
      9.48976,
      2.58999,
      1.50731
    ],
    [
      9.4509,
      3.03847,
      1.9346
    ],
    [
      9.41696,
      3.49673,
      1.47511
    ],
    [
      9.46137,
      3.95949,
      1.47511
    ],
    [
      9.50578,
      4.42225,
      1.47511
    ],
    [
      9.5502,
      4.88502,
      1.47511
    ],
    [
      9.59461,
      5.34778,
      1.47511
    ],
    [
      9.63904,
      5.81054,
      1.46829
    ],
    [
      9.6793,
      6.19781,
      1.60875
    ],
    [
      9.50703,
      6.64758,
      2.26443
    ],
    [
      9.09626,
      6.89904,
      2.9201
    ],
    [
      8.61736,
      6.84791,
      -2.7074
    ],
    [
      8.26894,
      6.51541,
      -2.05173
    ],
    [
      8.19541,
      6.0394,
      -1.4108
    ],
    [
      8.27716,
      5.55601,
      -1.31136
    ],
    [
      8.54403,
      5.15508,
      -0.655678
    ],
    [
      9.0,
      5.0,
      0.0
    ]
  ]
}