{
  "robot": {
    "class": "RectangleRobot",
    "radius": 0.29095923241993493,
    "wheelbase": 0.3559542444357452,
    "max_velocity": 7.362063224018205,
    "max_steering_at_zero_v": 0.4558493976585927,
    "max_steering_at_max_v": 0.20647321108801137,
    "acceleration": 5,
    "width": 0.26097415600356483,
    "lenght": 0.520116899955979
  },
  "planner": {
    "class": "Dubins_pathfinding",
    "start": [
      1.0,
      5.0
    ],
    "goal": [
      9.0,
      5.0
    ],
    "bounds": [
      0,
      10,
      0,
      10
    ],
    "max_runtime": 15.0,
    "goal_threshold": 0.0,
    "interpolate_steps": 50
  },
  "path": [
    [
      1.0,
      5.0,
      0.0
    ],
    [
      1.33587,
      4.91764,
      -0.480954
    ],
    [
      1.59553,
      4.68924,
      -0.961908
    ],
    [
      1.72007,
      4.36662,
      -1.44286
    ],
    [
      1.68124,
      4.02299,
      -1.92382
    ],
    [
      1.53838,
      3.70442,
      -1.99809
    ],
    [
      1.39368,
      3.38664,
      -1.99809
    ],
    [
      1.24898,
      3.06886,
      -1.99809
    ],
    [
      1.10428,
      2.75107,
      -1.99809
    ],
    [
      0.959574,
      2.43329,
      -1.99809
    ],
    [
      0.840568,
      2.09871,
      -1.90336
    ],
    [
      0.724606,
      1.76296,
      -1.90336
    ],
    [
      0.614086,
      1.42559,
      -1.77823
    ],
    [
      0.627164,
      1.07416,
      -1.28897
    ],
    [
      0.803871,
      0.770105,
      -0.79971
    ],
    [
      1.10274,
      0.584769,
      -0.310451
    ],
    [
      1.45366,
      0.561638,
      0.178808
    ],
    [
      1.77427,
      0.70614,
      0.668067
    ],
    [
      2.12775,
      0.855807,
      0.132975
    ],
    [
      2.51561,
      0.848396,
      -0.0505327
    ],
    [
      2.90359,
      0.828774,
      -0.0505327
    ],
    [
      3.29158,
      0.809151,
      -0.0505327
    ],
    [
      3.67956,
      0.789529,
      -0.0505327
    ],
    [
      4.06755,
      0.769906,
      -0.0505327
    ],
    [
      4.45553,
      0.750283,
      -0.0505327
    ],
    [
      4.84328,
      0.745273,
      0.150223
    ],
    [
      5.23887,
      0.720115,
      -0.140381
    ],
    [
      5.63312,
      0.664402,
      -0.140381
    ],
    [
      6.0282,
      0.658846,
      0.232076
    ],
    [
      6.36746,
      0.695748,
      0.0855442
    ],
    [
      6.70777,
      0.724931,
      0.0855442
    ],
    [
      7.04808,
      0.754114,
      0.0855442
    ],
    [
      7.38839,
      0.783296,
      0.0855442
    ],
    [
      7.7287,
      0.812479,
      0.0855442
    ],
    [
      8.06901,
      0.841662,
      0.0855442
    ],
    [
      8.40953,
      0.86633,
      -0.0260595
    ],
    [
      8.74097,
      0.936789,
      0.445001
    ],
    [
      9.03022,
      1.1188,
      0.581348
    ],
    [
      9.28245,
      1.34589,
      0.95945
    ],
    [
      9.40681,
      1.66108,
      1.43051
    ],
    [
      9.37459,
      1.99839,
      1.90157
    ],
    [
      9.19279,
      2.28433,
      2.37263
    ],
    [
      8.96084,
      2.66504,
      2.01446
    ],
    [
      8.76814,
      3.07052,
      2.01446
    ],
    [
      8.57543,
      3.476,
      2.01446
    ],
    [
      8.38272,
      3.88147,
      2.01446
    ],
    [
      8.27495,
      4.31126,
      1.51944
    ],
    [
      8.43082,
      4.72468,
      0.901066
    ],
    [
      8.79748,
      4.97118,
      0.282697
    ],
    [
      9.0,
      5.0,
      0.0
    ]
  ]
}