{
  "robot": {
    "class": "RectangleRobot",
    "radius": 0.3371788675131713,
    "wheelbase": 0.2519387405812968,
    "max_velocity": 10.623711466268537,
    "max_steering_at_zero_v": 0.3149669053062451,
    "max_steering_at_max_v": 0.23465719191437906,
    "acceleration": 5,
    "width": 0.1359124229666076,
    "lenght": 0.6605196197488798
  },
  "planner": {
    "class": "Dubins_pathfinding",
    "start": [
      1.0,
      5.0
    ],
    "goal": [
      9.0,
      5.0
    ],
    "bounds": [
      0,
      10,
      0,
      10
    ],
    "max_runtime": 15.0,
    "goal_threshold": 0.0,
    "interpolate_steps": 50
  },
  "path": [
    [
      1.0,
      5.0,
      0.0
    ],
    [
      1.34035,
      5.07893,
      0.455768
    ],
    [
      1.61122,
      5.29961,
      0.911535
    ],
    [
      1.75731,
      5.61699,
      1.3673
    ],
    [
      1.74879,
      5.96627,
      1.82307
    ],
    [
      1.59524,
      6.28155,
      2.12187
    ],
    [
      1.41071,
      6.58181,
      2.12187
    ],
    [
      1.23417,
      6.88643,
      1.96829
    ],
    [
      1.08377,
      7.20154,
      2.01895
    ],
    [
      0.932473,
      7.51624,
      2.01895
    ],
    [
      0.781173,
      7.83093,
      2.01895
    ],
    [
      0.629873,
      8.14562,
      2.01895
    ],
    [
      0.522976,
      8.47562,
      1.66983
    ],
    [
      0.566739,
      8.81906,
      1.21827
    ],
    [
      0.755984,
      9.10898,
      0.766709
    ],
    [
      1.05277,
      9.28725,
      0.315146
    ],
    [
      1.39761,
      9.31815,
      -0.136416
    ],
    [
      1.75223,
      9.321,
      0.0430434
    ],
    [
      2.10706,
      9.33628,
      0.0430434
    ],
    [
      2.46192,
      9.34738,
      -0.061017
    ],
    [
      2.82774,
      9.33067,
      -0.0453655
    ],
    [
      3.19356,
      9.31407,
      -0.0453655
    ],
    [
      3.55938,
      9.29746,
      -0.0453655
    ],
    [
      3.92521,
      9.28085,
      -0.0453655
    ],
    [
      4.29103,
      9.26425,
      -0.0453655
    ],
    [
      4.65685,
      9.24764,
      -0.0453655
    ],
    [
      5.0227,
      9.23163,
      -0.00601139
    ],
    [
      5.40463,
      9.22394,
      -0.0203354
    ],
    [
      5.78657,
      9.21617,
      -0.0203354
    ],
    [
      6.16851,
      9.20841,
      -0.0203354
    ],
    [
      6.55044,
      9.20064,
      -0.0203354
    ],
    [
      6.93238,
      9.19287,
      -0.0203354
    ],
    [
      7.31416,
      9.19185,
      0.111808
    ],
    [
      7.69588,
      9.16637,
      -0.121391
    ],
    [
      8.07669,
      9.11991,
      -0.121391
    ],
    [
      8.4575,
      9.07346,
      -0.121391
    ],
    [
      8.83278,
      9.00093,
      -0.3842
    ],
    [
      9.1391,
      8.77653,
      -0.880323
    ],
    [
      9.29572,
      8.46088,
      -1.34006
    ],
    [
      9.29603,
      8.1085,
      -1.7998
    ],
    [
      9.20508,
      7.76483,
      -1.83053
    ],
    [
      9.11378,
      7.42126,
      -1.83053
    ],
    [
      9.02247,
      7.07768,
      -1.83053
    ],
    [
      8.88492,
      6.75255,
      -2.19004
    ],
    [
      8.6204,
      6.51975,
      -2.64978
    ],
    [
      8.31909,
      6.23027,
      -2.10263
    ],
    [
      8.21238,
      5.8263,
      -1.55548
    ],
    [
      8.31288,
      5.41859,
      -1.09429
    ],
    [
      8.59771,
      5.11289,
      -0.547147
    ],
    [
      9.0,
      5.0,
      0.0
    ]
  ]
}