{
  "robot": {
    "class": "RectangleRobot",
    "radius": 0.24923065200719133,
    "wheelbase": 0.4282772827987344,
    "max_velocity": 10.53057836751525,
    "max_steering_at_zero_v": 0.4078642549050068,
    "max_steering_at_max_v": 0.247024057187567,
    "acceleration": 5,
    "width": 0.3358323098365475,
    "lenght": 0.3683481115325121
  },
  "planner": {
    "class": "Dubins_pathfinding",
    "start": [
      1.0,
      5.0
    ],
    "goal": [
      9.0,
      5.0
    ],
    "bounds": [
      0,
      10,
      0,
      10
    ],
    "max_runtime": 15.0,
    "goal_threshold": 0.0,
    "interpolate_steps": 50
  },
  "path": [
    [
      1.0,
      5.0,
      0.0
    ],
    [
      1.342,
      4.93913,
      -0.352288
    ],
    [
      1.64199,
      4.76399,
      -0.704577
    ],
    [
      1.86313,
      4.4961,
      -1.05687
    ],
    [
      1.97825,
      4.16835,
      -1.40915
    ],
    [
      1.97321,
      3.82102,
      -1.76144
    ],
    [
      1.84863,
      3.49675,
      -2.11373
    ],
    [
      1.66593,
      3.19918,
      -2.12153
    ],
    [
      1.4832,
      2.90164,
      -2.12153
    ],
    [
      1.30047,
      2.60409,
      -2.12153
    ],
    [
      1.04911,
      2.30455,
      -2.3175
    ],
    [
      0.80157,
      2.00214,
      -2.09825
    ],
    [
      0.675503,
      1.63384,
      -1.70294
    ],
    [
      0.700988,
      1.2454,
      -1.30763
    ],
    [
      0.874092,
      0.896738,
      -0.912316
    ],
    [
      1.16812,
      0.641624,
      -0.517005
    ],
    [
      1.53771,
      0.519412,
      -0.121694
    ],
    [
      1.92586,
      0.548954,
      0.273617
    ],
    [
      2.27843,
      0.58638,
      0.00631187
    ],
    [
      2.63437,
      0.588627,
      0.00631187
    ],
    [
      2.99032,
      0.590873,
      0.00631187
    ],
    [
      3.34626,
      0.59312,
      0.00631187
    ],
    [
      3.7022,
      0.595367,
      0.00631187
    ],
    [
      4.05789,
      0.603497,
      0.11534
    ],
    [
      4.39664,
      0.706397,
      0.474461
    ],
    [
      4.74379,
      0.810232,
      0.106826
    ],
    [
      5.10715,
      0.837427,
      0.0731627
    ],
    [
      5.47056,
      0.864063,
      0.0731627
    ],
    [
      5.83398,
      0.890699,
      0.0731627
    ],
    [
      6.19739,
      0.917334,
      0.0731627
    ],
    [
      6.5608,
      0.94397,
      0.0731627
    ],
    [
      6.92422,
      0.970606,
      0.0731627
    ],
    [
      7.2876,
      0.997632,
      0.101259
    ],
    [
      7.68018,
      1.00924,
      0.0215444
    ],
    [
      8.07291,
      1.0177,
      0.0215444
    ],
    [
      8.46562,
      1.02687,
      0.0593917
    ],
    [
      8.843,
      1.12628,
      0.455716
    ],
    [
      9.15276,
      1.36366,
      0.852041
    ],
    [
      9.34687,
      1.70222,
      1.24836
    ],
    [
      9.39524,
      2.08947,
      1.64469
    ],
    [
      9.29038,
      2.46537,
      2.04101
    ],
    [
      9.04853,
      2.77165,
      2.43734
    ],
    [
      8.72678,
      2.99672,
      2.54613
    ],
    [
      8.40233,
      3.21814,
      2.49434
    ],
    [
      8.14342,
      3.51015,
      2.09802
    ],
    [
      8.01731,
      3.87947,
      1.70169
    ],
    [
      8.04354,
      4.26884,
      1.30537
    ],
    [
      8.21805,
      4.61791,
      0.909042
    ],
    [
      8.51379,
      4.87255,
      0.512718
    ],
    [
      9.0,
      5.0,
      0.0
    ]
  ]
}