{
  "robot": {
    "class": "RectangleRobot",
    "radius": 0.24348966074108877,
    "wheelbase": 0.34800823755606586,
    "max_velocity": 10.212673546748185,
    "max_steering_at_zero_v": 0.48628398454827226,
    "max_steering_at_max_v": 0.1755595271454986,
    "acceleration": 5,
    "width": 0.4066999277469021,
    "lenght": 0.2678507575533559
  },
  "planner": {
    "class": "Dubins_pathfinding",
    "start": [
      1.0,
      5.0
    ],
    "goal": [
      9.0,
      5.0
    ],
    "bounds": [
      0,
      10,
      0,
      10
    ],
    "max_runtime": 15.0,
    "goal_threshold": 0.0,
    "interpolate_steps": 50
  },
  "path": [
    [
      1.0,
      5.0,
      0.0
    ],
    [
      1.3315,
      4.91045,
      -0.527703
    ],
    [
      1.57281,
      4.66615,
      -1.05541
    ],
    [
      1.65828,
      4.33357,
      -1.58311
    ],
    [
      1.5774,
      3.99775,
      -1.90544
    ],
    [
      1.46331,
      3.66962,
      -1.90544
    ],
    [
      1.34921,
      3.34149,
      -1.90544
    ],
    [
      1.23511,
      3.01336,
      -1.90544
    ],
    [
      1.1596,
      2.67664,
      -1.5583
    ],
    [
      1.07408,
      2.32758,
      -1.95089
    ],
    [
      0.939605,
      1.99099,
      -1.95089
    ],
    [
      0.769763,
      1.67357,
      -2.30108
    ],
    [
      0.609589,
      1.33486,
      -1.72398
    ],
    [
      0.66015,
      0.963622,
      -1.14689
    ],
    [
      0.905068,
      0.680088,
      -0.569792
    ],
    [
      1.26502,
      0.576099,
      0.00730344
    ],
    [
      1.64052,
      0.631367,
      0.168666
    ],
    [
      2.01505,
      0.695142,
      0.168666
    ],
    [
      2.38958,
      0.758918,
      0.168666
    ],
    [
      2.7641,
      0.822718,
      0.17733
    ],
    [
      3.10985,
      0.828641,
      -0.0197229
    ],
    [
      3.45619,
      0.821809,
      -0.0197229
    ],
    [
      3.80253,
      0.814978,
      -0.0197229
    ],
    [
      4.14887,
      0.808146,
      -0.0197229
    ],
    [
      4.49521,
      0.801314,
      -0.0197229
    ],
    [
      4.84154,
      0.794483,
      -0.0197229
    ],
    [
      5.18788,
      0.787651,
      -0.0197229
    ],
    [
      5.53422,
      0.780819,
      -0.0197229
    ],
    [
      5.87974,
      0.789442,
      0.197247
    ],
    [
      6.22589,
      0.791379,
      -0.0542861
    ],
    [
      6.57265,
      0.772536,
      -0.0542861
    ],
    [
      6.91941,
      0.753694,
      -0.0542861
    ],
    [
      7.26616,
      0.734851,
      -0.0542861
    ],
    [
      7.61292,
      0.716008,
      -0.0542861
    ],
    [
      7.95968,
      0.697166,
      -0.0542861
    ],
    [
      8.30644,
      0.678323,
      -0.0542861
    ],
    [
      8.65327,
      0.663517,
      0.0564792
    ],
    [
      8.97908,
      0.771569,
      0.583982
    ],
    [
      9.21824,
      1.05466,
      1.15462
    ],
    [
      9.2666,
      1.42208,
      1.72526
    ],
    [
      9.18285,
      1.78825,
      1.80061
    ],
    [
      9.09727,
      2.15404,
      1.80061
    ],
    [
      9.0117,
      2.51983,
      1.80061
    ],
    [
      8.92612,
      2.88562,
      1.80061
    ],
    [
      8.83717,
      3.2505,
      1.90371
    ],
    [
      8.62238,
      3.5525,
      2.47435
    ],
    [
      8.3822,
      3.9511,
      1.75184
    ],
    [
      8.34687,
      4.42426,
      1.44502
    ],
    [
      8.56467,
      4.83552,
      0.72251
    ],
    [
      9.0,
      5.0,
      0.0
    ]
  ]
}