{
  "robot": {
    "class": "RectangleRobot",
    "radius": 0.3304018242340986,
    "wheelbase": 0.25927750169148067,
    "max_velocity": 8.835491204590486,
    "max_steering_at_zero_v": 0.4821809102051715,
    "max_steering_at_max_v": 0.2014308341658042,
    "acceleration": 5,
    "width": 0.6209118095239556,
    "lenght": 0.22611940788567392
  },
  "planner": {
    "class": "Dubins_pathfinding",
    "start": [
      1.0,
      5.0
    ],
    "goal": [
      9.0,
      5.0
    ],
    "bounds": [
      0,
      10,
      0,
      10
    ],
    "max_runtime": 15.0,
    "goal_threshold": 0.0,
    "interpolate_steps": 50
  },
  "path": [
    [
      1.0,
      5.0,
      0.0
    ],
    [
      1.32097,
      5.11805,
      0.704859
    ],
    [
      1.48897,
      5.41593,
      1.40972
    ],
    [
      1.43063,
      5.75475,
      1.94201
    ],
    [
      1.30397,
      6.08014,
      1.94201
    ],
    [
      1.17731,
      6.40553,
      1.94201
    ],
    [
      1.05065,
      6.73093,
      1.94201
    ],
    [
      0.923984,
      7.05632,
      1.94201
    ],
    [
      0.797322,
      7.38171,
      1.94201
    ],
    [
      0.67066,
      7.70711,
      1.94201
    ],
    [
      0.639763,
      8.06841,
      1.55478
    ],
    [
      0.645615,
      8.43388,
      1.55478
    ],
    [
      0.651467,
      8.79935,
      1.55478
    ],
    [
      0.66267,
      9.16447,
      1.40762
    ],
    [
      0.831295,
      9.462,
      0.702757
    ],
    [
      1.15251,
      9.57937,
      -0.000680807
    ],
    [
      1.50169,
      9.57914,
      -0.000680807
    ],
    [
      1.85087,
      9.5789,
      -0.000680807
    ],
    [
      2.20004,
      9.57866,
      -0.000680807
    ],
    [
      2.54922,
      9.57842,
      -0.000680807
    ],
    [
      2.8984,
      9.57818,
      -0.000680807
    ],
    [
      3.24757,
      9.57795,
      -0.000680807
    ],
    [
      3.59675,
      9.57771,
      -0.000680807
    ],
    [
      3.94303,
      9.5343,
      -0.138086
    ],
    [
      4.28888,
      9.48624,
      -0.138086
    ],
    [
      4.63474,
      9.43817,
      -0.138086
    ],
    [
      4.98059,
      9.39011,
      -0.138086
    ],
    [
      5.32644,
      9.34205,
      -0.138086
    ],
    [
      5.67229,
      9.29398,
      -0.138086
    ],
    [
      6.01815,
      9.24592,
      -0.138086
    ],
    [
      6.364,
      9.19786,
      -0.138086
    ],
    [
      6.70985,
      9.14979,
      -0.138086
    ],
    [
      7.05054,
      9.17858,
      0.139987
    ],
    [
      7.39032,
      9.22646,
      0.139987
    ],
    [
      7.73011,
      9.27434,
      0.139987
    ],
    [
      8.06989,
      9.32222,
      0.139987
    ],
    [
      8.40967,
      9.37009,
      0.139987
    ],
    [
      8.74148,
      9.31437,
      -0.511558
    ],
    [
      8.96882,
      9.03943,
      -1.24162
    ],
    [
      9.0868,
      8.69407,
      -1.24162
    ],
    [
      9.20477,
      8.34871,
      -1.24162
    ],
    [
      9.31951,
      8.00239,
      -1.3585
    ],
    [
      9.26406,
      7.64997,
      -2.0952
    ],
    [
      9.11931,
      7.34259,
      -2.00499
    ],
    [
      8.97636,
      7.03432,
      -2.00499
    ],
    [
      8.83341,
      6.72604,
      -2.00499
    ],
    [
      8.68171,
      6.42256,
      -2.20581
    ],
    [
      8.54809,
      5.86866,
      -1.69726
    ],
    [
      8.54488,
      5.29976,
      -1.16485
    ],
    [
      9.0,
      5.0,
      0.0
    ]
  ]
}