{
  "robot": {
    "class": "RectangleRobot",
    "radius": 0.3003649129926526,
    "wheelbase": 0.28166131070493267,
    "max_velocity": 12.737858014458393,
    "max_steering_at_zero_v": 0.32083208337382996,
    "max_steering_at_max_v": 0.19742775206431443,
    "acceleration": 5,
    "width": 0.4297916879992,
    "lenght": 0.41970874276709247
  },
  "planner": {
    "class": "Dubins_pathfinding",
    "start": [
      1.0,
      5.0
    ],
    "goal": [
      9.0,
      5.0
    ],
    "bounds": [
      0,
      10,
      0,
      10
    ],
    "max_runtime": 15.0,
    "goal_threshold": 0.0,
    "interpolate_steps": 50
  },
  "path": [
    [
      1.0,
      5.0,
      0.0
    ],
    [
      1.37891,
      4.91059,
      -0.463466
    ],
    [
      1.67788,
      4.66122,
      -0.926931
    ],
    [
      1.83382,
      4.3045,
      -1.3904
    ],
    [
      1.81385,
      3.91569,
      -1.85386
    ],
    [
      1.62479,
      3.57468,
      -2.2278
    ],
    [
      1.38487,
      3.26363,
      -2.2278
    ],
    [
      1.14496,
      2.95258,
      -2.2278
    ],
    [
      0.905044,
      2.64154,
      -2.2278
    ],
    [
      0.748512,
      2.31358,
      -1.85652
    ],
    [
      0.645366,
      1.96246,
      -1.85652
    ],
    [
      0.552884,
      1.60881,
      -1.69566
    ],
    [
      0.585891,
      1.24719,
      -1.26389
    ],
    [
      0.767199,
      0.932572,
      -0.832118
    ],
    [
      1.06353,
      0.722699,
      -0.400347
    ],
    [
      1.44733,
      0.657365,
      0.0631185
    ],
    [
      1.83693,
      0.707251,
      0.132549
    ],
    [
      2.2263,
      0.759167,
      0.132549
    ],
    [
      2.61568,
      0.811083,
      0.132549
    ],
    [
      3.00506,
      0.862999,
      0.132549
    ],
    [
      3.39444,
      0.914915,
      0.132549
    ],
    [
      3.78381,
      0.966831,
      0.132549
    ],
    [
      4.17319,
      1.01875,
      0.132549
    ],
    [
      4.56092,
      0.981258,
      -0.27972
    ],
    [
      4.93848,
      0.872805,
      -0.27972
    ],
    [
      5.31603,
      0.764352,
      -0.27972
    ],
    [
      5.69359,
      0.655899,
      -0.27972
    ],
    [
      6.07114,
      0.547445,
      -0.27972
    ],
    [
      6.4487,
      0.438992,
      -0.27972
    ],
    [
      6.82732,
      0.334814,
      -0.17772
    ],
    [
      7.21607,
      0.355832,
      0.285745
    ],
    [
      7.55236,
      0.440179,
      0.243573
    ],
    [
      7.88884,
      0.523797,
      0.243573
    ],
    [
      8.22533,
      0.607415,
      0.243573
    ],
    [
      8.56181,
      0.691033,
      0.243573
    ],
    [
      8.89829,
      0.774651,
      0.243573
    ],
    [
      9.21687,
      0.905917,
      0.590709
    ],
    [
      9.45793,
      1.15176,
      0.999775
    ],
    [
      9.5813,
      1.4732,
      1.40884
    ],
    [
      9.55416,
      1.86157,
      1.87231
    ],
    [
      9.36273,
      2.20198,
      2.19609
    ],
    [
      9.13279,
      2.52047,
      2.19609
    ],
    [
      8.90286,
      2.83897,
      2.19609
    ],
    [
      8.67292,
      3.15747,
      2.19609
    ],
    [
      8.44299,
      3.47596,
      2.19609
    ],
    [
      8.22756,
      3.80352,
      1.99505
    ],
    [
      8.15307,
      4.18565,
      1.53158
    ],
    [
      8.2773,
      4.59525,
      1.02106
    ],
    [
      8.58584,
      4.89192,
      0.510528
    ],
    [
      9.0,
      5.0,
      0.0
    ]
  ]
}