{
  "robot": {
    "class": "RectangleRobot",
    "radius": 0.25518851459589786,
    "wheelbase": 0.20507506877073098,
    "max_velocity": 9.32766057238859,
    "max_steering_at_zero_v": 0.36017198069659534,
    "max_steering_at_max_v": 0.22646330087861916,
    "acceleration": 5,
    "width": 0.24505304269305872,
    "lenght": 0.44769824457274465
  },
  "planner": {
    "class": "Dubins_pathfinding",
    "start": [
      1.0,
      5.0
    ],
    "goal": [
      9.0,
      5.0
    ],
    "bounds": [
      0,
      10,
      0,
      10
    ],
    "max_runtime": 15.0,
    "goal_threshold": 0.0,
    "interpolate_steps": 50
  },
  "path": [
    [
      1.0,
      5.0,
      0.0
    ],
    [
      1.3353,
      5.11547,
      0.663329
    ],
    [
      1.5284,
      5.41292,
      1.32666
    ],
    [
      1.502,
      5.76776,
      1.85625
    ],
    [
      1.40029,
      6.11436,
      1.85625
    ],
    [
      1.29857,
      6.46095,
      1.85625
    ],
    [
      1.19686,
      6.80755,
      1.85625
    ],
    [
      1.09515,
      7.15414,
      1.85625
    ],
    [
      0.964391,
      7.4885,
      2.19702
    ],
    [
      0.839958,
      7.76496,
      1.93005
    ],
    [
      0.732979,
      8.04982,
      1.93005
    ],
    [
      0.622549,
      8.33322,
      2.04734
    ],
    [
      0.544078,
      8.60976,
      1.62495
    ],
    [
      0.604061,
      8.88923,
      1.09381
    ],
    [
      0.79734,
      9.09983,
      0.562668
    ],
    [
      1.12979,
      9.19428,
      0.133324
    ],
    [
      1.47587,
      9.2407,
      0.133324
    ],
    [
      1.82195,
      9.28711,
      0.133324
    ],
    [
      2.16803,
      9.33353,
      0.133324
    ],
    [
      2.5141,
      9.37994,
      0.133324
    ],
    [
      2.86018,
      9.42636,
      0.133324
    ],
    [
      3.20626,
      9.47278,
      0.133324
    ],
    [
      3.55234,
      9.51919,
      0.133324
    ],
    [
      3.89841,
      9.56561,
      0.133324
    ],
    [
      4.24558,
      9.54028,
      -0.124582
    ],
    [
      4.59205,
      9.49689,
      -0.124582
    ],
    [
      4.93852,
      9.45351,
      -0.124582
    ],
    [
      5.28499,
      9.41012,
      -0.124582
    ],
    [
      5.63146,
      9.36673,
      -0.124582
    ],
    [
      5.97793,
      9.32334,
      -0.124582
    ],
    [
      6.3244,
      9.27995,
      -0.124582
    ],
    [
      6.67087,
      9.23656,
      -0.124582
    ],
    [
      7.01734,
      9.19318,
      -0.124582
    ],
    [
      7.39395,
      9.17291,
      -0.0497078
    ],
    [
      7.77067,
      9.15417,
      -0.0497078
    ],
    [
      8.14738,
      9.13543,
      -0.0497078
    ],
    [
      8.52358,
      9.11127,
      -0.191145
    ],
    [
      8.84114,
      8.922,
      -0.883805
    ],
    [
      8.96521,
      8.58918,
      -1.49742
    ],
    [
      8.99172,
      8.22856,
      -1.49742
    ],
    [
      9.01823,
      7.86793,
      -1.49742
    ],
    [
      9.004,
      7.50959,
      -1.88539
    ],
    [
      8.79012,
      7.22626,
      -2.54942
    ],
    [
      8.58478,
      6.96719,
      -1.9326
    ],
    [
      8.53339,
      6.6364,
      -1.66844
    ],
    [
      8.50065,
      6.30212,
      -1.66844
    ],
    [
      8.47564,
      5.96751,
      -1.49975
    ],
    [
      8.45546,
      5.54185,
      -1.56584
    ],
    [
      8.6159,
      5.15854,
      -0.782922
    ],
    [
      9.0,
      5.0,
      0.0
    ]
  ]
}