{
  "robot": {
    "class": "RectangleRobot",
    "radius": 0.2623141548574313,
    "wheelbase": 0.39943544214063986,
    "max_velocity": 9.118329055187628,
    "max_steering_at_zero_v": 0.4117984788817147,
    "max_steering_at_max_v": 0.2231822661892497,
    "acceleration": 5,
    "width": 0.4420032161202496,
    "lenght": 0.2826093068064634
  },
  "planner": {
    "class": "Dubins_pathfinding",
    "start": [
      1.0,
      5.0
    ],
    "goal": [
      9.0,
      5.0
    ],
    "bounds": [
      0,
      10,
      0,
      10
    ],
    "max_runtime": 15.0,
    "goal_threshold": 0.0,
    "interpolate_steps": 50
  },
  "path": [
    [
      1.0,
      5.0,
      0.0
    ],
    [
      1.38085,
      5.08308,
      0.429541
    ],
    [
      1.69251,
      5.31722,
      0.859082
    ],
    [
      1.87835,
      5.65988,
      1.28862
    ],
    [
      1.90461,
      6.0488,
      1.71816
    ],
    [
      1.76651,
      6.41333,
      2.1477
    ],
    [
      1.50796,
      6.70825,
      2.32864
    ],
    [
      1.23795,
      6.99357,
      2.32864
    ],
    [
      0.967944,
      7.27889,
      2.32864
    ],
    [
      0.778131,
      7.57316,
      2.01973
    ],
    [
      0.625376,
      7.89025,
      2.01973
    ],
    [
      0.472699,
      8.20738,
      2.00599
    ],
    [
      0.388615,
      8.54693,
      1.62112
    ],
    [
      0.438158,
      8.8932,
      1.23625
    ],
    [
      0.61408,
      9.19554,
      0.851387
    ],
    [
      0.890643,
      9.40972,
      0.46652
    ],
    [
      1.26813,
      9.50739,
      0.0721882
    ],
    [
      1.65993,
      9.53572,
      0.0721882
    ],
    [
      2.05173,
      9.56405,
      0.0721882
    ],
    [
      2.44353,
      9.59239,
      0.0721882
    ],
    [
      2.83533,
      9.62072,
      0.0721882
    ],
    [
      3.22713,
      9.64905,
      0.0721882
    ],
    [
      3.61893,
      9.67738,
      0.0721882
    ],
    [
      4.01073,
      9.70572,
      0.0721882
    ],
    [
      4.35852,
      9.68227,
      -0.111417
    ],
    [
      4.70553,
      9.64345,
      -0.111417
    ],
    [
      5.05254,
      9.60463,
      -0.111417
    ],
    [
      5.39955,
      9.5658,
      -0.111417
    ],
    [
      5.74656,
      9.52698,
      -0.111417
    ],
    [
      6.09357,
      9.48815,
      -0.111417
    ],
    [
      6.44058,
      9.44933,
      -0.111417
    ],
    [
      6.7876,
      9.41051,
      -0.111417
    ],
    [
      7.13461,
      9.37168,
      -0.111417
    ],
    [
      7.50727,
      9.29076,
      -0.230959
    ],
    [
      7.87869,
      9.20341,
      -0.230959
    ],
    [
      8.2501,
      9.11607,
      -0.230959
    ],
    [
      8.62121,
      9.0275,
      -0.28373
    ],
    [
      8.95501,
      8.84845,
      -0.700943
    ],
    [
      9.19249,
      8.53933,
      -1.13048
    ],
    [
      9.27967,
      8.15939,
      -1.56003
    ],
    [
      9.2007,
      7.77767,
      -1.98957
    ],
    [
      8.98661,
      7.44938,
      -2.20034
    ],
    [
      8.75532,
      7.13187,
      -2.20034
    ],
    [
      8.52404,
      6.81435,
      -2.20034
    ],
    [
      8.29275,
      6.49683,
      -2.20034
    ],
    [
      8.11606,
      6.14905,
      -1.83014
    ],
    [
      8.10338,
      5.73446,
      -1.37261
    ],
    [
      8.27515,
      5.35691,
      -0.915072
    ],
    [
      8.59602,
      5.09406,
      -0.457536
    ],
    [
      9.0,
      5.0,
      0.0
    ]
  ]
}