{
  "robot": {
    "class": "RectangleRobot",
    "radius": 0.15653675155988295,
    "wheelbase": 0.5614111251429229,
    "max_velocity": 9.630474613200548,
    "max_steering_at_zero_v": 0.5157159772207509,
    "max_steering_at_max_v": 0.21582147796080878,
    "acceleration": 5,
    "width": 0.23108732072349436,
    "lenght": 0.21121947958585385
  },
  "planner": {
    "class": "Dubins_pathfinding",
    "start": [
      1.0,
      5.0
    ],
    "goal": [
      9.0,
      5.0
    ],
    "bounds": [
      0,
      10,
      0,
      10
    ],
    "max_runtime": 15.0,
    "goal_threshold": 0.0,
    "interpolate_steps": 50
  },
  "path": [
    [
      1.0,
      5.0,
      0.0
    ],
    [
      1.3826,
      5.07689,
      0.396655
    ],
    [
      1.70579,
      5.29563,
      0.79331
    ],
    [
      1.91939,
      5.62224,
      1.18996
    ],
    [
      1.99022,
      6.00601,
      1.58662
    ],
    [
      1.90728,
      6.38735,
      1.98327
    ],
    [
      1.74429,
      6.74476,
      1.99897
    ],
    [
      1.58118,
      7.10212,
      1.99897
    ],
    [
      1.41808,
      7.45948,
      1.99897
    ],
    [
      1.18927,
      7.77562,
      2.39562
    ],
    [
      0.87,
      8.00323,
      2.45499
    ],
    [
      0.622836,
      8.30524,
      2.05833
    ],
    [
      0.511538,
      8.67928,
      1.66168
    ],
    [
      0.553388,
      9.06728,
      1.26502
    ],
    [
      0.741889,
      9.40899,
      0.868368
    ],
    [
      1.04777,
      9.65135,
      0.471713
    ],
    [
      1.42353,
      9.75671,
      0.0750585
    ],
    [
      1.81542,
      9.73706,
      -0.0806515
    ],
    [
      2.20697,
      9.70541,
      -0.0806515
    ],
    [
      2.59851,
      9.67376,
      -0.0806515
    ],
    [
      2.99006,
      9.64212,
      -0.0806515
    ],
    [
      3.3816,
      9.61047,
      -0.0806515
    ],
    [
      3.77315,
      9.57882,
      -0.0806515
    ],
    [
      4.1647,
      9.54717,
      -0.0806515
    ],
    [
      4.55624,
      9.51553,
      -0.0806515
    ],
    [
      4.94799,
      9.53605,
      0.0883096
    ],
    [
      5.33928,
      9.5707,
      0.0883096
    ],
    [
      5.73057,
      9.60534,
      0.0883096
    ],
    [
      6.12187,
      9.63999,
      0.0883096
    ],
    [
      6.51316,
      9.67463,
      0.0883096
    ],
    [
      6.90445,
      9.70928,
      0.0883096
    ],
    [
      7.29574,
      9.74392,
      0.0883096
    ],
    [
      7.68749,
      9.76467,
      -0.0793452
    ],
    [
      8.04361,
      9.72982,
      -0.0980191
    ],
    [
      8.39972,
      9.69481,
      -0.0980191
    ],
    [
      8.75586,
      9.66016,
      -0.0705467
    ],
    [
      9.13209,
      9.55649,
      -0.467202
    ],
    [
      9.43906,
      9.31552,
      -0.863857
    ],
    [
      9.6291,
      8.97466,
      -1.26051
    ],
    [
      9.6727,
      8.58685,
      -1.65717
    ],
    [
      9.56309,
      8.21231,
      -2.05382
    ],
    [
      9.32794,
      7.89897,
      -2.27774
    ],
    [
      9.0728,
      7.60029,
      -2.27774
    ],
    [
      8.81765,
      7.30161,
      -2.27774
    ],
    [
      8.47835,
      6.90441,
      -2.27774
    ],
    [
      8.15014,
      6.49877,
      -2.10993
    ],
    [
      8.00973,
      6.00188,
      -1.58245
    ],
    [
      8.13852,
      5.50185,
      -1.05497
    ],
    [
      8.5015,
      5.13461,
      -0.527483
    ],
    [
      9.0,
      5.0,
      0.0
    ]
  ]
}