{
  "robot": {
    "class": "RectangleRobot",
    "radius": 0.3902435911990776,
    "wheelbase": 0.3680333991175134,
    "max_velocity": 9.000953371781483,
    "max_steering_at_zero_v": 0.4693266057496231,
    "max_steering_at_max_v": 0.18032341235887844,
    "acceleration": 5,
    "width": 0.6760632512169367,
    "lenght": 0.38999836184501635
  },
  "planner": {
    "class": "Dubins_pathfinding",
    "start": [
      1.0,
      5.0
    ],
    "goal": [
      9.0,
      5.0
    ],
    "bounds": [
      0,
      10,
      0,
      10
    ],
    "max_runtime": 15.0,
    "goal_threshold": 0.0,
    "interpolate_steps": 50
  },
  "path": [
    [
      1.0,
      5.0,
      0.0
    ],
    [
      1.37392,
      5.10374,
      0.541277
    ],
    [
      1.64094,
      5.38531,
      1.08255
    ],
    [
      1.72471,
      5.76421,
      1.62383
    ],
    [
      1.61687,
      6.1396,
      1.94671
    ],
    [
      1.47266,
      6.50499,
      1.94671
    ],
    [
      1.32844,
      6.87039,
      1.94671
    ],
    [
      1.18423,
      7.23578,
      1.94671
    ],
    [
      1.04002,
      7.60118,
      1.94671
    ],
    [
      0.845715,
      7.94962,
      2.10113
    ],
    [
      0.640319,
      8.2919,
      2.20676
    ],
    [
      0.50169,
      8.65434,
      1.66548
    ],
    [
      0.569618,
      9.0364,
      1.1242
    ],
    [
      0.824681,
      9.32884,
      0.582924
    ],
    [
      1.19239,
      9.45819,
      0.209806
    ],
    [
      1.5766,
      9.54,
      0.209806
    ],
    [
      1.9627,
      9.60905,
      0.0210935
    ],
    [
      2.33872,
      9.51321,
      -0.520184
    ],
    [
      2.61162,
      9.23734,
      -1.06146
    ],
    [
      2.86443,
      8.9734,
      -0.552384
    ],
    [
      3.21381,
      8.86615,
      -0.0433074
    ],
    [
      3.5746,
      8.93354,
      0.300942
    ],
    [
      3.92745,
      9.04306,
      0.300942
    ],
    [
      4.2803,
      9.15257,
      0.300942
    ],
    [
      4.63315,
      9.26209,
      0.300942
    ],
    [
      4.986,
      9.3716,
      0.298743
    ],
    [
      5.35112,
      9.38775,
      -0.210334
    ],
    [
      5.71246,
      9.38619,
      0.079613
    ],
    [
      6.07432,
      9.41506,
      0.079613
    ],
    [
      6.43629,
      9.44197,
      0.00617167
    ],
    [
      6.78057,
      9.40431,
      -0.127722
    ],
    [
      7.1243,
      9.36017,
      -0.127722
    ],
    [
      7.46803,
      9.31602,
      -0.127722
    ],
    [
      7.81177,
      9.27188,
      -0.127722
    ],
    [
      8.1555,
      9.22774,
      -0.127722
    ],
    [
      8.49924,
      9.1836,
      -0.127722
    ],
    [
      8.84309,
      9.14049,
      -0.0740038
    ],
    [
      9.20831,
      9.00939,
      -0.615281
    ],
    [
      9.45378,
      8.70885,
      -1.15656
    ],
    [
      9.50931,
      8.3248,
      -1.69784
    ],
    [
      9.3689,
      7.96099,
      -2.06045
    ],
    [
      9.18415,
      7.61433,
      -2.06045
    ],
    [
      8.9994,
      7.26766,
      -2.06045
    ],
    [
      8.81464,
      6.921,
      -2.06045
    ],
    [
      8.62989,
      6.57433,
      -2.06045
    ],
    [
      8.43516,
      6.20895,
      -2.06045
    ],
    [
      8.28144,
      5.82751,
      -1.7115
    ],
    [
      8.34027,
      5.42333,
      -1.141
    ],
    [
      8.60807,
      5.11493,
      -0.5705
    ],
    [
      9.0,
      5.0,
      0.0
    ]
  ]
}