{
  "robot": {
    "class": "RectangleRobot",
    "radius": 0.19159435198564628,
    "wheelbase": 0.43426229650750287,
    "max_velocity": 12.352152167302647,
    "max_steering_at_zero_v": 0.4131544259347317,
    "max_steering_at_max_v": 0.16290527699356594,
    "acceleration": 5,
    "width": 0.11201424367446772,
    "lenght": 0.3664510773148796
  },
  "planner": {
    "class": "Dubins_pathfinding",
    "start": [
      1.0,
      5.0
    ],
    "goal": [
      9.0,
      5.0
    ],
    "bounds": [
      0,
      10,
      0,
      10
    ],
    "max_runtime": 15.0,
    "goal_threshold": 0.0,
    "interpolate_steps": 50
  },
  "path": [
    [
      1.0,
      5.0,
      0.0
    ],
    [
      1.43373,
      5.1,
      0.453205
    ],
    [
      1.77989,
      5.37982,
      0.906409
    ],
    [
      1.96858,
      5.78295,
      1.35961
    ],
    [
      1.96172,
      6.228,
      1.81282
    ],
    [
      1.76068,
      6.62513,
      2.26602
    ],
    [
      1.42121,
      6.91726,
      2.4828
    ],
    [
      1.09904,
      7.22646,
      2.1726
    ],
    [
      0.804043,
      7.58093,
      2.27646
    ],
    [
      0.583932,
      7.98171,
      1.84115
    ],
    [
      0.566787,
      8.43855,
      1.37546
    ],
    [
      0.749072,
      8.84462,
      0.922256
    ],
    [
      1.09075,
      9.12988,
      0.469051
    ],
    [
      1.52284,
      9.23674,
      0.0158467
    ],
    [
      1.9581,
      9.14363,
      -0.437358
    ],
    [
      2.35858,
      8.94075,
      -0.470092
    ],
    [
      2.74682,
      8.71747,
      -0.686965
    ],
    [
      3.01874,
      8.36508,
      -1.14017
    ],
    [
      3.19951,
      7.97784,
      -1.13401
    ],
    [
      3.38029,
      7.59062,
      -1.13401
    ],
    [
      3.56132,
      7.2035,
      -1.11083
    ],
    [
      3.86717,
      6.83973,
      -0.680233
    ],
    [
      4.24006,
      6.53805,
      -0.680233
    ],
    [
      4.62823,
      6.25858,
      -0.446732
    ],
    [
      5.09329,
      6.16207,
      0.037467
    ],
    [
      5.54982,
      6.29313,
      0.521666
    ],
    [
      5.9993,
      6.4239,
      0.044593
    ],
    [
      6.4648,
      6.35398,
      -0.225403
    ],
    [
      6.92543,
      6.24836,
      -0.225403
    ],
    [
      7.38606,
      6.14274,
      -0.225403
    ],
    [
      7.84669,
      6.03712,
      -0.225403
    ],
    [
      8.26829,
      5.83362,
      -0.688014
    ],
    [
      8.62201,
      5.43681,
      -0.875349
    ],
    [
      8.96313,
      5.02806,
      -0.875349
    ],
    [
      9.18773,
      4.5524,
      -1.39817
    ],
    [
      9.31614,
      4.15829,
      -1.21646
    ],
    [
      9.46019,
      3.76891,
      -1.21646
    ],
    [
      9.60366,
      3.37932,
      -1.25189
    ],
    [
      9.64864,
      2.96964,
      -1.671
    ],
    [
      9.523,
      2.57712,
      -2.09012
    ],
    [
      9.1649,
      2.2147,
      -2.6103
    ],
    [
      8.67403,
      2.07821,
      -3.13047
    ],
    [
      8.18025,
      2.20375,
      2.63254
    ],
    [
      7.81417,
      2.55811,
      2.11236
    ],
    [
      7.67265,
      3.04756,
      1.59218
    ],
    [
      7.78217,
      3.54717,
      1.2268
    ],
    [
      7.95595,
      4.03227,
      1.2268
    ],
    [
      8.14553,
      4.51056,
      1.04035
    ],
    [
      8.50764,
      4.86898,
      0.520176
    ],
    [
      9.0,
      5.0,
      0.0
    ]
  ]
}