{
  "robot": {
    "class": "RectangleRobot",
    "radius": 0.30212013463389503,
    "wheelbase": 0.22120258802594522,
    "max_velocity": 9.623717687653548,
    "max_steering_at_zero_v": 0.3281137200229299,
    "max_steering_at_max_v": 0.18855220658108748,
    "acceleration": 5,
    "width": 0.4417380156850609,
    "lenght": 0.4122788237387852
  },
  "planner": {
    "class": "Dubins_pathfinding",
    "start": [
      1.0,
      5.0
    ],
    "goal": [
      9.0,
      5.0
    ],
    "bounds": [
      0,
      10,
      0,
      10
    ],
    "max_runtime": 15.0,
    "goal_threshold": 0.0,
    "interpolate_steps": 50
  },
  "path": [
    [
      1.0,
      5.0,
      0.0
    ],
    [
      1.33233,
      4.90859,
      -0.53685
    ],
    [
      1.57115,
      4.66008,
      -1.0737
    ],
    [
      1.64928,
      4.32438,
      -1.61055
    ],
    [
      1.54565,
      3.9954,
      -2.09013
    ],
    [
      1.37252,
      3.69256,
      -2.09013
    ],
    [
      1.19939,
      3.38971,
      -2.09013
    ],
    [
      1.02625,
      3.08686,
      -2.09013
    ],
    [
      0.85312,
      2.78401,
      -2.09013
    ],
    [
      0.745018,
      2.45634,
      -1.62588
    ],
    [
      0.725947,
      2.05966,
      -1.61879
    ],
    [
      0.706893,
      1.66297,
      -1.61879
    ],
    [
      0.687838,
      1.26629,
      -1.61879
    ],
    [
      0.688386,
      0.870268,
      -1.37289
    ],
    [
      0.877037,
      0.527801,
      -0.761707
    ],
    [
      1.18094,
      0.364519,
      -0.224343
    ],
    [
      1.52587,
      0.37881,
      0.256465
    ],
    [
      1.86363,
      0.467384,
      0.256465
    ],
    [
      2.20139,
      0.555957,
      0.256465
    ],
    [
      2.53914,
      0.64453,
      0.256465
    ],
    [
      2.8769,
      0.733103,
      0.256465
    ],
    [
      3.21465,
      0.821676,
      0.256465
    ],
    [
      3.55814,
      0.868356,
      -0.10495
    ],
    [
      3.87933,
      0.742435,
      -0.642313
    ],
    [
      4.19586,
      0.617022,
      -0.112168
    ],
    [
      4.53894,
      0.637885,
      0.105262
    ],
    [
      4.88152,
      0.674079,
      0.105262
    ],
    [
      5.2241,
      0.710273,
      0.105262
    ],
    [
      5.56668,
      0.746467,
      0.105262
    ],
    [
      5.90926,
      0.782661,
      0.105262
    ],
    [
      6.24766,
      0.840336,
      0.365024
    ],
    [
      6.60622,
      0.882825,
      -0.00256993
    ],
    [
      6.97,
      0.88189,
      -0.00256993
    ],
    [
      7.33379,
      0.880955,
      -0.00256993
    ],
    [
      7.69758,
      0.88002,
      -0.00256993
    ],
    [
      8.06136,
      0.879085,
      -0.00256993
    ],
    [
      8.42443,
      0.889943,
      0.188222
    ],
    [
      8.80758,
      1.04315,
      0.42394
    ],
    [
      9.15435,
      1.26126,
      0.842743
    ],
    [
      9.31637,
      1.63431,
      1.47936
    ],
    [
      9.22489,
      2.03061,
      2.11598
    ],
    [
      9.0636,
      2.35081,
      2.03084
    ],
    [
      8.9044,
      2.67211,
      2.03084
    ],
    [
      8.74519,
      2.99341,
      2.03084
    ],
    [
      8.58599,
      3.31471,
      2.03084
    ],
    [
      8.42679,
      3.63601,
      2.03084
    ],
    [
      8.27194,
      3.95925,
      1.90968
    ],
    [
      8.28758,
      4.43137,
      1.16566
    ],
    [
      8.55993,
      4.82829,
      0.74402
    ],
    [
      9.0,
      5.0,
      0.0
    ]
  ]
}