{
  "robot": {
    "class": "RectangleRobot",
    "radius": 0.2726174625995267,
    "wheelbase": 0.3458516645113466,
    "max_velocity": 7.479212675579314,
    "max_steering_at_zero_v": 0.48345352958796345,
    "max_steering_at_max_v": 0.2572141163898623,
    "acceleration": 5,
    "width": 0.14157459603995676,
    "lenght": 0.5265337191604545
  },
  "planner": {
    "class": "Dubins_pathfinding",
    "start": [
      1.0,
      5.0
    ],
    "goal": [
      9.0,
      5.0
    ],
    "bounds": [
      0,
      10,
      0,
      10
    ],
    "max_runtime": 15.0,
    "goal_threshold": 0.0,
    "interpolate_steps": 50
  },
  "path": [
    [
      1.0,
      5.0,
      0.0
    ],
    [
      1.346,
      4.90182,
      -0.552997
    ],
    [
      1.58887,
      4.63653,
      -1.10599
    ],
    [
      1.65619,
      4.28322,
      -1.65899
    ],
    [
      1.55375,
      3.93491,
      -1.91691
    ],
    [
      1.43016,
      3.59222,
      -1.91691
    ],
    [
      1.30658,
      3.24954,
      -1.91691
    ],
    [
      1.1778,
      2.90899,
      -2.04755
    ],
    [
      1.06114,
      2.60364,
      -1.91913
    ],
    [
      0.949503,
      2.29622,
      -1.91913
    ],
    [
      0.837865,
      1.98881,
      -1.91913
    ],
    [
      0.715707,
      1.68597,
      -2.10587
    ],
    [
      0.623659,
      1.34417,
      -1.56185
    ],
    [
      0.721809,
      1.00407,
      -1.01782
    ],
    [
      0.978202,
      0.758224,
      -0.61658
    ],
    [
      1.28599,
      0.578283,
      -0.30773
    ],
    [
      1.63974,
      0.565643,
      0.236295
    ],
    [
      2.0122,
      0.598574,
      0.0612631
    ],
    [
      2.38587,
      0.621495,
      0.0612631
    ],
    [
      2.75954,
      0.644416,
      0.0612631
    ],
    [
      3.1332,
      0.667336,
      0.0612631
    ],
    [
      3.50687,
      0.690257,
      0.0612631
    ],
    [
      3.88056,
      0.712745,
      0.0249971
    ],
    [
      4.20846,
      0.73886,
      0.0828241
    ],
    [
      4.53629,
      0.766075,
      0.0828241
    ],
    [
      4.86412,
      0.79329,
      0.0828241
    ],
    [
      5.19195,
      0.820504,
      0.0828241
    ],
    [
      5.51978,
      0.847719,
      0.0828241
    ],
    [
      5.84761,
      0.874933,
      0.0828241
    ],
    [
      6.17544,
      0.902148,
      0.0828241
    ],
    [
      6.50328,
      0.929291,
      0.0681228
    ],
    [
      6.86131,
      0.922374,
      -0.0277698
    ],
    [
      7.21936,
      0.912428,
      -0.0277698
    ],
    [
      7.57741,
      0.902483,
      -0.0277698
    ],
    [
      7.93545,
      0.892537,
      -0.0277698
    ],
    [
      8.2935,
      0.882592,
      -0.0277698
    ],
    [
      8.64284,
      0.941568,
      0.432838
    ],
    [
      8.91236,
      1.17076,
      0.976568
    ],
    [
      9.02444,
      1.50632,
      1.5203
    ],
    [
      8.97242,
      1.81605,
      1.85136
    ],
    [
      8.88492,
      2.11968,
      1.85136
    ],
    [
      8.79743,
      2.42331,
      1.85136
    ],
    [
      8.70993,
      2.72694,
      1.85136
    ],
    [
      8.62243,
      3.03057,
      1.85136
    ],
    [
      8.53494,
      3.3342,
      1.85136
    ],
    [
      8.44744,
      3.63784,
      1.85136
    ],
    [
      8.34522,
      3.93603,
      2.0698
    ],
    [
      8.28547,
      4.41467,
      1.32016
    ],
    [
      8.55114,
      4.82341,
      0.749641
    ],
    [
      9.0,
      5.0,
      0.0
    ]
  ]
}