{
  "robot": {
    "class": "RectangleRobot",
    "radius": 0.39603000788528014,
    "wheelbase": 0.2948690231476801,
    "max_velocity": 8.863300538687726,
    "max_steering_at_zero_v": 0.3831654931698357,
    "max_steering_at_max_v": 0.24530334403376583,
    "acceleration": 5,
    "width": 0.47272379531911535,
    "lenght": 0.6355244148902159
  },
  "planner": {
    "class": "Dubins_pathfinding",
    "start": [
      1.0,
      5.0
    ],
    "goal": [
      9.0,
      5.0
    ],
    "bounds": [
      0,
      10,
      0,
      10
    ],
    "max_runtime": 15.0,
    "goal_threshold": 0.0,
    "interpolate_steps": 50
  },
  "path": [
    [
      1.0,
      5.0,
      0.0
    ],
    [
      1.37421,
      5.10296,
      0.536992
    ],
    [
      1.64309,
      5.38286,
      1.07398
    ],
    [
      1.73094,
      5.76091,
      1.61098
    ],
    [
      1.62108,
      6.1348,
      1.99063
    ],
    [
      1.46096,
      6.49351,
      1.99063
    ],
    [
      1.30084,
      6.85222,
      1.99063
    ],
    [
      1.14073,
      7.21093,
      1.99063
    ],
    [
      0.980606,
      7.56964,
      1.99063
    ],
    [
      0.800705,
      7.90061,
      2.07569
    ],
    [
      0.618452,
      8.23038,
      2.07569
    ],
    [
      0.453514,
      8.56806,
      1.84739
    ],
    [
      0.446411,
      8.94061,
      1.33233
    ],
    [
      0.623744,
      9.26834,
      0.817278
    ],
    [
      0.913314,
      9.45748,
      0.339952
    ],
    [
      1.25773,
      9.49943,
      0.00082368
    ],
    [
      1.6069,
      9.49972,
      0.00082368
    ],
    [
      1.95608,
      9.5,
      0.00082368
    ],
    [
      2.30526,
      9.50029,
      0.00082368
    ],
    [
      2.65443,
      9.50058,
      0.00082368
    ],
    [
      3.00361,
      9.50087,
      0.00082368
    ],
    [
      3.35278,
      9.50115,
      0.00082368
    ],
    [
      3.70196,
      9.50144,
      0.00082368
    ],
    [
      4.09476,
      9.50536,
      0.0100649
    ],
    [
      4.48757,
      9.50932,
      0.0100649
    ],
    [
      4.88037,
      9.51327,
      0.0100649
    ],
    [
      5.27317,
      9.51722,
      0.0100649
    ],
    [
      5.66598,
      9.52118,
      0.0100649
    ],
    [
      6.05878,
      9.52513,
      0.0100649
    ],
    [
      6.45159,
      9.52909,
      0.0100649
    ],
    [
      6.84439,
      9.53304,
      0.0100649
    ],
    [
      7.19001,
      9.48679,
      -0.165136
    ],
    [
      7.53444,
      9.42939,
      -0.165136
    ],
    [
      7.87886,
      9.37199,
      -0.165136
    ],
    [
      8.22329,
      9.31459,
      -0.165136
    ],
    [
      8.56771,
      9.25719,
      -0.165136
    ],
    [
      8.91196,
      9.19883,
      -0.216851
    ],
    [
      9.22257,
      9.04667,
      -0.694177
    ],
    [
      9.42855,
      8.76883,
      -1.1715
    ],
    [
      9.48387,
      8.42741,
      -1.64883
    ],
    [
      9.35883,
      8.0585,
      -2.03972
    ],
    [
      9.1813,
      7.70808,
      -2.03972
    ],
    [
      9.00378,
      7.35766,
      -2.03972
    ],
    [
      8.82625,
      7.00724,
      -2.03972
    ],
    [
      8.64872,
      6.65682,
      -2.03972
    ],
    [
      8.4712,
      6.3064,
      -2.03972
    ],
    [
      8.30252,
      5.95209,
      -1.87707
    ],
    [
      8.28786,
      5.56424,
      -1.34008
    ],
    [
      8.54571,
      5.15816,
      -0.670039
    ],
    [
      9.0,
      5.0,
      0.0
    ]
  ]
}