{
  "robot": {
    "class": "RectangleRobot",
    "radius": 0.3789593135754251,
    "wheelbase": 0.26066335045421457,
    "max_velocity": 7.396975295112372,
    "max_steering_at_zero_v": 0.48313066190481907,
    "max_steering_at_max_v": 0.16300493831314747,
    "acceleration": 5,
    "width": 0.6538803891428914,
    "lenght": 0.38325067785533073
  },
  "planner": {
    "class": "Dubins_pathfinding",
    "start": [
      1.0,
      5.0
    ],
    "goal": [
      9.0,
      5.0
    ],
    "bounds": [
      0,
      10,
      0,
      10
    ],
    "max_runtime": 15.0,
    "goal_threshold": 0.0,
    "interpolate_steps": 50
  },
  "path": [
    [
      1.0,
      5.0,
      0.0
    ],
    [
      1.34252,
      5.13692,
      0.760571
    ],
    [
      1.49627,
      5.47222,
      1.52114
    ],
    [
      1.39373,
      5.83102,
      1.99868
    ],
    [
      1.23692,
      6.17486,
      1.99868
    ],
    [
      1.0801,
      6.51871,
      1.99868
    ],
    [
      0.923286,
      6.86255,
      1.99868
    ],
    [
      0.766471,
      7.20639,
      1.99868
    ],
    [
      0.606546,
      7.54867,
      2.11711
    ],
    [
      0.536518,
      7.8762,
      1.53246
    ],
    [
      0.549584,
      8.21683,
      1.53246
    ],
    [
      0.56265,
      8.55746,
      1.53246
    ],
    [
      0.575053,
      8.8981,
      1.58413
    ],
    [
      0.688484,
      9.22078,
      0.881393
    ],
    [
      0.98359,
      9.39369,
      0.17866
    ],
    [
      1.33229,
      9.40319,
      0.0060762
    ],
    [
      1.68146,
      9.40532,
      0.0060762
    ],
    [
      2.03063,
      9.40744,
      0.0060762
    ],
    [
      2.3798,
      9.40956,
      0.0060762
    ],
    [
      2.72897,
      9.41168,
      0.0060762
    ],
    [
      3.07814,
      9.4138,
      0.0060762
    ],
    [
      3.42731,
      9.41592,
      0.0060762
    ],
    [
      3.7764,
      9.40872,
      -0.0211627
    ],
    [
      4.12548,
      9.40133,
      -0.0211627
    ],
    [
      4.47457,
      9.39394,
      -0.0211627
    ],
    [
      4.82366,
      9.38655,
      -0.0211627
    ],
    [
      5.17274,
      9.37917,
      -0.0211627
    ],
    [
      5.52183,
      9.37178,
      -0.0211627
    ],
    [
      5.87092,
      9.36439,
      -0.0211627
    ],
    [
      6.22001,
      9.357,
      -0.0211627
    ],
    [
      6.56909,
      9.34976,
      0.00339934
    ],
    [
      6.93373,
      9.34387,
      -0.0164122
    ],
    [
      7.29837,
      9.33789,
      -0.0164122
    ],
    [
      7.66301,
      9.3319,
      -0.0164122
    ],
    [
      8.02765,
      9.32592,
      -0.0164122
    ],
    [
      8.39229,
      9.31993,
      -0.0164122
    ],
    [
      8.75693,
      9.31395,
      -0.0164122
    ],
    [
      9.10113,
      9.21711,
      -0.631865
    ],
    [
      9.29413,
      8.9173,
      -1.36582
    ],
    [
      9.2403,
      8.54161,
      -1.88939
    ],
    [
      9.11959,
      8.17562,
      -1.88939
    ],
    [
      8.99888,
      7.80964,
      -1.88939
    ],
    [
      8.87817,
      7.44366,
      -1.88939
    ],
    [
      8.63984,
      7.15306,
      -2.64525
    ],
    [
      8.39183,
      6.82579,
      -1.79331
    ],
    [
      8.40858,
      6.40481,
      -1.46982
    ],
    [
      8.45125,
      5.98365,
      -1.46982
    ],
    [
      8.49392,
      5.5625,
      -1.46982
    ],
    [
      8.62607,
      5.16967,
      -0.851935
    ],
    [
      9.0,
      5.0,
      0.0
    ]
  ]
}