{
  "robot": {
    "class": "RectangleRobot",
    "radius": 0.228748551817274,
    "wheelbase": 0.37917911927316816,
    "max_velocity": 10.842250736377324,
    "max_steering_at_zero_v": 0.5221701585423473,
    "max_steering_at_max_v": 0.17442323048079064,
    "acceleration": 5,
    "width": 0.37488446364669914,
    "lenght": 0.26223126958913007
  },
  "planner": {
    "class": "Dubins_pathfinding",
    "start": [
      1.0,
      5.0
    ],
    "goal": [
      9.0,
      5.0
    ],
    "bounds": [
      0,
      10,
      0,
      10
    ],
    "max_runtime": 15.0,
    "goal_threshold": 0.0,
    "interpolate_steps": 50
  },
  "path": [
    [
      1.0,
      5.0,
      0.0
    ],
    [
      1.33306,
      5.09037,
      0.529914
    ],
    [
      1.57477,
      5.3367,
      1.05983
    ],
    [
      1.65881,
      5.67141,
      1.58974
    ],
    [
      1.58497,
      6.01148,
      1.84695
    ],
    [
      1.48976,
      6.34742,
      1.84695
    ],
    [
      1.39456,
      6.68337,
      1.84695
    ],
    [
      1.29935,
      7.01932,
      1.84695
    ],
    [
      1.20414,
      7.35526,
      1.84695
    ],
    [
      1.10894,
      7.69121,
      1.84695
    ],
    [
      0.981561,
      7.94408,
      2.13042
    ],
    [
      0.829401,
      8.18434,
      2.19576
    ],
    [
      0.706457,
      8.52392,
      1.64056
    ],
    [
      0.780976,
      8.8773,
      1.08537
    ],
    [
      1.03057,
      9.13832,
      0.530178
    ],
    [
      1.36119,
      9.29472,
      0.433413
    ],
    [
      1.71093,
      9.38851,
      -0.00300986
    ],
    [
      2.05796,
      9.28849,
      -0.558203
    ],
    [
      2.371,
      9.18945,
      -0.0546128
    ],
    [
      2.69828,
      9.23604,
      0.211749
    ],
    [
      3.0227,
      9.30578,
      0.211749
    ],
    [
      3.34969,
      9.35592,
      -0.0334514
    ],
    [
      3.70781,
      9.32496,
      -0.0890575
    ],
    [
      4.06586,
      9.29299,
      -0.0890575
    ],
    [
      4.42392,
      9.26102,
      -0.0890575
    ],
    [
      4.78197,
      9.22904,
      -0.0890575
    ],
    [
      5.14003,
      9.19707,
      -0.0890575
    ],
    [
      5.49808,
      9.1651,
      -0.0890575
    ],
    [
      5.85613,
      9.13313,
      -0.0890575
    ],
    [
      6.20904,
      9.07382,
      -0.379972
    ],
    [
      6.56269,
      9.02752,
      0.00650352
    ],
    [
      6.9223,
      9.02986,
      0.00650352
    ],
    [
      7.28192,
      9.03219,
      0.00650352
    ],
    [
      7.64149,
      9.03631,
      0.0800201
    ],
    [
      7.97478,
      9.15907,
      0.625794
    ],
    [
      8.30897,
      9.2819,
      0.0786399
    ],
    [
      8.65829,
      9.21293,
      -0.468514
    ],
    [
      8.92072,
      8.9723,
      -1.01567
    ],
    [
      9.0265,
      8.63098,
      -1.41813
    ],
    [
      9.07335,
      8.27384,
      -1.57427
    ],
    [
      8.9868,
      7.89241,
      -1.86436
    ],
    [
      8.87313,
      7.51639,
      -1.86436
    ],
    [
      8.75946,
      7.14037,
      -1.86436
    ],
    [
      8.64579,
      6.76435,
      -1.86436
    ],
    [
      8.53212,
      6.38834,
      -1.86436
    ],
    [
      8.41845,
      6.01232,
      -1.86436
    ],
    [
      8.34173,
      5.62954,
      -1.52619
    ],
    [
      8.47178,
      5.26502,
      -0.930033
    ],
    [
      8.47178,
      5.26502,
      -0.930033
    ],
    [
      9.0,
      5.0,
      0.0
    ]
  ]
}