{
  "robot": {
    "class": "RectangleRobot",
    "radius": 0.24285765119292618,
    "wheelbase": 0.33539127991395656,
    "max_velocity": 11.317271168625439,
    "max_steering_at_zero_v": 0.5088514338088306,
    "max_steering_at_max_v": 0.221953645219581,
    "acceleration": 5,
    "width": 0.34753448406213316,
    "lenght": 0.3393215839870003
  },
  "planner": {
    "class": "Dubins_pathfinding",
    "start": [
      1.0,
      5.0
    ],
    "goal": [
      9.0,
      5.0
    ],
    "bounds": [
      0,
      10,
      0,
      10
    ],
    "max_runtime": 15.0,
    "goal_threshold": 0.0,
    "interpolate_steps": 50
  },
  "path": [
    [
      1.0,
      5.0,
      0.0
    ],
    [
      1.31772,
      4.90919,
      -0.556789
    ],
    [
      1.53946,
      4.66419,
      -1.11358
    ],
    [
      1.59824,
      4.33902,
      -1.67037
    ],
    [
      1.48604,
      4.02622,
      -2.03342
    ],
    [
      1.33664,
      3.72666,
      -2.03342
    ],
    [
      1.18724,
      3.42709,
      -2.03342
    ],
    [
      1.05101,
      3.12212,
      -1.81563
    ],
    [
      0.930221,
      2.76706,
      -1.90513
    ],
    [
      0.807134,
      2.41273,
      -1.90513
    ],
    [
      0.684047,
      2.05839,
      -1.90513
    ],
    [
      0.560959,
      1.70406,
      -1.90513
    ],
    [
      0.451917,
      1.34597,
      -1.68507
    ],
    [
      0.524397,
      0.984113,
      -1.06117
    ],
    [
      0.794624,
      0.732767,
      -0.43726
    ],
    [
      1.12034,
      0.676383,
      0.00257515
    ],
    [
      1.45435,
      0.677243,
      0.00257515
    ],
    [
      1.78836,
      0.678103,
      0.00257515
    ],
    [
      2.12237,
      0.678963,
      0.00257515
    ],
    [
      2.45638,
      0.679823,
      0.00257515
    ],
    [
      2.79039,
      0.680683,
      0.00257515
    ],
    [
      3.12439,
      0.681083,
      -0.0365517
    ],
    [
      3.47264,
      0.704657,
      0.0790957
    ],
    [
      3.82072,
      0.732247,
      0.0790957
    ],
    [
      4.16881,
      0.759836,
      0.0790957
    ],
    [
      4.51689,
      0.787426,
      0.0790957
    ],
    [
      4.86498,
      0.815015,
      0.0790957
    ],
    [
      5.21306,
      0.842605,
      0.0790957
    ],
    [
      5.56115,
      0.870194,
      0.0790957
    ],
    [
      5.90923,
      0.897784,
      0.0790957
    ],
    [
      6.25732,
      0.925373,
      0.0790957
    ],
    [
      6.58452,
      0.907319,
      -0.077602
    ],
    [
      6.91154,
      0.88189,
      -0.077602
    ],
    [
      7.23856,
      0.856462,
      -0.077602
    ],
    [
      7.56558,
      0.831034,
      -0.077602
    ],
    [
      7.8926,
      0.805605,
      -0.077602
    ],
    [
      8.21639,
      0.832461,
      0.34086
    ],
    [
      8.53962,
      0.945188,
      0.33553
    ],
    [
      8.83598,
      1.10927,
      0.775879
    ],
    [
      9.00091,
      1.40399,
      1.34527
    ],
    [
      8.98094,
      1.74112,
      1.91467
    ],
    [
      8.88009,
      2.12354,
      1.82215
    ],
    [
      8.7817,
      2.50668,
      1.82215
    ],
    [
      8.68332,
      2.88981,
      1.82215
    ],
    [
      8.58494,
      3.27295,
      1.82215
    ],
    [
      8.47565,
      3.65252,
      2.0176
    ],
    [
      8.4105,
      4.06851,
      1.60747
    ],
    [
      8.40619,
      4.49287,
      1.41366
    ],
    [
      8.60955,
      4.85596,
      0.706828
    ],
    [
      9.0,
      5.0,
      0.0
    ]
  ]
}