{
  "robot": {
    "class": "RectangleRobot",
    "radius": 0.2561601512904105,
    "wheelbase": 0.43481070435753344,
    "max_velocity": 11.168617137954694,
    "max_steering_at_zero_v": 0.5113057735508907,
    "max_steering_at_max_v": 0.22628498056766333,
    "acceleration": 5,
    "width": 0.4442493960038394,
    "lenght": 0.25517556032411837
  },
  "planner": {
    "class": "Dubins_pathfinding",
    "start": [
      1.0,
      5.0
    ],
    "goal": [
      9.0,
      5.0
    ],
    "bounds": [
      0,
      10,
      0,
      10
    ],
    "max_runtime": 15.0,
    "goal_threshold": 0.0,
    "interpolate_steps": 50
  },
  "path": [
    [
      1.0,
      5.0,
      0.0
    ],
    [
      1.36555,
      4.90837,
      -0.491222
    ],
    [
      1.64466,
      4.65514,
      -0.982444
    ],
    [
      1.77131,
      4.30019,
      -1.47367
    ],
    [
      1.71556,
      3.92748,
      -1.96489
    ],
    [
      1.54714,
      3.58612,
      -2.03398
    ],
    [
      1.37706,
      3.24555,
      -2.03398
    ],
    [
      1.19993,
      2.90893,
      -2.17832
    ],
    [
      1.05654,
      2.59646,
      -1.93405
    ],
    [
      0.933989,
      2.27405,
      -1.93405
    ],
    [
      0.811435,
      1.95164,
      -1.93405
    ],
    [
      0.682728,
      1.63189,
      -2.06559
    ],
    [
      0.506639,
      1.30463,
      -1.91046
    ],
    [
      0.470021,
      0.93775,
      -1.43008
    ],
    [
      0.607091,
      0.595469,
      -0.949703
    ],
    [
      0.886822,
      0.355269,
      -0.469322
    ],
    [
      1.24589,
      0.271524,
      0.0110578
    ],
    [
      1.60302,
      0.363189,
      0.491438
    ],
    [
      1.93704,
      0.454575,
      0.0696126
    ],
    [
      2.28537,
      0.478862,
      0.0696126
    ],
    [
      2.6337,
      0.50315,
      0.0696126
    ],
    [
      2.98203,
      0.527437,
      0.0696126
    ],
    [
      3.33036,
      0.551724,
      0.0696126
    ],
    [
      3.6787,
      0.576012,
      0.0696126
    ],
    [
      4.02703,
      0.600299,
      0.0696126
    ],
    [
      4.37536,
      0.624587,
      0.0696126
    ],
    [
      4.72369,
      0.648874,
      0.0696126
    ],
    [
      5.11553,
      0.676672,
      0.070824
    ],
    [
      5.50736,
      0.70447,
      0.070824
    ],
    [
      5.8992,
      0.732268,
      0.070824
    ],
    [
      6.29104,
      0.760066,
      0.070824
    ],
    [
      6.68288,
      0.787864,
      0.070824
    ],
    [
      7.07472,
      0.815662,
      0.070824
    ],
    [
      7.46664,
      0.841721,
      0.00378998
    ],
    [
      7.84322,
      0.745701,
      -0.503104
    ],
    [
      8.17618,
      0.650745,
      -0.0525316
    ],
    [
      8.51725,
      0.710261,
      0.398041
    ],
    [
      8.79837,
      0.912369,
      0.848614
    ],
    [
      8.96342,
      1.21673,
      1.29919
    ],
    [
      8.97945,
      1.56259,
      1.74976
    ],
    [
      8.88436,
      1.89842,
      1.86027
    ],
    [
      8.78469,
      2.23307,
      1.86027
    ],
    [
      8.68502,
      2.56771,
      1.86027
    ],
    [
      8.58534,
      2.90236,
      1.86027
    ],
    [
      8.46208,
      3.31622,
      1.86027
    ],
    [
      8.33882,
      3.73007,
      1.86027
    ],
    [
      8.22898,
      4.14702,
      1.67165
    ],
    [
      8.30435,
      4.56656,
      1.11443
    ],
    [
      8.59018,
      4.88277,
      0.557215
    ],
    [
      9.0,
      5.0,
      0.0
    ]
  ]
}