{
  "robot": {
    "class": "RectangleRobot",
    "radius": 0.2065655020730807,
    "wheelbase": 0.35617725136272405,
    "max_velocity": 9.356371507989007,
    "max_steering_at_zero_v": 0.34455286238535443,
    "max_steering_at_max_v": 0.2519892131224413,
    "acceleration": 5,
    "width": 0.2732527389121958,
    "lenght": 0.30985507461359896
  },
  "planner": {
    "class": "Dubins_pathfinding",
    "start": [
      1.0,
      5.0
    ],
    "goal": [
      9.0,
      5.0
    ],
    "bounds": [
      0,
      10,
      0,
      10
    ],
    "max_runtime": 15.0,
    "goal_threshold": 0.0,
    "interpolate_steps": 50
  },
  "path": [
    [
      1.0,
      5.0,
      0.0
    ],
    [
      1.30903,
      5.04934,
      0.316632
    ],
    [
      1.58734,
      5.19245,
      0.633265
    ],
    [
      1.80726,
      5.4151,
      0.949897
    ],
    [
      1.94691,
      5.69516,
      1.26653
    ],
    [
      1.99243,
      6.00478,
      1.58316
    ],
    [
      1.94322,
      6.31426,
      1.80893
    ],
    [
      1.86909,
      6.61965,
      1.80893
    ],
    [
      1.79896,
      6.92589,
      1.7182
    ],
    [
      1.80237,
      7.23881,
      1.40157
    ],
    [
      1.90305,
      7.53512,
      1.08493
    ],
    [
      2.09099,
      7.78535,
      0.768301
    ],
    [
      2.3475,
      7.96463,
      0.451669
    ],
    [
      2.6349,
      8.09173,
      0.414182
    ],
    [
      2.92259,
      8.2182,
      0.414182
    ],
    [
      3.21027,
      8.34467,
      0.414182
    ],
    [
      3.49796,
      8.47115,
      0.414182
    ],
    [
      3.78565,
      8.59762,
      0.414182
    ],
    [
      4.07333,
      8.72409,
      0.414182
    ],
    [
      4.36102,
      8.85056,
      0.414182
    ],
    [
      4.64871,
      8.97703,
      0.414182
    ],
    [
      4.94457,
      9.05553,
      0.104529
    ],
    [
      5.25075,
      9.0821,
      0.0860029
    ],
    [
      5.55695,
      9.1085,
      0.0860029
    ],
    [
      5.86315,
      9.1349,
      0.0860029
    ],
    [
      6.16934,
      9.1613,
      0.0860029
    ],
    [
      6.47554,
      9.18769,
      0.0860029
    ],
    [
      6.78173,
      9.21409,
      0.0860029
    ],
    [
      7.08793,
      9.24049,
      0.0860029
    ],
    [
      7.39412,
      9.26689,
      0.0860029
    ],
    [
      7.70036,
      9.2928,
      0.0545701
    ],
    [
      7.99947,
      9.26357,
      -0.249408
    ],
    [
      8.28098,
      9.1561,
      -0.403944
    ],
    [
      8.55839,
      9.03752,
      -0.405198
    ],
    [
      8.81347,
      8.87859,
      -0.709176
    ],
    [
      9.00929,
      8.65061,
      -1.01315
    ],
    [
      9.12789,
      8.37446,
      -1.31713
    ],
    [
      9.15839,
      8.07547,
      -1.62111
    ],
    [
      9.09801,
      7.78106,
      -1.92509
    ],
    [
      8.95227,
      7.51822,
      -2.22906
    ],
    [
      8.73454,
      7.31106,
      -2.53304
    ],
    [
      8.49128,
      7.06937,
      -2.1858
    ],
    [
      8.31184,
      6.7752,
      -2.11033
    ],
    [
      8.1351,
      6.47933,
      -2.08347
    ],
    [
      8.02105,
      6.15594,
      -1.73622
    ],
    [
      8.02386,
      5.81304,
      -1.38898
    ],
    [
      8.14319,
      5.49156,
      -1.04173
    ],
    [
      8.36481,
      5.22988,
      -0.694489
    ],
    [
      8.66224,
      5.05924,
      -0.347244
    ],
    [
      9.0,
      5.0,
      0.0
    ]
  ]
}