{
  "robot": {
    "class": "RectangleRobot",
    "radius": 0.19552819005742783,
    "wheelbase": 0.41589705558991663,
    "max_velocity": 8.92098567212483,
    "max_steering_at_zero_v": 0.4298164127875505,
    "max_steering_at_max_v": 0.22291671064991014,
    "acceleration": 5,
    "width": 0.2726358576687773,
    "lenght": 0.2803476084109595
  },
  "planner": {
    "class": "Dubins_pathfinding",
    "start": [
      1.0,
      5.0
    ],
    "goal": [
      9.0,
      5.0
    ],
    "bounds": [
      0,
      10,
      0,
      10
    ],
    "max_runtime": 15.0,
    "goal_threshold": 0.0,
    "interpolate_steps": 50
  },
  "path": [
    [
      1.0,
      5.0,
      0.0
    ],
    [
      1.23889,
      4.96799,
      -0.266441
    ],
    [
      1.46092,
      4.8742,
      -0.532883
    ],
    [
      1.65042,
      4.72527,
      -0.799324
    ],
    [
      1.79402,
      4.53169,
      -1.06577
    ],
    [
      1.88158,
      4.30714,
      -1.33221
    ],
    [
      1.90693,
      4.06745,
      -1.59865
    ],
    [
      1.87012,
      3.82908,
      -1.80031
    ],
    [
      1.81512,
      3.59368,
      -1.80031
    ],
    [
      1.76013,
      3.35828,
      -1.80031
    ],
    [
      1.70513,
      3.12288,
      -1.80031
    ],
    [
      1.67957,
      2.88321,
      -1.54403
    ],
    [
      1.71797,
      2.64527,
      -1.27758
    ],
    [
      1.81766,
      2.42583,
      -1.01114
    ],
    [
      1.97162,
      2.24038,
      -0.744701
    ],
    [
      2.16897,
      2.10201,
      -0.47826
    ],
    [
      2.39578,
      2.02049,
      -0.211819
    ],
    [
      2.63606,
      2.00157,
      0.0546227
    ],
    [
      2.87285,
      2.04658,
      0.321064
    ],
    [
      3.08942,
      2.15234,
      0.587505
    ],
    [
      3.27051,
      2.3114,
      0.853947
    ],
    [
      3.41424,
      2.50564,
      0.951683
    ],
    [
      3.55452,
      2.70251,
      0.951683
    ],
    [
      3.6948,
      2.89938,
      0.951683
    ],
    [
      3.83509,
      3.09625,
      0.951683
    ],
    [
      3.97537,
      3.29312,
      0.951683
    ],
    [
      4.11565,
      3.48999,
      0.951683
    ],
    [
      4.28036,
      3.66596,
      0.685241
    ],
    [
      4.48558,
      3.79235,
      0.4188
    ],
    [
      4.71684,
      3.86025,
      0.152359
    ],
    [
      4.95782,
      3.8649,
      -0.10576
    ],
    [
      5.19821,
      3.83938,
      -0.10576
    ],
    [
      5.4386,
      3.81386,
      -0.10576
    ],
    [
      5.67898,
      3.78834,
      -0.10576
    ],
    [
      5.91937,
      3.76282,
      -0.10576
    ],
    [
      6.15976,
      3.7373,
      -0.10576
    ],
    [
      6.40014,
      3.71179,
      -0.10576
    ],
    [
      6.64053,
      3.68627,
      -0.10576
    ],
    [
      6.88092,
      3.66075,
      -0.10576
    ],
    [
      7.12131,
      3.63531,
      -0.0925035
    ],
    [
      7.36995,
      3.64653,
      0.182695
    ],
    [
      7.60619,
      3.72489,
      0.457893
    ],
    [
      7.81225,
      3.8645,
      0.733092
    ],
    [
      7.97261,
      4.05485,
      1.00829
    ],
    [
      8.08476,
      4.27772,
      1.13268
    ],
    [
      8.1911,
      4.50362,
      1.10079
    ],
    [
      8.33319,
      4.70796,
      0.825595
    ],
    [
      8.52547,
      4.86601,
      0.550397
    ],
    [
      8.75346,
      4.96586,
      0.275198
    ],
    [
      9.0,
      5.0,
      0.0
    ]
  ]
}