{
  "robot": {
    "class": "RectangleRobot",
    "radius": 0.33355556448252743,
    "wheelbase": 0.23261686711484955,
    "max_velocity": 7.044142000144069,
    "max_steering_at_zero_v": 0.36667648151361093,
    "max_steering_at_max_v": 0.19166876468924568,
    "acceleration": 5,
    "width": 0.13246728598205723,
    "lenght": 0.6538269469313558
  },
  "planner": {
    "class": "Dubins_pathfinding",
    "start": [
      1.0,
      5.0
    ],
    "goal": [
      9.0,
      5.0
    ],
    "bounds": [
      0,
      10,
      0,
      10
    ],
    "max_runtime": 15.0,
    "goal_threshold": 0.0,
    "interpolate_steps": 50
  },
  "path": [
    [
      1.0,
      5.0,
      0.0
    ],
    [
      1.3238,
      5.09382,
      0.56402
    ],
    [
      1.5473,
      5.3462,
      1.12804
    ],
    [
      1.60125,
      5.67897,
      1.69206
    ],
    [
      1.488,
      5.99961,
      1.98771
    ],
    [
      1.34965,
      6.31197,
      1.98771
    ],
    [
      1.21131,
      6.62434,
      1.98771
    ],
    [
      1.07297,
      6.9367,
      1.98771
    ],
    [
      0.928892,
      7.24618,
      2.13342
    ],
    [
      0.780617,
      7.55252,
      2.0075
    ],
    [
      0.642616,
      7.86352,
      1.86099
    ],
    [
      0.639551,
      8.19953,
      1.29884
    ],
    [
      0.670283,
      8.53259,
      1.52486
    ],
    [
      0.685686,
      8.86752,
      1.52038
    ],
    [
      0.792067,
      9.18097,
      0.966844
    ],
    [
      1.04734,
      9.39169,
      0.413308
    ],
    [
      1.37528,
      9.43675,
      -0.140229
    ],
    [
      1.72382,
      9.41684,
      -0.0500014
    ],
    [
      2.07256,
      9.39939,
      -0.0500014
    ],
    [
      2.4213,
      9.38194,
      -0.0500014
    ],
    [
      2.77004,
      9.36448,
      -0.0500014
    ],
    [
      3.11878,
      9.34703,
      -0.0500014
    ],
    [
      3.46752,
      9.32958,
      -0.0500014
    ],
    [
      3.81626,
      9.31213,
      -0.0500014
    ],
    [
      4.165,
      9.29468,
      -0.0500014
    ],
    [
      4.51379,
      9.27991,
      0.0442519
    ],
    [
      4.87031,
      9.27469,
      -0.0179318
    ],
    [
      5.22684,
      9.2683,
      -0.0179318
    ],
    [
      5.58336,
      9.2619,
      -0.0179318
    ],
    [
      5.93988,
      9.25551,
      -0.0179318
    ],
    [
      6.29641,
      9.24912,
      -0.0179318
    ],
    [
      6.65293,
      9.24272,
      -0.0179318
    ],
    [
      7.00946,
      9.23633,
      -0.0179318
    ],
    [
      7.36591,
      9.2282,
      -0.093571
    ],
    [
      7.71404,
      9.22186,
      -0.0125017
    ],
    [
      8.06225,
      9.21751,
      -0.0125017
    ],
    [
      8.41046,
      9.21315,
      -0.0125017
    ],
    [
      8.75719,
      9.19242,
      -0.245711
    ],
    [
      9.05298,
      9.01785,
      -0.820643
    ],
    [
      9.20628,
      8.7105,
      -1.39558
    ],
    [
      9.16781,
      8.3692,
      -1.97051
    ],
    [
      9.04349,
      8.02311,
      -1.91292
    ],
    [
      8.92012,
      7.67667,
      -1.91292
    ],
    [
      8.79674,
      7.33022,
      -1.91292
    ],
    [
      8.67336,
      6.98378,
      -1.91292
    ],
    [
      8.54998,
      6.63734,
      -1.91292
    ],
    [
      8.42661,
      6.29089,
      -1.91292
    ],
    [
      8.32085,
      5.93975,
      -1.66733
    ],
    [
      8.46874,
      5.31477,
      -1.06978
    ],
    [
      9.0,
      5.0,
      0.0
    ]
  ]
}