{
  "robot": {
    "class": "RectangleRobot",
    "radius": 0.13984722237746924,
    "wheelbase": 0.25993916326993094,
    "max_velocity": 11.806040803030227,
    "max_steering_at_zero_v": 0.3501095666980286,
    "max_steering_at_max_v": 0.20935141159935108,
    "acceleration": 5,
    "width": 0.10066127719002947,
    "lenght": 0.2609526579693056
  },
  "planner": {
    "class": "Dubins_pathfinding",
    "start": [
      1.0,
      5.0
    ],
    "goal": [
      9.0,
      5.0
    ],
    "bounds": [
      0,
      10,
      0,
      10
    ],
    "max_runtime": 15.0,
    "goal_threshold": 0.0,
    "interpolate_steps": 50
  },
  "path": [
    [
      1.0,
      5.0,
      0.0
    ],
    [
      1.30374,
      5.06805,
      0.440826
    ],
    [
      1.54941,
      5.25921,
      0.881652
    ],
    [
      1.69003,
      5.53691,
      1.32248
    ],
    [
      1.69872,
      5.84806,
      1.75849
    ],
    [
      1.64017,
      6.15636,
      1.75849
    ],
    [
      1.58161,
      6.46465,
      1.75849
    ],
    [
      1.53356,
      6.77433,
      1.58593
    ],
    [
      1.59701,
      7.07906,
      1.14511
    ],
    [
      1.78442,
      7.3276,
      0.704282
    ],
    [
      1.99382,
      7.5646,
      0.883012
    ],
    [
      2.19488,
      7.80931,
      0.883012
    ],
    [
      2.39595,
      8.05403,
      0.883012
    ],
    [
      2.59701,
      8.29875,
      0.883012
    ],
    [
      2.79808,
      8.54347,
      0.883012
    ],
    [
      3.02555,
      8.7612,
      0.556823
    ],
    [
      3.32227,
      8.86428,
      0.111898
    ],
    [
      3.63448,
      8.82962,
      -0.333026
    ],
    [
      3.92896,
      8.7932,
      0.0868871
    ],
    [
      4.22172,
      8.85251,
      0.221438
    ],
    [
      4.51334,
      8.91816,
      0.221438
    ],
    [
      4.80496,
      8.98382,
      0.221438
    ],
    [
      5.09658,
      9.04947,
      0.221438
    ],
    [
      5.38821,
      9.11512,
      0.221438
    ],
    [
      5.67983,
      9.18077,
      0.221438
    ],
    [
      5.97567,
      9.20937,
      -0.102736
    ],
    [
      6.25801,
      9.11809,
      -0.52265
    ],
    [
      6.54018,
      9.02683,
      -0.102987
    ],
    [
      6.83867,
      9.01551,
      -0.0318826
    ],
    [
      7.13726,
      9.00599,
      -0.0318826
    ],
    [
      7.43585,
      8.99646,
      -0.0318826
    ],
    [
      7.73444,
      8.98694,
      -0.0318826
    ],
    [
      8.03303,
      8.97742,
      -0.0318826
    ],
    [
      8.33162,
      8.96789,
      -0.0318826
    ],
    [
      8.62687,
      8.9315,
      -0.308016
    ],
    [
      8.88454,
      8.7847,
      -0.727679
    ],
    [
      9.06004,
      8.54565,
      -1.14734
    ],
    [
      9.12639,
      8.25061,
      -1.47568
    ],
    [
      9.15528,
      7.9478,
      -1.47568
    ],
    [
      9.18417,
      7.645,
      -1.47568
    ],
    [
      9.21306,
      7.34219,
      -1.47568
    ],
    [
      9.20134,
      7.0401,
      -1.81404
    ],
    [
      9.06816,
      6.76919,
      -2.24135
    ],
    [
      8.83469,
      6.57783,
      -2.66865
    ],
    [
      8.56627,
      6.33853,
      -2.17099
    ],
    [
      8.36593,
      6.03544,
      -2.04266
    ],
    [
      8.28867,
      5.68425,
      -1.53199
    ],
    [
      8.39292,
      5.3401,
      -1.02133
    ],
    [
      8.65207,
      5.09082,
      -0.510664
    ],
    [
      9.0,
      5.0,
      0.0
    ]
  ]
}