{
  "robot": {
    "class": "RectangleRobot",
    "radius": 0.27797900329326336,
    "wheelbase": 0.4903245103203921,
    "max_velocity": 10.925237791057203,
    "max_steering_at_zero_v": 0.486393122645408,
    "max_steering_at_max_v": 0.2309673276421128,
    "acceleration": 5,
    "width": 0.16423063588157133,
    "lenght": 0.5311474402890399
  },
  "planner": {
    "class": "Dubins_pathfinding",
    "start": [
      1.0,
      5.0
    ],
    "goal": [
      9.0,
      5.0
    ],
    "bounds": [
      0,
      10,
      0,
      10
    ],
    "max_runtime": 15.0,
    "goal_threshold": 0.0,
    "interpolate_steps": 50
  },
  "path": [
    [
      1.0,
      5.0,
      0.0
    ],
    [
      1.38118,
      5.08197,
      0.423619
    ],
    [
      1.69497,
      5.31338,
      0.847238
    ],
    [
      1.8859,
      5.65332,
      1.27086
    ],
    [
      1.92022,
      6.0417,
      1.69448
    ],
    [
      1.79191,
      6.40989,
      2.10676
    ],
    [
      1.5913,
      6.74763,
      2.10676
    ],
    [
      1.3907,
      7.08537,
      2.10676
    ],
    [
      1.1901,
      7.42311,
      2.10676
    ],
    [
      0.924972,
      7.70898,
      2.53038
    ],
    [
      0.646774,
      7.98229,
      2.15458
    ],
    [
      0.505066,
      8.34552,
      1.73096
    ],
    [
      0.525195,
      8.7349,
      1.30734
    ],
    [
      0.7036,
      9.08158,
      0.88372
    ],
    [
      1.00874,
      9.32428,
      0.460101
    ],
    [
      1.38668,
      9.42009,
      0.036482
    ],
    [
      1.77059,
      9.35208,
      -0.387137
    ],
    [
      2.11087,
      9.28351,
      -0.0105868
    ],
    [
      2.45965,
      9.29947,
      0.0507251
    ],
    [
      2.80838,
      9.31718,
      0.0507251
    ],
    [
      3.1571,
      9.33488,
      0.0507251
    ],
    [
      3.50583,
      9.35259,
      0.0507251
    ],
    [
      3.85456,
      9.37029,
      0.0507251
    ],
    [
      4.20329,
      9.388,
      0.0507251
    ],
    [
      4.55201,
      9.4057,
      0.0507251
    ],
    [
      4.90074,
      9.4234,
      0.0507251
    ],
    [
      5.29286,
      9.44688,
      0.059888
    ],
    [
      5.68498,
      9.47039,
      0.059888
    ],
    [
      6.0771,
      9.4939,
      0.059888
    ],
    [
      6.46922,
      9.51741,
      0.059888
    ],
    [
      6.86134,
      9.54092,
      0.059888
    ],
    [
      7.25346,
      9.56443,
      0.059888
    ],
    [
      7.64558,
      9.58794,
      0.059888
    ],
    [
      8.0377,
      9.61146,
      0.059888
    ],
    [
      8.38196,
      9.56701,
      -0.316662
    ],
    [
      8.68575,
      9.39909,
      -0.693213
    ],
    [
      8.90652,
      9.13123,
      -1.06976
    ],
    [
      9.01332,
      8.80095,
      -1.44631
    ],
    [
      8.9912,
      8.45454,
      -1.82286
    ],
    [
      8.84324,
      8.14054,
      -2.19941
    ],
    [
      8.60171,
      7.88916,
      -2.37904
    ],
    [
      8.34923,
      7.64796,
      -2.37904
    ],
    [
      8.09675,
      7.40676,
      -2.37904
    ],
    [
      7.86227,
      7.04318,
      -1.90814
    ],
    [
      7.81826,
      6.61279,
      -1.43725
    ],
    [
      7.93853,
      6.19369,
      -1.2568
    ],
    [
      8.07339,
      5.77837,
      -1.2568
    ],
    [
      8.25017,
      5.38173,
      -0.941786
    ],
    [
      8.5793,
      5.10092,
      -0.470893
    ],
    [
      9.0,
      5.0,
      0.0
    ]
  ]
}