{
  "robot": {
    "class": "RectangleRobot",
    "radius": 0.41601917472340877,
    "wheelbase": 0.29452898296576446,
    "max_velocity": 8.521003432535178,
    "max_steering_at_zero_v": 0.48339833581825153,
    "max_steering_at_max_v": 0.16062177545207326,
    "acceleration": 5,
    "width": 0.5577861728749741,
    "lenght": 0.6173835115223552
  },
  "planner": {
    "class": "Dubins_pathfinding",
    "start": [
      1.0,
      5.0
    ],
    "goal": [
      9.0,
      5.0
    ],
    "bounds": [
      0,
      10,
      0,
      10
    ],
    "max_runtime": 15.0,
    "goal_threshold": 0.0,
    "interpolate_steps": 50
  },
  "path": [
    [
      1.0,
      5.0,
      0.0
    ],
    [
      1.33847,
      4.88641,
      -0.647567
    ],
    [
      1.53989,
      4.59164,
      -1.29513
    ],
    [
      1.55713,
      4.2303,
      -1.59019
    ],
    [
      1.55009,
      3.86703,
      -1.59019
    ],
    [
      1.54305,
      3.50377,
      -1.59019
    ],
    [
      1.52487,
      3.14146,
      -1.7899
    ],
    [
      1.34042,
      2.83578,
      -2.43747
    ],
    [
      1.10311,
      2.62729,
      -2.42051
    ],
    [
      0.865854,
      2.41874,
      -2.42051
    ],
    [
      0.669708,
      2.17533,
      -1.98098
    ],
    [
      0.61582,
      1.85333,
      -1.63404
    ],
    [
      0.595049,
      1.52534,
      -1.63404
    ],
    [
      0.554242,
      1.20044,
      -1.90313
    ],
    [
      0.561064,
      0.815654,
      -1.203
    ],
    [
      0.814207,
      0.525779,
      -0.502877
    ],
    [
      1.19529,
      0.456039,
      -0.00249875
    ],
    [
      1.58811,
      0.455058,
      -0.00249875
    ],
    [
      1.98093,
      0.454076,
      -0.00249875
    ],
    [
      2.37375,
      0.453095,
      -0.00249875
    ],
    [
      2.76658,
      0.452113,
      -0.00249875
    ],
    [
      3.1594,
      0.451132,
      -0.00249875
    ],
    [
      3.50801,
      0.46816,
      0.0511184
    ],
    [
      3.8566,
      0.485995,
      0.0511184
    ],
    [
      4.20519,
      0.50383,
      0.0511184
    ],
    [
      4.55378,
      0.521665,
      0.0511184
    ],
    [
      4.90237,
      0.5395,
      0.0511184
    ],
    [
      5.25096,
      0.557335,
      0.0511184
    ],
    [
      5.59955,
      0.57517,
      0.0511184
    ],
    [
      5.94814,
      0.593005,
      0.0511184
    ],
    [
      6.29673,
      0.61085,
      0.0573363
    ],
    [
      6.65762,
      0.636803,
      0.0719533
    ],
    [
      7.01851,
      0.662815,
      0.0719533
    ],
    [
      7.3794,
      0.688827,
      0.0719533
    ],
    [
      7.74029,
      0.714839,
      0.0719533
    ],
    [
      8.10118,
      0.740851,
      0.0719533
    ],
    [
      8.46206,
      0.766863,
      0.0719533
    ],
    [
      8.82295,
      0.792875,
      0.0719533
    ],
    [
      9.16361,
      0.897519,
      0.612117
    ],
    [
      9.38364,
      1.21326,
      1.31224
    ],
    [
      9.35231,
      1.59795,
      1.89144
    ],
    [
      9.2285,
      1.97075,
      1.89144
    ],
    [
      9.10469,
      2.34356,
      1.89144
    ],
    [
      8.98087,
      2.71636,
      1.89144
    ],
    [
      8.85706,
      3.08916,
      1.89144
    ],
    [
      8.73325,
      3.46196,
      1.89144
    ],
    [
      8.60944,
      3.83476,
      1.89144
    ],
    [
      8.45309,
      4.31365,
      1.79598
    ],
    [
      8.5612,
      4.78858,
      0.897989
    ],
    [
      9.0,
      5.0,
      0.0
    ]
  ]
}