{
  "robot": {
    "class": "RectangleRobot",
    "radius": 0,
    "wheelbase": 0.6086450715523596,
    "max_velocity": 10.119411892927353,
    "max_steering_at_zero_v": 0.7341952397210797,
    "max_steering_at_max_v": 0.10946835907963684,
    "acceleration": 8.633123998181016,
    "mu_static": 1.8849753202722268,
    "width": 0.9844016587450743,
    "length": 0.6086450715523596,
    "collision_check_angle_res": 180
  },
  "planner": {
    "class": "SSTCarOMPL_acceleration",
    "start": [
      1.5,
      1.5,
      0
    ],
    "goal": [
      13.5,
      1.5,
      0
    ],
    "bounds": [
      15,
      15
    ],
    "max_runtime": 10800.0,
    "goal_threshold": 0.5,
    "solved_time": 3.1,
    "propagate_step_size": 0.02,
    "control_duration": [
      1,
      10
    ],
    "pruning_radius": 1.0119411892927352,
    "selection_radius": 4.047764757170941,
    "vel_threshold": 1,
    "pos_treshold": 0.5
  },
  "path": [
    [
      1.5,
      1.5,
      0.0,
      0.0,
      0.0,
      0.0,
      0.0
    ],
    [
      1.50169,
      1.5,
      -0.00075411,
      0.168881,
      8.44407,
      -0.26537,
      0.02
    ],
    [
      1.50676,
      1.49999,
      -0.00301644,
      0.337763,
      8.44407,
      -0.26537,
      0.02
    ],
    [
      1.5152,
      1.49995,
      -0.00678699,
      0.506644,
      8.44407,
      -0.26537,
      0.02
    ],
    [
      1.52702,
      1.49984,
      -0.0120658,
      0.675526,
      8.44407,
      -0.26537,
      0.02
    ],
    [
      1.54222,
      1.4996,
      -0.0188527,
      0.844407,
      8.44407,
      -0.26537,
      0.02
    ],
    [
      1.56079,
      1.49917,
      -0.0271479,
      1.01329,
      8.44407,
      -0.26537,
      0.02
    ],
    [
      1.58273,
      1.49847,
      -0.0369514,
      1.18217,
      8.44407,
      -0.26537,
      0.02
    ],
    [
      1.60804,
      1.49739,
      -0.048263,
      1.35105,
      8.44407,
      -0.26537,
      0.02
    ],
    [
      1.63659,
      1.49623,
      -0.0334514,
      1.50578,
      7.7363,
      0.305669,
      0.02
    ],
    [
      1.66824,
      1.49543,
      -0.0170355,
      1.6605,
      7.7363,
      0.305669,
      0.02
    ],
    [
      1.70299,
      1.49515,
      0.000984845,
      1.81523,
      7.7363,
      0.305669,
      0.02
    ],
    [
      1.74084,
      1.49556,
      0.0206096,
      1.96996,
      7.7363,
      0.305669,
      0.02
    ],
    [
      1.78177,
      1.49683,
      0.0418387,
      2.12468,
      7.7363,
      0.305669,
      0.02
    ],
    [
      1.82576,
      1.49874,
      0.0445681,
      2.27876,
      7.70378,
      0.0377076,
      0.02
    ],
    [
      1.87283,
      1.5009,
      0.0474884,
      2.43283,
      7.70378,
      0.0377076,
      0.02
    ],
    [
      1.92297,
      1.50336,
      0.0505998,
      2.58691,
      7.70378,
      0.0377076,
      0.02
    ],
    [
      1.97617,
      1.50615,
      0.0539022,
      2.74098,
      7.70378,
      0.0377076,
      0.02
    ],
    [
      2.03244,
      1.50928,
      0.0573956,
      2.89506,
      7.70378,
      0.0377076,
      0.02
    ],
    [
      2.09178,
      1.5128,
      0.06108,
      3.04914,
      7.70378,
      0.0377076,
      0.02
    ],
    [
      2.15418,
      1.51674,
      0.0649553,
      3.20321,
      7.70378,
      0.0377076,
      0.02
    ],
    [
      2.21955,
      1.52087,
      0.0613852,
      3.34658,
      7.16851,
      -0.0331641,
      0.02
    ],
    [
      2.28779,
      1.52494,
      0.0576587,
      3.48995,
      7.16851,
      -0.0331641,
      0.02
    ],
    [
      2.35892,
      1.52891,
      0.0537759,
      3.63332,
      7.16851,
      -0.0331641,
      0.02
    ],
    [
      2.43292,
      1.53274,
      0.0497368,
      3.77669,
      7.16851,
      -0.0331641,
      0.02
    ],
    [
      2.5098,
      1.53641,
      0.0455414,
      3.92006,
      7.16851,
      -0.0331641,
      0.02
    ],
    [
      2.58956,
      1.53987,
      0.0411898,
      4.06343,
      7.16851,
      -0.0331641,
      0.02
    ],
    [
      2.6722,
      1.54309,
      0.0366818,
      4.2068,
      7.16851,
      -0.0331641,
      0.02
    ],
    [
      2.75771,
      1.54603,
      0.0320175,
      4.35017,
      7.16851,
      -0.0331641,
      0.02
    ],
    [
      2.84611,
      1.54864,
      0.027197,
      4.49354,
      7.16851,
      -0.0331641,
      0.02
    ],
    [
      2.93586,
      1.55164,
      0.0394814,
      4.48601,
      -0.376768,
      0.0830738,
      0.02
    ],
    [
      3.02541,
      1.55572,
      0.0517452,
      4.47847,
      -0.376768,
      0.0830738,
      0.02
    ],
    [
      3.11475,
      1.5609,
      0.0639884,
      4.47094,
      -0.376768,
      0.0830738,
      0.02
    ],
    [
      3.20388,
      1.56716,
      0.076211,
      4.4634,
      -0.376768,
      0.0830738,
      0.02
    ],
    [
      3.29277,
      1.57449,
      0.088413,
      4.45587,
      -0.376768,
      0.0830738,
      0.02
    ],
    [
      3.38141,
      1.58289,
      0.100594,
      4.44833,
      -0.376768,
      0.0830738,
      0.02
    ],
    [
      3.4698,
      1.59236,
      0.112755,
      4.44079,
      -0.376768,
      0.0830738,
      0.02
    ],
    [
      3.55791,
      1.60288,
      0.124895,
      4.43326,
      -0.376768,
      0.0830738,
      0.02
    ],
    [
      3.64574,
      1.61445,
      0.137015,
      4.42572,
      -0.376768,
      0.0830738,
      0.02
    ],
    [
      3.73328,
      1.62705,
      0.149114,
      4.41819,
      -0.376768,
      0.0830738,
      0.02
    ],
    [
      3.82135,
      1.64068,
      0.157791,
      4.49434,
      3.80748,
      0.059192,
      0.02
    ],
    [
      3.91081,
      1.65532,
      0.166617,
      4.57049,
      3.80748,
      0.059192,
      0.02
    ],
    [
      4.00164,
      1.67101,
      0.175592,
      4.64664,
      3.80748,
      0.059192,
      0.02
    ],
    [
      4.09381,
      1.6878,
      0.184714,
      4.72279,
      3.80748,
      0.059192,
      0.02
    ],
    [
      4.18733,
      1.70572,
      0.193985,
      4.79894,
      3.80748,
      0.059192,
      0.02
    ],
    [
      4.28217,
      1.72482,
      0.203404,
      4.87509,
      3.80748,
      0.059192,
      0.02
    ],
    [
      4.37831,
      1.74513,
      0.212972,
      4.95124,
      3.80748,
      0.059192,
      0.02
    ],
    [
      4.47573,
      1.76669,
      0.222688,
      5.02738,
      3.80748,
      0.059192,
      0.02
    ],
    [
      4.57403,
      1.78747,
      0.193908,
      5.01992,
      -0.373039,
      -0.172607,
      0.02
    ],
    [
      4.67274,
      1.80538,
      0.165171,
      5.01246,
      -0.373039,
      -0.172607,
      0.02
    ],
    [
      4.77177,
      1.82043,
      0.136476,
      5.005,
      -0.373039,
      -0.172607,
      0.02
    ],
    [
      4.87105,
      1.83262,
      0.107825,
      4.99754,
      -0.373039,
      -0.172607,
      0.02
    ],
    [
      4.97049,
      1.84195,
      0.0792158,
      4.99008,
      -0.373039,
      -0.172607,
      0.02
    ],
    [
      5.07,
      1.84842,
      0.0506497,
      4.98262,
      -0.373039,
      -0.172607,
      0.02
    ],
    [
      5.16951,
      1.85204,
      0.0221263,
      4.97516,
      -0.373039,
      -0.172607,
      0.02
    ],
    [
      5.26893,
      1.85282,
      -0.00635438,
      4.9677,
      -0.373039,
      -0.172607,
      0.02
    ],
    [
      5.36819,
      1.85078,
      -0.0347923,
      4.96024,
      -0.373039,
      -0.172607,
      0.02
    ],
    [
      5.46787,
      1.84936,
      0.0062105,
      5.00963,
      2.46981,
      0.245276,
      0.02
    ],
    [
      5.56851,
      1.85207,
      0.0476196,
      5.05903,
      2.46981,
      0.245276,
      0.02
    ],
    [
      5.66994,
      1.85903,
      0.089435,
      5.10843,
      2.46981,
      0.245276,
      0.02
    ],
    [
