{
  "robot": {
    "class": "RectangleRobot",
    "radius": 0.10116794294623918,
    "wheelbase": 0.35311880766514536,
    "max_velocity": 12.371911393334688,
    "max_steering_at_zero_v": 0.499301964153843,
    "max_steering_at_max_v": 0.16506179481730304,
    "acceleration": 5,
    "width": 0.19974224309877794,
    "lenght": 0.03229314233336095
  },
  "planner": {
    "class": "SSTCarOMPL_acceleration",
    "start": [
      1.0,
      5.0
    ],
    "goal": [
      9.0,
      5.0
    ],
    "bounds": [
      0,
      10,
      0,
      10
    ],
    "max_runtime": 600.0,
    "goal_threshold": 0.5,
    "propagate_step_size": 0.02,
    "control_duration": [
      1,
      10
    ],
    "pruning_radius": 1.237191139333469,
    "selection_radius": 4.948764557333876,
    "velocity_weight": 0.1,
    "vel_threshold": 1,
    "pos_treshold": 0.5
  },
  "path": [
    [
      1.0,
      5.0,
      1.5708,
      0.0,
      0.0,
      0.0,
      0.0
    ],
    [
      1.0,
      5.00072,
      1.57099,
      0.0717959,
      3.58979,
      0.0960315,
      0.02
    ],
    [
      0.999999,
      5.00287,
      1.57158,
      0.143592,
      3.58979,
      0.0960315,
      0.02
    ],
    [
      0.999994,
      5.00646,
      1.57256,
      0.215388,
      3.58979,
      0.0960315,
      0.02
    ],
    [
      0.999982,
      5.01149,
      1.57393,
      0.287184,
      3.58979,
      0.0960315,
      0.02
    ],
    [
      0.999956,
      5.01795,
      1.57569,
      0.358979,
      3.58979,
      0.0960315,
      0.02
    ],
    [
      0.999909,
      5.02585,
      1.57785,
      0.430775,
      3.58979,
      0.0960315,
      0.02
    ],
    [
      0.999831,
      5.03518,
      1.58039,
      0.502571,
      3.58979,
      0.0960315,
      0.02
    ],
    [
      0.999712,
      5.04595,
      1.58333,
      0.574367,
      3.58979,
      0.0960315,
      0.02
    ],
    [
      0.999539,
      5.05834,
      1.58609,
      0.665426,
      4.55292,
      0.0785617,
      0.02
    ],
    [
      0.999299,
      5.07256,
      1.58926,
      0.756484,
      4.55292,
      0.0785617,
      0.02
    ],
    [
      0.998975,
      5.0886,
      1.59284,
      0.847542,
      4.55292,
      0.0785617,
      0.02
    ],
    [
      0.998545,
      5.10646,
      1.59682,
      0.938601,
      4.55292,
      0.0785617,
      0.02
    ],
    [
      0.99799,
      5.12613,
      1.60121,
      1.02966,
      4.55292,
      0.0785617,
      0.02
    ],
    [
      0.997284,
      5.14762,
      1.606,
      1.12072,
      4.55292,
      0.0785617,
      0.02
    ],
    [
      0.996403,
      5.17093,
      1.6112,
      1.21178,
      4.55292,
      0.0785617,
      0.02
    ],
    [
      0.995317,
      5.19605,
      1.61681,
      1.30283,
      4.55292,
      0.0785617,
      0.02
    ],
    [
      0.993995,
      5.22299,
      1.62282,
      1.39389,
      4.55292,
      0.0785617,
      0.02
    ],
    [
      0.992406,
      5.25173,
      1.62924,
      1.48495,
      4.55292,
      0.0785617,
      0.02
    ],
    [
      0.991086,
      5.28208,
      1.59926,
      1.55313,
      3.4091,
      -0.335294,
      0.02
    ],
    [
      0.99068,
      5.31382,
      1.56794,
      1.62131,
      3.4091,
      -0.335294,
      0.02
    ],
    [
      0.991315,
      5.34692,
      1.53527,
      1.6895,
      3.4091,
      -0.335294,
      0.02
    ],
    [
      0.993125,
      5.38135,
      1.50125,
      1.75768,
      3.4091,
      -0.335294,
      0.02
    ],
    [
      0.996247,
      5.41704,
      1.46589,
      1.82586,
      3.4091,
      -0.335294,
      0.02
    ],
    [
      1.00082,
      5.45396,
      1.42918,
      1.89404,
      3.4091,
      -0.335294,
      0.02
    ],
    [
      1.00699,
      5.49202,
      1.39113,
      1.96223,
      3.4091,
      -0.335294,
      0.02
    ],
    [
      1.01489,
      5.53116,
      1.35173,
      2.03041,
      3.4091,
      -0.335294,
      0.02
    ],
    [
      1.02469,
      5.57126,
      1.31099,
      2.09859,
      3.4091,
      -0.335294,
      0.02
    ],
    [
      1.03579,
      5.61264,
      1.30627,
      2.18539,
      4.33998,
      -0.0388463,
      0.02
    ],
    [
      1.04755,
      5.65564,
      1.30136,
      2.27219,
      4.33998,
      -0.0388463,
      0.02
    ],
    [
      1.05999,
      5.70025,
      1.29627,
      2.35899,
      4.33998,
      -0.0388463,
      0.02
    ],
    [
      1.07314,
      5.74646,
      1.29098,
      2.44579,
      4.33998,
      -0.0388463,
      0.02
    ],
    [
      1.08702,
      5.79427,
      1.2855,
      2.53259,
      4.33998,
      -0.0388463,
      0.02
    ],
    [
      1.10166,
      5.84367,
      1.27983,
      2.61939,
      4.33998,
      -0.0388463,
      0.02
    ],
    [
      1.11709,
      5.89464,
      1.27397,
      2.70619,
      4.33998,
      -0.0388463,
      0.02
    ],
    [
      1.13333,
      5.94718,
      1.26791,
      2.79299,
      4.33998,
      -0.0388463,
      0.02
    ],
    [
      1.15042,
      6.00127,
      1.26167,
      2.87979,
      4.33998,
      -0.0388463,
      0.02
    ],
    [
      1.16838,
      6.0569,
      1.25524,
      2.96659,
      4.33998,
      -0.0388463,
      0.02
    ],
    [
      1.18704,
      6.11424,
      1.2572,
      3.06251,
      4.79616,
      0.011501,
      0.02
    ],
    [
      1.20617,
      6.17343,
      1.25923,
      3.15843,
      4.79616,
      0.011501,
      0.02
    ],
    [
      1.22576,
      6.23449,
      1.26131,
      3.25436,
      4.79616,
      0.011501,
      0.02
    ],
    [
      1.24581,
      6.29742,
      1.26347,
      3.35028,
      4.79616,
      0.011501,
      0.02
    ],
    [
      1.2663,
      6.36222,
      1.26568,
      3.4462,
      4.79616,
      0.011501,
      0.02
    ],
    [
      1.28722,
      6.4289,
      1.26796,
      3.54212,
      4.79616,
      0.011501,
      0.02
    ],
    [
      1.30855,
      6.49746,
      1.27029,
      3.63805,
      4.79616,
      0.011501,
      0.02
    ],
    [
      1.33029,
      6.56791,
      1.2727,
      3.73397,
      4.79616,
      0.011501,
      0.02
    ],
    [
      1.35241,
      6.64024,
      1.27516,
      3.82989,
      4.79616,
      0.011501,
      0.02
    ],
    [
      1.37554,
      6.71393,
      1.2584,
      3.89408,
      3.2092,
      -0.0764606,
      0.02
    ],
    [
      1.4003,
      6.78845,
      1.24137,
      3.95826,
      3.2092,
      -0.0764606,
      0.02
    ],
    [
      1.42677,
      6.86373,
      1.22405,
      4.02245,
      3.2092,
      -0.0764606,
      0.02
    ],
    [
      1.455,
      6.93975,
      1.20646,
      4.08663,
      3.2092,
      -0.0764606,
      0.02
    ],
    [
      1.48635,
      7.01609,
      1.15574,
      4.16642,
      3.98935,
      -0.2137,
      0.02
    ],
    [
      1.52225,
      7.09216,
      1.10404,
      4.2462,
      3.98935,
      -0.2137,
      0.02
    ],
    [
      1.56282,
      7.16766,
      1.05136,
      4.32599,
      3.98935,
      -0.2137,
      0.02
    ],
    [
      1.60818,
      7.24226,
      0.997694,
      4.40578,
      3.98935,
      -0.2137,
      0.02
    ],
    [
      1.65841,
      7.31562,
      0.943051,
      4.48557,
      3.98935,
      -0.2137,
      0.02
    ],
    [
      1.71358,
      7.38735,
      0.887428,
      4.56535,
      3.98935,
      -0.2137,
      0.02
    ],
    [
      1.77372,
      7.45709,
      0.830823,
      4.64514,
      3.98935,
      -0.2137,
      0.02
    ],
    [
      1.83886,
      7.52443,
      0.773238,
      4.72493,
      3.98935,
      -0.2137,
      0.02
    ],
    [
      1.90939,
      7.5878,
      0.690545,
      4.75955,
      1.73122,
      -0.29867,
      0.02
    ],
    [
      1.98549,
      7.64551,
      0.607247,
      4.79418,
      1.73122,
      -0.29867,
      0.02
    ],
    [
      2.06673,
      7.69705,
      0.523346,
      4.8288,
      1.73122,
