{
  "robot": {
    "class": "RectangleRobot",
    "radius": 0.1458327202253057,
    "wheelbase": 0.3277196608722781,
    "max_velocity": 11.130725690254177,
    "max_steering_at_zero_v": 0.4819130138225701,
    "max_steering_at_max_v": 0.22388099723294486,
    "acceleration": 5,
    "width": 0.23145079064639051,
    "lenght": 0.1774803106330667
  },
  "planner": {
    "class": "SSTCarOMPL_acceleration",
    "start": [
      1.0,
      5.0
    ],
    "goal": [
      9.0,
      5.0
    ],
    "bounds": [
      0,
      10,
      0,
      10
    ],
    "max_runtime": 600.0,
    "goal_threshold": 0.5,
    "propagate_step_size": 0.02,
    "control_duration": [
      1,
      10
    ],
    "pruning_radius": 1.1130725690254177,
    "selection_radius": 4.452290276101671,
    "velocity_weight": 0.1,
    "vel_threshold": 1,
    "pos_treshold": 0.5
  },
  "path": [
    [
      1.0,
      5.0,
      1.5708,
      0.0,
      0.0,
      0.0,
      0.0
    ],
    [
      1.0,
      5.00099,
      1.57154,
      0.0989946,
      4.94973,
      0.240311,
      0.02
    ],
    [
      0.999994,
      5.00396,
      1.57376,
      0.197989,
      4.94973,
      0.240311,
      0.02
    ],
    [
      0.99997,
      5.00891,
      1.57746,
      0.296984,
      4.94973,
      0.240311,
      0.02
    ],
    [
      0.999906,
      5.01584,
      1.58264,
      0.395978,
      4.94973,
      0.240311,
      0.02
    ],
    [
      0.999771,
      5.02475,
      1.5893,
      0.494973,
      4.94973,
      0.240311,
      0.02
    ],
    [
      0.999525,
      5.03563,
      1.59744,
      0.593967,
      4.94973,
      0.240311,
      0.02
    ],
    [
      0.99912,
      5.0485,
      1.60707,
      0.692962,
      4.94973,
      0.240311,
      0.02
    ],
    [
      0.9985,
      5.06333,
      1.61817,
      0.791956,
      4.94973,
      0.240311,
      0.02
    ],
    [
      0.997597,
      5.08014,
      1.63075,
      0.890951,
      4.94973,
      0.240311,
      0.02
    ],
    [
      0.996338,
      5.0989,
      1.64482,
      0.989946,
      4.94973,
      0.240311,
      0.02
    ],
    [
      0.994702,
      5.11957,
      1.65471,
      1.08361,
      4.68298,
      0.155046,
      0.02
    ],
    [
      0.992686,
      5.14209,
      1.66549,
      1.17726,
      4.68298,
      0.155046,
      0.02
    ],
    [
      0.990229,
      5.16645,
      1.67717,
      1.27092,
      4.68298,
      0.155046,
      0.02
    ],
    [
      0.987266,
      5.19264,
      1.68974,
      1.36458,
      4.68298,
      0.155046,
      0.02
    ],
    [
      0.983728,
      5.22064,
      1.7032,
      1.45824,
      4.68298,
      0.155046,
      0.02
    ],
    [
      0.97954,
      5.25045,
      1.71756,
      1.5519,
      4.68298,
      0.155046,
      0.02
    ],
    [
      0.975299,
      5.28208,
      1.69068,
      1.63888,
      4.34863,
      -0.269354,
      0.02
    ],
    [
      0.971749,
      5.31554,
      1.66233,
      1.72585,
      4.34863,
      -0.269354,
      0.02
    ],
    [
      0.96904,
      5.35082,
      1.63252,
      1.81282,
      4.34863,
      -0.269354,
      0.02
    ],
    [
      0.967329,
      5.3879,
      1.60125,
      1.89979,
      4.34863,
      -0.269354,
      0.02
    ],
    [
      0.966782,
      5.42676,
      1.56851,
      1.98677,
      4.34863,
      -0.269354,
      0.02
    ],
    [
      0.967569,
      5.46736,
      1.53431,
      2.07374,
      4.34863,
      -0.269354,
      0.02
    ],
    [
      0.969868,
      5.50964,
      1.49864,
      2.16071,
      4.34863,
      -0.269354,
      0.02
    ],
    [
      0.973862,
      5.55354,
      1.4615,
      2.24768,
      4.34863,
      -0.269354,
      0.02
    ],
    [
      0.979738,
      5.59898,
      1.4229,
      2.33466,
      4.34863,
      -0.269354,
      0.02
    ],
    [
      0.986549,
      5.64602,
      1.43113,
      2.41892,
      4.21333,
      0.0566905,
      0.02
    ],
    [
      0.993193,
      5.6948,
      1.43966,
      2.50319,
      4.21333,
      0.0566905,
      0.02
    ],
    [
      0.999628,
      5.74529,
      1.44847,
      2.58746,
      4.21333,
      0.0566905,
      0.02
    ],
    [
      1.00581,
      5.79752,
      1.45758,
      2.67172,
      4.21333,
      0.0566905,
      0.02
    ],
    [
      1.01169,
      5.85148,
      1.46698,
      2.75599,
      4.21333,
      0.0566905,
      0.02
    ],
    [
      1.01722,
      5.90717,
      1.47667,
      2.84026,
      4.21333,
      0.0566905,
      0.02
    ],
    [
      1.02235,
      5.96459,
      1.48665,
      2.92452,
      4.21333,
      0.0566905,
      0.02
    ],
    [
      1.02703,
      6.02373,
      1.49693,
      3.00879,
      4.21333,
      0.0566905,
      0.02
    ],
    [
      1.03121,
      6.08461,
      1.50749,
      3.09306,
      4.21333,
      0.0566905,
      0.02
    ],
    [
      1.03382,
      6.14727,
      1.55097,
      3.17942,
      4.31805,
      0.223366,
      0.02
    ],
    [
      1.03366,
      6.21172,
      1.59565,
      3.26578,
      4.31805,
      0.223366,
      0.02
    ],
    [
      1.03431,
      6.27762,
      1.5261,
      3.32614,
      3.01793,
      -0.332865,
      0.02
    ],
    [
      1.03968,
      6.34452,
      1.45529,
      3.38649,
      3.01793,
      -0.332865,
      0.02
    ],
    [
      1.04999,
      6.41206,
      1.3832,
      3.44685,
      3.01793,
      -0.332865,
      0.02
    ],
    [
      1.06546,
      6.47984,
      1.30984,
      3.50721,
      3.01793,
      -0.332865,
      0.02
    ],
    [
      1.08624,
      6.54745,
      1.2352,
      3.56757,
      3.01793,
      -0.332865,
      0.02
    ],
    [
      1.11249,
      6.61442,
      1.15929,
      3.62793,
      3.01793,
      -0.332865,
      0.02
    ],
    [
      1.14432,
      6.68028,
      1.08211,
      3.68829,
      3.01793,
      -0.332865,
      0.02
    ],
    [
      1.17995,
      6.746,
      1.06577,
      3.78719,
      4.94504,
      -0.0714994,
      0.02
    ],
    [
      1.21763,
      6.81284,
      1.049,
      3.88609,
      4.94504,
      -0.0714994,
      0.02
    ],
    [
      1.25745,
      6.88073,
      1.0318,
      3.98499,
      4.94504,
      -0.0714994,
      0.02
    ],
    [
      1.29948,
      6.94961,
      1.01417,
      4.08389,
      4.94504,
      -0.0714994,
      0.02
    ],
    [
      1.34378,
      7.0194,
      0.9961,
      4.18279,
      4.94504,
      -0.0714994,
      0.02
    ],
    [
      1.39045,
      7.09002,
      0.977602,
      4.28169,
      4.94504,
      -0.0714994,
      0.02
    ],
    [
      1.43955,
      7.16138,
      0.958671,
      4.38059,
      4.94504,
      -0.0714994,
      0.02
    ],
    [
      1.49116,
      7.2334,
      0.939307,
      4.4795,
      4.94504,
      -0.0714994,
      0.02
    ],
    [
      1.54535,
      7.30597,
      0.919512,
      4.5784,
      4.94504,
      -0.0714994,
      0.02
    ],
    [
      1.60283,
      7.37825,
      0.878347,
      4.65656,
      3.90828,
      -0.145054,
      0.02
    ],
    [
      1.66428,
      7.44926,
      0.836486,
      4.73473,
      3.90828,
      -0.145054,
      0.02
    ],
    [
      1.72975,
      7.51874,
      0.793927,
      4.81289,
      3.90828,
      -0.145054,
      0.02
    ],
    [
      1.79925,
      7.58645,
      0.750672,
      4.89106,
      3.90828,
      -0.145054,
      0.02
    ],
    [
      1.87281,
      7.65211,
      0.70672,
      4.96922,
      3.90828,
      -0.145054,
      0.02
    ],
    [
      1.95041,
      7.71543,
      0.662071,
      5.04739,
      3.90828,
      -0.145054,
      0.02
    ],
    [
      2.03418,
      7.77309,
      0.543792,
      5.12815,
      4.03788,
      -0.478645,
      0.02
    ],
    [
      2.12562,
      7.82116,
      0.424311,
      5.20891,
      4.03788,
      -0.478645,
      0.02
    ],
    [
      2.22367,
      7.85851,
      0.303648,
      5.28966,
