{
  "robot": {
    "class": "RectangleRobot",
    "radius": 0.17443265505475844,
    "wheelbase": 0.41479029433436887,
    "max_velocity": 11.46868045530703,
    "max_steering_at_zero_v": 0.45080994060101476,
    "max_steering_at_max_v": 0.18651718787330013,
    "acceleration": 5,
    "width": 0.19489534374072956,
    "lenght": 0.2893489408758778
  },
  "planner": {
    "class": "SSTCarOMPL_acceleration",
    "start": [
      1.0,
      5.0
    ],
    "goal": [
      9.0,
      5.0
    ],
    "bounds": [
      0,
      10,
      0,
      10
    ],
    "max_runtime": 600.0,
    "goal_threshold": 0.5,
    "propagate_step_size": 0.02,
    "control_duration": [
      1,
      10
    ],
    "pruning_radius": 1.146868045530703,
    "selection_radius": 4.587472182122812,
    "velocity_weight": 0.1,
    "vel_threshold": 1,
    "pos_treshold": 0.5
  },
  "path": [
    [
      1.0,
      5.0,
      1.5708,
      0.0,
      0.0,
      0.0,
      0.0
    ],
    [
      1.0,
      5.00095,
      1.5697,
      0.0950699,
      4.7535,
      -0.445569,
      0.02
    ],
    [
      1.00001,
      5.0038,
      1.56642,
      0.19014,
      4.7535,
      -0.445569,
      0.02
    ],
    [
      1.00004,
      5.00856,
      1.56095,
      0.28521,
      4.7535,
      -0.445569,
      0.02
    ],
    [
      1.00013,
      5.01521,
      1.55334,
      0.38028,
      4.7535,
      -0.445569,
      0.02
    ],
    [
      1.00032,
      5.02376,
      1.5436,
      0.47535,
      4.7535,
      -0.445569,
      0.02
    ],
    [
      1.00067,
      5.03422,
      1.53177,
      0.57042,
      4.7535,
      -0.445569,
      0.02
    ],
    [
      1.00124,
      5.04656,
      1.51787,
      0.665489,
      4.7535,
      -0.445569,
      0.02
    ],
    [
      1.00211,
      5.0608,
      1.50192,
      0.760559,
      4.7535,
      -0.445569,
      0.02
    ],
    [
      1.00336,
      5.07691,
      1.48395,
      0.855629,
      4.7535,
      -0.445569,
      0.02
    ],
    [
      1.00511,
      5.09489,
      1.46398,
      0.950699,
      4.7535,
      -0.445569,
      0.02
    ],
    [
      1.00737,
      5.11465,
      1.4497,
      1.03808,
      4.36887,
      -0.289426,
      0.02
    ],
    [
      1.01015,
      5.1361,
      1.43417,
      1.12545,
      4.36887,
      -0.289426,
      0.02
    ],
    [
      1.01353,
      5.15924,
      1.41738,
      1.21283,
      4.36887,
      -0.289426,
      0.02
    ],
    [
      1.01759,
      5.18404,
      1.39934,
      1.30021,
      4.36887,
      -0.289426,
      0.02
    ],
    [
      1.02244,
      5.21048,
      1.38004,
      1.38759,
      4.36887,
      -0.289426,
      0.02
    ],
    [
      1.02815,
      5.23852,
      1.35949,
      1.47496,
      4.36887,
      -0.289426,
      0.02
    ],
    [
      1.03485,
      5.26815,
      1.33769,
      1.56234,
      4.36887,
      -0.289426,
      0.02
    ],
    [
      1.04262,
      5.29931,
      1.31463,
      1.64972,
      4.36887,
      -0.289426,
      0.02
    ],
    [
      1.0516,
      5.33197,
      1.29031,
      1.7371,
      4.36887,
      -0.289426,
      0.02
    ],
    [
      1.06088,
      5.36605,
      1.32011,
      1.79531,
      2.91067,
      0.336622,
      0.02
    ],
    [
      1.06938,
      5.40153,
      1.3509,
      1.85352,
      2.91067,
      0.336622,
      0.02
    ],
    [
      1.07701,
      5.43841,
      1.38266,
      1.91174,
      2.91067,
      0.336622,
      0.02
    ],
    [
      1.08364,
      5.47665,
      1.41541,
      1.96995,
      2.91067,
      0.336622,
      0.02
    ],
    [
      1.08916,
      5.51625,
      1.44914,
      2.02816,
      2.91067,
      0.336622,
      0.02
    ],
    [
      1.09345,
      5.55717,
      1.48385,
      2.08638,
      2.91067,
      0.336622,
      0.02
    ],
    [
      1.09637,
      5.59937,
      1.51955,
      2.14459,
      2.91067,
      0.336622,
      0.02
    ],
    [
      1.0978,
      5.64282,
      1.55623,
      2.2028,
      2.91067,
      0.336622,
      0.02
    ],
    [
      1.09761,
      5.68745,
      1.59389,
      2.26102,
      2.91067,
      0.336622,
      0.02
    ],
    [
      1.09721,
      5.73321,
      1.56503,
      2.3148,
      2.68902,
      -0.255882,
      0.02
    ],
    [
      1.09817,
      5.78003,
      1.53549,
      2.36858,
      2.68902,
      -0.255882,
      0.02
    ],
    [
      1.10059,
      5.82788,
      1.50527,
      2.42236,
      2.68902,
      -0.255882,
      0.02
    ],
    [
      1.10455,
      5.8767,
      1.47437,
      2.47614,
      2.68902,
      -0.255882,
      0.02
    ],
    [
      1.11016,
      5.92644,
      1.4428,
      2.52992,
      2.68902,
      -0.255882,
      0.02
    ],
    [
      1.1175,
      5.97705,
      1.41055,
      2.5837,
      2.68902,
      -0.255882,
      0.02
    ],
    [
      1.12668,
      6.02844,
      1.37761,
      2.63748,
      2.68902,
      -0.255882,
      0.02
    ],
    [
      1.13779,
      6.08056,
      1.34401,
      2.69126,
      2.68902,
      -0.255882,
      0.02
    ],
    [
      1.15091,
      6.13331,
      1.30972,
      2.74504,
      2.68902,
      -0.255882,
      0.02
    ],
    [
      1.16616,
      6.18661,
      1.27475,
      2.79882,
      2.68902,
      -0.255882,
      0.02
    ],
    [
      1.18349,
      6.24059,
      1.24557,
      2.87063,
      3.59038,
      -0.210342,
      0.02
    ],
    [
      1.20288,
      6.29538,
      1.21565,
      2.94243,
      3.59038,
      -0.210342,
      0.02
    ],
    [
      1.22445,
      6.35091,
      1.18499,
      3.01424,
      3.59038,
      -0.210342,
      0.02
    ],
    [
      1.24829,
      6.40706,
      1.15359,
      3.08605,
      3.59038,
      -0.210342,
      0.02
    ],
    [
      1.2745,
      6.46372,
      1.12145,
      3.15786,
      3.59038,
      -0.210342,
      0.02
    ],
    [
      1.30319,
      6.52079,
      1.08857,
      3.22966,
      3.59038,
      -0.210342,
      0.02
    ],
    [
      1.33444,
      6.57814,
      1.05496,
      3.30147,
      3.59038,
      -0.210342,
      0.02
    ],
    [
      1.36836,
      6.63562,
      1.0206,
      3.37328,
      3.59038,
      -0.210342,
      0.02
    ],
    [
      1.40327,
      6.69432,
      1.04788,
      3.45678,
      4.17486,
      0.164153,
      0.02
    ],
    [
      1.43736,
      6.75542,
      1.07582,
      3.54027,
      4.17486,
      0.164153,
      0.02
    ],
    [
      1.47049,
      6.81894,
      1.10443,
      3.62377,
      4.17486,
      0.164153,
      0.02
    ],
    [
      1.50249,
      6.8849,
      1.1337,
      3.70727,
      4.17486,
      0.164153,
      0.02
    ],
    [
      1.53321,
      6.95329,
      1.16365,
      3.79076,
      4.17486,
      0.164153,
      0.02
    ],
    [
      1.56397,
      7.02345,
      1.15133,
      3.87002,
      3.96292,
      -0.0665591,
      0.02
    ],
    [
      1.59627,
      7.09466,
      1.13877,
      3.94928,
      3.96292,
      -0.0665591,
      0.02
    ],
    [
      1.63014,
      7.16689,
      1.12595,
      4.02854,
      3.96292,
      -0.0665591,
      0.02
    ],
    [
      1.66563,
      7.24011,
      1.11287,
      4.1078,
      3.96292,
      -0.0665591,
      0.02
    ],
    [
      1.70279,
      7.31426,
      1.09954,
      4.18706,
      3.96292,
      -0.0665591,
      0.02
    ],
    [
      1.74168,
      7.38932,
      1.08596,
      4.26632,
      3.96292,
      -0.0665591,
      0.02
    ],
    [
      1.78234,
      7.46523,
      1.07212,
      4.34557,
      3.96292,
      -0.0665591,
      0.02
    ],
    [
      1.82706,
      7.54057,
      0.998188,
      4.41707,
      3.57467,
      -0.336637,
      0.02
    ],
    [
      1.87808,
      7.61354,
      0.923052,
      4.48856,
      3.57467,
      -0.336637,
      0.02
    ],
    [
      1.93537,
      7.68354,
      0.846709,
      4.56005,
      3.57467,
      -0.336637,
      0.02
