{
  "robot": {
    "class": "RectangleRobot",
    "radius": 0.07581675851253933,
    "wheelbase": 0.3099152196239862,
    "max_velocity": 10.998264685834943,
    "max_steering_at_zero_v": 0.492191192410379,
    "max_steering_at_max_v": 0.2122974187943005,
    "acceleration": 5,
    "width": 0.053394678929835925,
    "lenght": 0.14192156899983369
  },
  "planner": {
    "class": "SSTCarOMPL_acceleration",
    "start": [
      1.0,
      5.0
    ],
    "goal": [
      9.0,
      5.0
    ],
    "bounds": [
      0,
      10,
      0,
      10
    ],
    "max_runtime": 600.0,
    "goal_threshold": 0.5,
    "propagate_step_size": 0.02,
    "control_duration": [
      1,
      10
    ],
    "pruning_radius": 1.0998264685834944,
    "selection_radius": 4.399305874333978,
    "velocity_weight": 0.1,
    "vel_threshold": 1,
    "pos_treshold": 0.5
  },
  "path": [
    [
      1.0,
      5.0,
      1.5708,
      0.0,
      0.0,
      0.0,
      0.0
    ],
    [
      1.0,
      5.00089,
      1.56936,
      0.0891883,
      4.45942,
      -0.464115,
      0.02
    ],
    [
      1.00001,
      5.00357,
      1.56503,
      0.178377,
      4.45942,
      -0.464115,
      0.02
    ],
    [
      1.00005,
      5.00803,
      1.55783,
      0.267565,
      4.45942,
      -0.464115,
      0.02
    ],
    [
      1.00016,
      5.01427,
      1.54775,
      0.356753,
      4.45942,
      -0.464115,
      0.02
    ],
    [
      1.0004,
      5.02229,
      1.53478,
      0.445942,
      4.45942,
      -0.464115,
      0.02
    ],
    [
      1.00083,
      5.03209,
      1.51893,
      0.53513,
      4.45942,
      -0.464115,
      0.02
    ],
    [
      1.00154,
      5.04367,
      1.50021,
      0.624318,
      4.45942,
      -0.464115,
      0.02
    ],
    [
      1.00263,
      5.057,
      1.4786,
      0.713507,
      4.45942,
      -0.464115,
      0.02
    ],
    [
      1.00421,
      5.07208,
      1.45411,
      0.802695,
      4.45942,
      -0.464115,
      0.02
    ],
    [
      1.00641,
      5.08888,
      1.42674,
      0.891883,
      4.45942,
      -0.464115,
      0.02
    ],
    [
      1.00912,
      5.10751,
      1.42634,
      0.990887,
      4.9502,
      -0.0065384,
      0.02
    ],
    [
      1.01212,
      5.1281,
      1.4259,
      1.08989,
      4.9502,
      -0.0065384,
      0.02
    ],
    [
      1.01542,
      5.15065,
      1.42542,
      1.1889,
      4.9502,
      -0.0065384,
      0.02
    ],
    [
      1.01901,
      5.17516,
      1.4249,
      1.2879,
      4.9502,
      -0.0065384,
      0.02
    ],
    [
      1.02291,
      5.20162,
      1.42433,
      1.3869,
      4.9502,
      -0.0065384,
      0.02
    ],
    [
      1.02711,
      5.23004,
      1.42373,
      1.48591,
      4.9502,
      -0.0065384,
      0.02
    ],
    [
      1.03162,
      5.26041,
      1.42308,
      1.58491,
      4.9502,
      -0.0065384,
      0.02
    ],
    [
      1.03644,
      5.29274,
      1.42239,
      1.68392,
      4.9502,
      -0.0065384,
      0.02
    ],
    [
      1.04158,
      5.32703,
      1.42166,
      1.78292,
      4.9502,
      -0.0065384,
      0.02
    ],
    [
      1.04704,
      5.36327,
      1.42088,
      1.88192,
      4.9502,
      -0.0065384,
      0.02
    ],
    [
      1.05283,
      5.40144,
      1.4194,
      1.97914,
      4.86102,
      -0.011877,
      0.02
    ],
    [
      1.05898,
      5.44153,
      1.41785,
      2.07636,
      4.86102,
      -0.011877,
      0.02
    ],
    [
      1.06549,
      5.48353,
      1.41622,
      2.17358,
      4.86102,
      -0.011877,
      0.02
    ],
    [
      1.07237,
      5.52744,
      1.41452,
      2.2708,
      4.86102,
      -0.011877,
      0.02
    ],
    [
      1.07963,
      5.57325,
      1.41274,
      2.36803,
      4.86102,
      -0.011877,
      0.02
    ],
    [
      1.08728,
      5.62098,
      1.41089,
      2.46525,
      4.86102,
      -0.011877,
      0.02
    ],
    [
      1.09533,
      5.6706,
      1.40896,
      2.56247,
      4.86102,
      -0.011877,
      0.02
    ],
    [
      1.1038,
      5.72213,
      1.40696,
      2.65969,
      4.86102,
      -0.011877,
      0.02
    ],
    [
      1.11206,
      5.77527,
      1.42612,
      2.71777,
      2.90439,
      0.109959,
      0.02
    ],
    [
      1.11945,
      5.82971,
      1.44569,
      2.77586,
      2.90439,
      0.109959,
      0.02
    ],
    [
      1.12589,
      5.88543,
      1.46567,
      2.83395,
      2.90439,
      0.109959,
      0.02
    ],
    [
      1.13132,
      5.94243,
      1.48607,
      2.89204,
      2.90439,
      0.109959,
      0.02
    ],
    [
      1.13566,
      6.00069,
      1.50688,
      2.95013,
      2.90439,
      0.109959,
      0.02
    ],
    [
      1.13883,
      6.06019,
      1.52811,
      3.00821,
      2.90439,
      0.109959,
      0.02
    ],
    [
      1.14077,
      6.1209,
      1.54975,
      3.0663,
      2.90439,
      0.109959,
      0.02
    ],
    [
      1.14139,
      6.18281,
      1.5718,
      3.12439,
      2.90439,
      0.109959,
      0.02
    ],
    [
      1.14062,
      6.24587,
      1.59427,
      3.18248,
      2.90439,
      0.109959,
      0.02
    ],
    [
      1.13838,
      6.31006,
      1.61715,
      3.24056,
      2.90439,
      0.109959,
      0.02
    ],
    [
      1.13734,
      6.37581,
      1.55591,
      3.33689,
      4.81605,
      -0.280917,
      0.02
    ],
    [
      1.14048,
      6.44343,
      1.49288,
      3.43321,
      4.81605,
      -0.280917,
      0.02
    ],
    [
      1.14815,
      6.51262,
      1.42805,
      3.52953,
      4.81605,
      -0.280917,
      0.02
    ],
    [
      1.16068,
      6.58306,
      1.36143,
      3.62585,
      4.81605,
      -0.280917,
      0.02
    ],
    [
      1.17839,
      6.65435,
      1.29302,
      3.72217,
      4.81605,
      -0.280917,
      0.02
    ],
    [
      1.20079,
      6.72636,
      1.24543,
      3.81975,
      4.87891,
      -0.193122,
      0.02
    ],
    [
      1.2273,
      6.79904,
      1.1966,
      3.91733,
      4.87891,
      -0.193122,
      0.02
    ],
    [
      1.25813,
      6.87212,
      1.14655,
      4.0149,
      4.87891,
      -0.193122,
      0.02
    ],
    [
      1.29347,
      6.9453,
      1.09527,
      4.11248,
      4.87891,
      -0.193122,
      0.02
    ],
    [
      1.3335,
      7.01826,
      1.04275,
      4.21006,
      4.87891,
      -0.193122,
      0.02
    ],
    [
      1.37837,
      7.09064,
      0.989003,
      4.30764,
      4.87891,
      -0.193122,
      0.02
    ],
    [
      1.42823,
      7.16208,
      0.934024,
      4.40522,
      4.87891,
      -0.193122,
      0.02
    ],
    [
      1.48318,
      7.23218,
      0.877814,
      4.5028,
      4.87891,
      -0.193122,
      0.02
    ],
    [
      1.54331,
      7.30051,
      0.820372,
      4.60037,
      4.87891,
      -0.193122,
      0.02
    ],
    [
      1.60874,
      7.36651,
      0.759219,
      4.69484,
      4.72307,
      -0.201134,
      0.02
    ],
    [
      1.67953,
      7.42961,
      0.696824,
      4.7893,
      4.72307,
      -0.201134,
      0.02
    ],
    [
      1.75563,
      7.48929,
      0.633186,
      4.88376,
      4.72307,
      -0.201134,
      0.02
    ],
    [
      1.83697,
      7.54502,
      0.568304,
      4.97822,
      4.72307,
      -0.201134,
      0.02
    ],
    [
      1.92341,
      7.59628,
      0.50218,
      5.07268,
      4.72307,
      -0.201134,
      0.02
    ],
    [
      2.01475,
      7.64251,
      0.434813,
      5.16714,
      4.72307,
      -0.201134,
      0.02
    ],
    [
      2.1117,
      7.68028,
      0.308476,
      5.24407,
      3.84639,
      -0.401725,
      0.02
    ],
    [
      2.21085,
      7.71667,
      0.39496,
      5.32139,
      3.86614,
      0.248442,
      0.02
    ],
    [
      2.30787,
      7.7622,
      0.48271,
      5.39872,
      3.86614,
      0.248442,
