{
  "robot": {
    "class": "RectangleRobot",
    "radius": 0,
    "wheelbase": 0.2606050407225473,
    "max_velocity": 8.389454721389557,
    "max_steering_at_zero_v": 0.8723576840387135,
    "max_steering_at_max_v": 0.19634954084936207,
    "acceleration": 4.101756264922497,
    "mu_static": 0.7675387395379167,
    "width": 0.427729150470999,
    "length": 0.31523629580279866,
    "collision_check_angle_res": 60
  },
  "planner": {
    "class": "Dubins_pathfinding",
    "start": [
      1.5,
      1.5,
      0.6860299484817417
    ],
    "goal": [
      13.5,
      1.5,
      0
    ],
    "bounds": [
      15,
      15
    ],
    "max_runtime": 60.0,
    "goal_threshold": 0.0,
    "solved_time": null,
    "interpolate_steps": 50
  },
  "path": [
    [
      1.5,
      1.5,
      0.0
    ],
    [
      1.74444,
      1.90643,
      1.44427
    ],
    [
      1.8117,
      2.43516,
      1.44427
    ],
    [
      1.87896,
      2.96388,
      1.44427
    ],
    [
      1.94622,
      3.49261,
      1.44427
    ],
    [
      2.01297,
      4.02139,
      1.51239
    ],
    [
      2.08282,
      4.56002,
      1.4408
    ],
    [
      2.15323,
      5.09859,
      1.4408
    ],
    [
      2.22364,
      5.63716,
      1.4408
    ],
    [
      2.29404,
      6.17574,
      1.4408
    ],
    [
      2.36445,
      6.71431,
      1.4408
    ],
    [
      2.44214,
      7.25127,
      1.17945
    ],
    [
      2.50268,
      7.79663,
      1.47786
    ],
    [
      2.55368,
      8.34384,
      1.47786
    ],
    [
      2.60591,
      8.8909,
      1.37149
    ],
    [
      2.90487,
      9.25891,
      0.82013
    ],
    [
      3.23164,
      9.6092,
      0.82013
    ],
    [
      3.5554,
      9.96196,
      1.00863
    ],
    [
      3.93301,
      10.3483,
      0.786933
    ],
    [
      4.31469,
      10.7312,
      0.786933
    ],
    [
      4.7201,
      11.0775,
      0.152147
    ],
    [
      5.16821,
      11.2736,
      0.429663
    ],
    [
      5.61355,
      11.4776,
      0.429663
    ],
    [
      6.05888,
      11.6817,
      0.429663
    ],
    [
      6.50744,
      11.8763,
      0.127049
    ],
    [
      7.09287,
      11.8435,
      -0.0625544
    ],
    [
      7.6783,
      11.8069,
      -0.0625544
    ],
    [
      8.26309,
      11.7654,
      -0.272341
    ],
    [
      8.77072,
      11.6193,
      -0.280375
    ],
    [
      9.27834,
      11.4731,
      -0.280375
    ],
    [
      9.78596,
      11.3269,
      -0.280375
    ],
    [
      10.2945,
      11.1848,
      -0.0846711
    ],
    [
      10.6711,
      10.8583,
      -0.831366
    ],
    [
      11.0146,
      10.4816,
      -0.831366
    ],
    [
      11.3582,
      10.105,
      -0.831366
    ],
    [
      11.7017,
      9.72831,
      -0.831366
    ],
    [
      12.0418,
      9.34892,
      -1.0314
    ],
    [
      12.3016,
      8.95789,
      -0.983857
    ],
    [
      12.5161,
      8.54968,
      -1.65534
    ],
    [
      12.569,
      8.00153,
      -1.46749
    ],
    [
      12.6258,
      7.45355,
      -1.46749
    ],
    [
      12.6826,
      6.90557,
      -1.46749
    ],
    [
      12.7395,
      6.35758,
      -1.46749
    ],
    [
      12.7994,
      5.81011,
      -1.29597
    ],
    [
      12.8821,
      5.13641,
      -1.45274
    ],
    [
      12.962,
      4.46226,
      -1.45274
    ],
    [
      13.042,
      3.7881,
      -1.45274
    ],
    [
      13.1219,
      3.11395,
      -1.45274
    ],
    [
      13.1979,
      2.43958,
      -1.64487
    ],
    [
      13.5,
      1.5,
      0.0
    ]
  ]
}