{
  "robot": {
    "class": "RectangleRobot",
    "radius": 0,
    "wheelbase": 0.3304511680001277,
    "max_velocity": 19.474359740215114,
    "max_steering_at_zero_v": 0.7133500493588141,
    "max_steering_at_max_v": 0.19634954084936207,
    "acceleration": 5.201986528901814,
    "mu_static": 1.103514975974249,
    "width": 0.5895789605319466,
    "length": 0.590912194207513,
    "collision_check_angle_res": 60
  },
  "planner": {
    "class": "Dubins_pathfinding",
    "start": [
      1.5,
      1.5,
      1.2892141956951237
    ],
    "goal": [
      13.5,
      1.5,
      0
    ],
    "bounds": [
      15,
      15
    ],
    "max_runtime": 60.0,
    "goal_threshold": 0.0,
    "solved_time": null,
    "interpolate_steps": 50
  },
  "path": [
    [
      1.5,
      1.5,
      0.0
    ],
    [
      1.87717,
      1.82218,
      1.41387
    ],
    [
      1.91977,
      2.36037,
      1.49408
    ],
    [
      1.96115,
      2.89868,
      1.49408
    ],
    [
      2.00253,
      3.437,
      1.49408
    ],
    [
      2.04391,
      3.97531,
      1.49408
    ],
    [
      2.08528,
      4.51362,
      1.49408
    ],
    [
      2.13008,
      5.05152,
      1.35972
    ],
    [
      2.19243,
      5.60152,
      1.46149
    ],
    [
      2.25282,
      6.1518,
      1.46149
    ],
    [
      2.31321,
      6.70208,
      1.46149
    ],
    [
      2.3736,
      7.25237,
      1.46149
    ],
    [
      2.43398,
      7.80265,
      1.46149
    ],
    [
      2.49437,
      8.35293,
      1.46149
    ],
    [
      2.54675,
      8.90354,
      1.66658
    ],
    [
      2.8021,
      9.42301,
      0.95168
    ],
    [
      3.14676,
      9.90668,
      0.95168
    ],
    [
      3.48402,
      10.3949,
      1.16476
    ],
    [
      3.90048,
      10.7236,
      0.515212
    ],
    [
      4.36836,
      11.0468,
      0.607359
    ],
    [
      4.83535,
      11.3714,
      0.607359
    ],
    [
      5.30782,
      11.6865,
      0.368569
    ],
    [
      5.8432,
      11.7756,
      0.147774
    ],
    [
      6.38063,
      11.8556,
      0.147774
    ],
    [
      6.91805,
      11.9356,
      0.147774
    ],
    [
      7.45547,
      12.0156,
      0.147774
    ],
    [
      7.9929,
      12.0956,
      0.147774
    ],
    [
      8.5141,
      12.0486,
      -0.678878
    ],
    [
      9.02333,
      11.8536,
      -0.321538
    ],
    [
      9.54293,
      11.6805,
      -0.321538
    ],
    [
      10.0625,
      11.5074,
      -0.321538
    ],
    [
      10.5823,
      11.335,
      -0.259254
    ],
    [
      10.9976,
      10.9543,
      -0.861812
    ],
    [
      11.3706,
      10.5193,
      -0.861812
    ],
    [
      11.7437,
      10.0844,
      -0.861812
    ],
    [
      12.1168,
      9.64943,
      -0.861812
    ],
    [
      12.4538,
      9.1923,
      -1.33421
    ],
    [
      12.4655,
      8.67118,
      -1.56843
    ],
    [
      12.4832,
      8.15087,
      -1.27361
    ],
    [
      12.5583,
      7.56549,
      -1.45352
    ],
    [
      12.6274,
      6.97902,
      -1.45352
    ],
    [
      12.6965,
      6.39255,
      -1.45352
    ],
    [
      12.7656,
      5.80608,
      -1.45352
    ],
    [
      12.8347,
      5.21961,
      -1.45352
    ],
    [
      12.8381,
      4.63836,
      -2.044
    ],
    [
      12.8484,
      4.01993,
      -1.44709
    ],
    [
      12.926,
      3.39645,
      -1.44709
    ],
    [
      13.0035,
      2.77297,
      -1.44709
    ],
    [
      13.081,
      2.14949,
      -1.44038
    ],
    [
      13.5,
      1.5,
      0.0
    ]
  ]
}