{
  "robot": {
    "class": "RectangleRobot",
    "radius": 0,
    "wheelbase": 0.23063772359704093,
    "max_velocity": 9.538068090625007,
    "max_steering_at_zero_v": 0.8088435548908076,
    "max_steering_at_max_v": 0.19634954084936207,
    "acceleration": 9.2565289885612,
    "mu_static": 0.8537820247494343,
    "width": 0.533654336732117,
    "length": 0.2313681609669365,
    "collision_check_angle_res": 60
  },
  "planner": {
    "class": "Dubins_pathfinding",
    "start": [
      1.5,
      1.5,
      1.1106121062460506
    ],
    "goal": [
      13.5,
      1.5,
      0
    ],
    "bounds": [
      15,
      15
    ],
    "max_runtime": 60.0,
    "goal_threshold": 0.0,
    "solved_time": null,
    "interpolate_steps": 50
  },
  "path": [
    [
      1.5,
      1.5,
      0.0
    ],
    [
      1.73812,
      1.85084,
      1.44651
    ],
    [
      1.79732,
      2.32477,
      1.44651
    ],
    [
      1.85653,
      2.7987,
      1.44651
    ],
    [
      1.92109,
      3.27156,
      1.22362
    ],
    [
      1.98159,
      3.84035,
      1.47712
    ],
    [
      2.03514,
      4.4104,
      1.47712
    ],
    [
      2.0887,
      4.98045,
      1.47712
    ],
    [
      2.14224,
      5.55049,
      1.48783
    ],
    [
      2.21017,
      6.05949,
      1.43759
    ],
    [
      2.27837,
      6.56846,
      1.43759
    ],
    [
      2.34658,
      7.07743,
      1.43759
    ],
    [
      2.41478,
      7.5864,
      1.43759
    ],
    [
      2.48298,
      8.09536,
      1.43759
    ],
    [
      2.5473,
      8.60461,
      1.62593
    ],
    [
      2.73044,
      9.04833,
      1.12244
    ],
    [
      2.94019,
      9.48439,
      1.12244
    ],
    [
      3.22893,
      9.841,
      0.098635
    ],
    [
      3.56236,
      10.1715,
      0.595532
    ],
    [
      4.00299,
      10.4906,
      0.627008
    ],
    [
      4.44355,
      10.8098,
      0.627008
    ],
    [
      4.88165,
      11.132,
      0.814736
    ],
    [
      5.45629,
      11.3965,
      0.40215
    ],
    [
      6.0405,
      11.645,
      0.40215
    ],
    [
      6.62491,
      11.893,
      0.332981
    ],
    [
      7.23958,
      11.849,
      -0.105105
    ],
    [
      7.85511,
      11.7841,
      -0.105105
    ],
    [
      8.47064,
      11.7191,
      -0.105105
    ],
    [
      9.08248,
      11.6386,
      -0.487078
    ],
    [
      9.56034,
      11.3966,
      -0.468734
    ],
    [
      10.0382,
      11.1546,
      -0.468734
    ],
    [
      10.5161,
      10.9127,
      -0.468734
    ],
    [
      10.9622,
      10.6325,
      -1.14461
    ],
    [
      11.2882,
      10.2703,
      -0.813459
    ],
    [
      11.6237,
      9.91543,
      -0.813459
    ],
    [
      11.962,
      9.56347,
      -0.621462
    ],
    [
      12.2769,
      9.22749,
      -1.45654
    ],
    [
      12.3522,
      8.62659,
      -1.44608
    ],
    [
      12.4275,
      8.02569,
      -1.44608
    ],
    [
      12.5029,
      7.4248,
      -1.44608
    ],
    [
      12.5782,
      6.8239,
      -1.44608
    ],
    [
      12.6536,
      6.223,
      -1.44608
    ],
    [
      12.7289,
      5.6221,
      -1.44608
    ],
    [
      12.8172,
      5.02438,
      -1.09752
    ],
    [
      12.9119,
      4.41911,
      -1.43599
    ],
    [
      12.9944,
      3.81075,
      -1.43599
    ],
    [
      13.0769,
      3.2024,
      -1.43599
    ],
    [
      13.1594,
      2.59405,
      -1.43599
    ],
    [
      13.2419,
      1.9857,
      -1.43599
    ],
    [
      13.5,
      1.5,
      0.0
    ]
  ]
}