{
  "robot": {
    "class": "RectangleRobot",
    "radius": 0,
    "wheelbase": 0.17659682182908912,
    "max_velocity": 12.678808076144824,
    "max_steering_at_zero_v": 0.42226177354447697,
    "max_steering_at_max_v": 0.19634954084936207,
    "acceleration": 4.98353135477232,
    "mu_static": 1.1986682430394882,
    "width": 0.3899055412139034,
    "length": 0.37566186004633917,
    "collision_check_angle_res": 60
  },
  "planner": {
    "class": "Dubins_pathfinding",
    "start": [
      1.5,
      1.5,
      0.9377616705505366
    ],
    "goal": [
      13.5,
      1.5,
      0
    ],
    "bounds": [
      15,
      15
    ],
    "max_runtime": 60.0,
    "goal_threshold": 0.0,
    "solved_time": null,
    "interpolate_steps": 50
  },
  "path": [
    [
      1.5,
      1.5,
      0.0
    ],
    [
      1.88691,
      1.8238,
      1.39366
    ],
    [
      1.94554,
      2.36842,
      1.46539
    ],
    [
      2.00318,
      2.91317,
      1.46539
    ],
    [
      2.06081,
      3.45792,
      1.46539
    ],
    [
      2.11844,
      4.00268,
      1.46539
    ],
    [
      2.18701,
      4.54538,
      1.22722
    ],
    [
      2.23638,
      5.06311,
      1.50462
    ],
    [
      2.27085,
      5.58322,
      1.50462
    ],
    [
      2.30532,
      6.10333,
      1.50462
    ],
    [
      2.33978,
      6.62345,
      1.50462
    ],
    [
      2.37425,
      7.14356,
      1.50462
    ],
    [
      2.40872,
      7.66367,
      1.50462
    ],
    [
      2.44055,
      8.18386,
      1.62053
    ],
    [
      2.64609,
      8.77439,
      1.17425
    ],
    [
      2.88416,
      9.35722,
      1.34189
    ],
    [
      3.19546,
      9.7601,
      0.803497
    ],
    [
      3.55409,
      10.1313,
      0.756557
    ],
    [
      4.10884,
      10.5523,
      0.645676
    ],
    [
      4.67277,
      10.9591,
      0.373736
    ],
    [
      5.08751,
      11.1988,
      0.534618
    ],
    [
      5.50423,
      11.4342,
      0.311552
    ],
    [
      6.0699,
      11.7889,
      0.581328
    ],
    [
      6.62909,
      12.1557,
      0.532606
    ],
    [
      7.14761,
      12.1653,
      -0.154256
    ],
    [
      7.67292,
      12.0836,
      -0.154256
    ],
    [
      8.19823,
      12.002,
      -0.154256
    ],
    [
      8.72354,
      11.9203,
      -0.154256
    ],
    [
      9.24959,
      11.8473,
      0.0569902
    ],
    [
      9.70388,
      11.6418,
      -0.580238
    ],
    [
      10.1298,
      11.3626,
      -0.580238
    ],
    [
      10.5557,
      11.0834,
      -0.580238
    ],
    [
      10.9816,
      10.8042,
      -0.580238
    ],
    [
      11.4023,
      10.5182,
      -0.789508
    ],
    [
      11.7568,
      9.98476,
      -0.997373
    ],
    [
      12.1046,
      9.44624,
      -0.997373
    ],
    [
      12.3467,
      8.87256,
      -1.75626
    ],
    [
      12.4031,
      8.36576,
      -1.41567
    ],
    [
      12.4822,
      7.8599,
      -1.41567
    ],
    [
      12.5613,
      7.35404,
      -1.41567
    ],
    [
      12.6404,
      6.84818,
      -1.41567
    ],
    [
      12.7196,
      6.34232,
      -1.41567
    ],
    [
      12.7892,
      5.83568,
      -1.63561
    ],
    [
      12.8365,
      5.24882,
      -1.48254
    ],
    [
      12.8884,
      4.66213,
      -1.48254
    ],
    [
      12.9403,
      4.07544,
      -1.48254
    ],
    [
      12.9404,
      3.49311,
      -1.99906
    ],
    [
      12.9815,
      2.75791,
      -1.43109
    ],
    [
      13.0853,
      2.01961,
      -1.43109
    ],
    [
      13.5,
      1.5,
      0.0
    ]
  ]
}