{
  "robot": {
    "class": "RectangleRobot",
    "radius": 0,
    "wheelbase": 0.3408182326374572,
    "max_velocity": 7.634496401510207,
    "max_steering_at_zero_v": 0.6800748654902913,
    "max_steering_at_max_v": 0.19634954084936207,
    "acceleration": 6.754631984997702,
    "mu_static": 0.6605125097836649,
    "width": 0.7764277911338967,
    "length": 0.34744047879692685,
    "collision_check_angle_res": 60
  },
  "planner": {
    "class": "Dubins_pathfinding",
    "start": [
      1.5,
      1.5,
      0.049238652160239295
    ],
    "goal": [
      13.5,
      1.5,
      0
    ],
    "bounds": [
      15,
      15
    ],
    "max_runtime": 60.0,
    "goal_threshold": 0.0,
    "solved_time": null,
    "interpolate_steps": 50
  },
  "path": [
    [
      1.5,
      1.5,
      0.0
    ],
    [
      1.90666,
      1.81093,
      1.30557
    ],
    [
      1.96765,
      2.35742,
      1.46998
    ],
    [
      2.02303,
      2.90478,
      1.46998
    ],
    [
      2.0784,
      3.45215,
      1.46998
    ],
    [
      2.13377,
      3.99952,
      1.46998
    ],
    [
      2.18914,
      4.54688,
      1.46998
    ],
    [
      2.23725,
      5.09453,
      1.65586
    ],
    [
      2.29703,
      5.67492,
      1.4534
    ],
    [
      2.36543,
      6.25487,
      1.4534
    ],
    [
      2.42458,
      6.83526,
      1.66314
    ],
    [
      2.45298,
      7.41604,
      1.51388
    ],
    [
      2.48607,
      7.99679,
      1.51388
    ],
    [
      2.48544,
      8.57493,
      1.91541
    ],
    [
      2.58148,
      9.15599,
      1.25675
    ],
    [
      2.78468,
      9.72091,
      0.957294
    ],
    [
      3.21866,
      10.1496,
      0.766778
    ],
    [
      3.65829,
      10.5732,
      0.766778
    ],
    [
      4.09791,
      10.9967,
      0.766778
    ],
    [
      4.55704,
      11.3938,
      0.370849
    ],
    [
      5.08365,
      11.5525,
      0.290228
    ],
    [
      5.6107,
      11.7099,
      0.290228
    ],
    [
      6.13774,
      11.8673,
      0.290228
    ],
    [
      6.66478,
      12.0247,
      0.290228
    ],
    [
      7.19499,
      12.1664,
      0.0137146
    ],
    [
      7.82277,
      12.1054,
      -0.101213
    ],
    [
      8.45038,
      12.0417,
      -0.101213
    ],
    [
      9.078,
      11.9779,
      -0.101213
    ],
    [
      9.67616,
      11.8263,
      -0.768583
    ],
    [
      10.1757,
      11.5028,
      -0.559205
    ],
    [
      10.6808,
      11.1867,
      -0.559205
    ],
    [
      11.1858,
      10.8707,
      -0.559205
    ],
    [
      11.6908,
      10.5546,
      -0.559205
    ],
    [
      12.1958,
      10.2385,
      -0.559205
    ],
    [
      12.7076,
      9.93594,
      -0.291258
    ],
    [
      13.0167,
      9.43781,
      -1.49313
    ],
    [
      13.0658,
      8.8057,
      -1.49313
    ],
    [
      13.0974,
      8.17392,
      -1.7832
    ],
    [
      13.1322,
      7.6409,
      -1.46625
    ],
    [
      13.1881,
      7.10785,
      -1.46625
    ],
    [
      13.2441,
      6.5748,
      -1.46625
    ],
    [
      13.3,
      6.04176,
      -1.46625
    ],
    [
      13.3559,
      5.50871,
      -1.46625
    ],
    [
      13.4119,
      4.97567,
      -1.46625
    ],
    [
      13.4678,
      4.44262,
      -1.46625
    ],
    [
      13.5251,
      3.90976,
      -1.38434
    ],
    [
      13.3993,
      3.2497,
      -1.81699
    ],
    [
      13.2344,
      2.59364,
      -1.81699
    ],
    [
      13.0789,
      1.93593,
      -1.60529
    ],
    [
      13.5,
      1.5,
      0.0
    ]
  ]
}