{
  "robot": {
    "class": "RectangleRobot",
    "radius": 0,
    "wheelbase": 0.5859063928078353,
    "max_velocity": 13.683947081607984,
    "max_steering_at_zero_v": 0.5289717159844144,
    "max_steering_at_max_v": 0.19634954084936207,
    "acceleration": 4.162051997222761,
    "mu_static": 2.473212982610414,
    "width": 0.6276184509294349,
    "length": 0.6717319665225762,
    "collision_check_angle_res": 60
  },
  "planner": {
    "class": "Dubins_pathfinding",
    "start": [
      1.5,
      1.5,
      0.9418463551490895
    ],
    "goal": [
      13.5,
      1.5,
      0
    ],
    "bounds": [
      15,
      15
    ],
    "max_runtime": 60.0,
    "goal_threshold": 0.0,
    "solved_time": null,
    "interpolate_steps": 50
  },
  "path": [
    [
      1.5,
      1.5,
      0.0
    ],
    [
      2.03943,
      1.65753,
      0.568268
    ],
    [
      2.40931,
      2.08062,
      1.13654
    ],
    [
      2.49371,
      2.63631,
      1.67809
    ],
    [
      2.43271,
      3.20263,
      1.67809
    ],
    [
      2.37171,
      3.76895,
      1.67809
    ],
    [
      2.31071,
      4.33528,
      1.67809
    ],
    [
      2.24971,
      4.9016,
      1.67809
    ],
    [
      2.18871,
      5.46793,
      1.67809
    ],
    [
      2.17726,
      6.03931,
      1.5829
    ],
    [
      2.17034,
      6.61089,
      1.5829
    ],
    [
      2.16342,
      7.18248,
      1.5829
    ],
    [
      2.1565,
      7.75406,
      1.5829
    ],
    [
      2.14958,
      8.32564,
      1.5829
    ],
    [
      2.14266,
      8.89722,
      1.5829
    ],
    [
      2.16533,
      9.46676,
      1.33943
    ],
    [
      2.44236,
      9.9557,
      0.771161
    ],
    [
      2.91372,
      10.2732,
      0.549668
    ],
    [
      3.39942,
      10.5708,
      0.549668
    ],
    [
      3.88511,
      10.8683,
      0.549668
    ],
    [
      4.37081,
      11.1659,
      0.549668
    ],
    [
      4.85651,
      11.4634,
      0.549668
    ],
    [
      5.34221,
      11.761,
      0.549668
    ],
    [
      5.8279,
      12.0586,
      0.549668
    ],
    [
      6.42422,
      12.2121,
      0.0577552
    ],
    [
      7.047,
      12.2481,
      0.0577552
    ],
    [
      7.66979,
      12.2841,
      0.0577552
    ],
    [
      8.29258,
      12.3201,
      0.0577552
    ],
    [
      8.90475,
      12.2479,
      -0.409437
    ],
    [
      9.2894,
      11.9628,
      -0.781971
    ],
    [
      9.66817,
      11.6691,
      -0.438556
    ],
    [
      10.2351,
      11.3493,
      -0.518537
    ],
    [
      10.8005,
      11.0267,
      -0.518537
    ],
    [
      11.3659,
      10.704,
      -0.518537
    ],
    [
      11.9313,
      10.3814,
      -0.518537
    ],
    [
      12.4771,
      10.0305,
      -0.78061
    ],
    [
      12.7642,
      9.45899,
      -1.43006
    ],
    [
      12.6472,
      8.83019,
      -2.07951
    ],
    [
      12.5197,
      8.20093,
      -1.57466
    ],
    [
      12.5172,
      7.54997,
      -1.57466
    ],
    [
      12.5147,
      6.899,
      -1.57466
    ],
    [
      12.5121,
      6.24803,
      -1.57466
    ],
    [
      12.5096,
      5.59707,
      -1.57466
    ],
    [
      12.5071,
      4.9461,
      -1.57466
    ],
    [
      12.5046,
      4.29513,
      -1.57466
    ],
    [
      12.502,
      3.62168,
      -1.57466
    ],
    [
      12.4994,
      2.94823,
      -1.57466
    ],
    [
      12.5234,
      2.27673,
      -1.34376
    ],
    [
      12.8761,
      1.71786,
      -0.671882
    ],
    [
      13.5,
      1.5,
      0.0
    ]
  ]
}