{
  "robot": {
    "class": "RectangleRobot",
    "radius": 0,
    "wheelbase": 0.1755804949807321,
    "max_velocity": 6.062746906745619,
    "max_steering_at_zero_v": 0.9278528020212801,
    "max_steering_at_max_v": 0.19634954084936207,
    "acceleration": 8.19526672354128,
    "mu_static": 1.0697433264858085,
    "width": 0.583766929085189,
    "length": 0.4167447807429915,
    "collision_check_angle_res": 60
  },
  "planner": {
    "class": "Dubins_pathfinding",
    "start": [
      1.5,
      1.5,
      0.42875615453157545
    ],
    "goal": [
      13.5,
      1.5,
      0
    ],
    "bounds": [
      15,
      15
    ],
    "max_runtime": 60.0,
    "goal_threshold": 0.0,
    "solved_time": null,
    "interpolate_steps": 50
  },
  "path": [
    [
      1.5,
      1.5,
      0.0
    ],
    [
      1.6793,
      1.94837,
      1.42548
    ],
    [
      1.75561,
      2.46978,
      1.42548
    ],
    [
      1.83192,
      2.99119,
      1.42548
    ],
    [
      1.90822,
      3.5126,
      1.42548
    ],
    [
      1.98453,
      4.03401,
      1.42548
    ],
    [
      2.06245,
      4.55509,
      1.26701
    ],
    [
      2.1433,
      5.09134,
      1.42415
    ],
    [
      2.22255,
      5.62791,
      1.42415
    ],
    [
      2.30181,
      6.16448,
      1.42415
    ],
    [
      2.38106,
      6.70104,
      1.42415
    ],
    [
      2.46032,
      7.23761,
      1.42415
    ],
    [
      2.5402,
      7.77407,
      1.32579
    ],
    [
      2.59877,
      8.40523,
      1.48075
    ],
    [
      2.63663,
      9.03488,
      2.02375
    ],
    [
      2.93694,
      9.51428,
      0.873037
    ],
    [
      3.31295,
      9.97042,
      1.14807
    ],
    [
      3.70734,
      10.3531,
      0.751803
    ],
    [
      4.10968,
      10.7293,
      0.751803
    ],
    [
      4.51202,
      11.1055,
      0.758512
    ],
    [
      4.98673,
      11.3532,
      0.47082
    ],
    [
      5.46436,
      11.5963,
      0.47082
    ],
    [
      5.94776,
      11.8196,
      -0.0918824
    ],
    [
      6.45864,
      11.8219,
      0.00578306
    ],
    [
      6.96953,
      11.8249,
      0.00578306
    ],
    [
      7.48042,
      11.8278,
      0.00578306
    ],
    [
      7.99132,
      11.8308,
      0.00578306
    ],
    [
      8.4972,
      11.8091,
      -0.615309
    ],
    [
      8.95454,
      11.6989,
      -0.214265
    ],
    [
      9.41546,
      11.5986,
      -0.214265
    ],
    [
      9.87637,
      11.4983,
      -0.246338
    ],
    [
      10.3417,
      11.1435,
      -0.6713
    ],
    [
      10.8011,
      10.7786,
      -0.6713
    ],
    [
      11.2604,
      10.4137,
      -0.6713
    ],
    [
      11.7198,
      10.0488,
      -0.6713
    ],
    [
      12.0924,
      9.63808,
      -1.91968
    ],
    [
      12.2614,
      9.24216,
      -1.06147
    ],
    [
      12.4748,
      8.85592,
      -1.23419
    ],
    [
      12.5397,
      8.23237,
      -1.47303
    ],
    [
      12.601,
      7.60816,
      -1.44087
    ],
    [
      12.662,
      7.06134,
      -1.45975
    ],
    [
      12.723,
      6.51452,
      -1.45975
    ],
    [
      12.7858,
      5.96801,
      -1.29181
    ],
    [
      12.8605,
      5.36646,
      -1.45
    ],
    [
      12.9335,
      4.76463,
      -1.45
    ],
    [
      13.0066,
      4.1628,
      -1.45
    ],
    [
      13.0819,
      3.5614,
      -1.26201
    ],
    [
      13.1881,
      2.85016,
      -1.42501
    ],
    [
      13.2926,
      2.13857,
      -1.42501
    ],
    [
      13.5,
      1.5,
      0.0
    ]
  ]
}