{
  "robot": {
    "class": "RectangleRobot",
    "radius": 0,
    "wheelbase": 0.28002536937804046,
    "max_velocity": 10.40763477316655,
    "max_steering_at_zero_v": 0.9540645041237874,
    "max_steering_at_max_v": 0.19634954084936207,
    "acceleration": 3.0915081537199436,
    "mu_static": 0.8747700313237177,
    "width": 0.6498931714193811,
    "length": 0.5151225645608991,
    "collision_check_angle_res": 60
  },
  "planner": {
    "class": "Dubins_pathfinding",
    "start": [
      1.5,
      1.5,
      0.5251273211253609
    ],
    "goal": [
      13.5,
      1.5,
      0
    ],
    "bounds": [
      15,
      15
    ],
    "max_runtime": 60.0,
    "goal_threshold": 0.0,
    "solved_time": null,
    "interpolate_steps": 50
  },
  "path": [
    [
      1.5,
      1.5,
      0.0
    ],
    [
      1.72083,
      1.94278,
      1.48289
    ],
    [
      1.76974,
      2.49771,
      1.48289
    ],
    [
      1.81865,
      3.05265,
      1.48289
    ],
    [
      1.86755,
      3.60759,
      1.48289
    ],
    [
      1.91929,
      4.16212,
      1.31312
    ],
    [
      1.99134,
      4.68073,
      1.43559
    ],
    [
      2.06193,
      5.1996,
      1.43559
    ],
    [
      2.13251,
      5.71847,
      1.43559
    ],
    [
      2.2031,
      6.23734,
      1.43943
    ],
    [
      2.25664,
      6.86726,
      1.48635
    ],
    [
      2.30996,
      7.49721,
      1.48635
    ],
    [
      2.36329,
      8.12716,
      1.48635
    ],
    [
      2.41641,
      8.75712,
      1.53052
    ],
    [
      2.63029,
      9.27636,
      1.1555
    ],
    [
      2.94093,
      9.70863,
      0.047897
    ],
    [
      3.31256,
      10.0146,
      0.800347
    ],
    [
      3.65526,
      10.3677,
      0.800347
    ],
    [
      3.99797,
      10.7208,
      0.800347
    ],
    [
      4.35658,
      11.0519,
      0.275309
    ],
    [
      4.86577,
      11.366,
      0.566786
    ],
    [
      5.37667,
      11.6762,
      0.207575
    ],
    [
      5.84016,
      11.8126,
      0.287628
    ],
    [
      6.30348,
      11.9497,
      0.287628
    ],
    [
      6.76111,
      12.0997,
      0.666063
    ],
    [
      7.33064,
      12.0617,
      -0.185755
    ],
    [
      7.90704,
      11.9533,
      -0.185755
    ],
    [
      8.48344,
      11.845,
      -0.185755
    ],
    [
      9.05984,
      11.7367,
      -0.185755
    ],
    [
      9.63692,
      11.6355,
      0.0835374
    ],
    [
      10.1305,
      11.4206,
      -0.464861
    ],
    [
      10.6157,
      11.1772,
      -0.464861
    ],
    [
      11.101,
      10.9338,
      -0.464861
    ],
    [
      11.3716,
      10.5563,
      -2.12454
    ],
    [
      11.6012,
      10.1252,
      -0.746765
    ],
    [
      11.9976,
      9.75831,
      -0.746765
    ],
    [
      12.3862,
      9.38473,
      -1.06843
    ],
    [
      12.4831,
      8.83319,
      -1.41832
    ],
    [
      12.5684,
      8.27843,
      -1.41832
    ],
    [
      12.6536,
      7.72367,
      -1.41832
    ],
    [
      12.7284,
      7.16845,
      -1.74442
    ],
    [
      12.8007,
      6.53394,
      -1.4433
    ],
    [
      12.882,
      5.89968,
      -1.4433
    ],
    [
      12.9633,
      5.26542,
      -1.4433
    ],
    [
      13.0442,
      4.63111,
      -1.50655
    ],
    [
      13.1009,
      3.98245,
      -1.48354
    ],
    [
      13.1577,
      3.33379,
      -1.48354
    ],
    [
      13.2144,
      2.68513,
      -1.48354
    ],
    [
      13.2711,
      2.03648,
      -1.48354
    ],
    [
      13.5,
      1.5,
      0.0
    ]
  ]
}