{
  "robot": {
    "class": "RectangleRobot",
    "radius": 0,
    "wheelbase": 0.26209178538316824,
    "max_velocity": 15.148074918012286,
    "max_steering_at_zero_v": 0.5425730768096367,
    "max_steering_at_max_v": 0.19634954084936207,
    "acceleration": 2.463937107243731,
    "mu_static": 1.246449157763766,
    "width": 0.35085993683723793,
    "length": 0.3716742687269078,
    "collision_check_angle_res": 60
  },
  "planner": {
    "class": "Dubins_pathfinding",
    "start": [
      1.5,
      1.5,
      1.5135714185398508
    ],
    "goal": [
      13.5,
      1.5,
      0
    ],
    "bounds": [
      15,
      15
    ],
    "max_runtime": 60.0,
    "goal_threshold": 0.0,
    "solved_time": null,
    "interpolate_steps": 50
  },
  "path": [
    [
      1.5,
      1.5,
      0.0
    ],
    [
      1.90819,
      1.78522,
      1.21977
    ],
    [
      1.9582,
      2.31162,
      1.51061
    ],
    [
      1.99009,
      2.84089,
      1.51061
    ],
    [
      2.02198,
      3.37016,
      1.51061
    ],
    [
      2.05387,
      3.89943,
      1.51061
    ],
    [
      2.08576,
      4.4287,
      1.51061
    ],
    [
      2.11261,
      4.95802,
      1.66305
    ],
    [
      2.1521,
      5.54199,
      1.4925
    ],
    [
      2.19791,
      6.12584,
      1.4925
    ],
    [
      2.24371,
      6.70968,
      1.4925
    ],
    [
      2.30475,
      7.29095,
      1.22567
    ],
    [
      2.38755,
      7.93235,
      1.46092
    ],
    [
      2.45856,
      8.57599,
      1.45993
    ],
    [
      2.74923,
      9.0263,
      0.851553
    ],
    [
      3.10914,
      9.43727,
      0.851553
    ],
    [
      3.46904,
      9.84825,
      0.851553
    ],
    [
      3.82894,
      10.2592,
      0.851553
    ],
    [
      4.20331,
      10.6546,
      0.538137
    ],
    [
      4.69642,
      10.9745,
      0.576
    ],
    [
      5.20666,
      11.2569,
      0.13787
    ],
    [
      5.6803,
      11.4544,
      0.431268
    ],
    [
      6.14783,
      11.6695,
      0.431268
    ],
    [
      6.61673,
      11.8813,
      0.302122
    ],
    [
      7.11496,
      11.857,
      -0.12848
    ],
    [
      7.61379,
      11.7925,
      -0.12848
    ],
    [
      8.11262,
      11.7281,
      -0.12848
    ],
    [
      8.61099,
      11.6609,
      -0.242055
    ],
    [
      9.17914,
      11.5869,
      -0.124167
    ],
    [
      9.74778,
      11.5159,
      -0.124167
    ],
    [
      10.317,
      11.4584,
      0.124867
    ],
    [
      10.7748,
      11.2099,
      -0.950426
    ],
    [
      11.0964,
      10.7596,
      -0.950426
    ],
    [
      11.4181,
      10.3094,
      -0.950426
    ],
    [
      11.7398,
      9.85914,
      -0.950426
    ],
    [
      12.0615,
      9.40889,
      -0.950426
    ],
    [
      12.3026,
      8.92383,
      -1.58969
    ],
    [
      12.3035,
      8.38455,
      -1.56883
    ],
    [
      12.3029,
      7.84532,
      -1.65596
    ],
    [
      12.3416,
      7.29238,
      -1.49034
    ],
    [
      12.3861,
      6.7396,
      -1.49034
    ],
    [
      12.4307,
      6.18682,
      -1.49034
    ],
    [
      12.4753,
      5.63403,
      -1.49034
    ],
    [
      12.5199,
      5.08125,
      -1.49034
    ],
    [
      12.6064,
      4.53825,
      -1.04402
    ],
    [
      12.7205,
      4.04406,
      -1.29986
    ],
    [
      12.8343,
      3.3484,
      -1.41259
    ],
    [
      12.9453,
      2.65221,
      -1.41259
    ],
    [
      13.0564,
      1.95602,
      -1.41259
    ],
    [
      13.5,
      1.5,
      0.0
    ]
  ]
}