{
  "robot": {
    "class": "RectangleRobot",
    "radius": 0,
    "wheelbase": 0.09645525020131324,
    "max_velocity": 15.789583566867066,
    "max_steering_at_zero_v": 0.4618024193222648,
    "max_steering_at_max_v": 0.19634954084936207,
    "acceleration": 4.4452569806095585,
    "mu_static": 2.1614785782666277,
    "width": 0.3521284214679288,
    "length": 0.18209368421997774,
    "collision_check_angle_res": 60
  },
  "planner": {
    "class": "Dubins_pathfinding",
    "start": [
      1.5,
      1.5,
      1.343785057299909
    ],
    "goal": [
      13.5,
      1.5,
      0
    ],
    "bounds": [
      15,
      15
    ],
    "max_runtime": 60.0,
    "goal_threshold": 0.0,
    "solved_time": null,
    "interpolate_steps": 50
  },
  "path": [
    [
      1.5,
      1.5,
      0.0
    ],
    [
      1.70814,
      1.81133,
      1.45955
    ],
    [
      1.75507,
      2.23148,
      1.45955
    ],
    [
      1.802,
      2.65164,
      1.45955
    ],
    [
      1.84893,
      3.07179,
      1.45955
    ],
    [
      1.89587,
      3.49195,
      1.45955
    ],
    [
      1.9428,
      3.91211,
      1.45955
    ],
    [
      1.98969,
      4.33227,
      1.48122
    ],
    [
      2.14939,
      4.71035,
      1.14462
    ],
    [
      2.3195,
      5.08505,
      1.14462
    ],
    [
      2.48962,
      5.45975,
      1.14462
    ],
    [
      2.65973,
      5.83445,
      1.14462
    ],
    [
      2.82984,
      6.20915,
      1.14462
    ],
    [
      3.08962,
      6.48775,
      -0.0431462
    ],
    [
      3.43359,
      6.7237,
      0.735522
    ],
    [
      3.75681,
      7.0031,
      0.417782
    ],
    [
      4.14296,
      7.13632,
      0.330412
    ],
    [
      4.52938,
      7.26886,
      0.330412
    ],
    [
      4.91579,
      7.40139,
      0.330412
    ],
    [
      5.30221,
      7.53393,
      0.330412
    ],
    [
      5.68859,
      7.66656,
      0.363652
    ],
    [
      6.09454,
      7.70071,
      0.0624954
    ],
    [
      6.50192,
      7.7262,
      0.0624954
    ],
    [
      6.9093,
      7.75169,
      0.0624954
    ],
    [
      7.31667,
      7.77718,
      0.0624954
    ],
    [
      7.72405,
      7.80268,
      0.0624954
    ],
    [
      8.13142,
      7.82817,
      0.0624954
    ],
    [
      8.5388,
      7.85366,
      0.0624954
    ],
    [
      8.93833,
      7.83331,
      -0.635001
    ],
    [
      9.30762,
      7.69329,
      -0.341401
    ],
    [
      9.68047,
      7.56082,
      -0.341401
    ],
    [
      10.0533,
      7.42834,
      -0.341401
    ],
    [
      10.4261,
      7.29586,
      -0.341401
    ],
    [
      10.799,
      7.16339,
      -0.341401
    ],
    [
      11.1718,
      7.03091,
      -0.341401
    ],
    [
      11.5447,
      6.89844,
      -0.341401
    ],
    [
      11.9175,
      6.76596,
      -0.341401
    ],
    [
      12.1931,
      6.52949,
      -1.57971
    ],
    [
      12.2774,
      6.12631,
      -1.35271
    ],
    [
      12.3666,
      5.72384,
      -1.35271
    ],
    [
      12.4558,
      5.32137,
      -1.35271
    ],
    [
      12.545,
      4.9189,
      -1.35271
    ],
    [
      12.6341,
      4.51643,
      -1.35271
    ],
    [
      12.7233,
      4.11396,
      -1.35271
    ],
    [
      12.8152,
      3.71225,
      -1.18285
    ],
    [
      12.9283,
      3.24969,
      -1.33584
    ],
    [
      13.0392,
      2.7865,
      -1.33584
    ],
    [
      13.15,
      2.3233,
      -1.33584
    ],
    [
      13.2609,
      1.8601,
      -1.33584
    ],
    [
      13.5,
      1.5,
      0.0
    ]
  ]
}