{
  "robot": {
    "class": "RectangleRobot",
    "radius": 0,
    "wheelbase": 0.5228498073342362,
    "max_velocity": 11.058162830412591,
    "max_steering_at_zero_v": 0.7203489830405438,
    "max_steering_at_max_v": 0.19634954084936207,
    "acceleration": 2.446752883699852,
    "mu_static": 1.1947276093651085,
    "width": 0.3934467252425776,
    "length": 0.6730823981740228,
    "collision_check_angle_res": 60
  },
  "planner": {
    "class": "Dubins_pathfinding",
    "start": [
      1.5,
      1.5,
      0.03244812445987789
    ],
    "goal": [
      13.5,
      1.5,
      0
    ],
    "bounds": [
      15,
      15
    ],
    "max_runtime": 60.0,
    "goal_threshold": 0.0,
    "solved_time": null,
    "interpolate_steps": 50
  },
  "path": [
    [
      1.5,
      1.5,
      0.0
    ],
    [
      1.99581,
      1.7655,
      0.98325
    ],
    [
      2.10718,
      2.33117,
      1.52482
    ],
    [
      2.13409,
      2.91629,
      1.52482
    ],
    [
      2.16101,
      3.50141,
      1.52482
    ],
    [
      2.18538,
      4.08656,
      1.61731
    ],
    [
      2.2303,
      4.64945,
      1.48145
    ],
    [
      2.2807,
      5.21209,
      1.48145
    ],
    [
      2.33111,
      5.77474,
      1.48145
    ],
    [
      2.38151,
      6.33739,
      1.48145
    ],
    [
      2.43192,
      6.90003,
      1.48145
    ],
    [
      2.46058,
      7.46266,
      1.75193
    ],
    [
      2.44099,
      7.97174,
      1.59486
    ],
    [
      2.42882,
      8.48138,
      1.57647
    ],
    [
      2.63141,
      8.93235,
      0.720704
    ],
    [
      3.02866,
      9.45697,
      0.989934
    ],
    [
      3.38981,
      9.9272,
      0.912872
    ],
    [
      3.75239,
      10.3964,
      0.912872
    ],
    [
      4.1116,
      10.868,
      1.03087
    ],
    [
      4.47749,
      11.1532,
      0.449937
    ],
    [
      4.90313,
      11.3588,
      0.449937
    ],
    [
      5.32873,
      11.5644,
      0.464836
    ],
    [
      5.7917,
      11.8459,
      0.468247
    ],
    [
      6.38256,
      11.9037,
      -0.0199346
    ],
    [
      6.98344,
      11.8918,
      -0.0199346
    ],
    [
      7.58432,
      11.8798,
      -0.0199346
    ],
    [
      8.1852,
      11.8678,
      -0.0199346
    ],
    [
      8.78609,
      11.8558,
      -0.0199346
    ],
    [
      9.38697,
      11.8438,
      -0.0199346
    ],
    [
      9.98667,
      11.8188,
      -0.230056
    ],
    [
      10.434,
      11.4663,
      -0.886395
    ],
    [
      10.8029,
      11.0143,
      -0.886395
    ],
    [
      11.1717,
      10.5622,
      -0.886395
    ],
    [
      11.5405,
      10.1102,
      -0.886395
    ],
    [
      11.9094,
      9.65819,
      -0.886395
    ],
    [
      12.2753,
      9.20396,
      -0.997287
    ],
    [
      12.4086,
      8.72306,
      -1.39263
    ],
    [
      12.4977,
      8.22803,
      -1.39263
    ],
    [
      12.5869,
      7.733,
      -1.39263
    ],
    [
      12.676,
      7.23796,
      -1.39263
    ],
    [
      12.7652,
      6.74293,
      -1.39263
    ],
    [
      12.8543,
      6.2479,
      -1.39263
    ],
    [
      12.9266,
      5.7512,
      -1.63139
    ],
    [
      12.9055,
      5.21586,
      -1.60994
    ],
    [
      12.8845,
      4.68051,
      -1.60994
    ],
    [
      12.8636,
      4.14516,
      -1.60994
    ],
    [
      12.8426,
      3.60981,
      -1.60994
    ],
    [
      12.8193,
      3.07463,
      -1.69923
    ],
    [
      12.899,
      2.11933,
      -1.47148
    ],
    [
      13.5,
      1.5,
      0.0
    ]
  ]
}