{
  "robot": {
    "class": "RectangleRobot",
    "radius": 0,
    "wheelbase": 0.46312782798687346,
    "max_velocity": 17.755817690383072,
    "max_steering_at_zero_v": 0.7534923467084054,
    "max_steering_at_max_v": 0.19634954084936207,
    "acceleration": 2.2432675066166663,
    "mu_static": 1.1482476271372233,
    "width": 0.31331935386415444,
    "length": 0.5156853518911646,
    "collision_check_angle_res": 60
  },
  "planner": {
    "class": "Dubins_pathfinding",
    "start": [
      1.5,
      1.5,
      0.737156733317992
    ],
    "goal": [
      13.5,
      1.5,
      0
    ],
    "bounds": [
      15,
      15
    ],
    "max_runtime": 60.0,
    "goal_threshold": 0.0,
    "solved_time": null,
    "interpolate_steps": 50
  },
  "path": [
    [
      1.5,
      1.5,
      0.0
    ],
    [
      1.94201,
      1.77383,
      1.10927
    ],
    [
      2.03255,
      2.31119,
      1.45865
    ],
    [
      2.09107,
      2.85557,
      1.56468
    ],
    [
      2.14506,
      3.44353,
      1.47593
    ],
    [
      2.20099,
      4.03136,
      1.47593
    ],
    [
      2.25692,
      4.61919,
      1.47593
    ],
    [
      2.31285,
      5.20703,
      1.47593
    ],
    [
      2.36878,
      5.79486,
      1.47593
    ],
    [
      2.42813,
      6.38223,
      1.35775
    ],
    [
      2.48158,
      6.89154,
      1.47258
    ],
    [
      2.53181,
      7.40129,
      1.47258
    ],
    [
      2.58204,
      7.91104,
      1.47258
    ],
    [
      2.63226,
      8.42079,
      1.47258
    ],
    [
      2.68249,
      8.93054,
      1.47258
    ],
    [
      2.89708,
      9.37412,
      0.616654
    ],
    [
      3.34225,
      9.76865,
      0.73055
    ],
    [
      3.78537,
      10.1656,
      0.73055
    ],
    [
      4.22849,
      10.5626,
      0.73055
    ],
    [
      4.67161,
      10.9596,
      0.73055
    ],
    [
      5.11473,
      11.3566,
      0.73055
    ],
    [
      5.57546,
      11.7286,
      0.377775
    ],
    [
      6.07476,
      11.9102,
      0.348453
    ],
    [
      6.58233,
      12.0545,
      -0.0447215
    ],
    [
      7.19378,
      11.9528,
      -0.171119
    ],
    [
      7.80472,
      11.8473,
      -0.171119
    ],
    [
      8.41334,
      11.7321,
      -0.371078
    ],
    [
      8.86138,
      11.6032,
      -0.275321
    ],
    [
      9.31009,
      11.4764,
      -0.275321
    ],
    [
      9.75881,
      11.3497,
      -0.275321
    ],
    [
      10.16,
      11.1336,
      -0.919174
    ],
    [
      10.549,
      10.7919,
      -0.697407
    ],
    [
      10.9465,
      10.4588,
      -0.697407
    ],
    [
      11.3441,
      10.1257,
      -0.697407
    ],
    [
      11.7416,
      9.79267,
      -0.697407
    ],
    [
      12.109,
      9.43223,
      -1.10434
    ],
    [
      12.3156,
      8.79888,
      -1.77551
    ],
    [
      12.3296,
      8.2268,
      -1.5178
    ],
    [
      12.36,
      7.65419,
      -1.5178
    ],
    [
      12.3904,
      7.08158,
      -1.5178
    ],
    [
      12.4296,
      6.51001,
      -1.32771
    ],
    [
      12.4893,
      5.9615,
      -1.47172
    ],
    [
      12.5439,
      5.41224,
      -1.47172
    ],
    [
      12.5985,
      4.86298,
      -1.47172
    ],
    [
      12.6531,
      4.31372,
      -1.47172
    ],
    [
      12.7077,
      3.76446,
      -1.47172
    ],
    [
      12.7623,
      3.2152,
      -1.47172
    ],
    [
      12.8168,
      2.66593,
      -1.48972
    ],
    [
      12.9998,
      1.95304,
      -1.30857
    ],
    [
      13.5,
      1.5,
      0.0
    ]
  ]
}