{
  "robot": {
    "class": "RectangleRobot",
    "radius": 0,
    "wheelbase": 0.21719470738206473,
    "max_velocity": 10.60285280454173,
    "max_steering_at_zero_v": 0.9214825070676476,
    "max_steering_at_max_v": 0.19634954084936207,
    "acceleration": 7.6223041648898,
    "mu_static": 1.357912127582277,
    "width": 0.6246976855379128,
    "length": 0.23905316383325906,
    "collision_check_angle_res": 60
  },
  "planner": {
    "class": "Dubins_pathfinding",
    "start": [
      1.5,
      1.5,
      1.3550480859347782
    ],
    "goal": [
      13.5,
      1.5,
      0
    ],
    "bounds": [
      15,
      15
    ],
    "max_runtime": 60.0,
    "goal_threshold": 0.0,
    "solved_time": null,
    "interpolate_steps": 50
  },
  "path": [
    [
      1.5,
      1.5,
      0.0
    ],
    [
      1.70413,
      1.97803,
      1.4499
    ],
    [
      1.77342,
      2.54839,
      1.4499
    ],
    [
      1.84271,
      3.11874,
      1.4499
    ],
    [
      1.912,
      3.68909,
      1.4499
    ],
    [
      1.97965,
      4.25956,
      1.59119
    ],
    [
      2.03223,
      4.80003,
      1.47164
    ],
    [
      2.08599,
      5.34042,
      1.47164
    ],
    [
      2.13975,
      5.88082,
      1.47164
    ],
    [
      2.19351,
      6.42122,
      1.47164
    ],
    [
      2.24742,
      6.9616,
      1.42923
    ],
    [
      2.28622,
      7.46591,
      1.4947
    ],
    [
      2.32468,
      7.97026,
      1.4947
    ],
    [
      2.36313,
      8.47461,
      1.4947
    ],
    [
      2.40739,
      8.978,
      1.2272
    ],
    [
      2.86385,
      9.4602,
      0.789395
    ],
    [
      3.32818,
      9.93702,
      1.06393
    ],
    [
      3.66036,
      10.2597,
      0.75394
    ],
    [
      3.99851,
      10.5772,
      0.75394
    ],
    [
      4.33731,
      10.894,
      0.645105
    ],
    [
      4.7602,
      11.1377,
      0.520062
    ],
    [
      5.18378,
      11.3802,
      0.520062
    ],
    [
      5.6092,
      11.6189,
      0.292212
    ],
    [
      6.26191,
      11.8005,
      0.271201
    ],
    [
      6.91455,
      11.9822,
      0.331146
    ],
    [
      7.53812,
      11.9655,
      -0.0453285
    ],
    [
      8.16261,
      11.9372,
      -0.0453285
    ],
    [
      8.78488,
      11.8964,
      -0.438383
    ],
    [
      9.35134,
      11.625,
      -0.446775
    ],
    [
      9.9178,
      11.3536,
      -0.446775
    ],
    [
      10.4851,
      11.0842,
      -0.28384
    ],
    [
      10.9245,
      10.7021,
      -0.745554
    ],
    [
      11.3541,
      10.3054,
      -0.745554
    ],
    [
      11.7837,
      9.90874,
      -0.745554
    ],
    [
      12.2129,
      9.51174,
      -0.821187
    ],
    [
      12.3761,
      8.95556,
      -1.12473
    ],
    [
      12.4437,
      8.4479,
      -1.45572
    ],
    [
      12.5027,
      7.93824,
      -1.45572
    ],
    [
      12.5739,
      7.43168,
      -1.0619
    ],
    [
      12.6433,
      6.95005,
      -1.45345
    ],
    [
      12.7004,
      6.46535,
      -1.45345
    ],
    [
      12.7575,
      5.98064,
      -1.45345
    ],
    [
      12.8147,
      5.49593,
      -1.45345
    ],
    [
      12.8608,
      5.01127,
      -1.81961
    ],
    [
      12.9418,
      4.42104,
      -1.41184
    ],
    [
      13.0363,
      3.83113,
      -1.41184
    ],
    [
      13.1297,
      3.24107,
      -1.53485
    ],
    [
      13.2083,
      2.62997,
      -1.44158
    ],
    [
      13.2877,
      2.01895,
      -1.44158
    ],
    [
      13.5,
      1.5,
      0.0
    ]
  ]
}