{
  "robot": {
    "class": "RectangleRobot",
    "radius": 0,
    "wheelbase": 0.49078159735965415,
    "max_velocity": 5.346244359884436,
    "max_steering_at_zero_v": 0.610491317245244,
    "max_steering_at_max_v": 0.19634954084936207,
    "acceleration": 3.5926996158646274,
    "mu_static": 1.1808732196235479,
    "width": 0.2259800052489168,
    "length": 0.5644401405036097,
    "collision_check_angle_res": 60
  },
  "planner": {
    "class": "Dubins_pathfinding",
    "start": [
      1.5,
      1.5,
      0.0015716040920818407
    ],
    "goal": [
      13.5,
      1.5,
      0
    ],
    "bounds": [
      15,
      15
    ],
    "max_runtime": 60.0,
    "goal_threshold": 0.0,
    "solved_time": null,
    "interpolate_steps": 50
  },
  "path": [
    [
      1.5,
      1.5,
      0.0
    ],
    [
      2.00904,
      1.71883,
      0.812013
    ],
    [
      2.20859,
      2.2384,
      1.47174
    ],
    [
      2.26492,
      2.8052,
      1.47174
    ],
    [
      2.32125,
      3.37201,
      1.47174
    ],
    [
      2.37758,
      3.93882,
      1.47174
    ],
    [
      2.43391,
      4.50563,
      1.47174
    ],
    [
      2.49024,
      5.07243,
      1.47174
    ],
    [
      2.54657,
      5.63924,
      1.47174
    ],
    [
      2.58736,
      6.19697,
      1.49823
    ],
    [
      2.62791,
      6.75471,
      1.49823
    ],
    [
      2.66846,
      7.31245,
      1.49823
    ],
    [
      2.709,
      7.8702,
      1.49823
    ],
    [
      2.74955,
      8.42794,
      1.49823
    ],
    [
      2.82158,
      8.98018,
      1.19598
    ],
    [
      3.12914,
      9.42952,
      0.922777
    ],
    [
      3.45888,
      9.86506,
      0.922777
    ],
    [
      3.84602,
      10.2402,
      0.433691
    ],
    [
      4.26279,
      10.6585,
      0.94297
    ],
    [
      4.7185,
      10.9687,
      0.438535
    ],
    [
      5.22472,
      11.2061,
      0.438535
    ],
    [
      5.73095,
      11.4435,
      0.438535
    ],
    [
      6.23717,
      11.681,
      0.438535
    ],
    [
      6.74339,
      11.9184,
      0.438535
    ],
    [
      7.25087,
      12.1529,
      0.34363
    ],
    [
      7.79449,
      12.123,
      -0.453459
    ],
    [
      8.37812,
      11.8905,
      -0.278757
    ],
    [
      8.86683,
      11.6423,
      -0.501649
    ],
    [
      9.34832,
      11.3782,
      -0.501649
    ],
    [
      9.82981,
      11.1141,
      -0.501649
    ],
    [
      10.3113,
      10.8501,
      -0.501649
    ],
    [
      10.7928,
      10.586,
      -0.501649
    ],
    [
      11.2723,
      10.3187,
      -0.605576
    ],
    [
      11.6016,
      9.88889,
      -1.03505
    ],
    [
      11.8807,
      9.41872,
      -1.03505
    ],
    [
      12.1598,
      8.94855,
      -1.03505
    ],
    [
      12.321,
      8.43718,
      -1.63487
    ],
    [
      12.4,
      7.88549,
      -1.39151
    ],
    [
      12.4996,
      7.33583,
      -1.39151
    ],
    [
      12.5992,
      6.78618,
      -1.39151
    ],
    [
      12.6988,
      6.23652,
      -1.39151
    ],
    [
      12.7984,
      5.68687,
      -1.39151
    ],
    [
      12.898,
      5.13721,
      -1.39151
    ],
    [
      13.0006,
      4.5882,
      -1.29799
    ],
    [
      13.0959,
      4.03233,
      -1.40866
    ],
    [
      13.187,
      3.47561,
      -1.40866
    ],
    [
      13.0851,
      2.93572,
      -2.15757
    ],
    [
      12.8176,
      2.3638,
      -1.80433
    ],
    [
      12.9496,
      1.76662,
      -0.902167
    ],
    [
      13.5,
      1.5,
      0.0
    ]
  ]
}