{
  "robot": {
    "class": "RectangleRobot",
    "radius": 0,
    "wheelbase": 0.16407891038058992,
    "max_velocity": 10.124427022936148,
    "max_steering_at_zero_v": 0.9983593166712688,
    "max_steering_at_max_v": 0.19634954084936207,
    "acceleration": 2.7727518196171115,
    "mu_static": 0.1839181196373681,
    "width": 0.8238883804628134,
    "length": 0.24789021811098952,
    "collision_check_angle_res": 60
  },
  "planner": {
    "class": "Dubins_pathfinding",
    "start": [
      1.5,
      1.5,
      1.0117982993706678
    ],
    "goal": [
      13.5,
      1.5,
      0
    ],
    "bounds": [
      15,
      15
    ],
    "max_runtime": 60.0,
    "goal_threshold": 0.0,
    "solved_time": null,
    "interpolate_steps": 50
  },
  "path": [
    [
      1.5,
      1.5,
      0.0
    ],
    [
      1.64413,
      1.96684,
      1.46644
    ],
    [
      1.69926,
      2.49317,
      1.46644
    ],
    [
      1.75438,
      3.01951,
      1.46644
    ],
    [
      1.80951,
      3.54584,
      1.46644
    ],
    [
      1.86463,
      4.07217,
      1.46644
    ],
    [
      1.91976,
      4.5985,
      1.46644
    ],
    [
      1.97488,
      5.12483,
      1.46644
    ],
    [
      2.02668,
      5.65124,
      1.71731
    ],
    [
      2.08686,
      6.19429,
      1.45375
    ],
    [
      2.1507,
      6.73725,
      1.45375
    ],
    [
      2.21454,
      7.2802,
      1.45375
    ],
    [
      2.27838,
      7.82315,
      1.45375
    ],
    [
      2.3493,
      8.36436,
      1.08184
    ],
    [
      2.43992,
      8.8832,
      1.40534
    ],
    [
      2.73638,
      9.42955,
      0.583293
    ],
    [
      3.04139,
      9.81873,
      0.917935
    ],
    [
      3.34214,
      10.212,
      0.917935
    ],
    [
      3.65089,
      10.5969,
      0.447862
    ],
    [
      4.18526,
      10.9415,
      0.574077
    ],
    [
      4.7192,
      11.2868,
      0.574077
    ],
    [
      5.26053,
      11.6127,
      -0.0559198
    ],
    [
      5.81033,
      11.7572,
      0.266532
    ],
    [
      6.35926,
      11.907,
      0.266532
    ],
    [
      6.90113,
      12.0715,
      0.822384
    ],
    [
      7.40893,
      12.1145,
      0.0213928
    ],
    [
      7.92618,
      12.1256,
      0.0213928
    ],
    [
      8.44344,
      12.1366,
      0.0213928
    ],
    [
      8.95798,
      12.1314,
      -0.539931
    ],
    [
      9.48521,
      11.7995,
      -0.561883
    ],
    [
      10.0124,
      11.4676,
      -0.561883
    ],
    [
      10.5396,
      11.1357,
      -0.561883
    ],
    [
      11.0669,
      10.8038,
      -0.561883
    ],
    [
      11.5899,
      10.4666,
      -0.918255
    ],
    [
      11.9086,
      10.0377,
      -0.931784
    ],
    [
      12.2273,
      9.60872,
      -0.931784
    ],
    [
      12.5248,
      9.17036,
      -1.59826
    ],
    [
      12.593,
      8.62762,
      -1.44356
    ],
    [
      12.6624,
      8.08497,
      -1.44356
    ],
    [
      12.7318,
      7.54233,
      -1.44356
    ],
    [
      12.8012,
      6.99968,
      -1.44356
    ],
    [
      12.8707,
      6.45703,
      -1.44356
    ],
    [
      12.9401,
      5.91439,
      -1.44356
    ],
    [
      13.0068,
      5.3716,
      -1.6694
    ],
    [
      13.0724,
      4.71635,
      -1.46786
    ],
    [
      13.14,
      4.06118,
      -1.46786
    ],
    [
      13.2077,
      3.40601,
      -1.46786
    ],
    [
      13.2754,
      2.75083,
      -1.46786
    ],
    [
      13.3431,
      2.09566,
      -1.46786
    ],
    [
      13.5,
      1.5,
      0.0
    ]
  ]
}