{
  "robot": {
    "class": "RectangleRobot",
    "radius": 0,
    "wheelbase": 0.1532334698674002,
    "max_velocity": 5.7646564154817925,
    "max_steering_at_zero_v": 0.6069260157798329,
    "max_steering_at_max_v": 0.19634954084936207,
    "acceleration": 3.8763373099695455,
    "mu_static": 1.4568876053212143,
    "width": 0.2398684038745079,
    "length": 0.23930029718484905,
    "collision_check_angle_res": 60
  },
  "planner": {
    "class": "Dubins_pathfinding",
    "start": [
      1.5,
      1.5,
      1.3372574739194003
    ],
    "goal": [
      13.5,
      1.5,
      0
    ],
    "bounds": [
      15,
      15
    ],
    "max_runtime": 60.0,
    "goal_threshold": 0.0,
    "solved_time": null,
    "interpolate_steps": 50
  },
  "path": [
    [
      1.5,
      1.5,
      0.0
    ],
    [
      1.74182,
      1.77955,
      1.32896
    ],
    [
      1.83961,
      2.17601,
      1.32896
    ],
    [
      1.93741,
      2.57247,
      1.32896
    ],
    [
      2.0352,
      2.96893,
      1.32896
    ],
    [
      2.13299,
      3.36539,
      1.32896
    ],
    [
      2.23079,
      3.76185,
      1.32896
    ],
    [
      2.32858,
      4.15831,
      1.32896
    ],
    [
      2.42638,
      4.55477,
      1.32896
    ],
    [
      2.52417,
      4.95123,
      1.32896
    ],
    [
      2.62196,
      5.34769,
      1.32896
    ],
    [
      2.72013,
      5.74405,
      1.26959
    ],
    [
      2.85817,
      6.23662,
      1.40859
    ],
    [
      3.15101,
      6.4905,
      0.487277
    ],
    [
      3.50905,
      6.68022,
      0.487277
    ],
    [
      3.86708,
      6.86994,
      0.487277
    ],
    [
      4.21582,
      7.07283,
      0.870314
    ],
    [
      4.55322,
      7.22764,
      0.351993
    ],
    [
      4.90535,
      7.35697,
      0.351993
    ],
    [
      5.25749,
      7.48631,
      0.351993
    ],
    [
      5.60963,
      7.61565,
      0.351993
    ],
    [
      5.96127,
      7.74619,
      0.460788
    ],
    [
      6.34599,
      7.76774,
      -0.00511901
    ],
    [
      6.73427,
      7.76576,
      -0.00511901
    ],
    [
      7.12255,
      7.76377,
      -0.00511901
    ],
    [
      7.51082,
      7.76178,
      -0.00511901
    ],
    [
      7.8991,
      7.75979,
      -0.00511901
    ],
    [
      8.28738,
      7.75781,
      -0.00511901
    ],
    [
      8.67565,
      7.75582,
      -0.00511901
    ],
    [
      9.06083,
      7.73331,
      -0.439976
    ],
    [
      9.42694,
      7.59866,
      -0.350153
    ],
    [
      9.79338,
      7.46483,
      -0.350153
    ],
    [
      10.1598,
      7.33101,
      -0.350153
    ],
    [
      10.5263,
      7.19718,
      -0.350153
    ],
    [
      10.8927,
      7.06336,
      -0.350153
    ],
    [
      11.2591,
      6.92953,
      -0.350153
    ],
    [
      11.6256,
      6.79571,
      -0.350153
    ],
    [
      11.9623,
      6.61691,
      -1.05406
    ],
    [
      12.1459,
      6.18072,
      -1.17571
    ],
    [
      12.3275,
      5.7436,
      -1.25247
    ],
    [
      12.4388,
      5.3461,
      -1.29834
    ],
    [
      12.5499,
      4.94852,
      -1.29834
    ],
    [
      12.661,
      4.55095,
      -1.29834
    ],
    [
      12.7721,
      4.15338,
      -1.29834
    ],
    [
      12.8831,
      3.75581,
      -1.29834
    ],
    [
      12.9978,
      3.35948,
      -1.11292
    ],
    [
      13.0884,
      2.86604,
      -1.40817
    ],
    [
      13.1698,
      2.37012,
      -1.40817
    ],
    [
      13.2512,
      1.87421,
      -1.40817
    ],
    [
      13.5,
      1.5,
      0.0
    ]
  ]
}