{
  "robot": {
    "class": "RectangleRobot",
    "radius": 0,
    "wheelbase": 0.7855082185295819,
    "max_velocity": 17.41418826650332,
    "max_steering_at_zero_v": 0.8852726449431776,
    "max_steering_at_max_v": 0.19634954084936207,
    "acceleration": 4.272080551573811,
    "mu_static": 1.5967443165341018,
    "width": 0.5032219471828798,
    "length": 0.9028196045980822,
    "collision_check_angle_res": 60
  },
  "planner": {
    "class": "Dubins_pathfinding",
    "start": [
      1.5,
      1.5,
      0.8413922024734571
    ],
    "goal": [
      13.5,
      1.5,
      0
    ],
    "bounds": [
      15,
      15
    ],
    "max_runtime": 60.0,
    "goal_threshold": 0.0,
    "solved_time": null,
    "interpolate_steps": 50
  },
  "path": [
    [
      1.5,
      1.5,
      0.0
    ],
    [
      1.97307,
      1.70778,
      0.827716
    ],
    [
      2.14599,
      2.19669,
      1.5202
    ],
    [
      2.17288,
      2.72775,
      1.5202
    ],
    [
      2.19977,
      3.25881,
      1.5202
    ],
    [
      2.22667,
      3.78987,
      1.5202
    ],
    [
      2.25356,
      4.32093,
      1.5202
    ],
    [
      2.2754,
      4.85204,
      1.64563
    ],
    [
      2.30551,
      5.43988,
      1.50953
    ],
    [
      2.34156,
      6.02762,
      1.50953
    ],
    [
      2.37762,
      6.61537,
      1.50953
    ],
    [
      2.41367,
      7.20311,
      1.50953
    ],
    [
      2.44973,
      7.79086,
      1.50953
    ],
    [
      2.48578,
      8.3786,
      1.50953
    ],
    [
      2.52209,
      8.96633,
      1.48119
    ],
    [
      2.63266,
      9.50651,
      1.34818
    ],
    [
      2.9571,
      9.93162,
      0.489626
    ],
    [
      3.4431,
      10.5597,
      0.90482
    ],
    [
      3.94234,
      10.8678,
      0.43302
    ],
    [
      4.48113,
      11.1169,
      0.43302
    ],
    [
      5.01991,
      11.3659,
      0.43302
    ],
    [
      5.5587,
      11.615,
      0.43302
    ],
    [
      6.09718,
      11.8647,
      0.47941
    ],
    [
      6.56163,
      11.9781,
      0.179323
    ],
    [
      7.03403,
      12.0637,
      0.179323
    ],
    [
      7.50622,
      12.0547,
      -0.365614
    ],
    [
      8.07334,
      11.9962,
      -0.0457025
    ],
    [
      8.64543,
      11.97,
      -0.0457025
    ],
    [
      9.21718,
      11.9579,
      0.163814
    ],
    [
      9.74429,
      11.8082,
      -0.7174
    ],
    [
      10.1696,
      11.4346,
      -0.720651
    ],
    [
      10.595,
      11.0611,
      -0.720651
    ],
    [
      11.0204,
      10.6875,
      -0.720651
    ],
    [
      11.4457,
      10.3139,
      -0.720651
    ],
    [
      11.8711,
      9.94039,
      -0.720651
    ],
    [
      12.2885,
      9.55885,
      -0.907857
    ],
    [
      12.4689,
      9.02493,
      -1.35944
    ],
    [
      12.5885,
      8.46795,
      -1.35944
    ],
    [
      12.708,
      7.91097,
      -1.35944
    ],
    [
      12.8275,
      7.354,
      -1.35944
    ],
    [
      12.947,
      6.79702,
      -1.35944
    ],
    [
      13.0652,
      6.2398,
      -1.42295
    ],
    [
      13.0089,
      5.66728,
      -1.71678
    ],
    [
      12.9249,
      5.0961,
      -1.71678
    ],
    [
      12.8409,
      4.52491,
      -1.71678
    ],
    [
      12.845,
      3.95629,
      -1.19103
    ],
    [
      12.8844,
      3.18644,
      -1.42888
    ],
    [
      12.87,
      2.50244,
      -1.60655
    ],
    [
      12.9378,
      1.8316,
      -1.06578
    ],
    [
      13.5,
      1.5,
      0.0
    ]
  ]
}