{
  "robot": {
    "class": "RectangleRobot",
    "radius": 0,
    "wheelbase": 0.3831432004697695,
    "max_velocity": 16.74768450368447,
    "max_steering_at_zero_v": 0.7773350423861439,
    "max_steering_at_max_v": 0.19634954084936207,
    "acceleration": 2.041280491127327,
    "mu_static": 0.9237082459628383,
    "width": 0.6828979490489645,
    "length": 0.6437753456310807,
    "collision_check_angle_res": 60
  },
  "planner": {
    "class": "Dubins_pathfinding",
    "start": [
      1.5,
      1.5,
      1.2331908080539884
    ],
    "goal": [
      13.5,
      1.5,
      0
    ],
    "bounds": [
      15,
      15
    ],
    "max_runtime": 60.0,
    "goal_threshold": 0.0,
    "solved_time": null,
    "interpolate_steps": 50
  },
  "path": [
    [
      1.5,
      1.5,
      0.0
    ],
    [
      1.88361,
      1.82261,
      1.39848
    ],
    [
      1.92301,
      2.36564,
      1.50219
    ],
    [
      1.96034,
      2.90889,
      1.50219
    ],
    [
      1.99767,
      3.45214,
      1.50219
    ],
    [
      2.035,
      3.99539,
      1.50219
    ],
    [
      2.06263,
      4.53858,
      1.72548
    ],
    [
      2.08087,
      5.06712,
      1.52096
    ],
    [
      2.10724,
      5.59581,
      1.52096
    ],
    [
      2.13361,
      6.1245,
      1.52096
    ],
    [
      2.15998,
      6.65319,
      1.52096
    ],
    [
      2.18837,
      7.18171,
      1.41904
    ],
    [
      2.20145,
      7.4961,
      1.56428
    ],
    [
      2.31218,
      8.02695,
      1.3485
    ],
    [
      2.43186,
      8.55643,
      1.3485
    ],
    [
      2.55154,
      9.08592,
      1.3485
    ],
    [
      2.67122,
      9.61541,
      1.3485
    ],
    [
      2.92318,
      10.0692,
      0.453845
    ],
    [
      3.46538,
      10.4661,
      0.64207
    ],
    [
      3.99164,
      10.8819,
      0.946438
    ],
    [
      4.55028,
      11.3677,
      0.645852
    ],
    [
      5.14562,
      11.6121,
      0.365999
    ],
    [
      5.74771,
      11.8429,
      0.365999
    ],
    [
      6.3498,
      12.0736,
      0.365999
    ],
    [
      6.94868,
      12.3114,
      0.564305
    ],
    [
      7.46384,
      12.3065,
      -0.247031
    ],
    [
      7.98185,
      12.1759,
      -0.247031
    ],
    [
      8.49987,
      12.0452,
      -0.247031
    ],
    [
      9.01788,
      11.9146,
      -0.247031
    ],
    [
      9.5359,
      11.784,
      -0.247031
    ],
    [
      10.0408,
      11.6212,
      -0.670522
    ],
    [
      10.4551,
      11.2678,
      -0.706674
    ],
    [
      10.8693,
      10.9142,
      -0.706674
    ],
    [
      11.2835,
      10.5606,
      -0.706674
    ],
    [
      11.6976,
      10.2069,
      -0.706674
    ],
    [
      12.1118,
      9.85333,
      -0.706674
    ],
    [
      12.526,
      9.49972,
      -0.706674
    ],
    [
      12.8609,
      9.08869,
      -1.42098
    ],
    [
      12.8439,
      8.59808,
      -1.62116
    ],
    [
      12.8197,
      8.10733,
      -1.57004
    ],
    [
      12.8707,
      7.46416,
      -1.48967
    ],
    [
      12.923,
      6.82105,
      -1.48967
    ],
    [
      12.9753,
      6.17795,
      -1.48967
    ],
    [
      13.0276,
      5.53484,
      -1.48967
    ],
    [
      13.0799,
      4.89174,
      -1.48967
    ],
    [
      13.1322,
      4.24863,
      -1.48967
    ],
    [
      13.1839,
      3.6055,
      -1.54323
    ],
    [
      13.1511,
      2.82976,
      -1.61424
    ],
    [
      13.1174,
      2.05405,
      -1.61424
    ],
    [
      13.5,
      1.5,
      0.0
    ]
  ]
}