{
  "robot": {
    "class": "RectangleRobot",
    "radius": 0,
    "wheelbase": 0.43234189727434896,
    "max_velocity": 16.980071975050826,
    "max_steering_at_zero_v": 1.0121371672693853,
    "max_steering_at_max_v": 0.19634954084936207,
    "acceleration": 3.8186780769623985,
    "mu_static": 1.5860166187983074,
    "width": 0.14566996844817648,
    "length": 0.6122945250639119,
    "collision_check_angle_res": 60
  },
  "planner": {
    "class": "Dubins_pathfinding",
    "start": [
      1.5,
      1.5,
      1.5616031072704362
    ],
    "goal": [
      13.5,
      1.5,
      0
    ],
    "bounds": [
      15,
      15
    ],
    "max_runtime": 60.0,
    "goal_threshold": 0.0,
    "solved_time": null,
    "interpolate_steps": 50
  },
  "path": [
    [
      1.5,
      1.5,
      0.0
    ],
    [
      1.78898,
      1.89995,
      1.44397
    ],
    [
      1.85923,
      2.45093,
      1.44397
    ],
    [
      1.92949,
      3.00192,
      1.44397
    ],
    [
      1.99975,
      3.5529,
      1.44397
    ],
    [
      2.07,
      4.10388,
      1.44397
    ],
    [
      2.14026,
      4.65486,
      1.44846
    ],
    [
      2.19877,
      5.19367,
      1.46269
    ],
    [
      2.25724,
      5.73247,
      1.46269
    ],
    [
      2.31572,
      6.27128,
      1.46269
    ],
    [
      2.3742,
      6.81009,
      1.46269
    ],
    [
      2.43268,
      7.3489,
      1.46269
    ],
    [
      2.49116,
      7.88771,
      1.46269
    ],
    [
      2.62906,
      8.39527,
      0.660778
    ],
    [
      2.94594,
      8.89601,
      1.0388
    ],
    [
      3.2476,
      9.40851,
      1.0388
    ],
    [
      3.57014,
      9.90409,
      0.591574
    ],
    [
      3.93367,
      10.177,
      0.644798
    ],
    [
      4.29543,
      10.4521,
      0.778255
    ],
    [
      4.80145,
      10.7667,
      0.54388
    ],
    [
      5.31178,
      11.0753,
      0.54388
    ],
    [
      5.82255,
      11.3831,
      0.462921
    ],
    [
      6.29826,
      11.4897,
      0.201569
    ],
    [
      6.77659,
      11.5874,
      0.201569
    ],
    [
      7.25493,
      11.6852,
      0.201569
    ],
    [
      7.73223,
      11.7868,
      0.374187
    ],
    [
      8.20935,
      11.6812,
      -0.361429
    ],
    [
      8.67809,
      11.504,
      -0.361429
    ],
    [
      9.14682,
      11.3268,
      -0.361429
    ],
    [
      9.61555,
      11.1496,
      -0.361429
    ],
    [
      10.0843,
      10.9724,
      -0.361429
    ],
    [
      10.553,
      10.7952,
      -0.361429
    ],
    [
      11.0156,
      10.6058,
      -0.679744
    ],
    [
      11.3098,
      10.1678,
      -1.00644
    ],
    [
      11.5927,
      9.72088,
      -1.00644
    ],
    [
      11.8756,
      9.27395,
      -1.00644
    ],
    [
      12.1585,
      8.82701,
      -1.00644
    ],
    [
      12.3592,
      8.35493,
      -1.81172
    ],
    [
      12.4087,
      7.80362,
      -1.44937
    ],
    [
      12.476,
      7.25233,
      -1.44937
    ],
    [
      12.5433,
      6.70103,
      -1.44937
    ],
    [
      12.6106,
      6.14974,
      -1.44937
    ],
    [
      12.7077,
      5.60708,
      -0.968186
    ],
    [
      12.7931,
      5.11388,
      -1.46444
    ],
    [
      12.8467,
      4.61181,
      -1.46444
    ],
    [
      12.9003,
      4.10974,
      -1.46444
    ],
    [
      12.9539,
      3.60767,
      -1.46444
    ],
    [
      13.0013,
      3.10539,
      -1.67871
    ],
    [
      13.145,
      2.22811,
      -1.39649
    ],
    [
      13.5,
      1.5,
      0.0
    ]
  ]
}