{
  "robot": {
    "class": "RectangleRobot",
    "radius": 0,
    "wheelbase": 0.7026097043031188,
    "max_velocity": 10.274726611277806,
    "max_steering_at_zero_v": 0.6789500344657383,
    "max_steering_at_max_v": 0.19634954084936207,
    "acceleration": 6.111208407068764,
    "mu_static": 1.916044149720078,
    "width": 0.40335344879628343,
    "length": 0.9560422436370376,
    "collision_check_angle_res": 60
  },
  "planner": {
    "class": "Dubins_pathfinding",
    "start": [
      1.5,
      1.5,
      1.1436628469982648
    ],
    "goal": [
      13.5,
      1.5,
      0
    ],
    "bounds": [
      15,
      15
    ],
    "max_runtime": 60.0,
    "goal_threshold": 0.0,
    "solved_time": null,
    "interpolate_steps": 50
  },
  "path": [
    [
      1.5,
      1.5,
      0.0
    ],
    [
      2.02984,
      1.67976,
      0.654169
    ],
    [
      2.34091,
      2.14481,
      1.30834
    ],
    [
      2.38787,
      2.71138,
      1.52337
    ],
    [
      2.41488,
      3.28034,
      1.52337
    ],
    [
      2.44189,
      3.8493,
      1.52337
    ],
    [
      2.46889,
      4.41826,
      1.52337
    ],
    [
      2.4959,
      4.98722,
      1.52337
    ],
    [
      2.5229,
      5.55618,
      1.52337
    ],
    [
      2.51864,
      6.16432,
      1.58012
    ],
    [
      2.51296,
      6.77248,
      1.58012
    ],
    [
      2.50729,
      7.38064,
      1.58012
    ],
    [
      2.50162,
      7.98879,
      1.58012
    ],
    [
      2.49595,
      8.59695,
      1.58012
    ],
    [
      2.58222,
      9.19168,
      1.11675
    ],
    [
      3.01105,
      9.60544,
      0.418274
    ],
    [
      3.36961,
      9.89968,
      0.93063
    ],
    [
      3.65001,
      10.2761,
      0.93063
    ],
    [
      3.93261,
      10.6509,
      0.850368
    ],
    [
      4.41047,
      10.9883,
      0.546619
    ],
    [
      4.9125,
      11.2938,
      0.546619
    ],
    [
      5.41453,
      11.5992,
      0.546619
    ],
    [
      5.91974,
      11.899,
      0.423741
    ],
    [
      6.45204,
      11.9688,
      -0.0462743
    ],
    [
      6.99486,
      11.9437,
      -0.0462743
    ],
    [
      7.53768,
      11.9186,
      -0.0462743
    ],
    [
      8.08049,
      11.8934,
      -0.0462743
    ],
    [
      8.62331,
      11.8683,
      -0.0462743
    ],
    [
      9.16613,
      11.8431,
      -0.0462743
    ],
    [
      9.70872,
      11.8149,
      -0.130295
    ],
    [
      10.1919,
      11.5861,
      -0.754372
    ],
    [
      10.6157,
      11.1115,
      -0.84781
    ],
    [
      11.0367,
      10.6344,
      -0.84781
    ],
    [
      11.4578,
      10.1572,
      -0.84781
    ],
    [
      11.9365,
      9.74913,
      -0.391735
    ],
    [
      12.3323,
      9.42176,
      -0.99051
    ],
    [
      12.4783,
      8.92843,
      -1.49814
    ],
    [
      12.5161,
      8.40843,
      -1.49814
    ],
    [
      12.57,
      7.89065,
      -1.30513
    ],
    [
      12.6138,
      7.29468,
      -1.53618
    ],
    [
      12.6345,
      6.69613,
      -1.53618
    ],
    [
      12.6553,
      6.09758,
      -1.53618
    ],
    [
      12.676,
      5.49902,
      -1.53618
    ],
    [
      12.6967,
      4.90047,
      -1.53618
    ],
    [
      12.7175,
      4.30191,
      -1.53618
    ],
    [
      12.724,
      3.70372,
      -1.7168
    ],
    [
      12.7089,
      3.21217,
      -1.58653
    ],
    [
      12.6643,
      2.72437,
      -1.87883
    ],
    [
      12.7716,
      1.8937,
      -0.991011
    ],
    [
      13.5,
      1.5,
      0.0
    ]
  ]
}