{
  "robot": {
    "class": "RectangleRobot",
    "radius": 0,
    "wheelbase": 0.25904515650582294,
    "max_velocity": 10.920343033702434,
    "max_steering_at_zero_v": 0.8146908099005707,
    "max_steering_at_max_v": 0.19634954084936207,
    "acceleration": 9.87926530729477,
    "mu_static": 2.3036656483482396,
    "width": 0.5699760783468497,
    "length": 0.4130927359783836,
    "collision_check_angle_res": 60
  },
  "planner": {
    "class": "Dubins_pathfinding",
    "start": [
      1.5,
      1.5,
      0.3966083965817865
    ],
    "goal": [
      13.5,
      1.5,
      0
    ],
    "bounds": [
      15,
      15
    ],
    "max_runtime": 60.0,
    "goal_threshold": 0.0,
    "solved_time": null,
    "interpolate_steps": 50
  },
  "path": [
    [
      1.5,
      1.5,
      0.0
    ],
    [
      1.76321,
      1.89144,
      1.45414
    ],
    [
      1.82513,
      2.41984,
      1.45414
    ],
    [
      1.88705,
      2.94824,
      1.45414
    ],
    [
      1.94897,
      3.47664,
      1.45414
    ],
    [
      2.0109,
      4.00504,
      1.45414
    ],
    [
      2.07282,
      4.53344,
      1.45414
    ],
    [
      2.13358,
      5.06194,
      1.5518
    ],
    [
      2.19678,
      5.61265,
      1.45445
    ],
    [
      2.26113,
      6.16326,
      1.45445
    ],
    [
      2.32549,
      6.71387,
      1.45445
    ],
    [
      2.38984,
      7.26449,
      1.45445
    ],
    [
      2.45419,
      7.8151,
      1.45445
    ],
    [
      2.51855,
      8.36571,
      1.45445
    ],
    [
      2.5804,
      8.9165,
      1.59779
    ],
    [
      2.86651,
      9.41412,
      0.96699
    ],
    [
      3.19702,
      9.89329,
      0.96699
    ],
    [
      3.52767,
      10.3724,
      0.929039
    ],
    [
      3.9963,
      10.6743,
      0.539488
    ],
    [
      4.47638,
      10.9617,
      0.539488
    ],
    [
      4.95646,
      11.2492,
      0.539488
    ],
    [
      5.43654,
      11.5366,
      0.539488
    ],
    [
      5.93568,
      11.7609,
      -0.200965
    ],
    [
      6.51533,
      11.858,
      0.198783
    ],
    [
      7.09371,
      11.9745,
      0.198783
    ],
    [
      7.67209,
      12.091,
      0.198783
    ],
    [
      8.23227,
      12.0823,
      -0.834341
    ],
    [
      8.75105,
      11.8383,
      -0.400177
    ],
    [
      9.28169,
      11.6138,
      -0.400177
    ],
    [
      9.81234,
      11.3893,
      -0.400177
    ],
    [
      10.343,
      11.1649,
      -0.400177
    ],
    [
      10.8565,
      10.9137,
      -0.911629
    ],
    [
      11.2232,
      10.6272,
      -0.644615
    ],
    [
      11.5721,
      10.3248,
      -1.16281
    ],
    [
      11.869,
      9.81597,
      -1.03935
    ],
    [
      12.194,
      9.33064,
      -0.503913
    ],
    [
      12.3929,
      8.77609,
      -1.37438
    ],
    [
      12.4965,
      8.17804,
      -1.72841
    ],
    [
      12.5575,
      7.6639,
      -1.43196
    ],
    [
      12.6293,
      7.15018,
      -1.43196
    ],
    [
      12.7011,
      6.63647,
      -1.43196
    ],
    [
      12.7729,
      6.12275,
      -1.43196
    ],
    [
      12.8447,
      5.60903,
      -1.43196
    ],
    [
      12.9211,
      5.09627,
      -1.23563
    ],
    [
      12.9727,
      4.48423,
      -1.50042
    ],
    [
      13.016,
      3.87084,
      -1.50042
    ],
    [
      13.0691,
      3.25911,
      -1.21396
    ],
    [
      13.1502,
      2.628,
      -1.4539
    ],
    [
      13.2245,
      1.99552,
      -1.4539
    ],
    [
      13.5,
      1.5,
      0.0
    ]
  ]
}