{
  "robot": {
    "class": "RectangleRobot",
    "radius": 0,
    "wheelbase": 0.4042487673129315,
    "max_velocity": 9.22687736801058,
    "max_steering_at_zero_v": 0.9147323983448449,
    "max_steering_at_max_v": 0.19634954084936207,
    "acceleration": 7.047244122861756,
    "mu_static": 1.9029299955231178,
    "width": 0.3379551951792832,
    "length": 0.636975186569051,
    "collision_check_angle_res": 60
  },
  "planner": {
    "class": "Dubins_pathfinding",
    "start": [
      1.5,
      1.5,
      0.9952726664655349
    ],
    "goal": [
      13.5,
      1.5,
      0
    ],
    "bounds": [
      15,
      15
    ],
    "max_runtime": 60.0,
    "goal_threshold": 0.0,
    "solved_time": null,
    "interpolate_steps": 50
  },
  "path": [
    [
      1.5,
      1.5,
      0.0
    ],
    [
      1.81568,
      1.85592,
      1.49222
    ],
    [
      1.85758,
      2.38801,
      1.49222
    ],
    [
      1.89948,
      2.9201,
      1.49222
    ],
    [
      1.94137,
      3.45219,
      1.49222
    ],
    [
      1.98327,
      3.98428,
      1.49222
    ],
    [
      2.02517,
      4.51637,
      1.49222
    ],
    [
      2.06706,
      5.04846,
      1.49222
    ],
    [
      2.10921,
      5.58052,
      1.4523
    ],
    [
      2.16671,
      6.09143,
      1.45873
    ],
    [
      2.22421,
      6.60233,
      1.45873
    ],
    [
      2.2817,
      7.11323,
      1.45873
    ],
    [
      2.3392,
      7.62413,
      1.45873
    ],
    [
      2.39425,
      8.1352,
      1.58426
    ],
    [
      2.48241,
      8.61126,
      1.37345
    ],
    [
      2.58439,
      9.08453,
      1.15786
    ],
    [
      2.96211,
      9.46333,
      0.735748
    ],
    [
      3.36102,
      9.82448,
      0.735748
    ],
    [
      3.75994,
      10.1856,
      0.735748
    ],
    [
      4.15886,
      10.5468,
      0.735748
    ],
    [
      4.55778,
      10.9079,
      0.735748
    ],
    [
      4.98323,
      11.2252,
      0.158901
    ],
    [
      5.47035,
      11.4095,
      0.375816
    ],
    [
      5.95529,
      11.6009,
      0.375816
    ],
    [
      6.44045,
      11.7916,
      0.311347
    ],
    [
      6.94231,
      11.8702,
      0.147151
    ],
    [
      7.44502,
      11.9447,
      0.147151
    ],
    [
      7.94772,
      12.0193,
      0.147151
    ],
    [
      8.42919,
      11.9639,
      -0.783585
    ],
    [
      9.09047,
      11.7493,
      -0.896728
    ],
    [
      9.62453,
      11.4026,
      -0.546129
    ],
    [
      10.1703,
      11.0709,
      -0.546129
    ],
    [
      10.7161,
      10.7391,
      -0.546129
    ],
    [
      11.2543,
      10.3972,
      -0.83199
    ],
    [
      11.5831,
      9.95924,
      -0.929593
    ],
    [
      11.9107,
      9.52033,
      -0.929593
    ],
    [
      12.2383,
      9.08141,
      -0.929593
    ],
    [
      12.533,
      8.62541,
      -1.41982
    ],
    [
      12.6222,
      8.01542,
      -0.999732
    ],
    [
      12.6925,
      7.40231,
      -1.52463
    ],
    [
      12.7213,
      6.77989,
      -1.52463
    ],
    [
      12.75,
      6.15746,
      -1.52463
    ],
    [
      12.7794,
      5.53508,
      -1.46179
    ],
    [
      12.8262,
      4.9911,
      -1.48518
    ],
    [
      12.8729,
      4.4471,
      -1.48518
    ],
    [
      12.9195,
      3.90311,
      -1.48518
    ],
    [
      12.9662,
      3.35912,
      -1.48518
    ],
    [
      13.0337,
      2.81955,
      -1.11457
    ],
    [
      13.1504,
      2.07496,
      -1.43664
    ],
    [
      13.5,
      1.5,
      0.0
    ]
  ]
}