{
  "robot": {
    "class": "RectangleRobot",
    "radius": 0,
    "wheelbase": 0.2633069423171946,
    "max_velocity": 11.762814918401695,
    "max_steering_at_zero_v": 0.855910526454897,
    "max_steering_at_max_v": 0.19634954084936207,
    "acceleration": 9.813784283298329,
    "mu_static": 0.7884204197425894,
    "width": 0.3444341463667039,
    "length": 0.3384249863053874,
    "collision_check_angle_res": 60
  },
  "planner": {
    "class": "Dubins_pathfinding",
    "start": [
      1.5,
      1.5,
      1.1315014651148474
    ],
    "goal": [
      13.5,
      1.5,
      0
    ],
    "bounds": [
      15,
      15
    ],
    "max_runtime": 60.0,
    "goal_threshold": 0.0,
    "solved_time": null,
    "interpolate_steps": 50
  },
  "path": [
    [
      1.5,
      1.5,
      0.0
    ],
    [
      1.75928,
      1.93153,
      1.43141
    ],
    [
      1.83766,
      2.49025,
      1.43141
    ],
    [
      1.90966,
      3.04935,
      1.66819
    ],
    [
      1.98021,
      3.5746,
      1.42454
    ],
    [
      2.05752,
      4.0994,
      1.42454
    ],
    [
      2.13483,
      4.62421,
      1.42454
    ],
    [
      2.21214,
      5.14901,
      1.42454
    ],
    [
      2.28581,
      5.67413,
      1.60347
    ],
    [
      2.367,
      6.28084,
      1.4323
    ],
    [
      2.44161,
      6.88767,
      1.72732
    ],
    [
      2.5037,
      7.39675,
      1.42987
    ],
    [
      2.57586,
      7.90541,
      1.42987
    ],
    [
      2.64802,
      8.41407,
      1.42987
    ],
    [
      2.72828,
      8.92083,
      1.15968
    ],
    [
      3.02689,
      9.3641,
      0.970329
    ],
    [
      3.34333,
      9.79226,
      0.557918
    ],
    [
      3.82359,
      10.2214,
      0.734851
    ],
    [
      4.295,
      10.6595,
      1.01514
    ],
    [
      4.7337,
      10.998,
      0.626361
    ],
    [
      5.1842,
      11.3239,
      0.626361
    ],
    [
      5.65531,
      11.6008,
      -0.0605287
    ],
    [
      6.21355,
      11.6641,
      0.119381
    ],
    [
      6.77157,
      11.731,
      0.119381
    ],
    [
      7.32959,
      11.7979,
      0.119381
    ],
    [
      7.88761,
      11.8649,
      0.119381
    ],
    [
      8.44267,
      11.8929,
      -0.46782
    ],
    [
      8.99833,
      11.7089,
      -0.315289
    ],
    [
      9.51856,
      11.4708,
      -1.08838
    ],
    [
      9.94714,
      11.1567,
      -0.577575
    ],
    [
      10.3958,
      10.8643,
      -0.577575
    ],
    [
      10.8445,
      10.5719,
      -0.577575
    ],
    [
      11.239,
      10.2313,
      -1.38131
    ],
    [
      11.6247,
      9.78862,
      -0.787313
    ],
    [
      12.0437,
      9.36802,
      -0.787313
    ],
    [
      12.408,
      8.91511,
      -1.53871
    ],
    [
      12.493,
      8.3195,
      -1.42675
    ],
    [
      12.5679,
      7.72361,
      -1.74364
    ],
    [
      12.6159,
      7.27811,
      -1.44023
    ],
    [
      12.6744,
      6.83291,
      -1.44023
    ],
    [
      12.7328,
      6.38772,
      -1.44023
    ],
    [
      12.7831,
      5.94219,
      -1.70785
    ],
    [
      12.8411,
      5.48111,
      -1.42642
    ],
    [
      12.908,
      5.02047,
      -1.42642
    ],
    [
      12.975,
      4.55984,
      -1.42642
    ],
    [
      13.042,
      4.09921,
      -1.42642
    ],
    [
      13.1062,
      3.63833,
      -1.58108
    ],
    [
      13.1706,
      2.88246,
      -1.48439
    ],
    [
      13.2361,
      2.12664,
      -1.48439
    ],
    [
      13.5,
      1.5,
      0.0
    ]
  ]
}