{
  "robot": {
    "class": "RectangleRobot",
    "radius": 0,
    "wheelbase": 0.17141787814117893,
    "max_velocity": 19.520352752195546,
    "max_steering_at_zero_v": 0.9529830011923138,
    "max_steering_at_max_v": 0.19634954084936207,
    "acceleration": 7.7321270535231035,
    "mu_static": 0.6111690702045325,
    "width": 0.6367275565754807,
    "length": 0.41368606003897523,
    "collision_check_angle_res": 60
  },
  "planner": {
    "class": "Dubins_pathfinding",
    "start": [
      1.5,
      1.5,
      0.34494747852901736
    ],
    "goal": [
      13.5,
      1.5,
      0
    ],
    "bounds": [
      15,
      15
    ],
    "max_runtime": 60.0,
    "goal_threshold": 0.0,
    "solved_time": null,
    "interpolate_steps": 50
  },
  "path": [
    [
      1.5,
      1.5,
      0.0
    ],
    [
      1.65771,
      1.94646,
      1.46285
    ],
    [
      1.71351,
      2.4614,
      1.46285
    ],
    [
      1.76887,
      2.97636,
      1.54789
    ],
    [
      1.82248,
      3.50345,
      1.46872
    ],
    [
      1.87647,
      4.03051,
      1.46872
    ],
    [
      1.93046,
      4.55757,
      1.46872
    ],
    [
      1.98445,
      5.08463,
      1.46872
    ],
    [
      2.03844,
      5.61169,
      1.46872
    ],
    [
      2.09243,
      6.13875,
      1.46872
    ],
    [
      2.15611,
      6.66347,
      1.06324
    ],
    [
      2.25261,
      7.23912,
      1.41768
    ],
    [
      2.34176,
      7.81682,
      1.41768
    ],
    [
      2.43751,
      8.39273,
      1.08222
    ],
    [
      2.65456,
      9.10618,
      1.81873
    ],
    [
      2.84833,
      9.61681,
      0.842051
    ],
    [
      3.21592,
      9.93988,
      0.719139
    ],
    [
      3.58415,
      10.2623,
      0.719139
    ],
    [
      3.95238,
      10.5847,
      0.719139
    ],
    [
      4.33057,
      10.89,
      0.147284
    ],
    [
      4.56865,
      11.0764,
      0.578031
    ],
    [
      5.17837,
      11.4205,
      0.513464
    ],
    [
      5.78688,
      11.7664,
      0.713015
    ],
    [
      6.33452,
      11.821,
      0.0528458
    ],
    [
      6.88921,
      11.8504,
      0.0528458
    ],
    [
      7.4439,
      11.8797,
      0.0528458
    ],
    [
      7.99637,
      11.9202,
      0.485535
    ],
    [
      8.53952,
      11.8285,
      -0.219988
    ],
    [
      9.0831,
      11.707,
      -0.219988
    ],
    [
      9.62657,
      11.585,
      -0.3093
    ],
    [
      10.0721,
      11.3088,
      -0.562331
    ],
    [
      10.5158,
      11.0291,
      -0.562331
    ],
    [
      10.9595,
      10.7495,
      -0.562331
    ],
    [
      11.4033,
      10.47,
      -0.523975
    ],
    [
      11.6898,
      10.0771,
      -1.3661
    ],
    [
      12.2299,
      9.43399,
      -1.12515
    ],
    [
      12.4398,
      8.90946,
      -1.19052
    ],
    [
      12.6495,
      8.38482,
      -1.19052
    ],
    [
      12.8428,
      7.85677,
      -1.71758
    ],
    [
      12.9058,
      7.33831,
      -1.44091
    ],
    [
      12.9735,
      6.82003,
      -1.44091
    ],
    [
      13.0412,
      6.30174,
      -1.44091
    ],
    [
      13.1089,
      5.78346,
      -1.44091
    ],
    [
      13.1766,
      5.26518,
      -1.44091
    ],
    [
      13.2448,
      4.74697,
      -1.35128
    ],
    [
      13.2746,
      4.08386,
      -1.5288
    ],
    [
      13.3025,
      3.42055,
      -1.5288
    ],
    [
      13.3304,
      2.75725,
      -1.5288
    ],
    [
      13.3582,
      2.09394,
      -1.5288
    ],
    [
      13.5,
      1.5,
      0.0
    ]
  ]
}