{
  "robot": {
    "class": "RectangleRobot",
    "radius": 0,
    "wheelbase": 0.5066041724421415,
    "max_velocity": 12.778160044008736,
    "max_steering_at_zero_v": 0.5464250073655964,
    "max_steering_at_max_v": 0.19634954084936207,
    "acceleration": 6.668846646674386,
    "mu_static": 1.4671315590307732,
    "width": 0.582488239143585,
    "length": 0.5985126652829497,
    "collision_check_angle_res": 60
  },
  "planner": {
    "class": "Dubins_pathfinding",
    "start": [
      1.5,
      1.5,
      0.5130483041430759
    ],
    "goal": [
      13.5,
      1.5,
      0
    ],
    "bounds": [
      15,
      15
    ],
    "max_runtime": 60.0,
    "goal_threshold": 0.0,
    "solved_time": null,
    "interpolate_steps": 50
  },
  "path": [
    [
      1.5,
      1.5,
      0.0
    ],
    [
      2.02623,
      1.68728,
      0.683826
    ],
    [
      2.31583,
      2.16491,
      1.36765
    ],
    [
      2.30442,
      2.73227,
      1.64842
    ],
    [
      2.26025,
      3.30016,
      1.64842
    ],
    [
      2.21608,
      3.86804,
      1.64842
    ],
    [
      2.17191,
      4.43593,
      1.64842
    ],
    [
      2.12774,
      5.00381,
      1.64842
    ],
    [
      2.08357,
      5.5717,
      1.64842
    ],
    [
      2.1377,
      6.13781,
      1.44538
    ],
    [
      2.20895,
      6.70294,
      1.44538
    ],
    [
      2.2802,
      7.26807,
      1.44538
    ],
    [
      2.35145,
      7.83319,
      1.44538
    ],
    [
      2.4227,
      8.39832,
      1.44538
    ],
    [
      2.49395,
      8.96344,
      1.44538
    ],
    [
      2.5652,
      9.52857,
      1.44538
    ],
    [
      2.80711,
      10.0321,
      0.781292
    ],
    [
      3.24074,
      10.3588,
      0.627643
    ],
    [
      3.68055,
      10.6779,
      0.627643
    ],
    [
      4.12035,
      10.997,
      0.627643
    ],
    [
      4.56015,
      11.3161,
      0.627643
    ],
    [
      4.99995,
      11.6352,
      0.627643
    ],
    [
      5.4371,
      11.9576,
      0.729517
    ],
    [
      5.95423,
      12.1688,
      0.0456912
    ],
    [
      6.52111,
      12.1175,
      -0.107202
    ],
    [
      7.08744,
      12.0566,
      -0.107202
    ],
    [
      7.65377,
      11.9956,
      -0.107202
    ],
    [
      8.2201,
      11.9347,
      -0.107202
    ],
    [
      8.78643,
      11.8737,
      -0.107202
    ],
    [
      9.35276,
      11.8128,
      -0.107202
    ],
    [
      9.91909,
      11.7519,
      -0.107202
    ],
    [
      10.4315,
      11.5032,
      -0.729348
    ],
    [
      10.8644,
      11.1163,
      -0.729348
    ],
    [
      11.2972,
      10.7295,
      -0.729348
    ],
    [
      11.7301,
      10.3426,
      -0.729348
    ],
    [
      12.163,
      9.95572,
      -0.729348
    ],
    [
      12.5958,
      9.56885,
      -0.729348
    ],
    [
      12.8797,
      9.0757,
      -1.3964
    ],
    [
      12.8446,
      8.44779,
      -1.67915
    ],
    [
      12.7764,
      7.82034,
      -1.67915
    ],
    [
      12.7081,
      7.1929,
      -1.67915
    ],
    [
      12.6399,
      6.56546,
      -1.67915
    ],
    [
      12.5748,
      5.93776,
      -1.5914
    ],
    [
      12.5921,
      5.35669,
      -1.53911
    ],
    [
      12.6105,
      4.77563,
      -1.53911
    ],
    [
      12.6289,
      4.19457,
      -1.53911
    ],
    [
      12.6474,
      3.61351,
      -1.53911
    ],
    [
      12.652,
      3.03286,
      -1.72117
    ],
    [
      12.7218,
      2.03589,
      -1.20612
    ],
    [
      13.5,
      1.5,
      0.0
    ]
  ]
}