{
  "robot": {
    "class": "RectangleRobot",
    "radius": 0,
    "wheelbase": 0.33156516831689814,
    "max_velocity": 15.238822902424385,
    "max_steering_at_zero_v": 0.9571113562495974,
    "max_steering_at_max_v": 0.19634954084936207,
    "acceleration": 4.529496694630642,
    "mu_static": 1.4171613298496666,
    "width": 0.37141337144110464,
    "length": 0.4016201834849944,
    "collision_check_angle_res": 60
  },
  "planner": {
    "class": "Dubins_pathfinding",
    "start": [
      1.5,
      1.5,
      0.3037492513264435
    ],
    "goal": [
      13.5,
      1.5,
      0
    ],
    "bounds": [
      15,
      15
    ],
    "max_runtime": 60.0,
    "goal_threshold": 0.0,
    "solved_time": null,
    "interpolate_steps": 50
  },
  "path": [
    [
      1.5,
      1.5,
      0.0
    ],
    [
      1.7602,
      1.91332,
      1.43544
    ],
    [
      1.83422,
      2.4568,
      1.43544
    ],
    [
      1.90823,
      3.00028,
      1.43544
    ],
    [
      1.98225,
      3.54375,
      1.43544
    ],
    [
      2.05627,
      4.08723,
      1.43544
    ],
    [
      2.13028,
      4.6307,
      1.43544
    ],
    [
      2.2043,
      5.17418,
      1.43544
    ],
    [
      2.27767,
      5.71773,
      1.50985
    ],
    [
      2.35273,
      6.22214,
      1.42128
    ],
    [
      2.4287,
      6.72643,
      1.42128
    ],
    [
      2.50467,
      7.23073,
      1.42128
    ],
    [
      2.58064,
      7.73503,
      1.42128
    ],
    [
      2.65661,
      8.23933,
      1.42128
    ],
    [
      2.70814,
      8.74355,
      1.88009
    ],
    [
      2.8485,
      9.44301,
      1.57508
    ],
    [
      3.2337,
      9.87822,
      0.70215
    ],
    [
      3.69185,
      10.2658,
      0.70215
    ],
    [
      4.14999,
      10.6534,
      0.70215
    ],
    [
      4.60548,
      11.0437,
      0.883721
    ],
    [
      5.07027,
      11.2572,
      0.371932
    ],
    [
      5.55073,
      11.4446,
      0.371932
    ],
    [
      6.03119,
      11.632,
      0.371932
    ],
    [
      6.51167,
      11.8194,
      0.348314
    ],
    [
      7.02613,
      11.8148,
      -0.043228
    ],
    [
      7.54214,
      11.7925,
      -0.043228
    ],
    [
      8.05815,
      11.7702,
      -0.043228
    ],
    [
      8.57416,
      11.7479,
      -0.043228
    ],
    [
      9.08191,
      11.6902,
      -0.603031
    ],
    [
      9.57572,
      11.4017,
      -0.527638
    ],
    [
      10.0699,
      11.1137,
      -0.527638
    ],
    [
      10.564,
      10.8257,
      -0.527638
    ],
    [
      11.0581,
      10.5376,
      -0.568253
    ],
    [
      11.4138,
      10.1689,
      -0.817402
    ],
    [
      11.7648,
      9.79473,
      -0.817402
    ],
    [
      12.1157,
      9.42062,
      -0.817402
    ],
    [
      12.321,
      8.9912,
      -1.99473
    ],
    [
      12.3844,
      8.49745,
      -1.34811
    ],
    [
      12.4962,
      8.00406,
      -1.34811
    ],
    [
      12.6079,
      7.51067,
      -1.34811
    ],
    [
      12.7181,
      7.017,
      -1.46207
    ],
    [
      12.7815,
      6.46882,
      -1.45571
    ],
    [
      12.8448,
      5.92063,
      -1.45571
    ],
    [
      12.9082,
      5.37244,
      -1.47297
    ],
    [
      12.9688,
      4.78868,
      -1.46732
    ],
    [
      13.0294,
      4.20493,
      -1.46732
    ],
    [
      13.09,
      3.62118,
      -1.46732
    ],
    [
      13.1507,
      3.03742,
      -1.46732
    ],
    [
      13.18,
      2.45585,
      -1.98763
    ],
    [
      13.5,
      1.5,
      0.0
    ]
  ]
}