{
  "robot": {
    "class": "RectangleRobot",
    "radius": 0,
    "wheelbase": 0.1492250419906049,
    "max_velocity": 12.418523949550748,
    "max_steering_at_zero_v": 0.6787234930175604,
    "max_steering_at_max_v": 0.19634954084936207,
    "acceleration": 6.4463375327649715,
    "mu_static": 0.638584368211239,
    "width": 0.7131245453331794,
    "length": 0.24340701184146996,
    "collision_check_angle_res": 60
  },
  "planner": {
    "class": "Dubins_pathfinding",
    "start": [
      1.5,
      1.5,
      1.3574653373736734
    ],
    "goal": [
      13.5,
      1.5,
      0
    ],
    "bounds": [
      15,
      15
    ],
    "max_runtime": 60.0,
    "goal_threshold": 0.0,
    "solved_time": null,
    "interpolate_steps": 50
  },
  "path": [
    [
      1.5,
      1.5,
      0.0
    ],
    [
      1.7212,
      1.93865,
      1.43567
    ],
    [
      1.79485,
      2.48042,
      1.43567
    ],
    [
      1.8685,
      3.02218,
      1.43567
    ],
    [
      1.94216,
      3.56394,
      1.43567
    ],
    [
      2.01581,
      4.10571,
      1.43567
    ],
    [
      2.08946,
      4.64747,
      1.43567
    ],
    [
      2.16312,
      5.18923,
      1.43567
    ],
    [
      2.23504,
      5.73115,
      1.5725
    ],
    [
      2.29444,
      6.24447,
      1.45305
    ],
    [
      2.35515,
      6.75769,
      1.45305
    ],
    [
      2.41586,
      7.2709,
      1.45305
    ],
    [
      2.47657,
      7.78412,
      1.45305
    ],
    [
      2.53729,
      8.29734,
      1.45305
    ],
    [
      2.598,
      8.81055,
      1.45305
    ],
    [
      2.70954,
      9.30373,
      0.678046
    ],
    [
      3.13317,
      9.93346,
      0.455729
    ],
    [
      3.54414,
      10.2546,
      0.671567
    ],
    [
      3.95268,
      10.5793,
      0.671567
    ],
    [
      4.36122,
      10.904,
      0.671567
    ],
    [
      4.76976,
      11.2288,
      0.671567
    ],
    [
      5.18429,
      11.5438,
      0.320595
    ],
    [
      5.7105,
      11.755,
      0.38223
    ],
    [
      6.23659,
      11.9665,
      0.38223
    ],
    [
      6.76263,
      12.178,
      0.416877
    ],
    [
      7.35144,
      12.1227,
      -0.141254
    ],
    [
      7.94152,
      12.0388,
      -0.141254
    ],
    [
      8.5316,
      11.9549,
      -0.141254
    ],
    [
      9.12168,
      11.8709,
      -0.141254
    ],
    [
      9.71183,
      11.7877,
      -0.0570095
    ],
    [
      10.1875,
      11.4279,
      -0.711761
    ],
    [
      10.6445,
      11.0337,
      -0.711761
    ],
    [
      11.1015,
      10.6395,
      -0.711761
    ],
    [
      11.5586,
      10.2452,
      -0.711761
    ],
    [
      12.0219,
      9.86017,
      -0.364357
    ],
    [
      12.254,
      9.43155,
      -1.1998
    ],
    [
      12.4356,
      8.96467,
      -1.1998
    ],
    [
      12.6192,
      8.49869,
      -1.04506
    ],
    [
      12.6936,
      7.9259,
      -1.47019
    ],
    [
      12.7518,
      7.34912,
      -1.47019
    ],
    [
      12.8101,
      6.77234,
      -1.47019
    ],
    [
      12.8683,
      6.19555,
      -1.47019
    ],
    [
      12.9184,
      5.61876,
      -1.76581
    ],
    [
      12.9636,
      5.1204,
      -1.4636
    ],
    [
      13.0172,
      4.62209,
      -1.4636
    ],
    [
      13.0709,
      4.12379,
      -1.4636
    ],
    [
      13.1408,
      3.62965,
      -1.03534
    ],
    [
      13.2188,
      2.88779,
      -1.49147
    ],
    [
      13.2781,
      2.14153,
      -1.49147
    ],
    [
      13.5,
      1.5,
      0.0
    ]
  ]
}