{
  "robot": {
    "class": "RectangleRobot",
    "radius": 0,
    "wheelbase": 0.2417328088444283,
    "max_velocity": 5.155307981318662,
    "max_steering_at_zero_v": 0.7035934002285027,
    "max_steering_at_max_v": 0.19634954084936207,
    "acceleration": 7.873095227385446,
    "mu_static": 2.4805606498588078,
    "width": 0.4966499005766779,
    "length": 0.2903232188556989,
    "collision_check_angle_res": 60
  },
  "planner": {
    "class": "Dubins_pathfinding",
    "start": [
      1.5,
      1.5,
      0.8249587589587226
    ],
    "goal": [
      13.5,
      1.5,
      0
    ],
    "bounds": [
      15,
      15
    ],
    "max_runtime": 60.0,
    "goal_threshold": 0.0,
    "solved_time": null,
    "interpolate_steps": 50
  },
  "path": [
    [
      1.5,
      1.5,
      0.0
    ],
    [
      1.79846,
      1.9117,
      1.47464
    ],
    [
      1.85367,
      2.48404,
      1.47464
    ],
    [
      1.90887,
      3.05638,
      1.47464
    ],
    [
      1.96408,
      3.62872,
      1.47464
    ],
    [
      2.01929,
      4.20106,
      1.47464
    ],
    [
      2.07449,
      4.7734,
      1.47464
    ],
    [
      2.13171,
      5.34547,
      1.35522
    ],
    [
      2.22163,
      5.90696,
      1.41282
    ],
    [
      2.3111,
      6.46855,
      1.41282
    ],
    [
      2.40056,
      7.03013,
      1.41282
    ],
    [
      2.48749,
      7.592,
      1.54641
    ],
    [
      2.55347,
      8.22533,
      1.46554
    ],
    [
      2.62407,
      8.858,
      1.30333
    ],
    [
      2.8798,
      9.25705,
      0.967234
    ],
    [
      3.14968,
      9.64852,
      0.967234
    ],
    [
      3.41955,
      10.04,
      0.967234
    ],
    [
      3.65763,
      10.4464,
      1.46539
    ],
    [
      4.01945,
      10.7613,
      0.410832
    ],
    [
      4.48719,
      10.9651,
      0.410832
    ],
    [
      4.95493,
      11.1689,
      0.410832
    ],
    [
      5.42266,
      11.3726,
      0.410832
    ],
    [
      5.8904,
      11.5764,
      0.410832
    ],
    [
      6.35814,
      11.7801,
      0.410832
    ],
    [
      6.83611,
      11.9377,
      -0.167965
    ],
    [
      7.34339,
      11.9036,
      -0.0640529
    ],
    [
      7.85082,
      11.8711,
      -0.0640529
    ],
    [
      8.35826,
      11.8385,
      -0.0640529
    ],
    [
      8.86569,
      11.806,
      -0.0680734
    ],
    [
      9.50386,
      11.5704,
      -0.373032
    ],
    [
      10.1082,
      11.276,
      -0.998223
    ],
    [
      10.5442,
      10.9426,
      -0.615277
    ],
    [
      10.9942,
      10.6245,
      -0.615277
    ],
    [
      11.4442,
      10.3065,
      -0.615277
    ],
    [
      11.8896,
      9.98285,
      -0.840257
    ],
    [
      12.1319,
      9.39122,
      -1.21261
    ],
    [
      12.3568,
      8.79046,
      -1.21261
    ],
    [
      12.5721,
      8.18705,
      -1.47657
    ],
    [
      12.618,
      7.67492,
      -1.48153
    ],
    [
      12.6638,
      7.16278,
      -1.48153
    ],
    [
      12.7096,
      6.65064,
      -1.48153
    ],
    [
      12.7555,
      6.13851,
      -1.48153
    ],
    [
      12.8013,
      5.62637,
      -1.48153
    ],
    [
      12.8472,
      5.11424,
      -1.48153
    ],
    [
      12.893,
      4.6021,
      -1.48153
    ],
    [
      12.9387,
      4.08995,
      -1.51253
    ],
    [
      13.0202,
      3.40252,
      -1.4521
    ],
    [
      13.1021,
      2.71513,
      -1.4521
    ],
    [
      13.1841,
      2.02775,
      -1.4521
    ],
    [
      13.5,
      1.5,
      0.0
    ]
  ]
}