{
  "robot": {
    "class": "RectangleRobot",
    "radius": 0,
    "wheelbase": 0.12880481446139605,
    "max_velocity": 19.881832850651314,
    "max_steering_at_zero_v": 0.5228280260218819,
    "max_steering_at_max_v": 0.19634954084936207,
    "acceleration": 3.157327325704286,
    "mu_static": 1.8021719125867506,
    "width": 0.18316715239383594,
    "length": 0.15904329207655687,
    "collision_check_angle_res": 60
  },
  "planner": {
    "class": "Dubins_pathfinding",
    "start": [
      1.5,
      1.5,
      0.6784191251289852
    ],
    "goal": [
      13.5,
      1.5,
      0
    ],
    "bounds": [
      15,
      15
    ],
    "max_runtime": 60.0,
    "goal_threshold": 0.0,
    "solved_time": null,
    "interpolate_steps": 50
  },
  "path": [
    [
      1.5,
      1.5,
      0.0
    ],
    [
      1.73499,
      1.78683,
      1.42708
    ],
    [
      1.79447,
      2.19783,
      1.42708
    ],
    [
      1.85395,
      2.60883,
      1.42708
    ],
    [
      1.92472,
      3.01692,
      1.10362
    ],
    [
      2.03577,
      3.41904,
      1.31304
    ],
    [
      2.1422,
      3.82273,
      1.31304
    ],
    [
      2.24862,
      4.22642,
      1.31304
    ],
    [
      2.35504,
      4.63011,
      1.31304
    ],
    [
      2.46146,
      5.0338,
      1.31304
    ],
    [
      2.56788,
      5.43749,
      1.31304
    ],
    [
      2.66463,
      5.84273,
      1.60951
    ],
    [
      2.88781,
      6.16531,
      0.779044
    ],
    [
      3.17676,
      6.45061,
      0.779044
    ],
    [
      3.47455,
      6.72449,
      0.418945
    ],
    [
      3.82965,
      6.86313,
      0.37155
    ],
    [
      4.18484,
      7.00153,
      0.37155
    ],
    [
      4.54004,
      7.13993,
      0.37155
    ],
    [
      4.89524,
      7.27833,
      0.37155
    ],
    [
      5.25043,
      7.41673,
      0.37155
    ],
    [
      5.61276,
      7.51076,
      -0.266215
    ],
    [
      5.98827,
      7.59403,
      0.313194
    ],
    [
      6.35932,
      7.71419,
      0.313194
    ],
    [
      6.73037,
      7.83436,
      0.313194
    ],
    [
      7.09676,
      7.83309,
      -0.746065
    ],
    [
      7.51241,
      7.7676,
      -0.0229657
    ],
    [
      7.94306,
      7.75771,
      -0.0229657
    ],
    [
      8.37371,
      7.74782,
      -0.0229657
    ],
    [
      8.80436,
      7.73793,
      -0.0229657
    ],
    [
      9.235,
      7.72803,
      -0.0229657
    ],
    [
      9.66565,
      7.71814,
      -0.0229657
    ],
    [
      10.0963,
      7.70813,
      -0.0562843
    ],
    [
      10.4376,
      7.49162,
      -0.664774
    ],
    [
      10.7606,
      7.23845,
      -0.664774
    ],
    [
      11.0836,
      6.98529,
      -0.664774
    ],
    [
      11.4066,
      6.73212,
      -0.664774
    ],
    [
      11.7296,
      6.47896,
      -0.664774
    ],
    [
      12.0526,
      6.22579,
      -0.664774
    ],
    [
      12.3756,
      5.97263,
      -0.664774
    ],
    [
      12.6508,
      5.6824,
      -1.40614
    ],
    [
      12.6951,
      5.29354,
      -1.45801
    ],
    [
      12.7392,
      4.90463,
      -1.45801
    ],
    [
      12.7832,
      4.51572,
      -1.45801
    ],
    [
      12.8287,
      4.12703,
      -1.3446
    ],
    [
      12.9135,
      3.66886,
      -1.38821
    ],
    [
      12.9981,
      3.21065,
      -1.38821
    ],
    [
      13.0827,
      2.75244,
      -1.38821
    ],
    [
      13.1673,
      2.29423,
      -1.38821
    ],
    [
      13.2519,
      1.83602,
      -1.38821
    ],
    [
      13.5,
      1.5,
      0.0
    ]
  ]
}