{
  "robot": {
    "class": "RectangleRobot",
    "radius": 0,
    "wheelbase": 0.232394038727913,
    "max_velocity": 16.779442308093415,
    "max_steering_at_zero_v": 0.480308624713773,
    "max_steering_at_max_v": 0.19634954084936207,
    "acceleration": 6.732360898322723,
    "mu_static": 1.2995816784575325,
    "width": 0.8502306048427397,
    "length": 0.352446345490815,
    "collision_check_angle_res": 60
  },
  "planner": {
    "class": "Dubins_pathfinding",
    "start": [
      1.5,
      1.5,
      0.505890754165338
    ],
    "goal": [
      13.5,
      1.5,
      0
    ],
    "bounds": [
      15,
      15
    ],
    "max_runtime": 60.0,
    "goal_threshold": 0.0,
    "solved_time": null,
    "interpolate_steps": 50
  },
  "path": [
    [
      1.5,
      1.5,
      0.0
    ],
    [
      1.92605,
      1.81399,
      1.27022
    ],
    [
      1.95005,
      2.37854,
      1.56159
    ],
    [
      1.95527,
      2.9451,
      1.56159
    ],
    [
      1.96048,
      3.51166,
      1.56159
    ],
    [
      1.9657,
      4.07821,
      1.56159
    ],
    [
      1.97248,
      4.64471,
      1.47767
    ],
    [
      1.9866,
      5.21844,
      1.54811
    ],
    [
      1.99962,
      5.79222,
      1.54811
    ],
    [
      2.01264,
      6.36599,
      1.54811
    ],
    [
      2.02566,
      6.93977,
      1.54811
    ],
    [
      2.03867,
      7.51354,
      1.54811
    ],
    [
      2.05169,
      8.08732,
      1.54811
    ],
    [
      2.09485,
      8.65666,
      1.17784
    ],
    [
      2.50542,
      9.18638,
      0.882642
    ],
    [
      2.9321,
      9.70531,
      0.882642
    ],
    [
      3.35854,
      10.2244,
      0.920033
    ],
    [
      3.58336,
      10.5118,
      0.667936
    ],
    [
      4.02036,
      10.8125,
      0.600699
    ],
    [
      4.45796,
      11.1123,
      0.600699
    ],
    [
      4.89555,
      11.4121,
      0.600699
    ],
    [
      5.34666,
      11.686,
      0.23782
    ],
    [
      5.89286,
      11.8157,
      0.233118
    ],
    [
      6.43905,
      11.9454,
      0.233118
    ],
    [
      6.98525,
      12.0751,
      0.233118
    ],
    [
      7.46529,
      12.3266,
      1.02847
    ],
    [
      7.95705,
      12.5287,
      -0.248513
    ],
    [
      8.46572,
      12.2743,
      -0.48574
    ],
    [
      8.96943,
      12.0083,
      -0.48574
    ],
    [
      9.47315,
      11.7424,
      -0.48574
    ],
    [
      9.97686,
      11.4765,
      -0.48574
    ],
    [
      10.4806,
      11.2106,
      -0.48574
    ],
    [
      10.9843,
      10.9446,
      -0.48574
    ],
    [
      11.488,
      10.6787,
      -0.48574
    ],
    [
      12.0497,
      10.22,
      -0.698778
    ],
    [
      12.6054,
      9.75311,
      -0.683599
    ],
    [
      12.7767,
      9.23356,
      -1.53281
    ],
    [
      12.7983,
      8.66437,
      -1.53281
    ],
    [
      12.8199,
      8.09518,
      -1.53281
    ],
    [
      12.8416,
      7.52599,
      -1.53281
    ],
    [
      12.8632,
      6.9568,
      -1.53281
    ],
    [
      12.8848,
      6.38761,
      -1.53281
    ],
    [
      12.9065,
      5.81842,
      -1.53281
    ],
    [
      12.9281,
      5.24923,
      -1.53281
    ],
    [
      12.9534,
      4.58201,
      -1.53281
    ],
    [
      12.9788,
      3.91479,
      -1.53281
    ],
    [
      13.0042,
      3.24756,
      -1.53281
    ],
    [
      13.0295,
      2.58034,
      -1.53281
    ],
    [
      13.0552,
      1.91313,
      -1.49692
    ],
    [
      13.5,
      1.5,
      0.0
    ]
  ]
}