{
  "robot": {
    "class": "RectangleRobot",
    "radius": 0,
    "wheelbase": 0.09244639139785579,
    "max_velocity": 6.868195924509574,
    "max_steering_at_zero_v": 0.977125153739174,
    "max_steering_at_max_v": 0.19634954084936207,
    "acceleration": 4.640963218974798,
    "mu_static": 1.2627389879154982,
    "width": 0.5932232681516766,
    "length": 0.10287675214559178,
    "collision_check_angle_res": 60
  },
  "planner": {
    "class": "Dubins_pathfinding",
    "start": [
      1.5,
      1.5,
      0.5922257811709359
    ],
    "goal": [
      13.5,
      1.5,
      0
    ],
    "bounds": [
      15,
      15
    ],
    "max_runtime": 60.0,
    "goal_threshold": 0.0,
    "solved_time": null,
    "interpolate_steps": 50
  },
  "path": [
    [
      1.5,
      1.5,
      0.0
    ],
    [
      1.61522,
      1.99115,
      1.44926
    ],
    [
      1.67947,
      2.51722,
      1.44926
    ],
    [
      1.74373,
      3.04329,
      1.44926
    ],
    [
      1.80798,
      3.56937,
      1.44926
    ],
    [
      1.87223,
      4.09544,
      1.44926
    ],
    [
      1.93648,
      4.62152,
      1.44926
    ],
    [
      2.00073,
      5.14759,
      1.44926
    ],
    [
      2.06364,
      5.67373,
      1.6575
    ],
    [
      2.13819,
      6.23229,
      1.43538
    ],
    [
      2.21428,
      6.79075,
      1.43538
    ],
    [
      2.29037,
      7.34921,
      1.43538
    ],
    [
      2.36646,
      7.90768,
      1.43538
    ],
    [
      2.43481,
      8.4659,
      1.93536
    ],
    [
      2.6943,
      8.98557,
      1.0699
    ],
    [
      2.99053,
      9.48648,
      0.261453
    ],
    [
      3.3474,
      9.87154,
      0.842912
    ],
    [
      3.69795,
      10.2649,
      0.842912
    ],
    [
      4.0485,
      10.6583,
      0.842912
    ],
    [
      4.41006,
      11.0346,
      0.0275302
    ],
    [
      4.94774,
      11.2253,
      0.346387
    ],
    [
      5.48467,
      11.4191,
      0.346387
    ],
    [
      6.02174,
      11.6125,
      0.225766
    ],
    [
      6.68971,
      11.7923,
      -0.487151
    ],
    [
      7.22765,
      11.8184,
      0.0655903
    ],
    [
      7.76367,
      11.8648,
      0.675322
    ],
    [
      8.12026,
      11.8888,
      0.070171
    ],
    [
      8.63614,
      11.7348,
      -0.297766
    ],
    [
      9.1513,
      11.5767,
      -0.297766
    ],
    [
      9.66645,
      11.4186,
      -0.297766
    ],
    [
      10.1782,
      11.2538,
      -0.79259
    ],
    [
      10.58,
      10.9362,
      -0.667889
    ],
    [
      10.982,
      10.6191,
      -0.667889
    ],
    [
      11.3841,
      10.3019,
      -0.667889
    ],
    [
      11.7427,
      9.96226,
      -1.94917
    ],
    [
      12.0665,
      9.46973,
      -0.939748
    ],
    [
      12.4199,
      8.98627,
      -0.884814
    ],
    [
      12.5022,
      8.46789,
      -1.43056
    ],
    [
      12.5758,
      7.94659,
      -1.43056
    ],
    [
      12.6537,
      7.42646,
      -1.05237
    ],
    [
      12.7288,
      6.83272,
      -1.71658
    ],
    [
      12.8092,
      6.28715,
      -1.41948
    ],
    [
      12.8924,
      5.74173,
      -1.41948
    ],
    [
      12.9756,
      5.1963,
      -1.41948
    ],
    [
      13.058,
      4.65081,
      -1.56896
    ],
    [
      13.1359,
      4.01363,
      -1.44851
    ],
    [
      13.2142,
      3.3765,
      -1.44851
    ],
    [
      13.2925,
      2.73936,
      -1.44851
    ],
    [
      13.3708,
      2.10222,
      -1.44851
    ],
    [
      13.5,
      1.5,
      0.0
    ]
  ]
}