{
  "robot": {
    "class": "RectangleRobot",
    "radius": 0,
    "wheelbase": 0.7347629147131892,
    "max_velocity": 9.48766681880048,
    "max_steering_at_zero_v": 0.9980652456167168,
    "max_steering_at_max_v": 0.19634954084936207,
    "acceleration": 4.419592969629952,
    "mu_static": 1.0274163305549717,
    "width": 0.5876394070839446,
    "length": 0.8055580837522549,
    "collision_check_angle_res": 60
  },
  "planner": {
    "class": "Dubins_pathfinding",
    "start": [
      1.5,
      1.5,
      1.4631365889098564
    ],
    "goal": [
      13.5,
      1.5,
      0
    ],
    "bounds": [
      15,
      15
    ],
    "max_runtime": 60.0,
    "goal_threshold": 0.0,
    "solved_time": null,
    "interpolate_steps": 50
  },
  "path": [
    [
      1.5,
      1.5,
      0.0
    ],
    [
      1.93179,
      1.77877,
      1.14656
    ],
    [
      1.9841,
      2.31587,
      1.54129
    ],
    [
      2.00012,
      2.85887,
      1.54129
    ],
    [
      2.01615,
      3.40187,
      1.54129
    ],
    [
      2.03217,
      3.94487,
      1.54129
    ],
    [
      2.0482,
      4.48786,
      1.54129
    ],
    [
      2.06885,
      5.03051,
      1.40131
    ],
    [
      2.12132,
      5.61482,
      1.484
    ],
    [
      2.17218,
      6.19931,
      1.484
    ],
    [
      2.22304,
      6.78381,
      1.484
    ],
    [
      2.2739,
      7.3683,
      1.484
    ],
    [
      2.32476,
      7.95279,
      1.484
    ],
    [
      2.37079,
      8.53748,
      1.62696
    ],
    [
      2.36231,
      8.87371,
      1.4366
    ],
    [
      2.66012,
      9.337,
      0.859915
    ],
    [
      3.02571,
      9.76158,
      0.859915
    ],
    [
      3.37182,
      10.1996,
      1.17655
    ],
    [
      3.76613,
      10.5801,
      0.650229
    ],
    [
      4.2083,
      10.9164,
      0.650229
    ],
    [
      4.65047,
      11.2527,
      0.650229
    ],
    [
      5.09264,
      11.589,
      0.650229
    ],
    [
      5.57816,
      11.8302,
      -0.0179695
    ],
    [
      6.15315,
      11.9218,
      0.172688
    ],
    [
      6.7272,
      12.022,
      0.172688
    ],
    [
      7.30125,
      12.1221,
      0.172688
    ],
    [
      7.87629,
      12.213,
      -0.0254899
    ],
    [
      8.38778,
      12.0853,
      -0.271804
    ],
    [
      8.89657,
      11.9435,
      -0.271804
    ],
    [
      9.40535,
      11.8017,
      -0.271804
    ],
    [
      9.91413,
      11.6599,
      -0.271804
    ],
    [
      10.3753,
      11.4289,
      -0.928981
    ],
    [
      10.7818,
      11.0434,
      -0.744622
    ],
    [
      11.1941,
      10.6634,
      -0.744622
    ],
    [
      11.6063,
      10.2834,
      -0.744622
    ],
    [
      12.0186,
      9.90349,
      -0.744622
    ],
    [
      12.4309,
      9.52353,
      -0.744622
    ],
    [
      12.8432,
      9.14357,
      -0.744622
    ],
    [
      13.178,
      8.70897,
      -1.3807
    ],
    [
      13.1651,
      8.06845,
      -1.61039
    ],
    [
      13.1397,
      7.42747,
      -1.61039
    ],
    [
      13.1143,
      6.78649,
      -1.61039
    ],
    [
      13.0889,
      6.14551,
      -1.61039
    ],
    [
      13.0635,
      5.50453,
      -1.61039
    ],
    [
      13.0381,
      4.86355,
      -1.61039
    ],
    [
      13.0121,
      4.2226,
      -1.66211
    ],
    [
      13.0152,
      3.47439,
      -1.5635
    ],
    [
      13.0207,
      2.72612,
      -1.5635
    ],
    [
      13.0262,
      1.97785,
      -1.5635
    ],
    [
      13.5,
      1.5,
      0.0
    ]
  ]
}