{
  "robot": {
    "class": "RectangleRobot",
    "radius": 0,
    "wheelbase": 0.19700332317453328,
    "max_velocity": 6.829099375473539,
    "max_steering_at_zero_v": 0.6809158310532933,
    "max_steering_at_max_v": 0.19634954084936207,
    "acceleration": 5.842640225908667,
    "mu_static": 0.434009403702004,
    "width": 0.7182112432205637,
    "length": 0.40167710671460166,
    "collision_check_angle_res": 60
  },
  "planner": {
    "class": "Dubins_pathfinding",
    "start": [
      1.5,
      1.5,
      1.3186466088363122
    ],
    "goal": [
      13.5,
      1.5,
      0
    ],
    "bounds": [
      15,
      15
    ],
    "max_runtime": 60.0,
    "goal_threshold": 0.0,
    "solved_time": null,
    "interpolate_steps": 50
  },
  "path": [
    [
      1.5,
      1.5,
      0.0
    ],
    [
      1.75972,
      1.95425,
      1.49575
    ],
    [
      1.80423,
      2.54625,
      1.49575
    ],
    [
      1.84875,
      3.13826,
      1.49575
    ],
    [
      1.89326,
      3.73026,
      1.49575
    ],
    [
      1.93778,
      4.32227,
      1.49575
    ],
    [
      1.98229,
      4.91427,
      1.49575
    ],
    [
      2.02739,
      5.50622,
      1.42598
    ],
    [
      2.09601,
      6.07565,
      1.451
    ],
    [
      2.16455,
      6.64509,
      1.451
    ],
    [
      2.23309,
      7.21453,
      1.451
    ],
    [
      2.30456,
      7.78347,
      1.29465
    ],
    [
      2.411,
      8.30522,
      1.37089
    ],
    [
      2.51674,
      8.82712,
      1.37089
    ],
    [
      2.62248,
      9.34903,
      1.37089
    ],
    [
      2.76868,
      9.85378,
      0.766606
    ],
    [
      3.20476,
      10.1756,
      0.631643
    ],
    [
      3.64223,
      10.4956,
      0.631643
    ],
    [
      4.0797,
      10.8157,
      0.631643
    ],
    [
      4.51716,
      11.1358,
      0.631643
    ],
    [
      4.94678,
      11.4645,
      0.942301
    ],
    [
      5.53609,
      11.6851,
      0.275156
    ],
    [
      6.15089,
      11.8586,
      0.275156
    ],
    [
      6.76865,
      11.9812,
      -0.377178
    ],
    [
      7.27629,
      11.9561,
      -0.0189957
    ],
    [
      7.78608,
      11.9464,
      -0.0189957
    ],
    [
      8.29586,
      11.9367,
      -0.0189957
    ],
    [
      8.80564,
      11.927,
      -0.0189957
    ],
    [
      9.31543,
      11.9173,
      -0.0189957
    ],
    [
      9.82521,
      11.9076,
      -0.0375817
    ],
    [
      10.2632,
      11.5852,
      -0.740884
    ],
    [
      10.6724,
      11.2109,
      -0.740884
    ],
    [
      11.0816,
      10.8366,
      -0.740884
    ],
    [
      11.4907,
      10.4623,
      -0.740884
    ],
    [
      11.9018,
      10.0903,
      -0.586806
    ],
    [
      12.2123,
      9.55071,
      -1.09853
    ],
    [
      12.4602,
      8.98134,
      -1.66727
    ],
    [
      12.4695,
      8.50055,
      -1.54795
    ],
    [
      12.4805,
      8.01973,
      -1.54795
    ],
    [
      12.4914,
      7.53891,
      -1.54795
    ],
    [
      12.5057,
      7.05835,
      -1.38373
    ],
    [
      12.5822,
      6.45642,
      -1.44511
    ],
    [
      12.6583,
      5.85443,
      -1.44511
    ],
    [
      12.7343,
      5.25243,
      -1.44511
    ],
    [
      12.8104,
      4.65044,
      -1.44511
    ],
    [
      12.8864,
      4.04845,
      -1.44511
    ],
    [
      12.9654,
      3.44697,
      -1.29002
    ],
    [
      13.0836,
      2.75357,
      -1.40424
    ],
    [
      13.2002,
      2.05984,
      -1.40424
    ],
    [
      13.5,
      1.5,
      0.0
    ]
  ]
}