{
  "robot": {
    "class": "RectangleRobot",
    "radius": 0,
    "wheelbase": 0.5369265491212222,
    "max_velocity": 8.680675402870879,
    "max_steering_at_zero_v": 0.5459637895106735,
    "max_steering_at_max_v": 0.19634954084936207,
    "acceleration": 2.1344138699921595,
    "mu_static": 0.8541037600361812,
    "width": 0.3199033364029455,
    "length": 0.6164169476314768,
    "collision_check_angle_res": 60
  },
  "planner": {
    "class": "Dubins_pathfinding",
    "start": [
      1.5,
      1.5,
      0.8713258387465598
    ],
    "goal": [
      13.5,
      1.5,
      0
    ],
    "bounds": [
      15,
      15
    ],
    "max_runtime": 60.0,
    "goal_threshold": 0.0,
    "solved_time": null,
    "interpolate_steps": 50
  },
  "path": [
    [
      1.5,
      1.5,
      0.0
    ],
    [
      2.02572,
      1.67338,
      0.63712
    ],
    [
      2.34516,
      2.12548,
      1.27424
    ],
    [
      2.40118,
      2.68422,
      1.51704
    ],
    [
      2.43143,
      3.24645,
      1.51704
    ],
    [
      2.46169,
      3.80869,
      1.51704
    ],
    [
      2.49194,
      4.37092,
      1.51704
    ],
    [
      2.52219,
      4.93315,
      1.51704
    ],
    [
      2.55722,
      5.49496,
      1.41289
    ],
    [
      2.53965,
      6.04574,
      1.6461
    ],
    [
      2.49809,
      6.59658,
      1.6461
    ],
    [
      2.45653,
      7.14742,
      1.6461
    ],
    [
      2.41497,
      7.69826,
      1.6461
    ],
    [
      2.37341,
      8.2491,
      1.6461
    ],
    [
      2.46488,
      8.78542,
      1.09343
    ],
    [
      2.86251,
      9.23314,
      0.766163
    ],
    [
      3.29637,
      9.65061,
      0.766163
    ],
    [
      3.73022,
      10.0681,
      0.766163
    ],
    [
      4.16407,
      10.4856,
      0.766163
    ],
    [
      4.59793,
      10.903,
      0.766163
    ],
    [
      5.00993,
      11.3397,
      1.02281
    ],
    [
      5.42518,
      11.6954,
      0.393786
    ],
    [
      5.96673,
      11.8163,
      0.185132
    ],
    [
      6.51312,
      11.9186,
      0.185132
    ],
    [
      7.05951,
      12.0209,
      0.185132
    ],
    [
      7.60591,
      12.1232,
      0.174882
    ],
    [
      8.14736,
      12.0471,
      -0.454141
    ],
    [
      8.69302,
      11.8476,
      -0.340845
    ],
    [
      9.24078,
      11.6533,
      -0.340845
    ],
    [
      9.78854,
      11.459,
      -0.340845
    ],
    [
      10.3363,
      11.2647,
      -0.340845
    ],
    [
      10.8697,
      11.0395,
      -0.61895
    ],
    [
      11.1982,
      10.6397,
      -1.01689
    ],
    [
      11.4727,
      10.1958,
      -1.01689
    ],
    [
      11.7473,
      9.75188,
      -1.01689
    ],
    [
      12.0219,
      9.30796,
      -1.01689
    ],
    [
      12.2964,
      8.86404,
      -1.01689
    ],
    [
      12.5555,
      8.41191,
      -1.21623
    ],
    [
      12.6762,
      7.86255,
      -1.37413
    ],
    [
      12.7862,
      7.31048,
      -1.37413
    ],
    [
      12.8962,
      6.75841,
      -1.37413
    ],
    [
      13.0061,
      6.20633,
      -1.37413
    ],
    [
      13.1161,
      5.65426,
      -1.37413
    ],
    [
      13.2261,
      5.10219,
      -1.37413
    ],
    [
      13.2852,
      4.54587,
      -1.71488
    ],
    [
      13.0382,
      4.05058,
      -2.35186
    ],
    [
      12.7565,
      3.33692,
      -1.72819
    ],
    [
      12.6336,
      2.56257,
      -1.72819
    ],
    [
      12.8148,
      1.82557,
      -0.887189
    ],
    [
      13.5,
      1.5,
      0.0
    ]
  ]
}