{
  "robot": {
    "class": "RectangleRobot",
    "radius": 0,
    "wheelbase": 0.11403418974260551,
    "max_velocity": 11.887570603312565,
    "max_steering_at_zero_v": 0.7622160156610442,
    "max_steering_at_max_v": 0.19634954084936207,
    "acceleration": 8.26770666437178,
    "mu_static": 0.13137614775146206,
    "width": 0.22845523838862786,
    "length": 0.2371724291953833,
    "collision_check_angle_res": 60
  },
  "planner": {
    "class": "Dubins_pathfinding",
    "start": [
      1.5,
      1.5,
      0.8086739270386106
    ],
    "goal": [
      13.5,
      1.5,
      0
    ],
    "bounds": [
      15,
      15
    ],
    "max_runtime": 60.0,
    "goal_threshold": 0.0,
    "solved_time": null,
    "interpolate_steps": 50
  },
  "path": [
    [
      1.5,
      1.5,
      0.0
    ],
    [
      1.66483,
      1.85374,
      1.38783
    ],
    [
      1.74237,
      2.27278,
      1.38783
    ],
    [
      1.8199,
      2.69181,
      1.38783
    ],
    [
      1.89744,
      3.11085,
      1.38783
    ],
    [
      1.97498,
      3.52988,
      1.38783
    ],
    [
      2.05626,
      3.94789,
      1.1324
    ],
    [
      2.13627,
      4.37476,
      1.39494
    ],
    [
      2.21232,
      4.8027,
      1.39494
    ],
    [
      2.28836,
      5.23063,
      1.39494
    ],
    [
      2.3644,
      5.65857,
      1.39742
    ],
    [
      2.62142,
      5.93696,
      0.764108
    ],
    [
      2.89805,
      6.20205,
      0.764108
    ],
    [
      3.17468,
      6.46715,
      0.764108
    ],
    [
      3.45131,
      6.73224,
      0.764108
    ],
    [
      3.74265,
      6.97223,
      0.061267
    ],
    [
      4.13881,
      7.12679,
      0.386732
    ],
    [
      4.53323,
      7.28742,
      0.386732
    ],
    [
      4.92766,
      7.44804,
      0.386732
    ],
    [
      5.32208,
      7.60867,
      0.386732
    ],
    [
      5.71651,
      7.76929,
      0.386732
    ],
    [
      6.11465,
      7.91147,
      -0.177096
    ],
    [
      6.52113,
      7.88924,
      -0.0523434
    ],
    [
      6.9277,
      7.86794,
      -0.0523434
    ],
    [
      7.33427,
      7.84664,
      -0.0523434
    ],
    [
      7.74084,
      7.82534,
      -0.0523434
    ],
    [
      8.14741,
      7.80404,
      -0.0523434
    ],
    [
      8.55398,
      7.78274,
      -0.0523434
    ],
    [
      8.96055,
      7.76144,
      -0.0523434
    ],
    [
      9.36679,
      7.74616,
      0.265728
    ],
    [
      9.81863,
      7.58317,
      -0.399199
    ],
    [
      10.2699,
      7.41409,
      0.182203
    ],
    [
      10.616,
      7.2339,
      -0.560799
    ],
    [
      10.9521,
      7.02283,
      -0.560799
    ],
    [
      11.2882,
      6.81176,
      -0.560799
    ],
    [
      11.6242,
      6.60068,
      -0.560799
    ],
    [
      11.9603,
      6.38961,
      -0.560799
    ],
    [
      12.2414,
      6.13697,
      -1.65305
    ],
    [
      12.3331,
      5.75907,
      -1.31529
    ],
    [
      12.4316,
      5.38214,
      -1.31529
    ],
    [
      12.53,
      5.00521,
      -1.31529
    ],
    [
      12.6285,
      4.62828,
      -1.31529
    ],
    [
      12.727,
      4.25136,
      -1.31529
    ],
    [
      12.8254,
      3.87443,
      -1.31529
    ],
    [
      12.9239,
      3.4975,
      -1.31529
    ],
    [
      13.0223,
      3.12057,
      -1.31529
    ],
    [
      13.1249,
      2.7451,
      -1.04683
    ],
    [
      13.2262,
      2.30984,
      -1.3547
    ],
    [
      13.3221,
      1.87281,
      -1.3547
    ],
    [
      13.5,
      1.5,
      0.0
    ]
  ]
}