{
  "robot": {
    "class": "RectangleRobot",
    "radius": 0,
    "wheelbase": 0.5855543401127353,
    "max_velocity": 13.534494813430804,
    "max_steering_at_zero_v": 0.6589497645985019,
    "max_steering_at_max_v": 0.19634954084936207,
    "acceleration": 2.076522171533795,
    "mu_static": 1.2304317824494888,
    "width": 0.2577092280671331,
    "length": 0.7479459832846568,
    "collision_check_angle_res": 60
  },
  "planner": {
    "class": "Dubins_pathfinding",
    "start": [
      1.5,
      1.5,
      1.5103175897965566
    ],
    "goal": [
      13.5,
      1.5,
      0
    ],
    "bounds": [
      15,
      15
    ],
    "max_runtime": 60.0,
    "goal_threshold": 0.0,
    "solved_time": null,
    "interpolate_steps": 50
  },
  "path": [
    [
      1.5,
      1.5,
      0.0
    ],
    [
      2.01723,
      1.70459,
      0.753323
    ],
    [
      2.25456,
      2.20764,
      1.50665
    ],
    [
      2.25589,
      2.77721,
      1.57123
    ],
    [
      2.25565,
      3.34681,
      1.57123
    ],
    [
      2.2554,
      3.91641,
      1.57123
    ],
    [
      2.25516,
      4.48601,
      1.57123
    ],
    [
      2.25491,
      5.05561,
      1.57123
    ],
    [
      2.25466,
      5.62521,
      1.57123
    ],
    [
      2.31295,
      6.17464,
      1.45603
    ],
    [
      2.37624,
      6.72369,
      1.45603
    ],
    [
      2.43953,
      7.27274,
      1.45603
    ],
    [
      2.50281,
      7.82179,
      1.45603
    ],
    [
      2.58449,
      8.36732,
      1.23336
    ],
    [
      2.76185,
      8.81563,
      1.19278
    ],
    [
      2.93983,
      9.26371,
      1.1831
    ],
    [
      3.265,
      9.6541,
      0.716572
    ],
    [
      3.65279,
      9.99187,
      0.716572
    ],
    [
      3.98652,
      10.376,
      1.15182
    ],
    [
      4.37719,
      10.787,
      0.637113
    ],
    [
      4.83977,
      11.1294,
      0.637113
    ],
    [
      5.30235,
      11.4717,
      0.637113
    ],
    [
      5.76493,
      11.8141,
      0.637113
    ],
    [
      6.23155,
      12.1504,
      0.498544
    ],
    [
      6.78933,
      12.2165,
      -0.262553
    ],
    [
      7.33311,
      12.092,
      -0.22401
    ],
    [
      7.87702,
      11.9681,
      -0.22401
    ],
    [
      8.42094,
      11.8442,
      -0.22401
    ],
    [
      8.96485,
      11.7203,
      -0.22401
    ],
    [
      9.50876,
      11.5963,
      -0.22401
    ],
    [
      10.0529,
      11.4733,
      -0.175821
    ],
    [
      10.5073,
      11.207,
      -0.841697
    ],
    [
      10.8655,
      10.806,
      -0.841697
    ],
    [
      11.2237,
      10.405,
      -0.841697
    ],
    [
      11.5819,
      10.004,
      -0.841697
    ],
    [
      11.9401,
      9.60302,
      -0.841697
    ],
    [
      12.2937,
      9.1982,
      -0.968006
    ],
    [
      12.4423,
      8.54796,
      -1.50832
    ],
    [
      12.4846,
      7.87145,
      -1.50832
    ],
    [
      12.6513,
      7.22772,
      -0.922164
    ],
    [
      12.8033,
      6.72186,
      -1.63577
    ],
    [
      12.7489,
      6.18504,
      -1.6728
    ],
    [
      12.6939,
      5.64828,
      -1.6728
    ],
    [
      12.639,
      5.11151,
      -1.6728
    ],
    [
      12.584,
      4.57475,
      -1.6728
    ],
    [
      12.5291,
      4.03798,
      -1.6728
    ],
    [
      12.4741,
      3.50121,
      -1.6728
    ],
    [
      12.4279,
      2.964,
      -1.52136
    ],
    [
      12.7665,
      2.04894,
      -1.16867
    ],
    [
      13.5,
      1.5,
      0.0
    ]
  ]
}