{
  "robot": {
    "class": "RectangleRobot",
    "radius": 0,
    "wheelbase": 0.24589368104430115,
    "max_velocity": 12.863318581540224,
    "max_steering_at_zero_v": 1.023450296983154,
    "max_steering_at_max_v": 0.19634954084936207,
    "acceleration": 6.066068486016527,
    "mu_static": 0.7603915932297615,
    "width": 0.13341666713197606,
    "length": 0.5566162179677557,
    "collision_check_angle_res": 60
  },
  "planner": {
    "class": "Dubins_pathfinding",
    "start": [
      1.5,
      1.5,
      0.7201816244100787
    ],
    "goal": [
      13.5,
      1.5,
      0
    ],
    "bounds": [
      15,
      15
    ],
    "max_runtime": 60.0,
    "goal_threshold": 0.0,
    "solved_time": null,
    "interpolate_steps": 50
  },
  "path": [
    [
      1.5,
      1.5,
      0.0
    ],
    [
      1.68753,
      1.8043,
      1.35371
    ],
    [
      1.7724,
      2.18912,
      1.35371
    ],
    [
      1.85728,
      2.57393,
      1.35371
    ],
    [
      1.94216,
      2.95875,
      1.35371
    ],
    [
      2.02704,
      3.34357,
      1.35371
    ],
    [
      2.11191,
      3.72839,
      1.35371
    ],
    [
      2.19679,
      4.11321,
      1.35371
    ],
    [
      2.28167,
      4.49803,
      1.35371
    ],
    [
      2.36655,
      4.88285,
      1.35371
    ],
    [
      2.45156,
      5.26764,
      1.31122
    ],
    [
      2.64836,
      5.6532,
      1.09042
    ],
    [
      2.84852,
      6.03731,
      1.09042
    ],
    [
      3.05699,
      6.4157,
      0.722702
    ],
    [
      3.4386,
      6.627,
      0.496971
    ],
    [
      3.82228,
      6.8351,
      0.496971
    ],
    [
      4.20595,
      7.04319,
      0.496971
    ],
    [
      4.58992,
      7.25072,
      0.404474
    ],
    [
      4.97013,
      7.3369,
      0.216093
    ],
    [
      5.35107,
      7.42052,
      0.216093
    ],
    [
      5.73202,
      7.50415,
      0.216093
    ],
    [
      6.11296,
      7.58777,
      0.216093
    ],
    [
      6.4939,
      7.6714,
      0.216093
    ],
    [
      6.87484,
      7.75502,
      0.216093
    ],
    [
      7.25578,
      7.83865,
      0.216093
    ],
    [
      7.63762,
      7.91346,
      -0.128163
    ],
    [
      8.00262,
      7.83003,
      -0.226674
    ],
    [
      8.36748,
      7.74588,
      -0.226674
    ],
    [
      8.73234,
      7.66173,
      -0.226674
    ],
    [
      9.09719,
      7.57758,
      -0.226674
    ],
    [
      9.46205,
      7.49343,
      -0.226674
    ],
    [
      9.82691,
      7.40928,
      -0.226674
    ],
    [
      10.1918,
      7.32513,
      -0.226674
    ],
    [
      10.5573,
      7.24543,
      0.0185128
    ],
    [
      10.88,
      7.04421,
      -0.640051
    ],
    [
      11.1896,
      6.81369,
      -0.640051
    ],
    [
      11.4991,
      6.58317,
      -0.640051
    ],
    [
      11.8087,
      6.35264,
      -0.640051
    ],
    [
      12.1183,
      6.12212,
      -0.640051
    ],
    [
      12.2725,
      5.8229,
      -2.19778
    ],
    [
      12.3016,
      5.43918,
      -1.36852
    ],
    [
      12.381,
      5.05175,
      -1.36852
    ],
    [
      12.4605,
      4.66433,
      -1.36852
    ],
    [
      12.5399,
      4.27691,
      -1.36852
    ],
    [
      12.6194,
      3.88948,
      -1.36852
    ],
    [
      12.6989,
      3.50206,
      -1.34779
    ],
    [
      12.8783,
      2.98276,
      -1.23643
    ],
    [
      13.0586,
      2.46372,
      -1.23643
    ],
    [
      13.2389,
      1.94468,
      -1.23643
    ],
    [
      13.5,
      1.5,
      0.0
    ]
  ]
}