{
  "robot": {
    "class": "RectangleRobot",
    "radius": 0,
    "wheelbase": 0.49523527441085335,
    "max_velocity": 9.966129048116983,
    "max_steering_at_zero_v": 1.018764710469606,
    "max_steering_at_max_v": 0.19634954084936207,
    "acceleration": 7.056812387866617,
    "mu_static": 0.5931044516038511,
    "width": 0.5881651523124366,
    "length": 0.5869916104272052,
    "collision_check_angle_res": 60
  },
  "planner": {
    "class": "Dubins_pathfinding",
    "start": [
      1.5,
      1.5,
      1.3799522083345652
    ],
    "goal": [
      13.5,
      1.5,
      0
    ],
    "bounds": [
      15,
      15
    ],
    "max_runtime": 60.0,
    "goal_threshold": 0.0,
    "solved_time": null,
    "interpolate_steps": 50
  },
  "path": [
    [
      1.5,
      1.5,
      0.0
    ],
    [
      1.8142,
      1.89117,
      1.47934
    ],
    [
      1.86586,
      2.45451,
      1.47934
    ],
    [
      1.91753,
      3.01785,
      1.47934
    ],
    [
      1.96919,
      3.5812,
      1.47934
    ],
    [
      2.02086,
      4.14454,
      1.47934
    ],
    [
      2.07252,
      4.70788,
      1.47934
    ],
    [
      2.12419,
      5.27123,
      1.47934
    ],
    [
      2.17585,
      5.83457,
      1.48355
    ],
    [
      2.22054,
      6.35285,
      1.48477
    ],
    [
      2.26524,
      6.87113,
      1.48477
    ],
    [
      2.30993,
      7.38941,
      1.48477
    ],
    [
      2.35462,
      7.90769,
      1.48477
    ],
    [
      2.39932,
      8.42597,
      1.48477
    ],
    [
      2.45773,
      8.94166,
      1.18177
    ],
    [
      2.71698,
      9.37427,
      1.02335
    ],
    [
      2.97959,
      9.80507,
      1.02335
    ],
    [
      3.26189,
      10.2198,
      0.614359
    ],
    [
      3.74273,
      10.5804,
      0.643699
    ],
    [
      4.22349,
      10.9412,
      0.643699
    ],
    [
      4.70426,
      11.3019,
      0.643699
    ],
    [
      5.20204,
      11.6299,
      0.150136
    ],
    [
      5.77551,
      11.7393,
      0.189019
    ],
    [
      6.34895,
      11.849,
      0.189019
    ],
    [
      6.92239,
      11.9587,
      0.189019
    ],
    [
      7.49582,
      12.0684,
      0.189019
    ],
    [
      8.07044,
      12.1469,
      -0.264892
    ],
    [
      8.58535,
      11.9741,
      -0.32488
    ],
    [
      9.10009,
      11.8007,
      -0.32488
    ],
    [
      9.61483,
      11.6273,
      -0.32488
    ],
    [
      10.1296,
      11.454,
      -0.32488
    ],
    [
      10.637,
      11.2649,
      -0.662127
    ],
    [
      11.139,
      10.8484,
      -0.692839
    ],
    [
      11.6409,
      10.4317,
      -0.692839
    ],
    [
      12.1343,
      10.0066,
      -0.973648
    ],
    [
      12.3221,
      9.45054,
      -1.26744
    ],
    [
      12.4978,
      8.88936,
      -1.26744
    ],
    [
      12.6835,
      8.33236,
      -0.999325
    ],
    [
      12.7562,
      7.82042,
      -1.50322
    ],
    [
      12.7914,
      7.29951,
      -1.50322
    ],
    [
      12.8267,
      6.77861,
      -1.50322
    ],
    [
      12.8619,
      6.2577,
      -1.50322
    ],
    [
      12.8982,
      5.73689,
      -1.4201
    ],
    [
      12.9464,
      5.10701,
      -1.49591
    ],
    [
      12.9936,
      4.47704,
      -1.49591
    ],
    [
      13.0409,
      3.84707,
      -1.49591
    ],
    [
      13.0882,
      3.21711,
      -1.49591
    ],
    [
      13.1354,
      2.58714,
      -1.49591
    ],
    [
      13.1827,
      1.95717,
      -1.49591
    ],
    [
      13.5,
      1.5,
      0.0
    ]
  ]
}