{
  "robot": {
    "class": "RectangleRobot",
    "radius": 0,
    "wheelbase": 0.4235998504356741,
    "max_velocity": 11.247064299635,
    "max_steering_at_zero_v": 0.7597555888828698,
    "max_steering_at_max_v": 0.19634954084936207,
    "acceleration": 5.843930483773064,
    "mu_static": 0.17373193107056553,
    "width": 0.1915630607700839,
    "length": 0.680161612631586,
    "collision_check_angle_res": 60
  },
  "planner": {
    "class": "Dubins_pathfinding",
    "start": [
      1.5,
      1.5,
      0.7019817245693946
    ],
    "goal": [
      13.5,
      1.5,
      0
    ],
    "bounds": [
      15,
      15
    ],
    "max_runtime": 60.0,
    "goal_threshold": 0.0,
    "solved_time": null,
    "interpolate_steps": 50
  },
  "path": [
    [
      1.5,
      1.5,
      0.0
    ],
    [
      1.90669,
      1.76306,
      1.14828
    ],
    [
      1.96986,
      2.26866,
      1.50014
    ],
    [
      2.00601,
      2.7794,
      1.50014
    ],
    [
      2.04216,
      3.29015,
      1.50014
    ],
    [
      2.0783,
      3.80089,
      1.50014
    ],
    [
      2.11445,
      4.31163,
      1.50014
    ],
    [
      2.1506,
      4.82238,
      1.50014
    ],
    [
      2.19185,
      5.3325,
      1.34828
    ],
    [
      2.26018,
      5.87309,
      1.44922
    ],
    [
      2.32627,
      6.41403,
      1.44922
    ],
    [
      2.39237,
      6.95498,
      1.44922
    ],
    [
      2.45846,
      7.49592,
      1.44922
    ],
    [
      2.52455,
      8.03686,
      1.44922
    ],
    [
      2.59286,
      8.57746,
      1.34872
    ],
    [
      2.8807,
      8.98556,
      0.845674
    ],
    [
      3.21608,
      9.36402,
      0.845674
    ],
    [
      3.55146,
      9.74247,
      0.845674
    ],
    [
      3.88683,
      10.1209,
      0.845674
    ],
    [
      4.22236,
      10.4992,
      0.815751
    ],
    [
      4.73824,
      10.9762,
      0.0351262
    ],
    [
      5.30273,
      11.1713,
      0.375626
    ],
    [
      5.86053,
      11.3913,
      0.388577
    ],
    [
      6.40909,
      11.5627,
      0.299847
    ],
    [
      6.95822,
      11.7325,
      0.299847
    ],
    [
      7.5121,
      11.8772,
      -0.0393595
    ],
    [
      8.01907,
      11.8296,
      -0.0949372
    ],
    [
      8.52598,
      11.7813,
      -0.0949372
    ],
    [
      9.03289,
      11.733,
      -0.0949372
    ],
    [
      9.46811,
      11.5154,
      -1.01402
    ],
    [
      9.91323,
      11.1432,
      -0.64436
    ],
    [
      10.3794,
      10.793,
      -0.64436
    ],
    [
      10.8456,
      10.4427,
      -0.64436
    ],
    [
      11.3118,
      10.0924,
      -0.64436
    ],
    [
      11.7641,
      9.7271,
      -0.948034
    ],
    [
      12.0901,
      9.15176,
      -1.28806
    ],
    [
      12.2253,
      8.62056,
      -1.32195
    ],
    [
      12.3603,
      8.0893,
      -1.32195
    ],
    [
      12.4953,
      7.55804,
      -1.32195
    ],
    [
      12.6303,
      7.02677,
      -1.32195
    ],
    [
      12.7654,
      6.49553,
      -1.30475
    ],
    [
      12.8155,
      5.9686,
      -1.49057
    ],
    [
      12.8579,
      5.44059,
      -1.49057
    ],
    [
      12.9004,
      4.91257,
      -1.49057
    ],
    [
      12.9428,
      4.38456,
      -1.49057
    ],
    [
      12.9853,
      3.85654,
      -1.49057
    ],
    [
      13.0151,
      3.32852,
      -1.7289
    ],
    [
      13.0305,
      2.63447,
      -1.53685
    ],
    [
      13.054,
      1.94017,
      -1.53685
    ],
    [
      13.5,
      1.5,
      0.0
    ]
  ]
}