{
  "robot": {
    "class": "RectangleRobot",
    "radius": 0,
    "wheelbase": 0.14674753359244985,
    "max_velocity": 18.51704757562362,
    "max_steering_at_zero_v": 0.5680222045552966,
    "max_steering_at_max_v": 0.19634954084936207,
    "acceleration": 8.191758027687841,
    "mu_static": 0.769457175941805,
    "width": 0.5818706337501008,
    "length": 0.335772979090732,
    "collision_check_angle_res": 60
  },
  "planner": {
    "class": "Dubins_pathfinding",
    "start": [
      1.5,
      1.5,
      0.6220513221832112
    ],
    "goal": [
      13.5,
      1.5,
      0
    ],
    "bounds": [
      15,
      15
    ],
    "max_runtime": 60.0,
    "goal_threshold": 0.0,
    "solved_time": null,
    "interpolate_steps": 50
  },
  "path": [
    [
      1.5,
      1.5,
      0.0
    ],
    [
      1.74373,
      1.91376,
      1.49915
    ],
    [
      1.78278,
      2.45787,
      1.49915
    ],
    [
      1.82184,
      3.00198,
      1.49915
    ],
    [
      1.86089,
      3.54609,
      1.49915
    ],
    [
      1.89994,
      4.0902,
      1.49915
    ],
    [
      1.93899,
      4.63431,
      1.49915
    ],
    [
      1.97741,
      5.17846,
      1.57394
    ],
    [
      2.04155,
      5.7081,
      1.4468
    ],
    [
      2.10754,
      6.23759,
      1.4468
    ],
    [
      2.17353,
      6.76708,
      1.4468
    ],
    [
      2.23952,
      7.29657,
      1.4468
    ],
    [
      2.30552,
      7.82606,
      1.4468
    ],
    [
      2.37147,
      8.35555,
      1.46429
    ],
    [
      2.59735,
      8.88617,
      1.14865
    ],
    [
      2.83408,
      9.41324,
      1.14865
    ],
    [
      3.15221,
      9.86385,
      0.149316
    ],
    [
      3.56322,
      10.1711,
      0.710736
    ],
    [
      3.93488,
      10.5272,
      1.20451
    ],
    [
      4.44033,
      10.9178,
      0.59239
    ],
    [
      4.97624,
      11.2784,
      0.59239
    ],
    [
      5.52885,
      11.5978,
      -0.0333973
    ],
    [
      6.10474,
      11.7597,
      0.29443
    ],
    [
      6.67586,
      11.94,
      0.538336
    ],
    [
      7.15982,
      11.974,
      0.004246
    ],
    [
      7.64967,
      11.9761,
      0.004246
    ],
    [
      8.13952,
      11.9782,
      0.004246
    ],
    [
      8.62937,
      11.9803,
      0.004246
    ],
    [
      9.11386,
      11.9513,
      -0.521671
    ],
    [
      9.5444,
      11.6618,
      -0.59309
    ],
    [
      9.97463,
      11.3718,
      -0.59309
    ],
    [
      10.4049,
      11.0818,
      -0.59309
    ],
    [
      10.8351,
      10.7918,
      -0.59309
    ],
    [
      11.2653,
      10.5018,
      -0.59309
    ],
    [
      11.6943,
      10.2101,
      -0.730383
    ],
    [
      11.9871,
      9.76348,
      -1.00678
    ],
    [
      12.273,
      9.31155,
      -1.00678
    ],
    [
      12.5382,
      8.85051,
      -1.45049
    ],
    [
      12.5979,
      8.26283,
      -1.46965
    ],
    [
      12.6576,
      7.67515,
      -1.46965
    ],
    [
      12.7172,
      7.08747,
      -1.46965
    ],
    [
      12.7769,
      6.49978,
      -1.46965
    ],
    [
      12.8365,
      5.9121,
      -1.46965
    ],
    [
      12.8989,
      5.32484,
      -1.31325
    ],
    [
      12.9579,
      4.79936,
      -1.46404
    ],
    [
      13.0142,
      4.27346,
      -1.46404
    ],
    [
      13.0706,
      3.74756,
      -1.46404
    ],
    [
      13.1269,
      3.22166,
      -1.46404
    ],
    [
      13.1825,
      2.6957,
      -1.54545
    ],
    [
      13.5,
      1.5,
      0.0
    ]
  ]
}