{
  "robot": {
    "class": "RectangleRobot",
    "radius": 0,
    "wheelbase": 0.40957754188995693,
    "max_velocity": 6.182026642300169,
    "max_steering_at_zero_v": 0.6051929214264917,
    "max_steering_at_max_v": 0.19634954084936207,
    "acceleration": 7.075208317991959,
    "mu_static": 0.7771863065144788,
    "width": 0.19266761043536992,
    "length": 0.4830683361182274,
    "collision_check_angle_res": 60
  },
  "planner": {
    "class": "Dubins_pathfinding",
    "start": [
      1.5,
      1.5,
      1.157237897822334
    ],
    "goal": [
      13.5,
      1.5,
      0
    ],
    "bounds": [
      15,
      15
    ],
    "max_runtime": 60.0,
    "goal_threshold": 0.0,
    "solved_time": null,
    "interpolate_steps": 50
  },
  "path": [
    [
      1.5,
      1.5,
      0.0
    ],
    [
      1.99238,
      1.76328,
      0.98205
    ],
    [
      2.11179,
      2.32413,
      1.49355
    ],
    [
      2.15666,
      2.90382,
      1.49355
    ],
    [
      2.20153,
      3.48352,
      1.49355
    ],
    [
      2.2464,
      4.06322,
      1.49355
    ],
    [
      2.297,
      4.6422,
      1.35383
    ],
    [
      2.35346,
      5.18284,
      1.47469
    ],
    [
      2.40563,
      5.72406,
      1.47469
    ],
    [
      2.45781,
      6.26529,
      1.47469
    ],
    [
      2.50999,
      6.80652,
      1.47469
    ],
    [
      2.56216,
      7.34774,
      1.47469
    ],
    [
      2.61434,
      7.88897,
      1.47469
    ],
    [
      2.65196,
      8.43052,
      1.69658
    ],
    [
      2.80364,
      8.95347,
      1.09882
    ],
    [
      3.05617,
      9.44819,
      1.09882
    ],
    [
      3.41434,
      9.85378,
      0.410992
    ],
    [
      3.88706,
      10.1739,
      0.617254
    ],
    [
      4.35322,
      10.5048,
      0.617254
    ],
    [
      4.81938,
      10.8356,
      0.617254
    ],
    [
      5.28554,
      11.1665,
      0.617254
    ],
    [
      5.75252,
      11.4962,
      0.547126
    ],
    [
      6.14234,
      11.6256,
      0.262762
    ],
    [
      6.53927,
      11.7368,
      0.382011
    ],
    [
      7.14608,
      11.8119,
      0.0791513
    ],
    [
      7.75774,
      11.8604,
      0.0791513
    ],
    [
      8.3694,
      11.9089,
      0.0648221
    ],
    [
      8.89665,
      11.652,
      -0.971535
    ],
    [
      9.30024,
      11.3752,
      -0.422234
    ],
    [
      9.75422,
      11.1713,
      -0.422234
    ],
    [
      10.2082,
      10.9673,
      -0.422234
    ],
    [
      10.6622,
      10.7634,
      -0.422234
    ],
    [
      11.1162,
      10.5594,
      -0.422234
    ],
    [
      11.5697,
      10.3546,
      -0.480347
    ],
    [
      11.8954,
      9.88429,
      -1.29995
    ],
    [
      12.054,
      9.31312,
      -1.29995
    ],
    [
      12.2126,
      8.74195,
      -1.29995
    ],
    [
      12.3712,
      8.17078,
      -1.29995
    ],
    [
      12.408,
      7.59279,
      -1.94548
    ],
    [
      12.399,
      7.04536,
      -1.46394
    ],
    [
      12.4581,
      6.49428,
      -1.46394
    ],
    [
      12.5173,
      5.94321,
      -1.46394
    ],
    [
      12.5764,
      5.39213,
      -1.46394
    ],
    [
      12.6355,
      4.84106,
      -1.46394
    ],
    [
      12.6946,
      4.28998,
      -1.46394
    ],
    [
      12.7537,
      3.73891,
      -1.46394
    ],
    [
      12.7949,
      3.18739,
      -1.70999
    ],
    [
      12.8545,
      2.51387,
      -1.45414
    ],
    [
      12.961,
      1.84715,
      -1.14433
    ],
    [
      13.5,
      1.5,
      0.0
    ]
  ]
}