{
  "robot": {
    "class": "RectangleRobot",
    "radius": 0,
    "wheelbase": 0.39509726161140357,
    "max_velocity": 15.597756141422066,
    "max_steering_at_zero_v": 0.775702510740344,
    "max_steering_at_max_v": 0.19634954084936207,
    "acceleration": 6.227189753609416,
    "mu_static": 1.7065334362594682,
    "width": 0.5285705331807553,
    "length": 0.5937842342532265,
    "collision_check_angle_res": 60
  },
  "planner": {
    "class": "Dubins_pathfinding",
    "start": [
      1.5,
      1.5,
      0.3305731270163102
    ],
    "goal": [
      13.5,
      1.5,
      0
    ],
    "bounds": [
      15,
      15
    ],
    "max_runtime": 60.0,
    "goal_threshold": 0.0,
    "solved_time": null,
    "interpolate_steps": 50
  },
  "path": [
    [
      1.5,
      1.5,
      0.0
    ],
    [
      1.89955,
      1.8515,
      1.44301
    ],
    [
      1.95278,
      2.43034,
      1.47956
    ],
    [
      2.00574,
      3.00922,
      1.47956
    ],
    [
      2.05871,
      3.58809,
      1.47956
    ],
    [
      2.11167,
      4.16696,
      1.47956
    ],
    [
      2.16491,
      4.74581,
      1.44231
    ],
    [
      2.22263,
      5.30307,
      1.46783
    ],
    [
      2.28022,
      5.86035,
      1.46783
    ],
    [
      2.33718,
      6.41768,
      1.52338
    ],
    [
      2.39695,
      7.02673,
      1.47212
    ],
    [
      2.45724,
      7.63573,
      1.47212
    ],
    [
      2.51753,
      8.24474,
      1.47212
    ],
    [
      2.57838,
      8.85368,
      1.41946
    ],
    [
      2.73621,
      9.42777,
      0.779051
    ],
    [
      3.09833,
      9.79578,
      0.793552
    ],
    [
      3.46041,
      10.1638,
      0.793552
    ],
    [
      3.82242,
      10.5319,
      0.816308
    ],
    [
      4.24396,
      10.8924,
      0.702765
    ],
    [
      4.66726,
      11.2509,
      0.702765
    ],
    [
      5.09581,
      11.6023,
      0.492463
    ],
    [
      5.58249,
      11.7945,
      0.370348
    ],
    [
      6.07036,
      11.9839,
      0.370348
    ],
    [
      6.55823,
      12.1733,
      0.370348
    ],
    [
      7.04611,
      12.3627,
      0.370348
    ],
    [
      7.53361,
      12.5531,
      0.439735
    ],
    [
      8.07597,
      12.4417,
      -0.514025
    ],
    [
      8.58333,
      12.1553,
      -0.514025
    ],
    [
      9.09069,
      11.8688,
      -0.514025
    ],
    [
      9.59805,
      11.5823,
      -0.514025
    ],
    [
      10.1054,
      11.2958,
      -0.514025
    ],
    [
      10.6123,
      11.0085,
      -0.584517
    ],
    [
      11.1333,
      10.6355,
      -0.621614
    ],
    [
      11.6543,
      10.2624,
      -0.621614
    ],
    [
      12.156,
      9.86845,
      -0.99713
    ],
    [
      12.3305,
      9.40268,
      -1.23509
    ],
    [
      12.4946,
      8.93232,
      -1.23509
    ],
    [
      12.6587,
      8.46195,
      -1.23509
    ],
    [
      12.8644,
      8.01416,
      -0.748959
    ],
    [
      12.9918,
      7.50916,
      -1.57655
    ],
    [
      12.9886,
      6.96814,
      -1.57655
    ],
    [
      12.9855,
      6.42711,
      -1.57655
    ],
    [
      12.9824,
      5.88609,
      -1.57655
    ],
    [
      12.9793,
      5.34506,
      -1.57655
    ],
    [
      12.9762,
      4.80404,
      -1.57655
    ],
    [
      12.9752,
      4.26307,
      -1.4739
    ],
    [
      13.014,
      3.51505,
      -1.51957
    ],
    [
      13.0523,
      2.76699,
      -1.51957
    ],
    [
      13.0907,
      2.01893,
      -1.51957
    ],
    [
      13.5,
      1.5,
      0.0
    ]
  ]
}