{
  "robot": {
    "class": "RectangleRobot",
    "radius": 0,
    "wheelbase": 0.3608381107223953,
    "max_velocity": 11.201576605798582,
    "max_steering_at_zero_v": 0.6057443870557915,
    "max_steering_at_max_v": 0.19634954084936207,
    "acceleration": 5.417800351136192,
    "mu_static": 2.1556018646205795,
    "width": 0.46660425983962683,
    "length": 0.8921281336046368,
    "collision_check_angle_res": 60
  },
  "planner": {
    "class": "Dubins_pathfinding",
    "start": [
      1.5,
      1.5,
      0.3140522821310872
    ],
    "goal": [
      13.5,
      1.5,
      0
    ],
    "bounds": [
      15,
      15
    ],
    "max_runtime": 60.0,
    "goal_threshold": 0.0,
    "solved_time": null,
    "interpolate_steps": 50
  },
  "path": [
    [
      1.5,
      1.5,
      0.0
    ],
    [
      1.95711,
      1.77103,
      1.07039
    ],
    [
      2.0491,
      2.31668,
      1.4828
    ],
    [
      2.09811,
      2.87219,
      1.4828
    ],
    [
      2.14712,
      3.42769,
      1.4828
    ],
    [
      2.19614,
      3.9832,
      1.4828
    ],
    [
      2.24409,
      4.53877,
      1.54655
    ],
    [
      2.28237,
      5.08538,
      1.49984
    ],
    [
      2.32122,
      5.63196,
      1.49984
    ],
    [
      2.36007,
      6.17853,
      1.49984
    ],
    [
      2.39892,
      6.72511,
      1.49984
    ],
    [
      2.43777,
      7.27169,
      1.49984
    ],
    [
      2.47644,
      7.81827,
      1.52623
    ],
    [
      2.49364,
      8.44122,
      1.54331
    ],
    [
      2.51087,
      9.06416,
      1.52323
    ],
    [
      2.86389,
      9.53275,
      0.327077
    ],
    [
      3.33318,
      9.93313,
      0.798629
    ],
    [
      3.76802,
      10.3796,
      0.798629
    ],
    [
      4.20286,
      10.8261,
      0.798629
    ],
    [
      4.62761,
      11.2811,
      1.02346
    ],
    [
      5.04243,
      11.5523,
      0.342509
    ],
    [
      5.5215,
      11.7232,
      0.342509
    ],
    [
      5.99415,
      11.9082,
      0.587493
    ],
    [
      6.53342,
      11.9975,
      0.00770061
    ],
    [
      7.09,
      12.0018,
      0.00770061
    ],
    [
      7.64657,
      12.0061,
      0.00770061
    ],
    [
      8.20314,
      12.0104,
      0.00770061
    ],
    [
      8.75789,
      11.9937,
      -0.276404
    ],
    [
      9.14593,
      11.8372,
      -0.391736
    ],
    [
      9.53271,
      11.6773,
      -0.415926
    ],
    [
      9.93336,
      11.3976,
      -0.634796
    ],
    [
      10.3274,
      11.1074,
      -0.634796
    ],
    [
      10.7226,
      10.819,
      -0.545237
    ],
    [
      11.1433,
      10.4519,
      -0.733876
    ],
    [
      11.5584,
      10.0776,
      -0.733876
    ],
    [
      11.9734,
      9.70328,
      -0.733876
    ],
    [
      12.3884,
      9.32896,
      -0.733876
    ],
    [
      12.5509,
      8.82189,
      -1.79693
    ],
    [
      12.5684,
      8.29269,
      -1.49272
    ],
    [
      12.6098,
      7.76294,
      -1.49272
    ],
    [
      12.6512,
      7.23318,
      -1.49272
    ],
    [
      12.6926,
      6.70341,
      -1.51527
    ],
    [
      12.7131,
      6.08377,
      -1.53791
    ],
    [
      12.7335,
      5.46412,
      -1.53791
    ],
    [
      12.7538,
      4.84448,
      -1.53791
    ],
    [
      12.7742,
      4.22483,
      -1.53791
    ],
    [
      12.7946,
      3.60519,
      -1.53791
    ],
    [
      12.815,
      2.98554,
      -1.53791
    ],
    [
      12.8486,
      2.36733,
      -1.31204
    ],
    [
      13.5,
      1.5,
      0.0
    ]
  ]
}