{
  "robot": {
    "class": "RectangleRobot",
    "radius": 0,
    "wheelbase": 0.11628741302054711,
    "max_velocity": 19.923466458049198,
    "max_steering_at_zero_v": 0.8270719766387757,
    "max_steering_at_max_v": 0.19634954084936207,
    "acceleration": 9.614148980656175,
    "mu_static": 0.5070798323758798,
    "width": 0.3297676503489133,
    "length": 0.19570203455663854,
    "collision_check_angle_res": 60
  },
  "planner": {
    "class": "Dubins_pathfinding",
    "start": [
      1.5,
      1.5,
      0.7017305815523934
    ],
    "goal": [
      13.5,
      1.5,
      0
    ],
    "bounds": [
      15,
      15
    ],
    "max_runtime": 60.0,
    "goal_threshold": 0.0,
    "solved_time": null,
    "interpolate_steps": 50
  },
  "path": [
    [
      1.5,
      1.5,
      0.0
    ],
    [
      1.65569,
      1.93866,
      1.42821
    ],
    [
      1.7272,
      2.43678,
      1.42821
    ],
    [
      1.79872,
      2.9349,
      1.42821
    ],
    [
      1.87023,
      3.43302,
      1.42821
    ],
    [
      1.94174,
      3.93114,
      1.42821
    ],
    [
      2.01325,
      4.42926,
      1.42821
    ],
    [
      2.08474,
      4.92739,
      1.44932
    ],
    [
      2.15974,
      5.48366,
      1.43676
    ],
    [
      2.23475,
      6.03993,
      1.43676
    ],
    [
      2.30982,
      6.59619,
      1.40502
    ],
    [
      2.36997,
      7.1615,
      1.46512
    ],
    [
      2.42994,
      7.72684,
      1.46512
    ],
    [
      2.48991,
      8.29218,
      1.46512
    ],
    [
      2.55166,
      8.85721,
      1.28072
    ],
    [
      2.9038,
      9.23822,
      0.801536
    ],
    [
      3.26593,
      9.61224,
      0.801536
    ],
    [
      3.62807,
      9.98625,
      0.801536
    ],
    [
      3.99021,
      10.3603,
      0.811882
    ],
    [
      4.39744,
      10.6312,
      0.581284
    ],
    [
      4.80642,
      10.8999,
      0.581284
    ],
    [
      5.21338,
      11.1712,
      0.828785
    ],
    [
      5.68318,
      11.3559,
      0.350929
    ],
    [
      6.15891,
      11.5301,
      0.350929
    ],
    [
      6.63464,
      11.7043,
      0.350929
    ],
    [
      7.11298,
      11.8409,
      -0.495388
    ],
    [
      7.66719,
      11.8142,
      -0.0275392
    ],
    [
      8.21787,
      11.7765,
      -0.6881
    ],
    [
      8.67656,
      11.6148,
      -0.324465
    ],
    [
      9.13829,
      11.4595,
      -0.324465
    ],
    [
      9.60025,
      11.305,
      -0.198505
    ],
    [
      10.0167,
      11.0748,
      -0.516328
    ],
    [
      10.4311,
      10.8396,
      -0.516328
    ],
    [
      10.8269,
      10.5846,
      -1.23285
    ],
    [
      11.2697,
      10.1146,
      -0.799883
    ],
    [
      11.7205,
      9.6505,
      -0.799883
    ],
    [
      12.1714,
      9.18637,
      -0.791677
    ],
    [
      12.2914,
      8.63307,
      -1.39011
    ],
    [
      12.3938,
      8.07275,
      -1.39011
    ],
    [
      12.4961,
      7.51242,
      -1.39011
    ],
    [
      12.5985,
      6.95209,
      -1.39011
    ],
    [
      12.7008,
      6.39176,
      -1.39011
    ],
    [
      12.8032,
      5.83144,
      -1.39011
    ],
    [
      12.9056,
      5.27111,
      -1.39011
    ],
    [
      13.0079,
      4.71078,
      -1.39011
    ],
    [
      13.089,
      4.05667,
      -1.44767
    ],
    [
      13.17,
      3.40254,
      -1.44767
    ],
    [
      13.2509,
      2.74841,
      -1.44767
    ],
    [
      13.3319,
      2.09428,
      -1.44767
    ],
    [
      13.5,
      1.5,
      0.0
    ]
  ]
}