{
  "robot": {
    "class": "RectangleRobot",
    "radius": 0,
    "wheelbase": 0.364314458142874,
    "max_velocity": 9.947953372828417,
    "max_steering_at_zero_v": 0.7088199137671879,
    "max_steering_at_max_v": 0.19634954084936207,
    "acceleration": 2.0866212037099405,
    "mu_static": 0.6242570290949905,
    "width": 0.7287434489327459,
    "length": 0.3873847483555133,
    "collision_check_angle_res": 60
  },
  "planner": {
    "class": "Dubins_pathfinding",
    "start": [
      1.5,
      1.5,
      0.633519918764367
    ],
    "goal": [
      13.5,
      1.5,
      0
    ],
    "bounds": [
      15,
      15
    ],
    "max_runtime": 60.0,
    "goal_threshold": 0.0,
    "solved_time": null,
    "interpolate_steps": 50
  },
  "path": [
    [
      1.5,
      1.5,
      0.0
    ],
    [
      1.91367,
      1.82795,
      1.34065
    ],
    [
      1.96668,
      2.39488,
      1.48536
    ],
    [
      2.01528,
      2.9624,
      1.48536
    ],
    [
      2.06389,
      3.52992,
      1.48536
    ],
    [
      2.11249,
      4.09745,
      1.48536
    ],
    [
      2.1611,
      4.66497,
      1.48536
    ],
    [
      2.2097,
      5.23249,
      1.48536
    ],
    [
      2.25831,
      5.80001,
      1.48536
    ],
    [
      2.30765,
      6.35754,
      1.48252
    ],
    [
      2.357,
      6.91506,
      1.48252
    ],
    [
      2.40635,
      7.47259,
      1.48252
    ],
    [
      2.45569,
      8.03011,
      1.48252
    ],
    [
      2.50504,
      8.58764,
      1.48252
    ],
    [
      2.55434,
      9.14517,
      1.49713
    ],
    [
      2.89785,
      9.63571,
      0.78803
    ],
    [
      3.33133,
      10.0715,
      0.78803
    ],
    [
      3.76482,
      10.5073,
      0.78803
    ],
    [
      4.1983,
      10.943,
      0.78803
    ],
    [
      4.65122,
      11.3537,
      0.400626
    ],
    [
      5.25501,
      11.6361,
      0.438013
    ],
    [
      5.87725,
      11.84,
      -0.182966
    ],
    [
      6.34815,
      11.8919,
      0.163051
    ],
    [
      6.81785,
      11.9692,
      0.163051
    ],
    [
      7.28754,
      12.0465,
      0.163051
    ],
    [
      7.75601,
      12.1293,
      0.326826
    ],
    [
      8.33767,
      12.0244,
      -0.327472
    ],
    [
      8.90948,
      11.8301,
      -0.327472
    ],
    [
      9.48541,
      11.6534,
      -0.0362408
    ],
    [
      9.95625,
      11.4327,
      -0.540037
    ],
    [
      10.4076,
      11.1621,
      -0.540037
    ],
    [
      10.859,
      10.8915,
      -0.540037
    ],
    [
      11.3104,
      10.6209,
      -0.540037
    ],
    [
      11.7617,
      10.3503,
      -0.540037
    ],
    [
      12.1286,
      9.99613,
      -1.29403
    ],
    [
      12.3097,
      9.60031,
      -1.12835
    ],
    [
      12.4973,
      9.20724,
      -1.05264
    ],
    [
      12.5556,
      8.73498,
      -1.561
    ],
    [
      12.5266,
      8.25721,
      -1.96201
    ],
    [
      12.5925,
      7.663,
      -1.31722
    ],
    [
      12.7307,
      7.06971,
      -1.5838
    ],
    [
      12.7601,
      6.44864,
      -1.52218
    ],
    [
      12.7903,
      5.82759,
      -1.52218
    ],
    [
      12.8206,
      5.20653,
      -1.52218
    ],
    [
      12.8508,
      4.58548,
      -1.52218
    ],
    [
      12.881,
      3.96443,
      -1.52218
    ],
    [
      12.9112,
      3.34338,
      -1.52218
    ],
    [
      12.9405,
      2.72231,
      -1.58716
    ],
    [
      13.0572,
      1.99391,
      -1.40205
    ],
    [
      13.5,
      1.5,
      0.0
    ]
  ]
}