{
  "robot": {
    "class": "RectangleRobot",
    "radius": 0,
    "wheelbase": 0.09607932815612114,
    "max_velocity": 13.000433645375917,
    "max_steering_at_zero_v": 1.023438335211246,
    "max_steering_at_max_v": 0.19634954084936207,
    "acceleration": 7.324469967604321,
    "mu_static": 1.624335276982294,
    "width": 0.5115022231165496,
    "length": 0.23900392937583698,
    "collision_check_angle_res": 60
  },
  "planner": {
    "class": "Dubins_pathfinding",
    "start": [
      1.5,
      1.5,
      0.1386034593510904
    ],
    "goal": [
      13.5,
      1.5,
      0
    ],
    "bounds": [
      15,
      15
    ],
    "max_runtime": 60.0,
    "goal_threshold": 0.0,
    "solved_time": null,
    "interpolate_steps": 50
  },
  "path": [
    [
      1.5,
      1.5,
      0.0
    ],
    [
      1.62099,
      2.02751,
      1.43951
    ],
    [
      1.69496,
      2.58769,
      1.43951
    ],
    [
      1.76892,
      3.14788,
      1.43951
    ],
    [
      1.84288,
      3.70807,
      1.46019
    ],
    [
      1.91286,
      4.24228,
      1.44052
    ],
    [
      1.98285,
      4.77649,
      1.44052
    ],
    [
      2.05284,
      5.31071,
      1.44052
    ],
    [
      2.12283,
      5.84492,
      1.44052
    ],
    [
      2.19282,
      6.37913,
      1.44052
    ],
    [
      2.2631,
      6.9133,
      1.34062
    ],
    [
      2.32463,
      7.41302,
      1.44897
    ],
    [
      2.38582,
      7.91279,
      1.44897
    ],
    [
      2.45599,
      8.40967,
      0.878464
    ],
    [
      2.72736,
      8.97085,
      1.12319
    ],
    [
      3.01305,
      9.5186,
      0.260356
    ],
    [
      3.43114,
      9.9305,
      0.791706
    ],
    [
      3.84449,
      10.3491,
      0.791706
    ],
    [
      4.25919,
      10.7661,
      0.524526
    ],
    [
      4.73477,
      11.0422,
      1.00416
    ],
    [
      5.14139,
      11.2387,
      0.42929
    ],
    [
      5.55358,
      11.4274,
      0.42929
    ],
    [
      5.96632,
      11.6146,
      0.197212
    ],
    [
      6.50854,
      11.7148,
      0.182732
    ],
    [
      7.05077,
      11.815,
      0.182732
    ],
    [
      7.59265,
      11.9165,
      0.399469
    ],
    [
      8.0986,
      11.8178,
      -0.213414
    ],
    [
      8.60445,
      11.7081,
      -0.213414
    ],
    [
      9.10822,
      11.593,
      -0.661633
    ],
    [
      9.69845,
      11.3316,
      -0.414217
    ],
    [
      10.2785,
      11.0579,
      -1.19815
    ],
    [
      10.658,
      10.7504,
      -0.664324
    ],
    [
      11.0437,
      10.4484,
      -0.664324
    ],
    [
      11.4187,
      10.1378,
      -1.35175
    ],
    [
      11.7636,
      9.72271,
      -0.864953
    ],
    [
      12.1143,
      9.31118,
      -0.864953
    ],
    [
      12.4576,
      8.89532,
      -1.41091
    ],
    [
      12.5586,
      8.29166,
      -1.40497
    ],
    [
      12.6597,
      7.688,
      -1.40497
    ],
    [
      12.7607,
      7.08434,
      -1.41773
    ],
    [
      12.8369,
      6.57985,
      -1.42097
    ],
    [
      12.913,
      6.07535,
      -1.42097
    ],
    [
      12.9892,
      5.57086,
      -1.42097
    ],
    [
      13.0653,
      5.06637,
      -1.42097
    ],
    [
      13.1415,
      4.56188,
      -1.42097
    ],
    [
      13.217,
      4.05732,
      -1.56578
    ],
    [
      13.275,
      3.40972,
      -1.48124
    ],
    [
      13.3331,
      2.76212,
      -1.48124
    ],
    [
      13.3913,
      2.11453,
      -1.48124
    ],
    [
      13.5,
      1.5,
      0.0
    ]
  ]
}