{
  "robot": {
    "class": "RectangleRobot",
    "radius": 0,
    "wheelbase": 0.23712771639992575,
    "max_velocity": 11.396164842803472,
    "max_steering_at_zero_v": 0.47149508263491846,
    "max_steering_at_max_v": 0.19634954084936207,
    "acceleration": 7.711801236765949,
    "mu_static": 2.250637921313663,
    "width": 0.514331882226894,
    "length": 0.4613677076239473,
    "collision_check_angle_res": 60
  },
  "planner": {
    "class": "Dubins_pathfinding",
    "start": [
      1.5,
      1.5,
      0.15983478909395823
    ],
    "goal": [
      13.5,
      1.5,
      0
    ],
    "bounds": [
      15,
      15
    ],
    "max_runtime": 60.0,
    "goal_threshold": 0.0,
    "solved_time": null,
    "interpolate_steps": 50
  },
  "path": [
    [
      1.5,
      1.5,
      0.0
    ],
    [
      1.96136,
      1.9063,
      1.44404
    ],
    [
      2.00182,
      2.57634,
      1.6703
    ],
    [
      2.02243,
      3.12768,
      1.52447
    ],
    [
      2.04799,
      3.67903,
      1.52447
    ],
    [
      2.07355,
      4.23038,
      1.52447
    ],
    [
      2.09911,
      4.78173,
      1.52447
    ],
    [
      2.12467,
      5.33308,
      1.52447
    ],
    [
      2.15023,
      5.88443,
      1.52447
    ],
    [
      2.21708,
      6.42792,
      1.09826
    ],
    [
      2.29205,
      6.92484,
      1.49189
    ],
    [
      2.33194,
      7.42924,
      1.49189
    ],
    [
      2.37182,
      7.93365,
      1.49189
    ],
    [
      2.41171,
      8.43805,
      1.49189
    ],
    [
      2.48982,
      8.93407,
      1.08068
    ],
    [
      2.81737,
      9.34874,
      0.885533
    ],
    [
      3.15212,
      9.75826,
      0.885533
    ],
    [
      3.4916,
      10.1635,
      0.719326
    ],
    [
      3.93867,
      10.564,
      0.730575
    ],
    [
      4.38572,
      10.9645,
      0.730575
    ],
    [
      4.83278,
      11.365,
      0.730575
    ],
    [
      5.34732,
      11.629,
      -0.0864097
    ],
    [
      5.80992,
      11.7132,
      0.228937
    ],
    [
      6.26934,
      11.8216,
      0.303609
    ],
    [
      6.90924,
      11.9984,
      0.26909
    ],
    [
      7.54921,
      12.1749,
      0.26909
    ],
    [
      8.19182,
      12.3374,
      0.02136
    ],
    [
      8.77016,
      12.232,
      -0.396363
    ],
    [
      9.24778,
      11.8959,
      -0.636019
    ],
    [
      9.71835,
      11.5484,
      -0.636019
    ],
    [
      10.1889,
      11.201,
      -0.636019
    ],
    [
      10.6595,
      10.8535,
      -0.636019
    ],
    [
      11.1301,
      10.506,
      -0.636019
    ],
    [
      11.6007,
      10.1586,
      -0.636019
    ],
    [
      12.0225,
      9.76521,
      -1.17477
    ],
    [
      12.2372,
      9.30479,
      -1.13374
    ],
    [
      12.4522,
      8.84453,
      -1.13374
    ],
    [
      12.6465,
      8.37708,
      -1.44117
    ],
    [
      12.6615,
      7.78393,
      -1.55023
    ],
    [
      12.674,
      7.19064,
      -1.51487
    ],
    [
      12.7205,
      6.61665,
      -1.48969
    ],
    [
      12.7671,
      6.04266,
      -1.48969
    ],
    [
      12.8138,
      5.46868,
      -1.48969
    ],
    [
      12.8604,
      4.8947,
      -1.48969
    ],
    [
      12.9071,
      4.32071,
      -1.48969
    ],
    [
      12.9543,
      3.74678,
      -1.43916
    ],
    [
      12.9959,
      3.31619,
      -1.47525
    ],
    [
      13.0372,
      2.88557,
      -1.47525
    ],
    [
      13.0064,
      2.46153,
      -2.03556
    ],
    [
      13.5,
      1.5,
      0.0
    ]
  ]
}