{
  "robot": {
    "class": "RectangleRobot",
    "radius": 0,
    "wheelbase": 0.09805356667629994,
    "max_velocity": 15.059252857032298,
    "max_steering_at_zero_v": 0.6533467483426755,
    "max_steering_at_max_v": 0.19634954084936207,
    "acceleration": 8.532830789589985,
    "mu_static": 0.27928401872548986,
    "width": 0.8132527736320758,
    "length": 0.10616205308563699,
    "collision_check_angle_res": 60
  },
  "planner": {
    "class": "Dubins_pathfinding",
    "start": [
      1.5,
      1.5,
      1.531422434295911
    ],
    "goal": [
      13.5,
      1.5,
      0
    ],
    "bounds": [
      15,
      15
    ],
    "max_runtime": 60.0,
    "goal_threshold": 0.0,
    "solved_time": null,
    "interpolate_steps": 50
  },
  "path": [
    [
      1.5,
      1.5,
      0.0
    ],
    [
      1.70122,
      2.10564,
      1.42177
    ],
    [
      1.80063,
      2.7825,
      1.60691
    ],
    [
      1.86969,
      3.31578,
      1.43864
    ],
    [
      1.94056,
      3.84891,
      1.43864
    ],
    [
      2.01143,
      4.38205,
      1.43864
    ],
    [
      2.08229,
      4.91518,
      1.43864
    ],
    [
      2.15316,
      5.44832,
      1.43864
    ],
    [
      2.23155,
      5.97955,
      1.08995
    ],
    [
      2.29729,
      6.51213,
      1.46454
    ],
    [
      2.35431,
      7.04677,
      1.46454
    ],
    [
      2.41133,
      7.5814,
      1.46454
    ],
    [
      2.46836,
      8.11604,
      1.46454
    ],
    [
      2.5325,
      8.64909,
      1.12654
    ],
    [
      2.64751,
      9.11275,
      1.33338
    ],
    [
      2.83629,
      9.51886,
      0.0811101
    ],
    [
      3.28975,
      10.0262,
      0.901286
    ],
    [
      3.71848,
      10.5676,
      0.851202
    ],
    [
      4.05323,
      10.9354,
      0.193669
    ],
    [
      4.60181,
      11.1615,
      0.395263
    ],
    [
      5.14955,
      11.39,
      0.395263
    ],
    [
      5.69847,
      11.6149,
      0.151245
    ],
    [
      6.19917,
      11.7867,
      0.565037
    ],
    [
      6.70224,
      11.8524,
      0.103609
    ],
    [
      7.20877,
      11.9051,
      0.103609
    ],
    [
      7.71539,
      11.9545,
      -0.122142
    ],
    [
      8.36958,
      11.8784,
      -0.115799
    ],
    [
      9.02368,
      11.8017,
      -0.211526
    ],
    [
      9.50389,
      11.556,
      -0.481582
    ],
    [
      9.98232,
      11.306,
      -0.481582
    ],
    [
      10.4608,
      11.0559,
      -0.481582
    ],
    [
      10.9392,
      10.8059,
      -0.481582
    ],
    [
      11.4176,
      10.5559,
      -0.481582
    ],
    [
      11.8959,
      10.3056,
      -0.537582
    ],
    [
      12.1345,
      9.75465,
      -1.20847
    ],
    [
      12.3493,
      9.18792,
      -1.20847
    ],
    [
      12.4927,
      8.62076,
      -2.28182
    ],
    [
      12.521,
      8.06965,
      -1.44238
    ],
    [
      12.593,
      7.5119,
      -1.44238
    ],
    [
      12.665,
      6.95414,
      -1.44238
    ],
    [
      12.737,
      6.39639,
      -1.44238
    ],
    [
      12.8072,
      5.83851,
      -1.61058
    ],
    [
      12.8708,
      5.38783,
      -1.42577
    ],
    [
      12.9366,
      4.93734,
      -1.42577
    ],
    [
      13.0024,
      4.48684,
      -1.42577
    ],
    [
      13.077,
      4.03879,
      -1.04778
    ],
    [
      13.164,
      3.38811,
      -1.45372
    ],
    [
      13.2409,
      2.7348,
      -1.45372
    ],
    [
      13.3177,
      2.0815,
      -1.45372
    ],
    [
      13.5,
      1.5,
      0.0
    ]
  ]
}