{
  "robot": {
    "class": "RectangleRobot",
    "radius": 0,
    "wheelbase": 0.48814462368382894,
    "max_velocity": 17.65085327194096,
    "max_steering_at_zero_v": 0.516757354453059,
    "max_steering_at_max_v": 0.19634954084936207,
    "acceleration": 3.163165505134849,
    "mu_static": 1.0174340451674087,
    "width": 0.40502474815324774,
    "length": 0.7830860394207488,
    "collision_check_angle_res": 60
  },
  "planner": {
    "class": "Dubins_pathfinding",
    "start": [
      1.5,
      1.5,
      0.557157423013181
    ],
    "goal": [
      13.5,
      1.5,
      0
    ],
    "bounds": [
      15,
      15
    ],
    "max_runtime": 60.0,
    "goal_threshold": 0.0,
    "solved_time": null,
    "interpolate_steps": 50
  },
  "path": [
    [
      1.5,
      1.5,
      0.0
    ],
    [
      2.02877,
      1.68203,
      0.663089
    ],
    [
      2.33344,
      2.15097,
      1.32618
    ],
    [
      2.34355,
      2.71814,
      1.61628
    ],
    [
      2.31765,
      3.28715,
      1.61628
    ],
    [
      2.29175,
      3.85616,
      1.61628
    ],
    [
      2.26585,
      4.42517,
      1.61628
    ],
    [
      2.23995,
      4.99418,
      1.61628
    ],
    [
      2.21405,
      5.56319,
      1.61628
    ],
    [
      2.25237,
      6.1194,
      1.48966
    ],
    [
      2.29758,
      6.67533,
      1.48966
    ],
    [
      2.34279,
      7.23127,
      1.48966
    ],
    [
      2.388,
      7.78721,
      1.48966
    ],
    [
      2.4332,
      8.34315,
      1.48966
    ],
    [
      2.4797,
      8.89896,
      1.43481
    ],
    [
      2.69576,
      9.36232,
      0.876413
    ],
    [
      3.02779,
      9.76104,
      0.876413
    ],
    [
      3.35982,
      10.1598,
      0.876413
    ],
    [
      3.69185,
      10.5585,
      0.876413
    ],
    [
      4.01899,
      10.961,
      0.996168
    ],
    [
      4.45918,
      11.3059,
      0.333079
    ],
    [
      5.01323,
      11.4373,
      0.224009
    ],
    [
      5.5686,
      11.5639,
      0.224009
    ],
    [
      6.12397,
      11.6904,
      0.224009
    ],
    [
      6.67934,
      11.8169,
      0.224009
    ],
    [
      7.23471,
      11.9435,
      0.224009
    ],
    [
      7.79008,
      12.07,
      0.224009
    ],
    [
      8.34971,
      12.1645,
      -0.050464
    ],
    [
      8.89916,
      11.9794,
      -0.431266
    ],
    [
      9.43001,
      11.7351,
      -0.431266
    ],
    [
      9.96086,
      11.4909,
      -0.431266
    ],
    [
      10.4834,
      11.2314,
      -0.631996
    ],
    [
      10.8858,
      10.789,
      -0.874931
    ],
    [
      11.2702,
      10.3289,
      -0.874931
    ],
    [
      11.6545,
      9.86873,
      -0.874931
    ],
    [
      12.0388,
      9.40858,
      -0.874931
    ],
    [
      12.4232,
      8.94844,
      -0.874931
    ],
    [
      12.6984,
      8.42653,
      -1.41736
    ],
    [
      12.6984,
      7.83714,
      -1.59326
    ],
    [
      12.6852,
      7.24726,
      -1.59326
    ],
    [
      12.6719,
      6.65738,
      -1.59326
    ],
    [
      12.6587,
      6.0675,
      -1.59326
    ],
    [
      12.6454,
      5.47762,
      -1.59326
    ],
    [
      12.6322,
      4.88774,
      -1.59326
    ],
    [
      12.6014,
      4.29945,
      -1.79598
    ],
    [
      12.5751,
      3.67077,
      -1.58125
    ],
    [
      12.5563,
      3.04129,
      -1.75014
    ],
    [
      12.6244,
      2.36872,
      -1.3867
    ],
    [
      12.8885,
      1.75574,
      -0.792201
    ],
    [
      13.5,
      1.5,
      0.0
    ]
  ]
}