{
  "robot": {
    "class": "RectangleRobot",
    "radius": 0,
    "wheelbase": 0.570140130736869,
    "max_velocity": 16.35380882239788,
    "max_steering_at_zero_v": 0.9311992112377694,
    "max_steering_at_max_v": 0.19634954084936207,
    "acceleration": 3.820826451619741,
    "mu_static": 0.7589021776094349,
    "width": 0.6772160194417998,
    "length": 0.66490401068558,
    "collision_check_angle_res": 60
  },
  "planner": {
    "class": "Dubins_pathfinding",
    "start": [
      1.5,
      1.5,
      0.19855356823319129
    ],
    "goal": [
      13.5,
      1.5,
      0
    ],
    "bounds": [
      15,
      15
    ],
    "max_runtime": 60.0,
    "goal_threshold": 0.0,
    "solved_time": null,
    "interpolate_steps": 50
  },
  "path": [
    [
      1.5,
      1.5,
      0.0
    ],
    [
      1.90514,
      1.79861,
      1.27033
    ],
    [
      1.95934,
      2.33387,
      1.3625
    ],
    [
      2.01513,
      2.87023,
      1.47185
    ],
    [
      2.0684,
      3.40694,
      1.47185
    ],
    [
      2.12168,
      3.94365,
      1.47185
    ],
    [
      2.17496,
      4.48035,
      1.47185
    ],
    [
      2.22823,
      5.01706,
      1.47185
    ],
    [
      2.28151,
      5.55377,
      1.47185
    ],
    [
      2.33385,
      6.09055,
      1.5384
    ],
    [
      2.37821,
      6.71776,
      1.49969
    ],
    [
      2.42288,
      7.34496,
      1.49969
    ],
    [
      2.46756,
      7.97216,
      1.49969
    ],
    [
      2.48405,
      8.59792,
      1.86517
    ],
    [
      2.52523,
      9.0676,
      1.37885
    ],
    [
      2.61621,
      9.53578,
      1.37885
    ],
    [
      2.87502,
      9.90952,
      0.413479
    ],
    [
      3.37074,
      10.2794,
      0.662139
    ],
    [
      3.85929,
      10.6603,
      0.662139
    ],
    [
      4.34784,
      11.0411,
      0.662139
    ],
    [
      4.83639,
      11.4219,
      0.662139
    ],
    [
      5.32494,
      11.8028,
      0.662139
    ],
    [
      5.8187,
      12.1759,
      0.452163
    ],
    [
      6.37575,
      12.1809,
      -0.107472
    ],
    [
      6.93799,
      12.1202,
      -0.107472
    ],
    [
      7.50023,
      12.0595,
      -0.107472
    ],
    [
      8.06246,
      11.9989,
      -0.107472
    ],
    [
      8.6247,
      11.9382,
      -0.107472
    ],
    [
      9.18717,
      11.8812,
      0.0230407
    ],
    [
      9.82599,
      11.6561,
      -0.39189
    ],
    [
      10.4236,
      11.3456,
      -0.924219
    ],
    [
      10.8504,
      10.9852,
      -0.67843
    ],
    [
      11.286,
      10.6341,
      -0.67843
    ],
    [
      11.7216,
      10.2829,
      -0.67843
    ],
    [
      12.1573,
      9.93178,
      -0.67843
    ],
    [
      12.5907,
      9.5781,
      -0.804463
    ],
    [
      12.7159,
      9.01704,
      -1.54637
    ],
    [
      12.7304,
      8.42519,
      -1.54637
    ],
    [
      12.7448,
      7.83334,
      -1.54637
    ],
    [
      12.7593,
      7.24148,
      -1.54637
    ],
    [
      12.7737,
      6.64963,
      -1.54637
    ],
    [
      12.7883,
      6.05778,
      -1.52548
    ],
    [
      12.8149,
      5.56551,
      -1.51677
    ],
    [
      12.8415,
      5.07323,
      -1.51677
    ],
    [
      12.8681,
      4.58096,
      -1.51677
    ],
    [
      12.8948,
      4.08869,
      -1.51677
    ],
    [
      12.9214,
      3.59641,
      -1.51677
    ],
    [
      12.9227,
      3.1057,
      -1.86331
    ],
    [
      13.0281,
      2.18558,
      -1.41056
    ],
    [
      13.5,
      1.5,
      0.0
    ]
  ]
}