{
  "robot": {
    "class": "RectangleRobot",
    "radius": 0,
    "wheelbase": 0.30244955364124554,
    "max_velocity": 5.095980547172251,
    "max_steering_at_zero_v": 0.55202098567353,
    "max_steering_at_max_v": 0.19634954084936207,
    "acceleration": 4.324463721850299,
    "mu_static": 1.7577730838680121,
    "width": 0.443343886239114,
    "length": 0.6181792353710631,
    "collision_check_angle_res": 60
  },
  "planner": {
    "class": "Dubins_pathfinding",
    "start": [
      1.5,
      1.5,
      0.12889169150094773
    ],
    "goal": [
      13.5,
      1.5,
      0
    ],
    "bounds": [
      15,
      15
    ],
    "max_runtime": 60.0,
    "goal_threshold": 0.0,
    "solved_time": null,
    "interpolate_steps": 50
  },
  "path": [
    [
      1.5,
      1.5,
      0.0
    ],
    [
      1.95382,
      1.80344,
      1.17874
    ],
    [
      2.02266,
      2.37615,
      1.49282
    ],
    [
      2.06775,
      2.95324,
      1.49282
    ],
    [
      2.11284,
      3.53033,
      1.49282
    ],
    [
      2.15793,
      4.10742,
      1.49282
    ],
    [
      2.19365,
      4.68464,
      1.68828
    ],
    [
      2.23328,
      5.21465,
      1.47527
    ],
    [
      2.28404,
      5.74438,
      1.47527
    ],
    [
      2.3348,
      6.27412,
      1.47527
    ],
    [
      2.38555,
      6.80385,
      1.47527
    ],
    [
      2.43631,
      7.33359,
      1.47527
    ],
    [
      2.48707,
      7.86333,
      1.47527
    ],
    [
      2.53783,
      8.39306,
      1.47527
    ],
    [
      2.58651,
      8.92293,
      1.56718
    ],
    [
      2.84196,
      9.50594,
      1.06091
    ],
    [
      3.17306,
      10.0564,
      0.77228
    ],
    [
      3.63647,
      10.368,
      0.574896
    ],
    [
      4.10559,
      10.672,
      0.574896
    ],
    [
      4.57472,
      10.9759,
      0.574896
    ],
    [
      5.04384,
      11.2799,
      0.574896
    ],
    [
      5.51297,
      11.5838,
      0.574896
    ],
    [
      6.01129,
      11.8162,
      0.0113359
    ],
    [
      6.47872,
      11.8906,
      0.171083
    ],
    [
      6.94542,
      11.9712,
      0.171083
    ],
    [
      7.41211,
      11.9873,
      -0.343443
    ],
    [
      8.09109,
      12.0013,
      0.0864073
    ],
    [
      8.74419,
      11.9058,
      -0.720811
    ],
    [
      9.212,
      11.6909,
      -0.373756
    ],
    [
      9.69366,
      11.502,
      -0.373756
    ],
    [
      10.1753,
      11.3131,
      -0.373756
    ],
    [
      10.657,
      11.1242,
      -0.373756
    ],
    [
      11.1264,
      10.9119,
      -0.702115
    ],
    [
      11.4124,
      10.5211,
      -0.977246
    ],
    [
      11.684,
      10.1185,
      -0.977246
    ],
    [
      11.966,
      9.72412,
      -0.745169
    ],
    [
      12.2101,
      9.29119,
      -1.12939
    ],
    [
      12.4239,
      8.8388,
      -1.12939
    ],
    [
      12.6173,
      8.37916,
      -1.42616
    ],
    [
      12.5616,
      7.55043,
      -1.54654
    ],
    [
      12.5738,
      6.91046,
      -1.55166
    ],
    [
      12.5599,
      6.27284,
      -1.87914
    ],
    [
      12.5648,
      5.71297,
      -1.49952
    ],
    [
      12.605,
      5.15115,
      -1.49952
    ],
    [
      12.6451,
      4.58933,
      -1.49952
    ],
    [
      12.6852,
      4.02751,
      -1.49952
    ],
    [
      12.7253,
      3.46569,
      -1.49952
    ],
    [
      12.7699,
      2.9044,
      -1.36442
    ],
    [
      12.9744,
      2.07204,
      -1.32954
    ],
    [
      13.5,
      1.5,
      0.0
    ]
  ]
}