{
  "robot": {
    "class": "RectangleRobot",
    "radius": 0,
    "wheelbase": 0.4323955231956438,
    "max_velocity": 7.932070018599266,
    "max_steering_at_zero_v": 0.45987299031537715,
    "max_steering_at_max_v": 0.19634954084936207,
    "acceleration": 2.2106951771313836,
    "mu_static": 0.09582552000519665,
    "width": 0.2589348288935958,
    "length": 0.9856423364528935,
    "collision_check_angle_res": 60
  },
  "planner": {
    "class": "Dubins_pathfinding",
    "start": [
      1.5,
      1.5,
      0.0005988926324610655
    ],
    "goal": [
      13.5,
      1.5,
      0
    ],
    "bounds": [
      15,
      15
    ],
    "max_runtime": 60.0,
    "goal_threshold": 0.0,
    "solved_time": null,
    "interpolate_steps": 50
  },
  "path": [
    [
      1.5,
      1.5,
      0.0
    ],
    [
      2.04925,
      1.69443,
      0.680444
    ],
    [
      2.35385,
      2.1911,
      1.36089
    ],
    [
      2.32079,
      2.78007,
      1.72299
    ],
    [
      2.23073,
      3.36725,
      1.72299
    ],
    [
      2.14067,
      3.95442,
      1.72299
    ],
    [
      2.1195,
      4.54293,
      1.32482
    ],
    [
      2.18427,
      5.07596,
      1.46607
    ],
    [
      2.24043,
      5.61031,
      1.46607
    ],
    [
      2.2966,
      6.14466,
      1.46607
    ],
    [
      2.35276,
      6.679,
      1.46607
    ],
    [
      2.40893,
      7.21335,
      1.46607
    ],
    [
      2.46509,
      7.7477,
      1.46607
    ],
    [
      2.52861,
      8.28094,
      1.33551
    ],
    [
      2.78143,
      8.84322,
      1.11349
    ],
    [
      3.05417,
      9.39747,
      1.11349
    ],
    [
      3.32993,
      9.95011,
      1.02488
    ],
    [
      3.80366,
      10.3263,
      0.317314
    ],
    [
      4.26763,
      10.6086,
      0.619733
    ],
    [
      4.71184,
      10.9256,
      0.619733
    ],
    [
      5.15605,
      11.2425,
      0.619733
    ],
    [
      5.60026,
      11.5595,
      0.619733
    ],
    [
      6.04448,
      11.8764,
      0.619733
    ],
    [
      6.55617,
      12.0389,
      -0.00514325
    ],
    [
      7.12014,
      11.9677,
      -0.139365
    ],
    [
      7.68338,
      11.8887,
      -0.139365
    ],
    [
      8.24662,
      11.8097,
      -0.139365
    ],
    [
      8.80986,
      11.7307,
      -0.139365
    ],
    [
      9.36773,
      11.6276,
      -0.377414
    ],
    [
      9.81107,
      11.3117,
      -0.703732
    ],
    [
      10.2284,
      10.9575,
      -0.703732
    ],
    [
      10.6458,
      10.6033,
      -0.703732
    ],
    [
      11.0632,
      10.2491,
      -0.703732
    ],
    [
      11.4805,
      9.89487,
      -0.703732
    ],
    [
      11.8979,
      9.54065,
      -0.703732
    ],
    [
      12.3205,
      9.1932,
      -0.563867
    ],
    [
      12.6433,
      8.82817,
      -1.12954
    ],
    [
      12.7547,
      8.34918,
      -1.41332
    ],
    [
      12.8321,
      7.86145,
      -1.41332
    ],
    [
      12.8868,
      7.37186,
      -1.64252
    ],
    [
      12.8362,
      6.76961,
      -1.6547
    ],
    [
      12.7855,
      6.16736,
      -1.6547
    ],
    [
      12.7349,
      5.56511,
      -1.6547
    ],
    [
      12.6842,
      4.96287,
      -1.6547
    ],
    [
      12.6336,
      4.36062,
      -1.6547
    ],
    [
      12.5829,
      3.75838,
      -1.6547
    ],
    [
      12.5215,
      3.15761,
      -1.81272
    ],
    [
      12.5883,
      2.44498,
      -1.34708
    ],
    [
      12.856,
      1.78356,
      -0.829573
    ],
    [
      13.5,
      1.5,
      0.0
    ]
  ]
}