{
  "robot": {
    "class": "RectangleRobot",
    "radius": 0,
    "wheelbase": 0.1257231978074217,
    "max_velocity": 15.050022710149188,
    "max_steering_at_zero_v": 1.0108293263092398,
    "max_steering_at_max_v": 0.19634954084936207,
    "acceleration": 7.065292301976125,
    "mu_static": 1.0337037678301588,
    "width": 0.8793605082973974,
    "length": 0.14997352958066468,
    "collision_check_angle_res": 60
  },
  "planner": {
    "class": "Dubins_pathfinding",
    "start": [
      1.5,
      1.5,
      0.48845284174383846
    ],
    "goal": [
      13.5,
      1.5,
      0
    ],
    "bounds": [
      15,
      15
    ],
    "max_runtime": 60.0,
    "goal_threshold": 0.0,
    "solved_time": null,
    "interpolate_steps": 50
  },
  "path": [
    [
      1.5,
      1.5,
      0.0
    ],
    [
      1.63702,
      1.98144,
      1.42917
    ],
    [
      1.71192,
      2.50671,
      1.42917
    ],
    [
      1.78681,
      3.03198,
      1.42917
    ],
    [
      1.86171,
      3.55724,
      1.42917
    ],
    [
      1.9366,
      4.08251,
      1.42917
    ],
    [
      2.0115,
      4.60778,
      1.42917
    ],
    [
      2.08478,
      5.13316,
      1.63215
    ],
    [
      2.15048,
      5.69882,
      1.45294
    ],
    [
      2.21745,
      6.26439,
      1.45294
    ],
    [
      2.28442,
      6.82997,
      1.45294
    ],
    [
      2.35139,
      7.39555,
      1.45294
    ],
    [
      2.41836,
      7.96113,
      1.45294
    ],
    [
      2.48532,
      8.52671,
      1.45294
    ],
    [
      2.55081,
      9.09236,
      1.647
    ],
    [
      2.79889,
      9.60826,
      1.36172
    ],
    [
      3.1088,
      9.94973,
      0.808287
    ],
    [
      3.42874,
      10.2847,
      0.808287
    ],
    [
      3.75454,
      10.6117,
      0.307916
    ],
    [
      4.18858,
      10.8777,
      0.554506
    ],
    [
      4.62153,
      11.1459,
      0.554506
    ],
    [
      5.05448,
      11.414,
      0.554506
    ],
    [
      5.4948,
      11.6562,
      -0.280724
    ],
    [
      6.07876,
      11.7819,
      0.228783
    ],
    [
      6.66213,
      11.9178,
      0.228783
    ],
    [
      7.2455,
      12.0536,
      0.228783
    ],
    [
      7.82322,
      12.2019,
      0.820294
    ],
    [
      8.3539,
      12.0582,
      -0.352318
    ],
    [
      8.88648,
      11.8624,
      -0.352318
    ],
    [
      9.41907,
      11.6666,
      -0.352318
    ],
    [
      9.95165,
      11.4708,
      -0.352318
    ],
    [
      10.4755,
      11.2612,
      -0.998521
    ],
    [
      10.9283,
      10.8883,
      -0.682376
    ],
    [
      11.3838,
      10.5181,
      -0.682376
    ],
    [
      11.8485,
      10.1676,
      0.0654957
    ],
    [
      12.1338,
      9.71556,
      -1.09677
    ],
    [
      12.3854,
      9.22454,
      -1.17633
    ],
    [
      12.4849,
      8.59602,
      -1.41741
    ],
    [
      12.5821,
      7.96698,
      -1.41741
    ],
    [
      12.6786,
      7.33785,
      -1.55583
    ],
    [
      12.756,
      6.77559,
      -1.43305
    ],
    [
      12.8339,
      6.2134,
      -1.43305
    ],
    [
      12.9119,
      5.6512,
      -1.43305
    ],
    [
      12.9898,
      5.089,
      -1.43305
    ],
    [
      13.0677,
      4.52681,
      -1.43305
    ],
    [
      13.1457,
      3.96461,
      -1.43305
    ],
    [
      13.2236,
      3.40241,
      -1.43305
    ],
    [
      13.303,
      2.84051,
      -1.24041
    ],
    [
      13.3687,
      2.1482,
      -1.47941
    ],
    [
      13.5,
      1.5,
      0.0
    ]
  ]
}