{
  "robot": {
    "class": "RectangleRobot",
    "radius": 0,
    "wheelbase": 0.16758035671475083,
    "max_velocity": 9.068382740990693,
    "max_steering_at_zero_v": 0.581381738156263,
    "max_steering_at_max_v": 0.19634954084936207,
    "acceleration": 5.776538727433737,
    "mu_static": 0.08066753136225338,
    "width": 0.8594274543182789,
    "length": 0.18693608260795708,
    "collision_check_angle_res": 60
  },
  "planner": {
    "class": "Dubins_pathfinding",
    "start": [
      1.5,
      1.5,
      0.9483314953729736
    ],
    "goal": [
      13.5,
      1.5,
      0
    ],
    "bounds": [
      15,
      15
    ],
    "max_runtime": 60.0,
    "goal_threshold": 0.0,
    "solved_time": null,
    "interpolate_steps": 50
  },
  "path": [
    [
      1.5,
      1.5,
      0.0
    ],
    [
      1.76786,
      1.89145,
      1.48393
    ],
    [
      1.8145,
      2.42701,
      1.48393
    ],
    [
      1.86114,
      2.96257,
      1.48393
    ],
    [
      1.90779,
      3.49812,
      1.48393
    ],
    [
      1.95443,
      4.03368,
      1.48393
    ],
    [
      2.01833,
      4.56554,
      1.1111
    ],
    [
      2.06073,
      5.19744,
      1.54033
    ],
    [
      2.08011,
      5.83338,
      1.54033
    ],
    [
      2.09806,
      6.46932,
      1.6462
    ],
    [
      2.15557,
      7.03788,
      1.46248
    ],
    [
      2.22372,
      7.60506,
      1.23726
    ],
    [
      2.35308,
      8.12225,
      1.32766
    ],
    [
      2.48144,
      8.63972,
      1.32766
    ],
    [
      2.60979,
      9.15719,
      1.32766
    ],
    [
      2.82341,
      9.62357,
      0.434896
    ],
    [
      3.27334,
      10.0547,
      0.789503
    ],
    [
      3.71333,
      10.4983,
      0.789503
    ],
    [
      4.1693,
      10.9203,
      0.328895
    ],
    [
      4.70682,
      11.2447,
      0.553223
    ],
    [
      5.24139,
      11.5748,
      0.553223
    ],
    [
      5.79529,
      11.8468,
      -0.144785
    ],
    [
      6.32154,
      12.0548,
      0.455166
    ],
    [
      6.8363,
      12.3067,
      0.455166
    ],
    [
      7.35106,
      12.5587,
      0.468999
    ],
    [
      7.87846,
      12.4543,
      -0.344376
    ],
    [
      8.39975,
      12.2674,
      -0.344376
    ],
    [
      8.92103,
      12.0804,
      -0.344376
    ],
    [
      9.44232,
      11.8934,
      -0.344376
    ],
    [
      9.9636,
      11.7065,
      -0.344376
    ],
    [
      10.483,
      11.5151,
      -0.538787
    ],
    [
      10.8697,
      11.1412,
      -0.782508
    ],
    [
      11.2515,
      10.7616,
      -0.782508
    ],
    [
      11.6333,
      10.382,
      -0.782508
    ],
    [
      12.0152,
      10.0023,
      -0.782508
    ],
    [
      12.3229,
      9.58086,
      -1.60712
    ],
    [
      12.4106,
      9.1763,
      -1.33454
    ],
    [
      12.5121,
      8.77445,
      -1.14571
    ],
    [
      12.5744,
      8.21462,
      -1.48583
    ],
    [
      12.6223,
      7.6519,
      -1.48583
    ],
    [
      12.6703,
      7.08917,
      -1.48583
    ],
    [
      12.7182,
      6.52644,
      -1.48583
    ],
    [
      12.7661,
      5.96371,
      -1.48583
    ],
    [
      12.814,
      5.40098,
      -1.48583
    ],
    [
      12.877,
      4.8413,
      -1.13894
    ],
    [
      12.9694,
      4.14667,
      -1.45675
    ],
    [
      13.0493,
      3.44923,
      -1.45675
    ],
    [
      13.1291,
      2.75179,
      -1.45675
    ],
    [
      13.209,
      2.05435,
      -1.45675
    ],
    [
      13.5,
      1.5,
      0.0
    ]
  ]
}