{
  "robot": {
    "class": "RectangleRobot",
    "radius": 0,
    "wheelbase": 0.6334867995462949,
    "max_velocity": 7.215789086629538,
    "max_steering_at_zero_v": 0.8747821605942122,
    "max_steering_at_max_v": 0.19634954084936207,
    "acceleration": 7.025043139356285,
    "mu_static": 0.7711460452931702,
    "width": 0.3648083190988538,
    "length": 0.7182993120879014,
    "collision_check_angle_res": 60
  },
  "planner": {
    "class": "Dubins_pathfinding",
    "start": [
      1.5,
      1.5,
      0.12030947956470708
    ],
    "goal": [
      13.5,
      1.5,
      0
    ],
    "bounds": [
      15,
      15
    ],
    "max_runtime": 60.0,
    "goal_threshold": 0.0,
    "solved_time": null,
    "interpolate_steps": 50
  },
  "path": [
    [
      1.5,
      1.5,
      0.0
    ],
    [
      1.96584,
      1.77803,
      1.07619
    ],
    [
      2.04345,
      2.33677,
      1.52643
    ],
    [
      2.06871,
      2.90581,
      1.52643
    ],
    [
      2.09397,
      3.47485,
      1.52643
    ],
    [
      2.11924,
      4.04389,
      1.52643
    ],
    [
      2.1445,
      4.61293,
      1.52643
    ],
    [
      2.16976,
      5.18197,
      1.52643
    ],
    [
      2.19502,
      5.75101,
      1.52643
    ],
    [
      2.25846,
      6.30295,
      1.45387
    ],
    [
      2.32327,
      6.85477,
      1.45387
    ],
    [
      2.38809,
      7.40659,
      1.45387
    ],
    [
      2.45291,
      7.9584,
      1.45387
    ],
    [
      2.51769,
      8.51022,
      1.46713
    ],
    [
      2.73211,
      8.97616,
      1.05155
    ],
    [
      2.98876,
      9.42519,
      1.05155
    ],
    [
      3.24803,
      9.87259,
      0.943608
    ],
    [
      3.66805,
      10.2122,
      0.633074
    ],
    [
      4.10516,
      10.533,
      0.633074
    ],
    [
      4.54228,
      10.8538,
      0.633074
    ],
    [
      4.9794,
      11.1745,
      0.633074
    ],
    [
      5.41651,
      11.4953,
      0.633074
    ],
    [
      5.85363,
      11.8161,
      0.633074
    ],
    [
      6.29258,
      12.1341,
      0.521833
    ],
    [
      6.95216,
      12.211,
      0.091859
    ],
    [
      7.47563,
      12.1479,
      -0.149129
    ],
    [
      7.99806,
      12.0694,
      -0.149129
    ],
    [
      8.52048,
      11.9909,
      -0.149129
    ],
    [
      9.0429,
      11.9124,
      -0.149129
    ],
    [
      9.56533,
      11.8339,
      -0.149129
    ],
    [
      10.0759,
      11.7146,
      -0.550671
    ],
    [
      10.5034,
      11.2819,
      -0.823747
    ],
    [
      10.9177,
      10.8345,
      -0.823747
    ],
    [
      11.3283,
      10.3839,
      -0.960276
    ],
    [
      11.6193,
      9.96487,
      -0.96381
    ],
    [
      11.9103,
      9.54584,
      -0.96381
    ],
    [
      12.2013,
      9.12681,
      -0.96381
    ],
    [
      12.4922,
      8.70776,
      -0.975195
    ],
    [
      12.5479,
      8.22028,
      -1.93908
    ],
    [
      12.5361,
      7.61007,
      -1.51226
    ],
    [
      12.5721,
      6.99584,
      -1.51226
    ],
    [
      12.6081,
      6.38161,
      -1.51226
    ],
    [
      12.6441,
      5.76739,
      -1.51226
    ],
    [
      12.6801,
      5.15316,
      -1.51226
    ],
    [
      12.7161,
      4.53894,
      -1.51226
    ],
    [
      12.7481,
      3.92464,
      -1.63377
    ],
    [
      12.821,
      3.24397,
      -1.45127
    ],
    [
      12.9027,
      2.56382,
      -1.45127
    ],
    [
      12.9908,
      1.88479,
      -1.29429
    ],
    [
      13.5,
      1.5,
      0.0
    ]
  ]
}