{
  "robot": {
    "class": "RectangleRobot",
    "radius": 0,
    "wheelbase": 0.12930102638588767,
    "max_velocity": 14.72970830226892,
    "max_steering_at_zero_v": 0.6130907720439518,
    "max_steering_at_max_v": 0.19634954084936207,
    "acceleration": 7.735062918805713,
    "mu_static": 0.6999988615435843,
    "width": 0.8988343053115319,
    "length": 0.23004829045071895,
    "collision_check_angle_res": 60
  },
  "planner": {
    "class": "Dubins_pathfinding",
    "start": [
      1.5,
      1.5,
      1.105715769660599
    ],
    "goal": [
      13.5,
      1.5,
      0
    ],
    "bounds": [
      15,
      15
    ],
    "max_runtime": 60.0,
    "goal_threshold": 0.0,
    "solved_time": null,
    "interpolate_steps": 50
  },
  "path": [
    [
      1.5,
      1.5,
      0.0
    ],
    [
      1.69962,
      1.98522,
      1.51913
    ],
    [
      1.73012,
      2.57496,
      1.51913
    ],
    [
      1.76062,
      3.16471,
      1.51913
    ],
    [
      1.79112,
      3.75445,
      1.51913
    ],
    [
      1.81953,
      4.3442,
      1.67006
    ],
    [
      1.85042,
      4.93666,
      1.51499
    ],
    [
      1.88352,
      5.52912,
      1.51499
    ],
    [
      1.91665,
      6.12157,
      1.49692
    ],
    [
      1.96309,
      6.71764,
      1.49304
    ],
    [
      2.00953,
      7.31371,
      1.49304
    ],
    [
      2.05597,
      7.90977,
      1.49304
    ],
    [
      2.158,
      8.48574,
      0.683695
    ],
    [
      2.45115,
      8.987,
      1.06425
    ],
    [
      2.73362,
      9.49611,
      1.06425
    ],
    [
      3.01633,
      10.0051,
      1.00798
    ],
    [
      3.50595,
      10.4781,
      0.759933
    ],
    [
      4.00263,
      10.9439,
      0.538567
    ],
    [
      4.48032,
      11.2138,
      0.514169
    ],
    [
      4.95803,
      11.4837,
      0.514169
    ],
    [
      5.43374,
      11.7566,
      0.714025
    ],
    [
      5.90405,
      11.9351,
      0.337246
    ],
    [
      6.38017,
      12.1021,
      0.337246
    ],
    [
      6.85629,
      12.269,
      0.337246
    ],
    [
      7.3324,
      12.436,
      0.337246
    ],
    [
      7.79166,
      12.4463,
      -1.00538
    ],
    [
      8.28525,
      12.2097,
      -0.384182
    ],
    [
      8.7984,
      12.0023,
      -0.384182
    ],
    [
      9.31154,
      11.7948,
      -0.384182
    ],
    [
      9.82469,
      11.5874,
      -0.384182
    ],
    [
      10.3378,
      11.3799,
      -0.384182
    ],
    [
      10.851,
      11.1727,
      -0.337742
    ],
    [
      11.2629,
      10.7663,
      -0.814079
    ],
    [
      11.6621,
      10.3435,
      -0.814079
    ],
    [
      12.0613,
      9.92074,
      -0.814079
    ],
    [
      12.4107,
      9.47118,
      -1.60506
    ],
    [
      12.4938,
      8.88868,
      -1.42401
    ],
    [
      12.5799,
      8.30644,
      -1.42401
    ],
    [
      12.666,
      7.72421,
      -1.40907
    ],
    [
      12.7265,
      7.19709,
      -1.45687
    ],
    [
      12.7868,
      6.66994,
      -1.45687
    ],
    [
      12.8472,
      6.1428,
      -1.45687
    ],
    [
      12.9075,
      5.61565,
      -1.45687
    ],
    [
      12.9678,
      5.08851,
      -1.45687
    ],
    [
      13.0327,
      4.56223,
      -1.23204
    ],
    [
      13.099,
      3.92982,
      -1.47476
    ],
    [
      13.16,
      3.29646,
      -1.47476
    ],
    [
      13.221,
      2.6631,
      -1.47476
    ],
    [
      13.282,
      2.02973,
      -1.47476
    ],
    [
      13.5,
      1.5,
      0.0
    ]
  ]
}