{
  "robot": {
    "class": "RectangleRobot",
    "radius": 0,
    "wheelbase": 0.25024231084752874,
    "max_velocity": 11.464968745705374,
    "max_steering_at_zero_v": 0.5254185766477288,
    "max_steering_at_max_v": 0.19634954084936207,
    "acceleration": 3.0111785430915017,
    "mu_static": 0.5664660738100247,
    "width": 0.1817489858062577,
    "length": 0.542816153206824,
    "collision_check_angle_res": 60
  },
  "planner": {
    "class": "Dubins_pathfinding",
    "start": [
      1.5,
      1.5,
      0.5081048680117728
    ],
    "goal": [
      13.5,
      1.5,
      0
    ],
    "bounds": [
      15,
      15
    ],
    "max_runtime": 60.0,
    "goal_threshold": 0.0,
    "solved_time": null,
    "interpolate_steps": 50
  },
  "path": [
    [
      1.5,
      1.5,
      0.0
    ],
    [
      1.87562,
      1.71901,
      1.05575
    ],
    [
      1.96866,
      2.16228,
      1.42989
    ],
    [
      2.03266,
      2.61344,
      1.42989
    ],
    [
      2.09665,
      3.06461,
      1.42989
    ],
    [
      2.16065,
      3.51577,
      1.42989
    ],
    [
      2.22465,
      3.96693,
      1.42989
    ],
    [
      2.28865,
      4.4181,
      1.42989
    ],
    [
      2.35265,
      4.86926,
      1.42989
    ],
    [
      2.41664,
      5.32042,
      1.42989
    ],
    [
      2.48064,
      5.77159,
      1.42989
    ],
    [
      2.71169,
      6.11143,
      0.710226
    ],
    [
      3.03232,
      6.38715,
      0.710226
    ],
    [
      3.35296,
      6.66287,
      0.710226
    ],
    [
      3.6736,
      6.9386,
      0.710226
    ],
    [
      4.02012,
      7.17213,
      0.229754
    ],
    [
      4.48902,
      7.30318,
      0.27339
    ],
    [
      4.95781,
      7.43464,
      0.27339
    ],
    [
      5.4266,
      7.56609,
      0.27339
    ],
    [
      5.89538,
      7.69755,
      0.27339
    ],
    [
      6.35381,
      7.85409,
      0.628723
    ],
    [
      6.82163,
      7.97639,
      0.158778
    ],
    [
      7.30413,
      8.05365,
      0.158778
    ],
    [
      7.78664,
      8.13091,
      0.158778
    ],
    [
      8.2246,
      7.97892,
      -0.897803
    ],
    [
      8.60916,
      7.78949,
      -0.256014
    ],
    [
      9.03349,
      7.67842,
      -0.256014
    ],
    [
      9.45782,
      7.56734,
      -0.256014
    ],
    [
      9.88216,
      7.45627,
      -0.256014
    ],
    [
      10.3065,
      7.3452,
      -0.256014
    ],
    [
      10.7308,
      7.23413,
      -0.256014
    ],
    [
      11.1552,
      7.12305,
      -0.256014
    ],
    [
      11.5795,
      7.01198,
      -0.256014
    ],
    [
      12.0064,
      6.91604,
      0.0109374
    ],
    [
      12.371,
      7.12439,
      1.02718
    ],
    [
      12.7,
      7.33086,
      0.0939387
    ],
    [
      13.0616,
      7.18945,
      -0.839305
    ],
    [
      13.1672,
      6.81421,
      -1.637
    ],
    [
      13.1406,
      6.41229,
      -1.637
    ],
    [
      13.1139,
      6.01037,
      -1.637
    ],
    [
      13.0873,
      5.60845,
      -1.637
    ],
    [
      13.0607,
      5.20653,
      -1.637
    ],
    [
      13.034,
      4.80461,
      -1.637
    ],
    [
      13.0074,
      4.40269,
      -1.637
    ],
    [
      12.9806,
      4.00077,
      -1.66071
    ],
    [
      13.0009,
      3.45148,
      -1.52673
    ],
    [
      13.0252,
      2.90218,
      -1.52673
    ],
    [
      13.0494,
      2.35288,
      -1.52673
    ],
    [
      13.0873,
      1.80534,
      -1.27389
    ],
    [
      13.5,
      1.5,
      0.0
    ]
  ]
}