{
  "robot": {
    "class": "RectangleRobot",
    "radius": 0,
    "wheelbase": 0.10700502099927038,
    "max_velocity": 14.017918618048888,
    "max_steering_at_zero_v": 0.5507666303436579,
    "max_steering_at_max_v": 0.19634954084936207,
    "acceleration": 7.3640196093945125,
    "mu_static": 0.15624806062024532,
    "width": 0.18293675406935045,
    "length": 0.1794269767507853,
    "collision_check_angle_res": 60
  },
  "planner": {
    "class": "Dubins_pathfinding",
    "start": [
      1.5,
      1.5,
      1.1547134998289559
    ],
    "goal": [
      13.5,
      1.5,
      0
    ],
    "bounds": [
      15,
      15
    ],
    "max_runtime": 60.0,
    "goal_threshold": 0.0,
    "solved_time": null,
    "interpolate_steps": 50
  },
  "path": [
    [
      1.5,
      1.5,
      0.0
    ],
    [
      1.70472,
      1.79909,
      1.36099
    ],
    [
      1.78843,
      2.19216,
      1.36099
    ],
    [
      1.87213,
      2.58524,
      1.36099
    ],
    [
      1.95583,
      2.97831,
      1.36099
    ],
    [
      2.03953,
      3.37138,
      1.36099
    ],
    [
      2.12323,
      3.76446,
      1.36099
    ],
    [
      2.20693,
      4.15753,
      1.36099
    ],
    [
      2.29063,
      4.5506,
      1.36099
    ],
    [
      2.37433,
      4.94368,
      1.36099
    ],
    [
      2.45803,
      5.33675,
      1.36099
    ],
    [
      2.51229,
      5.73028,
      1.94517
    ],
    [
      2.75191,
      6.09188,
      0.714705
    ],
    [
      3.06983,
      6.42407,
      1.42849
    ],
    [
      3.36719,
      6.64252,
      0.405251
    ],
    [
      3.72462,
      6.79586,
      0.405251
    ],
    [
      4.08204,
      6.94919,
      0.405251
    ],
    [
      4.43947,
      7.10253,
      0.405251
    ],
    [
      4.79689,
      7.25586,
      0.405251
    ],
    [
      5.15432,
      7.40919,
      0.405251
    ],
    [
      5.51174,
      7.56253,
      0.405251
    ],
    [
      5.87451,
      7.69334,
      -0.112083
    ],
    [
      6.2685,
      7.74048,
      0.132108
    ],
    [
      6.66223,
      7.7928,
      0.132108
    ],
    [
      7.05596,
      7.84512,
      0.132108
    ],
    [
      7.44969,
      7.89744,
      0.132108
    ],
    [
      7.84342,
      7.94976,
      0.132108
    ],
    [
      8.23715,
      8.00208,
      0.132108
    ],
    [
      8.63092,
      8.05408,
      0.0707417
    ],
    [
      9.02194,
      7.88879,
      -0.455488
    ],
    [
      9.40634,
      7.70049,
      -0.455488
    ],
    [
      9.79074,
      7.5122,
      -0.455488
    ],
    [
      10.1751,
      7.3239,
      -0.455488
    ],
    [
      10.5595,
      7.13561,
      -0.455488
    ],
    [
      10.9439,
      6.94731,
      -0.455488
    ],
    [
      11.3283,
      6.75902,
      -0.455488
    ],
    [
      11.7127,
      6.57073,
      -0.455488
    ],
    [
      12.0356,
      6.32163,
      -1.46607
    ],
    [
      12.2118,
      5.94654,
      -1.10461
    ],
    [
      12.3986,
      5.57529,
      -1.10461
    ],
    [
      12.5854,
      5.20405,
      -1.10461
    ],
    [
      12.7722,
      4.8328,
      -1.10461
    ],
    [
      12.959,
      4.46155,
      -1.10461
    ],
    [
      13.1458,
      4.09031,
      -1.09821
    ],
    [
      13.1904,
      3.6445,
      -1.5024
    ],
    [
      13.2211,
      3.19583,
      -1.5024
    ],
    [
      13.2519,
      2.74717,
      -1.5024
    ],
    [
      13.2826,
      2.2985,
      -1.5024
    ],
    [
      13.3133,
      1.84984,
      -1.5024
    ],
    [
      13.5,
      1.5,
      0.0
    ]
  ]
}