{
  "robot": {
    "class": "RectangleRobot",
    "radius": 0,
    "wheelbase": 0.1081654221198357,
    "max_velocity": 7.265744763332958,
    "max_steering_at_zero_v": 0.7084510996981328,
    "max_steering_at_max_v": 0.19634954084936207,
    "acceleration": 4.186802545938708,
    "mu_static": 2.488220224974498,
    "width": 0.1472766149697515,
    "length": 0.11628665399368439,
    "collision_check_angle_res": 60
  },
  "planner": {
    "class": "Dubins_pathfinding",
    "start": [
      1.5,
      1.5,
      1.3178089396783876
    ],
    "goal": [
      13.5,
      1.5,
      0
    ],
    "bounds": [
      15,
      15
    ],
    "max_runtime": 60.0,
    "goal_threshold": 0.0,
    "solved_time": null,
    "interpolate_steps": 50
  },
  "path": [
    [
      1.5,
      1.5,
      0.0
    ],
    [
      1.69102,
      1.67759,
      0.954784
    ],
    [
      1.84865,
      1.90026,
      0.954784
    ],
    [
      2.00627,
      2.12292,
      0.954784
    ],
    [
      2.1639,
      2.34559,
      0.954784
    ],
    [
      2.32153,
      2.56826,
      0.954784
    ],
    [
      2.47916,
      2.79092,
      0.954784
    ],
    [
      2.63678,
      3.01359,
      0.954784
    ],
    [
      2.79441,
      3.23626,
      0.954784
    ],
    [
      2.98923,
      3.40617,
      -0.0713559
    ],
    [
      3.26487,
      3.44689,
      0.158568
    ],
    [
      3.54023,
      3.49092,
      0.158568
    ],
    [
      3.8156,
      3.53495,
      0.158568
    ],
    [
      4.09097,
      3.57899,
      0.158568
    ],
    [
      4.36633,
      3.62302,
      0.158568
    ],
    [
      4.6417,
      3.66706,
      0.158568
    ],
    [
      4.91705,
      3.71117,
      0.194489
    ],
    [
      5.20496,
      3.71715,
      0.0136001
    ],
    [
      5.49302,
      3.72107,
      0.0136001
    ],
    [
      5.78108,
      3.72498,
      0.0136001
    ],
    [
      6.06915,
      3.7289,
      0.0136001
    ],
    [
      6.35721,
      3.73282,
      0.0136001
    ],
    [
      6.64527,
      3.73674,
      0.0136001
    ],
    [
      6.93333,
      3.74065,
      0.0136001
    ],
    [
      7.22139,
      3.74457,
      0.0136001
    ],
    [
      7.50945,
      3.74849,
      0.0136001
    ],
    [
      7.79751,
      3.75241,
      0.0136001
    ],
    [
      8.08557,
      3.75633,
      0.0136001
    ],
    [
      8.37363,
      3.76024,
      0.0136001
    ],
    [
      8.66169,
      3.76416,
      0.0136001
    ],
    [
      8.94975,
      3.76808,
      0.0136001
    ],
    [
      9.19839,
      3.85825,
      1.26648
    ],
    [
      9.44735,
      3.92147,
      -0.215871
    ],
    [
      9.73162,
      3.85914,
      -0.215871
    ],
    [
      10.0159,
      3.7968,
      -0.215871
    ],
    [
      10.3002,
      3.73446,
      -0.215871
    ],
    [
      10.5844,
      3.67213,
      -0.215871
    ],
    [
      10.8687,
      3.60979,
      -0.215871
    ],
    [
      11.153,
      3.54745,
      -0.215871
    ],
    [
      11.4372,
      3.48512,
      -0.215871
    ],
    [
      11.7215,
      3.42278,
      -0.215871
    ],
    [
      12.0058,
      3.36044,
      -0.215871
    ],
    [
      12.1532,
      3.16828,
      -2.02558
    ],
    [
      12.239,
      2.87739,
      -1.12616
    ],
    [
      12.3741,
      2.59375,
      -1.12616
    ],
    [
      12.5093,
      2.31011,
      -1.12616
    ],
    [
      12.6583,
      2.0363,
      -0.605725
    ],
    [
      12.9361,
      1.85085,
      -0.588537
    ],
    [
      13.2139,
      1.66542,
      -0.588537
    ],
    [
      13.5,
      1.5,
      0.0
    ]
  ]
}