{
  "robot": {
    "class": "RectangleRobot",
    "radius": 0,
    "wheelbase": 0.3202967761891468,
    "max_velocity": 9.435485589416562,
    "max_steering_at_zero_v": 0.753286968693832,
    "max_steering_at_max_v": 0.19634954084936207,
    "acceleration": 9.875160588441585,
    "mu_static": 2.454444141897236,
    "width": 0.27101586915472825,
    "length": 0.6582176979621978,
    "collision_check_angle_res": 60
  },
  "planner": {
    "class": "Dubins_pathfinding",
    "start": [
      1.5,
      1.5,
      1.3161907732765432
    ],
    "goal": [
      13.5,
      1.5,
      0
    ],
    "bounds": [
      15,
      15
    ],
    "max_runtime": 60.0,
    "goal_threshold": 0.0,
    "solved_time": null,
    "interpolate_steps": 50
  },
  "path": [
    [
      1.5,
      1.5,
      0.0
    ],
    [
      1.84721,
      1.88423,
      1.47527
    ],
    [
      1.90248,
      2.46106,
      1.47527
    ],
    [
      1.95776,
      3.0379,
      1.47527
    ],
    [
      2.01303,
      3.61474,
      1.47527
    ],
    [
      2.0683,
      4.19158,
      1.47527
    ],
    [
      2.12357,
      4.76842,
      1.47527
    ],
    [
      2.1822,
      5.34477,
      1.3344
    ],
    [
      2.25505,
      5.89418,
      1.44257
    ],
    [
      2.32592,
      6.4439,
      1.44257
    ],
    [
      2.3968,
      6.99363,
      1.44257
    ],
    [
      2.46768,
      7.54336,
      1.44257
    ],
    [
      2.53855,
      8.09309,
      1.44257
    ],
    [
      2.60943,
      8.64282,
      1.44257
    ],
    [
      2.79159,
      9.144,
      0.590855
    ],
    [
      3.15227,
      9.48506,
      0.76823
    ],
    [
      3.50947,
      9.83019,
      0.76823
    ],
    [
      3.86666,
      10.1753,
      0.76823
    ],
    [
      4.22385,
      10.5205,
      0.76823
    ],
    [
      4.59056,
      10.8535,
      0.467968
    ],
    [
      5.01117,
      11.0857,
      0.504838
    ],
    [
      5.43167,
      11.3181,
      0.504838
    ],
    [
      5.85217,
      11.5504,
      0.504838
    ],
    [
      6.28284,
      11.7565,
      0.0976362
    ],
    [
      6.83608,
      11.7973,
      0.0733694
    ],
    [
      7.3891,
      11.8252,
      -0.200299
    ],
    [
      7.98951,
      11.7801,
      -0.0702241
    ],
    [
      8.59024,
      11.7378,
      -0.0702241
    ],
    [
      9.19098,
      11.6955,
      -0.0702241
    ],
    [
      9.79099,
      11.6478,
      -0.24995
    ],
    [
      10.309,
      11.3548,
      -0.538632
    ],
    [
      10.8208,
      11.0489,
      -0.538632
    ],
    [
      11.3327,
      10.743,
      -0.549235
    ],
    [
      11.5944,
      10.3126,
      -1.13962
    ],
    [
      11.8083,
      9.84755,
      -1.13962
    ],
    [
      12.0222,
      9.38251,
      -1.13962
    ],
    [
      12.2362,
      8.91748,
      -1.13962
    ],
    [
      12.3989,
      8.43964,
      -1.6977
    ],
    [
      12.4405,
      7.87867,
      -1.48293
    ],
    [
      12.4899,
      7.31782,
      -1.48293
    ],
    [
      12.5393,
      6.75698,
      -1.48293
    ],
    [
      12.5891,
      6.19618,
      -1.43385
    ],
    [
      12.6568,
      5.71615,
      -1.43076
    ],
    [
      12.7245,
      5.23612,
      -1.43076
    ],
    [
      12.7921,
      4.75609,
      -1.43076
    ],
    [
      12.8597,
      4.27604,
      -1.45796
    ],
    [
      12.9499,
      3.53422,
      -1.44969
    ],
    [
      13.0402,
      2.79241,
      -1.44969
    ],
    [
      13.1305,
      2.05059,
      -1.44969
    ],
    [
      13.5,
      1.5,
      0.0
    ]
  ]
}