{
  "robot": {
    "class": "RectangleRobot",
    "radius": 0,
    "wheelbase": 0.18208540522112637,
    "max_velocity": 12.925073092156907,
    "max_steering_at_zero_v": 1.041784570009271,
    "max_steering_at_max_v": 0.19634954084936207,
    "acceleration": 4.715444700104414,
    "mu_static": 0.3005574326948368,
    "width": 0.691265346731418,
    "length": 0.44003339979993983,
    "collision_check_angle_res": 60
  },
  "planner": {
    "class": "Dubins_pathfinding",
    "start": [
      1.5,
      1.5,
      1.2470426619427548
    ],
    "goal": [
      13.5,
      1.5,
      0
    ],
    "bounds": [
      15,
      15
    ],
    "max_runtime": 60.0,
    "goal_threshold": 0.0,
    "solved_time": null,
    "interpolate_steps": 50
  },
  "path": [
    [
      1.5,
      1.5,
      0.0
    ],
    [
      1.65427,
      1.94804,
      1.43454
    ],
    [
      1.72383,
      2.45538,
      1.43454
    ],
    [
      1.79339,
      2.96271,
      1.43454
    ],
    [
      1.86295,
      3.47005,
      1.43454
    ],
    [
      1.93251,
      3.97739,
      1.43454
    ],
    [
      2.00327,
      4.4845,
      1.28286
    ],
    [
      2.05811,
      5.07766,
      1.48213
    ],
    [
      2.11088,
      5.67115,
      1.48213
    ],
    [
      2.17513,
      6.26175,
      1.00888
    ],
    [
      2.25043,
      6.78442,
      1.44672
    ],
    [
      2.31595,
      7.30981,
      1.44672
    ],
    [
      2.38147,
      7.83519,
      1.44672
    ],
    [
      2.44699,
      8.36057,
      1.44672
    ],
    [
      2.51303,
      8.88587,
      1.34782
    ],
    [
      2.72359,
      9.36358,
      1.15173
    ],
    [
      2.93968,
      9.83854,
      0.872425
    ],
    [
      3.42024,
      10.2727,
      0.73314
    ],
    [
      3.90743,
      10.6972,
      0.282502
    ],
    [
      4.39943,
      11.0021,
      0.561957
    ],
    [
      4.88955,
      11.3107,
      0.561957
    ],
    [
      5.37967,
      11.6193,
      0.561957
    ],
    [
      5.86979,
      11.9279,
      0.561957
    ],
    [
      6.37209,
      12.1758,
      -0.535361
    ],
    [
      7.09431,
      12.0996,
      0.387941
    ],
    [
      7.68729,
      12.0133,
      -0.171445
    ],
    [
      8.28053,
      11.9106,
      -0.171445
    ],
    [
      8.87376,
      11.8079,
      -0.171445
    ],
    [
      9.46699,
      11.7052,
      -0.171445
    ],
    [
      10.0257,
      11.5459,
      -1.30769
    ],
    [
      10.4426,
      11.2295,
      -0.600425
    ],
    [
      10.8791,
      10.9306,
      -0.600425
    ],
    [
      11.3071,
      10.6229,
      -1.08172
    ],
    [
      11.6103,
      10.2793,
      -0.841013
    ],
    [
      11.916,
      9.93759,
      -0.841013
    ],
    [
      12.2243,
      9.59876,
      -0.568686
    ],
    [
      12.3854,
      9.12653,
      -1.29615
    ],
    [
      12.5223,
      8.64059,
      -1.29615
    ],
    [
      12.6592,
      8.15464,
      -1.29615
    ],
    [
      12.7961,
      7.6687,
      -1.29615
    ],
    [
      12.9342,
      7.18314,
      -1.14609
    ],
    [
      12.9873,
      6.54494,
      -1.49802
    ],
    [
      13.0339,
      5.90551,
      -1.49802
    ],
    [
      13.0805,
      5.26607,
      -1.49802
    ],
    [
      13.124,
      4.62666,
      -1.74096
    ],
    [
      13.1576,
      4.10975,
      -1.49994
    ],
    [
      13.1943,
      3.59281,
      -1.49994
    ],
    [
      13.2284,
      3.07588,
      -1.71964
    ],
    [
      13.3183,
      2.25803,
      -1.45686
    ],
    [
      13.5,
      1.5,
      0.0
    ]
  ]
}