{
  "robot": {
    "class": "RectangleRobot",
    "radius": 0,
    "wheelbase": 0.33124782697316313,
    "max_velocity": 16.282721881124594,
    "max_steering_at_zero_v": 0.8715111173386237,
    "max_steering_at_max_v": 0.19634954084936207,
    "acceleration": 6.907857659208698,
    "mu_static": 2.465872715778351,
    "width": 0.12195635860539164,
    "length": 0.606031428970847,
    "collision_check_angle_res": 60
  },
  "planner": {
    "class": "Dubins_pathfinding",
    "start": [
      1.5,
      1.5,
      1.0862269871243981
    ],
    "goal": [
      13.5,
      1.5,
      0
    ],
    "bounds": [
      15,
      15
    ],
    "max_runtime": 60.0,
    "goal_threshold": 0.0,
    "solved_time": null,
    "interpolate_steps": 50
  },
  "path": [
    [
      1.5,
      1.5,
      0.0
    ],
    [
      1.77832,
      1.74976,
      1.37443
    ],
    [
      1.85811,
      2.15084,
      1.37443
    ],
    [
      1.93789,
      2.55192,
      1.37443
    ],
    [
      2.01768,
      2.953,
      1.37443
    ],
    [
      2.09747,
      3.35407,
      1.37443
    ],
    [
      2.17725,
      3.75515,
      1.37443
    ],
    [
      2.25704,
      4.15623,
      1.37443
    ],
    [
      2.33682,
      4.55731,
      1.37443
    ],
    [
      2.41661,
      4.95838,
      1.37443
    ],
    [
      2.49639,
      5.35946,
      1.37443
    ],
    [
      2.57058,
      5.76127,
      1.57584
    ],
    [
      2.79609,
      6.07073,
      0.641398
    ],
    [
      3.11828,
      6.31132,
      0.641398
    ],
    [
      3.44047,
      6.5519,
      0.641398
    ],
    [
      3.76267,
      6.79249,
      0.641398
    ],
    [
      4.08486,
      7.03308,
      0.641398
    ],
    [
      4.4068,
      7.274,
      0.696592
    ],
    [
      4.82447,
      7.40055,
      0.224209
    ],
    [
      5.25364,
      7.49842,
      0.224209
    ],
    [
      5.68281,
      7.59629,
      0.224209
    ],
    [
      6.11199,
      7.69416,
      0.224209
    ],
    [
      6.54116,
      7.79202,
      0.224209
    ],
    [
      6.97168,
      7.842,
      -0.365085
    ],
    [
      7.41557,
      7.84918,
      0.0763613
    ],
    [
      7.86136,
      7.88329,
      0.0763613
    ],
    [
      8.30716,
      7.9174,
      0.0763613
    ],
    [
      8.75302,
      7.9498,
      -0.0344368
    ],
    [
      9.14724,
      7.79634,
      -0.419457
    ],
    [
      9.53556,
      7.62318,
      -0.419457
    ],
    [
      9.92387,
      7.45002,
      -0.419457
    ],
    [
      10.3122,
      7.27686,
      -0.419457
    ],
    [
      10.7005,
      7.1037,
      -0.419457
    ],
    [
      11.0888,
      6.93055,
      -0.419457
    ],
    [
      11.4771,
      6.75739,
      -0.419457
    ],
    [
      11.8698,
      6.77568,
      0.776655
    ],
    [
      12.2406,
      6.79337,
      -0.681273
    ],
    [
      12.3838,
      6.42315,
      -1.35621
    ],
    [
      12.4703,
      6.02628,
      -1.35621
    ],
    [
      12.5568,
      5.62942,
      -1.35621
    ],
    [
      12.6382,
      5.23179,
      -1.54745
    ],
    [
      12.7975,
      4.81544,
      -1.15885
    ],
    [
      12.9769,
      4.40493,
      -1.15885
    ],
    [
      13.1562,
      3.99442,
      -1.15885
    ],
    [
      13.2409,
      3.57115,
      -1.99528
    ],
    [
      13.2172,
      3.12793,
      -1.56767
    ],
    [
      13.2186,
      2.6812,
      -1.56767
    ],
    [
      13.22,
      2.23446,
      -1.56767
    ],
    [
      13.2214,
      1.78772,
      -1.56767
    ],
    [
      13.5,
      1.5,
      0.0
    ]
  ]
}