{
  "robot": {
    "class": "RectangleRobot",
    "radius": 0,
    "wheelbase": 0.5220405221521723,
    "max_velocity": 5.649872085105977,
    "max_steering_at_zero_v": 0.6660649647373815,
    "max_steering_at_max_v": 0.19634954084936207,
    "acceleration": 6.107108772365398,
    "mu_static": 0.7060260568933207,
    "width": 0.4198531107104201,
    "length": 0.5479598567969015,
    "collision_check_angle_res": 60
  },
  "planner": {
    "class": "Dubins_pathfinding",
    "start": [
      1.5,
      1.5,
      1.217987498073412
    ],
    "goal": [
      13.5,
      1.5,
      0
    ],
    "bounds": [
      15,
      15
    ],
    "max_runtime": 60.0,
    "goal_threshold": 0.0,
    "solved_time": null,
    "interpolate_steps": 50
  },
  "path": [
    [
      1.5,
      1.5,
      0.0
    ],
    [
      1.96311,
      1.68805,
      0.771432
    ],
    [
      2.16877,
      2.14522,
      1.42291
    ],
    [
      2.24428,
      2.65207,
      1.42291
    ],
    [
      2.31979,
      3.15893,
      1.42291
    ],
    [
      2.39488,
      3.66584,
      1.45842
    ],
    [
      2.42831,
      4.26652,
      1.5171
    ],
    [
      2.4606,
      4.86728,
      1.5171
    ],
    [
      2.4929,
      5.46803,
      1.5171
    ],
    [
      2.52519,
      6.06879,
      1.5171
    ],
    [
      2.55538,
      6.66961,
      1.59656
    ],
    [
      2.57979,
      7.27634,
      1.52802
    ],
    [
      2.60576,
      7.88304,
      1.52802
    ],
    [
      2.63172,
      8.48974,
      1.52802
    ],
    [
      2.6549,
      9.09647,
      1.61967
    ],
    [
      2.78402,
      9.52353,
      0.934736
    ],
    [
      3.12012,
      9.82678,
      0.503654
    ],
    [
      3.58061,
      10.1765,
      0.664351
    ],
    [
      4.03619,
      10.5333,
      0.664351
    ],
    [
      4.49176,
      10.89,
      0.664351
    ],
    [
      4.94734,
      11.2468,
      0.664351
    ],
    [
      5.40291,
      11.6036,
      0.664351
    ],
    [
      5.87274,
      11.9381,
      0.382185
    ],
    [
      6.43246,
      11.9082,
      -0.488893
    ],
    [
      6.97062,
      11.8461,
      0.078001
    ],
    [
      7.52048,
      11.889,
      0.078001
    ],
    [
      8.07033,
      11.932,
      0.078001
    ],
    [
      8.62018,
      11.975,
      0.078001
    ],
    [
      9.16949,
      11.9898,
      -0.213687
    ],
    [
      9.60283,
      11.6746,
      -1.04395
    ],
    [
      10.0339,
      11.2758,
      -0.667149
    ],
    [
      10.4984,
      10.9099,
      -0.667149
    ],
    [
      10.963,
      10.544,
      -0.667149
    ],
    [
      11.4275,
      10.1782,
      -0.667149
    ],
    [
      11.892,
      9.81228,
      -0.667149
    ],
    [
      12.339,
      9.42797,
      -0.944065
    ],
    [
      12.4424,
      8.8654,
      -1.83421
    ],
    [
      12.455,
      8.27571,
      -1.47893
    ],
    [
      12.5095,
      7.68491,
      -1.47893
    ],
    [
      12.5639,
      7.09411,
      -1.47893
    ],
    [
      12.6183,
      6.50331,
      -1.47893
    ],
    [
      12.6872,
      5.91488,
      -1.2685
    ],
    [
      12.758,
      5.40779,
      -1.45465
    ],
    [
      12.8174,
      4.89866,
      -1.45465
    ],
    [
      12.8768,
      4.38953,
      -1.45465
    ],
    [
      12.9362,
      3.8804,
      -1.45465
    ],
    [
      12.9852,
      3.37067,
      -1.63116
    ],
    [
      12.8898,
      2.62367,
      -1.69996
    ],
    [
      12.8982,
      1.8831,
      -1.13372
    ],
    [
      13.5,
      1.5,
      0.0
    ]
  ]
}