{
  "robot": {
    "class": "RectangleRobot",
    "radius": 0,
    "wheelbase": 0.44213933179964954,
    "max_velocity": 7.298367529871015,
    "max_steering_at_zero_v": 0.7253206749773664,
    "max_steering_at_max_v": 0.19634954084936207,
    "acceleration": 3.0401725853676043,
    "mu_static": 2.426392922651236,
    "width": 0.2599685017782151,
    "length": 0.46534262771417945,
    "collision_check_angle_res": 60
  },
  "planner": {
    "class": "Dubins_pathfinding",
    "start": [
      1.5,
      1.5,
      0.824869825296335
    ],
    "goal": [
      13.5,
      1.5,
      0
    ],
    "bounds": [
      15,
      15
    ],
    "max_runtime": 60.0,
    "goal_threshold": 0.0,
    "solved_time": null,
    "interpolate_steps": 50
  },
  "path": [
    [
      1.5,
      1.5,
      0.0
    ],
    [
      1.93465,
      1.75416,
      1.05826
    ],
    [
      2.01881,
      2.27019,
      1.50137
    ],
    [
      2.05543,
      2.79671,
      1.50137
    ],
    [
      2.09204,
      3.32323,
      1.50137
    ],
    [
      2.12865,
      3.84974,
      1.50137
    ],
    [
      2.16527,
      4.37626,
      1.50137
    ],
    [
      2.20188,
      4.90278,
      1.50137
    ],
    [
      2.25373,
      5.42696,
      1.25255
    ],
    [
      2.30872,
      6.01456,
      1.50409
    ],
    [
      2.34813,
      6.60452,
      1.50409
    ],
    [
      2.38755,
      7.19448,
      1.50409
    ],
    [
      2.42696,
      7.78444,
      1.50409
    ],
    [
      2.49209,
      8.36986,
      1.18001
    ],
    [
      2.79807,
      8.86525,
      1.00431
    ],
    [
      3.11078,
      9.3569,
      1.00431
    ],
    [
      3.44632,
      9.83003,
      0.660384
    ],
    [
      3.83036,
      10.2499,
      1.03026
    ],
    [
      4.24015,
      10.564,
      0.539825
    ],
    [
      4.68847,
      10.8326,
      0.539825
    ],
    [
      5.13679,
      11.1012,
      0.539825
    ],
    [
      5.58511,
      11.3699,
      0.539825
    ],
    [
      6.03343,
      11.6385,
      0.539825
    ],
    [
      6.48389,
      11.9032,
      0.405217
    ],
    [
      7.0008,
      12.0235,
      0.21113
    ],
    [
      7.52027,
      12.1349,
      0.21113
    ],
    [
      8.03979,
      12.2459,
      0.175725
    ],
    [
      8.57643,
      12.0606,
      -0.564135
    ],
    [
      9.07103,
      11.7477,
      -0.564135
    ],
    [
      9.56563,
      11.4347,
      -0.564135
    ],
    [
      10.0602,
      11.1218,
      -0.564135
    ],
    [
      10.5548,
      10.8089,
      -0.564135
    ],
    [
      11.0494,
      10.4959,
      -0.564135
    ],
    [
      11.4387,
      10.0845,
      -1.33091
    ],
    [
      11.7352,
      9.64148,
      -0.892081
    ],
    [
      12.073,
      9.22273,
      -0.892081
    ],
    [
      12.2909,
      8.74834,
      -1.62542
    ],
    [
      12.3284,
      8.18065,
      -1.49765
    ],
    [
      12.37,
      7.61308,
      -1.49765
    ],
    [
      12.4116,
      7.04551,
      -1.49765
    ],
    [
      12.4532,
      6.47794,
      -1.49765
    ],
    [
      12.4948,
      5.91037,
      -1.49765
    ],
    [
      12.5364,
      5.34281,
      -1.49765
    ],
    [
      12.5694,
      4.77514,
      -1.68365
    ],
    [
      12.6785,
      4.23828,
      -1.30599
    ],
    [
      12.8228,
      3.70633,
      -1.30599
    ],
    [
      12.967,
      3.17437,
      -1.31412
    ],
    [
      12.9923,
      2.52232,
      -1.55385
    ],
    [
      13.0181,
      1.87032,
      -1.31039
    ],
    [
      13.5,
      1.5,
      0.0
    ]
  ]
}