{
  "robot": {
    "class": "RectangleRobot",
    "radius": 0,
    "wheelbase": 0.1687636666243434,
    "max_velocity": 16.090029553528655,
    "max_steering_at_zero_v": 0.9996217439103303,
    "max_steering_at_max_v": 0.19634954084936207,
    "acceleration": 5.171828963451575,
    "mu_static": 1.0228757552248806,
    "width": 0.8821873741611176,
    "length": 0.27865519151888274,
    "collision_check_angle_res": 60
  },
  "planner": {
    "class": "Dubins_pathfinding",
    "start": [
      1.5,
      1.5,
      0.8119103096606297
    ],
    "goal": [
      13.5,
      1.5,
      0
    ],
    "bounds": [
      15,
      15
    ],
    "max_runtime": 60.0,
    "goal_threshold": 0.0,
    "solved_time": null,
    "interpolate_steps": 50
  },
  "path": [
    [
      1.5,
      1.5,
      0.0
    ],
    [
      1.65952,
      1.99772,
      1.44263
    ],
    [
      1.73147,
      2.55603,
      1.44263
    ],
    [
      1.80342,
      3.11433,
      1.44263
    ],
    [
      1.87537,
      3.67264,
      1.44263
    ],
    [
      1.94734,
      4.23094,
      1.42242
    ],
    [
      2.01607,
      4.76337,
      1.44245
    ],
    [
      2.08478,
      5.29581,
      1.44245
    ],
    [
      2.1535,
      5.82825,
      1.44245
    ],
    [
      2.22413,
      6.36031,
      1.25237
    ],
    [
      2.2853,
      6.87777,
      1.45749
    ],
    [
      2.34423,
      7.39564,
      1.45749
    ],
    [
      2.40072,
      7.91362,
      1.66973
    ],
    [
      2.44174,
      8.42229,
      1.48677
    ],
    [
      2.47404,
      8.93024,
      1.92944
    ],
    [
      2.66761,
      9.43178,
      1.1432
    ],
    [
      2.92732,
      9.89748,
      0.217946
    ],
    [
      3.33888,
      10.2301,
      0.703378
    ],
    [
      3.7439,
      10.5736,
      0.703378
    ],
    [
      4.14891,
      10.9171,
      0.703378
    ],
    [
      4.55393,
      11.2605,
      0.703378
    ],
    [
      4.94505,
      11.6152,
      1.27907
    ],
    [
      5.41734,
      11.7515,
      0.155569
    ],
    [
      5.92293,
      11.8308,
      0.155569
    ],
    [
      6.42853,
      11.9101,
      0.155569
    ],
    [
      6.93317,
      11.9932,
      0.424646
    ],
    [
      7.46064,
      11.9944,
      -0.0175215
    ],
    [
      7.98946,
      11.9852,
      -0.0175215
    ],
    [
      8.51829,
      11.9759,
      -0.0175215
    ],
    [
      9.04712,
      11.9666,
      -0.0175215
    ],
    [
      9.57532,
      11.9522,
      -0.326216
    ],
    [
      10.0364,
      11.5897,
      -0.677703
    ],
    [
      10.4939,
      11.2214,
      -0.677703
    ],
    [
      10.9514,
      10.8532,
      -0.677703
    ],
    [
      11.4089,
      10.485,
      -0.677703
    ],
    [
      11.8747,
      10.1325,
      -0.102065
    ],
    [
      12.1456,
      9.73201,
      -1.07411
    ],
    [
      12.4076,
      9.3193,
      -0.263551
    ],
    [
      12.584,
      8.74979,
      -1.37134
    ],
    [
      12.7041,
      8.14546,
      -1.5638
    ],
    [
      12.7799,
      7.48885,
      -1.45488
    ],
    [
      12.8564,
      6.83228,
      -1.45488
    ],
    [
      12.9323,
      6.17568,
      -1.54828
    ],
    [
      13.0102,
      5.48466,
      -1.45792
    ],
    [
      13.0886,
      4.79368,
      -1.45792
    ],
    [
      13.1669,
      4.1027,
      -1.45792
    ],
    [
      13.2452,
      3.41172,
      -1.45792
    ],
    [
      13.3235,
      2.72074,
      -1.45792
    ],
    [
      13.4016,
      2.02973,
      -1.52417
    ],
    [
      13.5,
      1.5,
      0.0
    ]
  ]
}