{
  "robot": {
    "class": "RectangleRobot",
    "radius": 0,
    "wheelbase": 0.5153332146700982,
    "max_velocity": 16.973798952361673,
    "max_steering_at_zero_v": 1.0141198643620404,
    "max_steering_at_max_v": 0.19634954084936207,
    "acceleration": 7.93591967923455,
    "mu_static": 0.6785199785520327,
    "width": 0.5317677529671271,
    "length": 0.5631037005395929,
    "collision_check_angle_res": 60
  },
  "planner": {
    "class": "Dubins_pathfinding",
    "start": [
      1.5,
      1.5,
      0.9945329369685344
    ],
    "goal": [
      13.5,
      1.5,
      0
    ],
    "bounds": [
      15,
      15
    ],
    "max_runtime": 60.0,
    "goal_threshold": 0.0,
    "solved_time": null,
    "interpolate_steps": 50
  },
  "path": [
    [
      1.5,
      1.5,
      0.0
    ],
    [
      1.82678,
      1.88297,
      1.49024
    ],
    [
      1.87234,
      2.44742,
      1.49024
    ],
    [
      1.91791,
      3.01187,
      1.49024
    ],
    [
      1.96348,
      3.57632,
      1.49024
    ],
    [
      2.00905,
      4.14077,
      1.49024
    ],
    [
      2.05462,
      4.70523,
      1.49024
    ],
    [
      2.10008,
      5.26968,
      1.51535
    ],
    [
      2.13616,
      5.82321,
      1.50568
    ],
    [
      2.17225,
      6.37674,
      1.50568
    ],
    [
      2.20835,
      6.93027,
      1.50568
    ],
    [
      2.24444,
      7.4838,
      1.50568
    ],
    [
      2.28053,
      8.03733,
      1.50568
    ],
    [
      2.35935,
      8.58039,
      0.979907
    ],
    [
      2.54897,
      9.00964,
      1.16671
    ],
    [
      2.73361,
      9.44141,
      1.16671
    ],
    [
      2.92862,
      9.86757,
      0.895237
    ],
    [
      3.34879,
      10.2021,
      0.655324
    ],
    [
      3.77514,
      10.5298,
      0.655324
    ],
    [
      4.20149,
      10.8575,
      0.655324
    ],
    [
      4.63824,
      11.1678,
      0.298441
    ],
    [
      5.18106,
      11.4605,
      0.505727
    ],
    [
      5.72096,
      11.7595,
      0.505727
    ],
    [
      6.26085,
      12.0585,
      0.514487
    ],
    [
      6.79488,
      12.1317,
      0.0812864
    ],
    [
      7.33561,
      12.1757,
      0.0812864
    ],
    [
      7.87634,
      12.2198,
      0.0812864
    ],
    [
      8.41707,
      12.2638,
      0.0812864
    ],
    [
      8.9576,
      12.3096,
      0.185944
    ],
    [
      9.4575,
      12.0322,
      -0.725996
    ],
    [
      9.90391,
      11.6359,
      -0.725996
    ],
    [
      10.3503,
      11.2396,
      -0.725996
    ],
    [
      10.7967,
      10.8433,
      -0.725996
    ],
    [
      11.2432,
      10.447,
      -0.725996
    ],
    [
      11.6896,
      10.0507,
      -0.725996
    ],
    [
      12.136,
      9.65446,
      -0.701196
    ],
    [
      12.3697,
      9.08567,
      -1.26065
    ],
    [
      12.5596,
      8.49318,
      -1.26065
    ],
    [
      12.7495,
      7.90069,
      -1.26065
    ],
    [
      12.9394,
      7.30821,
      -1.26065
    ],
    [
      13.1014,
      6.71094,
      -1.68164
    ],
    [
      13.091,
      6.12546,
      -1.58594
    ],
    [
      13.0822,
      5.53991,
      -1.58594
    ],
    [
      13.0733,
      4.95436,
      -1.58594
    ],
    [
      13.0595,
      4.36917,
      -1.76149
    ],
    [
      13.081,
      3.75907,
      -1.52035
    ],
    [
      13.1118,
      3.1487,
      -1.52035
    ],
    [
      13.1427,
      2.53832,
      -1.52035
    ],
    [
      13.1735,
      1.92794,
      -1.52035
    ],
    [
      13.5,
      1.5,
      0.0
    ]
  ]
}