{
  "robot": {
    "class": "RectangleRobot",
    "radius": 0,
    "wheelbase": 0.20381878731465633,
    "max_velocity": 18.809839053476153,
    "max_steering_at_zero_v": 0.8974737489860425,
    "max_steering_at_max_v": 0.19634954084936207,
    "acceleration": 8.222026060011085,
    "mu_static": 1.4216448923885332,
    "width": 0.27608544364962173,
    "length": 0.3961782818891031,
    "collision_check_angle_res": 60
  },
  "planner": {
    "class": "Dubins_pathfinding",
    "start": [
      1.5,
      1.5,
      1.3596057836966244
    ],
    "goal": [
      13.5,
      1.5,
      0
    ],
    "bounds": [
      15,
      15
    ],
    "max_runtime": 60.0,
    "goal_threshold": 0.0,
    "solved_time": null,
    "interpolate_steps": 50
  },
  "path": [
    [
      1.5,
      1.5,
      0.0
    ],
    [
      1.69603,
      1.96686,
      1.4643
    ],
    [
      1.75571,
      2.52513,
      1.4643
    ],
    [
      1.81539,
      3.0834,
      1.4643
    ],
    [
      1.87507,
      3.64168,
      1.4643
    ],
    [
      1.93475,
      4.19995,
      1.4643
    ],
    [
      1.99443,
      4.75823,
      1.4643
    ],
    [
      2.05411,
      5.3165,
      1.4643
    ],
    [
      2.10221,
      5.87455,
      1.8425
    ],
    [
      2.16445,
      6.4493,
      1.44049
    ],
    [
      2.23978,
      7.0241,
      1.44049
    ],
    [
      2.3151,
      7.59889,
      1.44049
    ],
    [
      2.40346,
      8.17013,
      1.03176
    ],
    [
      2.60321,
      8.58542,
      1.12398
    ],
    [
      2.80234,
      9.00102,
      1.12398
    ],
    [
      2.99348,
      9.41945,
      1.44723
    ],
    [
      3.37466,
      9.8299,
      0.755629
    ],
    [
      3.78782,
      10.2192,
      0.755629
    ],
    [
      4.20099,
      10.6084,
      0.755629
    ],
    [
      4.61415,
      10.9977,
      0.755629
    ],
    [
      5.07035,
      11.2495,
      -0.610563
    ],
    [
      5.60314,
      11.3857,
      0.385476
    ],
    [
      6.13163,
      11.6001,
      0.385476
    ],
    [
      6.66373,
      11.8,
      -0.0455942
    ],
    [
      7.14134,
      11.7796,
      -0.0426674
    ],
    [
      7.61895,
      11.7592,
      -0.0426674
    ],
    [
      8.09656,
      11.7388,
      -0.0426674
    ],
    [
      8.57361,
      11.7138,
      -0.281479
    ],
    [
      9.02071,
      11.5848,
      -0.28083
    ],
    [
      9.46781,
      11.4559,
      -0.28083
    ],
    [
      9.91498,
      11.3272,
      -0.222651
    ],
    [
      10.3163,
      10.9991,
      -0.723931
    ],
    [
      10.7068,
      10.6538,
      -0.723931
    ],
    [
      11.0974,
      10.3085,
      -0.723931
    ],
    [
      11.488,
      9.96327,
      -0.723931
    ],
    [
      11.8786,
      9.61798,
      -0.723931
    ],
    [
      12.2184,
      9.24101,
      -1.5904
    ],
    [
      12.2983,
      8.68652,
      -1.42382
    ],
    [
      12.3803,
      8.13224,
      -1.42382
    ],
    [
      12.4624,
      7.57795,
      -1.42382
    ],
    [
      12.5444,
      7.02367,
      -1.42382
    ],
    [
      12.6265,
      6.46938,
      -1.42382
    ],
    [
      12.7086,
      5.9151,
      -1.42382
    ],
    [
      12.8032,
      5.36444,
      -1.02191
    ],
    [
      12.9088,
      4.70836,
      -1.43149
    ],
    [
      13.0013,
      4.0486,
      -1.43149
    ],
    [
      13.0938,
      3.38883,
      -1.43149
    ],
    [
      13.1863,
      2.72906,
      -1.43149
    ],
    [
      13.2788,
      2.06929,
      -1.43149
    ],
    [
      13.5,
      1.5,
      0.0
    ]
  ]
}