{
  "robot": {
    "class": "RectangleRobot",
    "radius": 0,
    "wheelbase": 0.16949404126266307,
    "max_velocity": 19.35348719727542,
    "max_steering_at_zero_v": 0.920874350045856,
    "max_steering_at_max_v": 0.19634954084936207,
    "acceleration": 7.446879427018752,
    "mu_static": 1.2996222268827762,
    "width": 0.3406447599941307,
    "length": 0.26679508333058644,
    "collision_check_angle_res": 60
  },
  "planner": {
    "class": "Dubins_pathfinding",
    "start": [
      1.5,
      1.5,
      1.3199746214908705
    ],
    "goal": [
      13.5,
      1.5,
      0
    ],
    "bounds": [
      15,
      15
    ],
    "max_runtime": 60.0,
    "goal_threshold": 0.0,
    "solved_time": null,
    "interpolate_steps": 50
  },
  "path": [
    [
      1.5,
      1.5,
      0.0
    ],
    [
      1.6854,
      1.92883,
      1.3912
    ],
    [
      1.77606,
      2.4282,
      1.3912
    ],
    [
      1.86672,
      2.92756,
      1.3912
    ],
    [
      1.95738,
      3.42692,
      1.3912
    ],
    [
      2.04804,
      3.92628,
      1.3912
    ],
    [
      2.13869,
      4.42565,
      1.3912
    ],
    [
      2.22935,
      4.92501,
      1.3912
    ],
    [
      2.30961,
      5.42484,
      1.79408
    ],
    [
      2.36113,
      6.02225,
      1.47385
    ],
    [
      2.41924,
      6.61972,
      1.47385
    ],
    [
      2.47735,
      7.21718,
      1.47385
    ],
    [
      2.53545,
      7.81465,
      1.47385
    ],
    [
      2.56627,
      8.40878,
      2.13106
    ],
    [
      2.71392,
      8.83147,
      1.09256
    ],
    [
      2.92838,
      9.24519,
      1.09256
    ],
    [
      3.13317,
      9.66238,
      1.49281
    ],
    [
      3.56921,
      10.0485,
      0.650853
    ],
    [
      4.04116,
      10.4079,
      0.650853
    ],
    [
      4.51311,
      10.7674,
      0.650853
    ],
    [
      4.98631,
      11.1249,
      0.463186
    ],
    [
      5.55074,
      11.4227,
      0.485581
    ],
    [
      6.12294,
      11.6904,
      -0.214363
    ],
    [
      6.59486,
      11.7014,
      0.0314087
    ],
    [
      7.06698,
      11.7162,
      0.0314087
    ],
    [
      7.53909,
      11.731,
      0.0314087
    ],
    [
      8.00728,
      11.723,
      -0.572475
    ],
    [
      8.50282,
      11.6533,
      -0.112869
    ],
    [
      9.00192,
      11.5968,
      -0.112869
    ],
    [
      9.49916,
      11.5323,
      -0.469
    ],
    [
      9.9888,
      11.1869,
      -0.616671
    ],
    [
      10.4777,
      10.8403,
      -0.616671
    ],
    [
      10.9684,
      10.4968,
      -0.37986
    ],
    [
      11.366,
      10.0498,
      -0.869128
    ],
    [
      11.7537,
      9.59114,
      -0.869128
    ],
    [
      12.1413,
      9.13247,
      -0.869128
    ],
    [
      12.5319,
      8.67673,
      -0.615427
    ],
    [
      12.6194,
      8.19045,
      -1.48535
    ],
    [
      12.6626,
      7.6867,
      -1.48535
    ],
    [
      12.7057,
      7.18295,
      -1.48535
    ],
    [
      12.7489,
      6.6792,
      -1.48535
    ],
    [
      12.792,
      6.17545,
      -1.48535
    ],
    [
      12.8419,
      5.67304,
      -1.15756
    ],
    [
      12.8895,
      5.22346,
      -1.48003
    ],
    [
      12.9306,
      4.77258,
      -1.48003
    ],
    [
      12.9832,
      4.32446,
      -1.04864
    ],
    [
      13.0937,
      3.60228,
      -1.43174
    ],
    [
      13.1951,
      2.87762,
      -1.43174
    ],
    [
      13.2966,
      2.15296,
      -1.43174
    ],
    [
      13.5,
      1.5,
      0.0
    ]
  ]
}