{
  "robot": {
    "class": "RectangleRobot",
    "radius": 0,
    "wheelbase": 0.06766449487737045,
    "max_velocity": 12.4360151297655,
    "max_steering_at_zero_v": 0.6015258954540854,
    "max_steering_at_max_v": 0.19634954084936207,
    "acceleration": 5.5977867347530585,
    "mu_static": 1.4899637472523752,
    "width": 0.34009955934354696,
    "length": 0.10943315317310985,
    "collision_check_angle_res": 60
  },
  "planner": {
    "class": "Dubins_pathfinding",
    "start": [
      1.5,
      1.5,
      1.4366994574019865
    ],
    "goal": [
      13.5,
      1.5,
      0
    ],
    "bounds": [
      15,
      15
    ],
    "max_runtime": 60.0,
    "goal_threshold": 0.0,
    "solved_time": null,
    "interpolate_steps": 50
  },
  "path": [
    [
      1.5,
      1.5,
      0.0
    ],
    [
      1.65083,
      1.83073,
      1.35869
    ],
    [
      1.73349,
      2.21457,
      1.35869
    ],
    [
      1.81615,
      2.5984,
      1.35869
    ],
    [
      1.89881,
      2.98224,
      1.35869
    ],
    [
      1.98147,
      3.36608,
      1.35869
    ],
    [
      2.06413,
      3.74992,
      1.35869
    ],
    [
      2.14679,
      4.13376,
      1.35869
    ],
    [
      2.22944,
      4.5176,
      1.35869
    ],
    [
      2.3121,
      4.90144,
      1.35869
    ],
    [
      2.39476,
      5.28527,
      1.35869
    ],
    [
      2.50328,
      5.656,
      0.585364
    ],
    [
      2.77734,
      6.06441,
      0.996465
    ],
    [
      3.07532,
      6.43927,
      -0.0180024
    ],
    [
      3.42812,
      6.63135,
      0.535196
    ],
    [
      3.77578,
      6.83749,
      0.535196
    ],
    [
      4.12343,
      7.04362,
      0.535196
    ],
    [
      4.47109,
      7.24975,
      0.535196
    ],
    [
      4.81874,
      7.45588,
      0.535196
    ],
    [
      5.17618,
      7.61034,
      -0.51363
    ],
    [
      5.58518,
      7.62291,
      0.070689
    ],
    [
      5.99625,
      7.65201,
      0.070689
    ],
    [
      6.40732,
      7.68112,
      0.070689
    ],
    [
      6.81838,
      7.71023,
      0.070689
    ],
    [
      7.22945,
      7.73933,
      0.070689
    ],
    [
      7.63636,
      7.74388,
      -0.645288
    ],
    [
      8.02539,
      7.72803,
      0.0120622
    ],
    [
      8.41875,
      7.73277,
      0.0120622
    ],
    [
      8.8121,
      7.73752,
      0.0120622
    ],
    [
      9.20545,
      7.74226,
      0.0120622
    ],
    [
      9.5988,
      7.74701,
      0.0120622
    ],
    [
      9.9381,
      7.65355,
      -1.54821
    ],
    [
      10.2321,
      7.43643,
      -0.500761
    ],
    [
      10.5654,
      7.254,
      -0.500761
    ],
    [
      10.8988,
      7.07156,
      -0.500761
    ],
    [
      11.2321,
      6.88913,
      -0.500761
    ],
    [
      11.5655,
      6.70669,
      -0.500761
    ],
    [
      11.8988,
      6.52426,
      -0.500761
    ],
    [
      12.1489,
      6.28668,
      -1.96747
    ],
    [
      12.2127,
      5.90386,
      -1.36034
    ],
    [
      12.2944,
      5.5212,
      -1.36034
    ],
    [
      12.3761,
      5.13854,
      -1.36034
    ],
    [
      12.4579,
      4.75588,
      -1.36034
    ],
    [
      12.5397,
      4.37323,
      -1.32926
    ],
    [
      12.6554,
      3.93146,
      -1.31462
    ],
    [
      12.7711,
      3.48969,
      -1.31462
    ],
    [
      12.8868,
      3.04792,
      -1.31462
    ],
    [
      13.0246,
      2.61811,
      -0.595351
    ],
    [
      13.2442,
      2.03978,
      -1.2399
    ],
    [
      13.5,
      1.5,
      0.0
    ]
  ]
}