{
  "robot": {
    "class": "RectangleRobot",
    "radius": 0,
    "wheelbase": 0.8477038173370215,
    "max_velocity": 17.152847973304887,
    "max_steering_at_zero_v": 0.682659103967078,
    "max_steering_at_max_v": 0.19634954084936207,
    "acceleration": 3.834327850756309,
    "mu_static": 1.9039461865430132,
    "width": 0.17927718071288484,
    "length": 0.9819403817190584,
    "collision_check_angle_res": 60
  },
  "planner": {
    "class": "Dubins_pathfinding",
    "start": [
      1.5,
      1.5,
      1.32309494822126
    ],
    "goal": [
      13.5,
      1.5,
      0
    ],
    "bounds": [
      15,
      15
    ],
    "max_runtime": 60.0,
    "goal_threshold": 0.0,
    "solved_time": null,
    "interpolate_steps": 50
  },
  "path": [
    [
      1.5,
      1.5,
      0.0
    ],
    [
      2.04168,
      1.65176,
      0.546328
    ],
    [
      2.42567,
      2.06287,
      1.09266
    ],
    [
      2.54225,
      2.61369,
      1.57587
    ],
    [
      2.53936,
      3.18328,
      1.57587
    ],
    [
      2.53647,
      3.75287,
      1.57587
    ],
    [
      2.53358,
      4.32247,
      1.57587
    ],
    [
      2.53069,
      4.89206,
      1.57587
    ],
    [
      2.5278,
      5.46165,
      1.57587
    ],
    [
      2.55958,
      6.02162,
      1.51008
    ],
    [
      2.59362,
      6.5815,
      1.51008
    ],
    [
      2.62765,
      7.14138,
      1.51008
    ],
    [
      2.66169,
      7.70126,
      1.51008
    ],
    [
      2.69573,
      8.26114,
      1.51008
    ],
    [
      2.76105,
      8.81652,
      1.26362
    ],
    [
      3.06298,
      9.28123,
      0.72562
    ],
    [
      3.42545,
      9.68415,
      0.854055
    ],
    [
      3.78168,
      10.093,
      0.854055
    ],
    [
      4.13792,
      10.5018,
      0.854055
    ],
    [
      4.49419,
      10.9107,
      0.84442
    ],
    [
      4.9414,
      11.2065,
      0.324303
    ],
    [
      5.51987,
      11.3797,
      0.289929
    ],
    [
      6.09852,
      11.5523,
      0.289929
    ],
    [
      6.67717,
      11.7249,
      0.289929
    ],
    [
      7.25582,
      11.8976,
      0.289929
    ],
    [
      7.83447,
      12.0702,
      0.289929
    ],
    [
      8.42904,
      12.1145,
      -0.209786
    ],
    [
      8.91712,
      11.8829,
      -0.561742
    ],
    [
      9.37754,
      11.5931,
      -0.561742
    ],
    [
      9.83795,
      11.3033,
      -0.561742
    ],
    [
      10.2984,
      11.0135,
      -0.561742
    ],
    [
      10.7588,
      10.7238,
      -0.563105
    ],
    [
      11.1241,
      10.3291,
      -1.08489
    ],
    [
      11.4471,
      9.86504,
      -0.944603
    ],
    [
      11.7787,
      9.40663,
      -0.944603
    ],
    [
      12.1102,
      8.94823,
      -0.944603
    ],
    [
      12.4397,
      8.48837,
      -1.01469
    ],
    [
      12.5967,
      7.95205,
      -1.55732
    ],
    [
      12.6469,
      7.43727,
      -1.46501
    ],
    [
      12.7015,
      6.92282,
      -1.46501
    ],
    [
      12.7562,
      6.40837,
      -1.46501
    ],
    [
      12.813,
      5.8942,
      -1.39922
    ],
    [
      12.82,
      5.35225,
      -1.59458
    ],
    [
      12.8071,
      4.80948,
      -1.59458
    ],
    [
      12.7942,
      4.26671,
      -1.59458
    ],
    [
      12.7808,
      3.72395,
      -1.62216
    ],
    [
      12.6162,
      3.21301,
      -2.1429
    ],
    [
      12.4603,
      2.46521,
      -1.4965
    ],
    [
      12.7907,
      1.7785,
      -0.748252
    ],
    [
      13.5,
      1.5,
      0.0
    ]
  ]
}