{
  "robot": {
    "class": "RectangleRobot",
    "radius": 0,
    "wheelbase": 0.19693694293094627,
    "max_velocity": 6.836958298192926,
    "max_steering_at_zero_v": 0.8873954141022217,
    "max_steering_at_max_v": 0.19634954084936207,
    "acceleration": 6.785509180587588,
    "mu_static": 0.6598722148359887,
    "width": 0.7008606221654656,
    "length": 0.21050811484427753,
    "collision_check_angle_res": 60
  },
  "planner": {
    "class": "Dubins_pathfinding",
    "start": [
      1.5,
      1.5,
      0.05846981916324172
    ],
    "goal": [
      13.5,
      1.5,
      0
    ],
    "bounds": [
      15,
      15
    ],
    "max_runtime": 60.0,
    "goal_threshold": 0.0,
    "solved_time": null,
    "interpolate_steps": 50
  },
  "path": [
    [
      1.5,
      1.5,
      0.0
    ],
    [
      1.70308,
      1.97524,
      1.44027
    ],
    [
      1.77721,
      2.54,
      1.44027
    ],
    [
      1.85134,
      3.10475,
      1.44027
    ],
    [
      1.92548,
      3.66951,
      1.44027
    ],
    [
      1.99961,
      4.23426,
      1.44027
    ],
    [
      2.07375,
      4.79902,
      1.44027
    ],
    [
      2.14788,
      5.36377,
      1.44027
    ],
    [
      2.22202,
      5.92853,
      1.44027
    ],
    [
      2.27957,
      6.46655,
      1.46432
    ],
    [
      2.33707,
      7.00457,
      1.46432
    ],
    [
      2.39457,
      7.54259,
      1.46432
    ],
    [
      2.45207,
      8.08062,
      1.46432
    ],
    [
      2.50957,
      8.61864,
      1.46432
    ],
    [
      2.62877,
      9.1295,
      0.536359
    ],
    [
      3.01974,
      9.63232,
      0.929067
    ],
    [
      3.40189,
      10.1437,
      0.929067
    ],
    [
      3.78653,
      10.653,
      0.726526
    ],
    [
      4.22147,
      10.917,
      0.540105
    ],
    [
      4.65798,
      11.1788,
      0.540105
    ],
    [
      5.0945,
      11.4405,
      0.540105
    ],
    [
      5.53101,
      11.7022,
      0.540105
    ],
    [
      5.98238,
      11.9054,
      -0.336841
    ],
    [
      6.5448,
      11.9007,
      0.00849618
    ],
    [
      7.10823,
      11.9055,
      0.00849618
    ],
    [
      7.67167,
      11.9103,
      0.00849618
    ],
    [
      8.2351,
      11.9151,
      0.00849618
    ],
    [
      8.79854,
      11.9199,
      0.00849618
    ],
    [
      9.34119,
      11.8585,
      -0.933032
    ],
    [
      9.7701,
      11.5465,
      -0.613673
    ],
    [
      10.2044,
      11.2406,
      -0.613673
    ],
    [
      10.6387,
      10.9347,
      -0.613673
    ],
    [
      11.0729,
      10.6287,
      -0.613673
    ],
    [
      11.5072,
      10.3228,
      -0.613673
    ],
    [
      11.9352,
      10.0099,
      -0.958039
    ],
    [
      12.2273,
      9.63996,
      -0.901853
    ],
    [
      12.506,
      9.26243,
      -1.34466
    ],
    [
      12.5878,
      8.65371,
      -1.43835
    ],
    [
      12.6656,
      8.04465,
      -1.64169
    ],
    [
      12.728,
      7.54099,
      -1.44131
    ],
    [
      12.7935,
      7.03754,
      -1.44131
    ],
    [
      12.8591,
      6.53408,
      -1.44131
    ],
    [
      12.9229,
      6.03048,
      -1.58812
    ],
    [
      12.9745,
      5.42458,
      -1.48453
    ],
    [
      13.0269,
      4.81871,
      -1.48453
    ],
    [
      13.0793,
      4.21285,
      -1.48453
    ],
    [
      13.1366,
      3.60783,
      -1.23469
    ],
    [
      13.2154,
      2.87564,
      -1.46957
    ],
    [
      13.2898,
      2.14267,
      -1.46957
    ],
    [
      13.5,
      1.5,
      0.0
    ]
  ]
}