{
  "robot": {
    "class": "RectangleRobot",
    "radius": 0,
    "wheelbase": 0.18721006631149678,
    "max_velocity": 13.189371847329872,
    "max_steering_at_zero_v": 0.9716573320695369,
    "max_steering_at_max_v": 0.19634954084936207,
    "acceleration": 9.62341256543334,
    "mu_static": 1.0257722469304877,
    "width": 0.10144745691909865,
    "length": 0.21885001672019327,
    "collision_check_angle_res": 60
  },
  "planner": {
    "class": "Dubins_pathfinding",
    "start": [
      1.5,
      1.5,
      0.4966112110569014
    ],
    "goal": [
      13.5,
      1.5,
      0
    ],
    "bounds": [
      15,
      15
    ],
    "max_runtime": 60.0,
    "goal_threshold": 0.0,
    "solved_time": null,
    "interpolate_steps": 50
  },
  "path": [
    [
      1.5,
      1.5,
      0.0
    ],
    [
      1.69363,
      1.69249,
      0.998985
    ],
    [
      1.84886,
      1.93371,
      0.998985
    ],
    [
      2.00409,
      2.17494,
      0.998985
    ],
    [
      2.15933,
      2.41616,
      0.998985
    ],
    [
      2.31456,
      2.65738,
      0.998985
    ],
    [
      2.4698,
      2.89861,
      0.998985
    ],
    [
      2.68044,
      3.05316,
      -0.299801
    ],
    [
      2.94469,
      3.11887,
      0.33543
    ],
    [
      3.20578,
      3.20989,
      0.33543
    ],
    [
      3.46688,
      3.30091,
      0.33543
    ],
    [
      3.72798,
      3.39193,
      0.33543
    ],
    [
      3.98907,
      3.48295,
      0.33543
    ],
    [
      4.25017,
      3.57397,
      0.33543
    ],
    [
      4.51126,
      3.66499,
      0.33543
    ],
    [
      4.77236,
      3.756,
      0.33543
    ],
    [
      5.03346,
      3.84702,
      0.33543
    ],
    [
      5.2706,
      3.79939,
      -1.19781
    ],
    [
      5.52666,
      3.72793,
      0.0739141
    ],
    [
      5.81636,
      3.74938,
      0.0739141
    ],
    [
      6.10606,
      3.77083,
      0.0739141
    ],
    [
      6.39576,
      3.79229,
      0.0739141
    ],
    [
      6.68546,
      3.81374,
      0.0739141
    ],
    [
      6.97516,
      3.83519,
      0.0739141
    ],
    [
      7.26487,
      3.85664,
      0.0739141
    ],
    [
      7.55457,
      3.87809,
      0.0739141
    ],
    [
      7.84427,
      3.89955,
      0.0739141
    ],
    [
      8.13397,
      3.921,
      0.0739141
    ],
    [
      8.41855,
      3.91114,
      -0.635609
    ],
    [
      8.68804,
      3.85406,
      -0.156424
    ],
    [
      8.96207,
      3.81084,
      -0.156424
    ],
    [
      9.2361,
      3.76762,
      -0.156424
    ],
    [
      9.51012,
      3.7244,
      -0.156424
    ],
    [
      9.78415,
      3.68119,
      -0.156424
    ],
    [
      10.0582,
      3.63797,
      -0.156424
    ],
    [
      10.3322,
      3.59475,
      -0.156424
    ],
    [
      10.6062,
      3.55153,
      -0.156424
    ],
    [
      10.8803,
      3.50832,
      -0.156424
    ],
    [
      11.1543,
      3.4651,
      -0.156424
    ],
    [
      11.4283,
      3.42188,
      -0.156424
    ],
    [
      11.6915,
      3.43987,
      0.843607
    ],
    [
      11.9392,
      3.36939,
      -0.894778
    ],
    [
      12.1308,
      3.13055,
      -0.894778
    ],
    [
      12.3224,
      2.8917,
      -0.894778
    ],
    [
      12.514,
      2.65285,
      -0.894778
    ],
    [
      12.7055,
      2.41401,
      -0.894778
    ],
    [
      12.8971,
      2.17516,
      -0.894778
    ],
    [
      13.0887,
      1.93631,
      -0.894778
    ],
    [
      13.2803,
      1.69747,
      -0.894778
    ],
    [
      13.5,
      1.5,
      0.0
    ]
  ]
}