{
  "robot": {
    "class": "RectangleRobot",
    "radius": 0,
    "wheelbase": 0.6761284729985705,
    "max_velocity": 11.404707194300943,
    "max_steering_at_zero_v": 0.7681190769817805,
    "max_steering_at_max_v": 0.19634954084936207,
    "acceleration": 5.541758954106315,
    "mu_static": 1.5521304506129037,
    "width": 0.5624928531219285,
    "length": 0.701522294467078,
    "collision_check_angle_res": 60
  },
  "planner": {
    "class": "Dubins_pathfinding",
    "start": [
      1.5,
      1.5,
      1.068445629701829
    ],
    "goal": [
      13.5,
      1.5,
      0
    ],
    "bounds": [
      15,
      15
    ],
    "max_runtime": 60.0,
    "goal_threshold": 0.0,
    "solved_time": null,
    "interpolate_steps": 50
  },
  "path": [
    [
      1.5,
      1.5,
      0.0
    ],
    [
      2.00025,
      1.71039,
      0.796239
    ],
    [
      2.2003,
      2.21508,
      1.55263
    ],
    [
      2.21042,
      2.77228,
      1.55263
    ],
    [
      2.22055,
      3.32948,
      1.55263
    ],
    [
      2.23067,
      3.88668,
      1.55263
    ],
    [
      2.24079,
      4.44389,
      1.55263
    ],
    [
      2.25239,
      5.00103,
      1.48763
    ],
    [
      2.28323,
      5.54167,
      1.51429
    ],
    [
      2.31381,
      6.08232,
      1.51429
    ],
    [
      2.3444,
      6.62297,
      1.51429
    ],
    [
      2.37498,
      7.16363,
      1.51429
    ],
    [
      2.40556,
      7.70428,
      1.51429
    ],
    [
      2.37609,
      8.24,
      1.93027
    ],
    [
      2.39827,
      8.78487,
      1.12994
    ],
    [
      2.68508,
      9.26589,
      1.02645
    ],
    [
      2.97516,
      9.74508,
      1.02645
    ],
    [
      3.24697,
      10.2334,
      1.26825
    ],
    [
      3.31635,
      10.3951,
      1.07718
    ],
    [
      3.80421,
      10.7841,
      0.473523
    ],
    [
      4.38106,
      11.0491,
      0.193817
    ],
    [
      4.90519,
      11.3095,
      0.5268
    ],
    [
      5.40975,
      11.6114,
      0.670921
    ],
    [
      5.9347,
      11.7892,
      0.172027
    ],
    [
      6.48834,
      11.8854,
      0.172027
    ],
    [
      7.04199,
      11.9815,
      0.172027
    ],
    [
      7.59563,
      12.0777,
      0.172027
    ],
    [
      8.14927,
      12.1739,
      0.172027
    ],
    [
      8.70528,
      12.2264,
      -0.182501
    ],
    [
      9.22759,
      11.968,
      -0.53211
    ],
    [
      9.7327,
      11.6706,
      -0.53211
    ],
    [
      10.2378,
      11.3732,
      -0.53211
    ],
    [
      10.7429,
      11.0758,
      -0.53211
    ],
    [
      11.2488,
      10.7799,
      -0.464292
    ],
    [
      11.6188,
      10.3944,
      -0.97146
    ],
    [
      11.9246,
      9.94682,
      -0.97146
    ],
    [
      12.2303,
      9.49923,
      -0.982556
    ],
    [
      12.5427,
      8.92618,
      -1.07648
    ],
    [
      12.8298,
      8.3419,
      -1.3413
    ],
    [
      12.8091,
      7.75251,
      -1.66918
    ],
    [
      12.7509,
      7.16272,
      -1.66918
    ],
    [
      12.7071,
      6.57247,
      -1.46645
    ],
    [
      12.7106,
      5.97924,
      -1.57131
    ],
    [
      12.7103,
      5.38587,
      -1.57131
    ],
    [
      12.71,
      4.7925,
      -1.57131
    ],
    [
      12.7097,
      4.19913,
      -1.57131
    ],
    [
      12.7094,
      3.60576,
      -1.57131
    ],
    [
      12.6828,
      3.01482,
      -1.84608
    ],
    [
      12.8122,
      2.06772,
      -1.34478
    ],
    [
      13.5,
      1.5,
      0.0
    ]
  ]
}