{
  "robot": {
    "class": "RectangleRobot",
    "radius": 0,
    "wheelbase": 0.17587790694664837,
    "max_velocity": 18.18427829484782,
    "max_steering_at_zero_v": 0.958090632945968,
    "max_steering_at_max_v": 0.19634954084936207,
    "acceleration": 8.029600020053936,
    "mu_static": 0.3112204235745399,
    "width": 0.13896510221275185,
    "length": 0.18926307928414982,
    "collision_check_angle_res": 60
  },
  "planner": {
    "class": "Dubins_pathfinding",
    "start": [
      1.5,
      1.5,
      1.2980592745890487
    ],
    "goal": [
      13.5,
      1.5,
      0
    ],
    "bounds": [
      15,
      15
    ],
    "max_runtime": 60.0,
    "goal_threshold": 0.0,
    "solved_time": null,
    "interpolate_steps": 50
  },
  "path": [
    [
      1.5,
      1.5,
      0.0
    ],
    [
      1.70736,
      1.69243,
      0.921888
    ],
    [
      1.88509,
      1.92676,
      0.921888
    ],
    [
      2.06282,
      2.16108,
      0.921888
    ],
    [
      2.24055,
      2.39541,
      0.921888
    ],
    [
      2.41828,
      2.62974,
      0.921888
    ],
    [
      2.59602,
      2.86406,
      0.921888
    ],
    [
      2.77375,
      3.09839,
      0.921888
    ],
    [
      2.98426,
      3.2842,
      -0.0646274
    ],
    [
      3.25753,
      3.32968,
      0.178026
    ],
    [
      3.53044,
      3.37879,
      0.178026
    ],
    [
      3.80335,
      3.42789,
      0.178026
    ],
    [
      4.07626,
      3.477,
      0.178026
    ],
    [
      4.34917,
      3.5261,
      0.178026
    ],
    [
      4.62208,
      3.57521,
      0.178026
    ],
    [
      4.89499,
      3.62431,
      0.178026
    ],
    [
      5.1679,
      3.67342,
      0.178026
    ],
    [
      5.44085,
      3.72229,
      0.116528
    ],
    [
      5.70723,
      3.72557,
      0.00966757
    ],
    [
      5.97365,
      3.72815,
      0.00966757
    ],
    [
      6.24006,
      3.73073,
      0.00966757
    ],
    [
      6.50648,
      3.7333,
      0.00966757
    ],
    [
      6.77289,
      3.73588,
      0.00966757
    ],
    [
      7.03931,
      3.73845,
      0.00966757
    ],
    [
      7.30572,
      3.74103,
      0.00966757
    ],
    [
      7.57214,
      3.7436,
      0.00966757
    ],
    [
      7.83856,
      3.74618,
      0.00966757
    ],
    [
      8.10325,
      3.75995,
      0.438883
    ],
    [
      8.37065,
      3.75449,
      -0.0817088
    ],
    [
      8.63957,
      3.73247,
      -0.0817088
    ],
    [
      8.90849,
      3.71045,
      -0.0817088
    ],
    [
      9.17742,
      3.68842,
      -0.0817088
    ],
    [
      9.44634,
      3.6664,
      -0.0817088
    ],
    [
      9.71526,
      3.64438,
      -0.0817088
    ],
    [
      9.90915,
      3.76771,
      1.61166
    ],
    [
      10.1273,
      3.87026,
      -0.343147
    ],
    [
      10.4078,
      3.77001,
      -0.343147
    ],
    [
      10.6884,
      3.66977,
      -0.343147
    ],
    [
      10.969,
      3.56952,
      -0.343147
    ],
    [
      11.2496,
      3.46928,
      -0.343147
    ],
    [
      11.5301,
      3.36903,
      -0.343147
    ],
    [
      11.8107,
      3.26879,
      -0.343147
    ],
    [
      12.0864,
      3.15912,
      -0.758802
    ],
    [
      12.2852,
      2.91704,
      -0.886454
    ],
    [
      12.4832,
      2.6743,
      -0.886454
    ],
    [
      12.6813,
      2.43155,
      -0.886454
    ],
    [
      12.8793,
      2.1888,
      -0.886454
    ],
    [
      13.0774,
      1.94605,
      -0.886454
    ],
    [
      13.2754,
      1.70331,
      -0.886454
    ],
    [
      13.5,
      1.5,
      0.0
    ]
  ]
}