{
  "robot": {
    "class": "RectangleRobot",
    "radius": 0,
    "wheelbase": 0.2922237174315755,
    "max_velocity": 14.932272419175899,
    "max_steering_at_zero_v": 0.7317985943530187,
    "max_steering_at_max_v": 0.19634954084936207,
    "acceleration": 7.488290339235927,
    "mu_static": 2.047345750534147,
    "width": 0.18558846298641407,
    "length": 0.46887905134076124,
    "collision_check_angle_res": 60
  },
  "planner": {
    "class": "Dubins_pathfinding",
    "start": [
      1.5,
      1.5,
      0.3532508622282536
    ],
    "goal": [
      13.5,
      1.5,
      0
    ],
    "bounds": [
      15,
      15
    ],
    "max_runtime": 60.0,
    "goal_threshold": 0.0,
    "solved_time": null,
    "interpolate_steps": 50
  },
  "path": [
    [
      1.5,
      1.5,
      0.0
    ],
    [
      1.83305,
      1.88346,
      1.46827
    ],
    [
      1.89135,
      2.45007,
      1.46827
    ],
    [
      1.94965,
      3.01668,
      1.46827
    ],
    [
      2.00794,
      3.58329,
      1.46827
    ],
    [
      2.06624,
      4.1499,
      1.46827
    ],
    [
      2.12454,
      4.71651,
      1.46827
    ],
    [
      2.18284,
      5.28312,
      1.46827
    ],
    [
      2.24113,
      5.84973,
      1.46827
    ],
    [
      2.31869,
      6.37069,
      1.42235
    ],
    [
      2.39659,
      6.89161,
      1.42235
    ],
    [
      2.48305,
      7.41056,
      1.18984
    ],
    [
      2.62885,
      7.98611,
      1.32791
    ],
    [
      2.77167,
      8.56255,
      1.32791
    ],
    [
      2.93499,
      9.13116,
      0.960022
    ],
    [
      3.18589,
      9.50338,
      0.977807
    ],
    [
      3.46467,
      9.84934,
      0.490688
    ],
    [
      3.92908,
      10.2046,
      0.661114
    ],
    [
      4.39082,
      10.5638,
      0.661114
    ],
    [
      4.85255,
      10.923,
      0.661114
    ],
    [
      5.31584,
      11.28,
      0.532506
    ],
    [
      5.82638,
      11.5137,
      0.426007
    ],
    [
      6.34269,
      11.7309,
      0.115473
    ],
    [
      6.8983,
      11.7224,
      -0.0207682
    ],
    [
      7.45398,
      11.7108,
      -0.0207682
    ],
    [
      8.00967,
      11.6993,
      -0.0207682
    ],
    [
      8.56505,
      11.6943,
      0.179633
    ],
    [
      9.05927,
      11.5134,
      -0.481397
    ],
    [
      9.53534,
      11.2647,
      -0.481397
    ],
    [
      10.0114,
      11.016,
      -0.481397
    ],
    [
      10.4715,
      10.7449,
      -0.89367
    ],
    [
      10.8656,
      10.3621,
      -0.766093
    ],
    [
      11.2616,
      9.98113,
      -0.766093
    ],
    [
      11.676,
      9.62615,
      -0.322131
    ],
    [
      12.0453,
      9.1943,
      -0.98493
    ],
    [
      12.3656,
      8.71149,
      -0.98493
    ],
    [
      12.6541,
      8.214,
      -1.45137
    ],
    [
      12.6967,
      7.75506,
      -1.47838
    ],
    [
      12.7392,
      7.29612,
      -1.47838
    ],
    [
      12.7818,
      6.83717,
      -1.47838
    ],
    [
      12.8243,
      6.37822,
      -1.47838
    ],
    [
      12.8669,
      5.91928,
      -1.47838
    ],
    [
      12.8193,
      5.47476,
      -2.2334
    ],
    [
      12.8117,
      4.88316,
      -1.40403
    ],
    [
      12.9133,
      4.27963,
      -1.40403
    ],
    [
      13.0139,
      3.67595,
      -1.48478
    ],
    [
      13.0139,
      3.67595,
      -1.48478
    ],
    [
      13.0817,
      2.88933,
      -1.48478
    ],
    [
      13.1495,
      2.10272,
      -1.48478
    ],
    [
      13.5,
      1.5,
      0.0
    ]
  ]
}