{
  "robot": {
    "class": "RectangleRobot",
    "radius": 0,
    "wheelbase": 0.16151340868559697,
    "max_velocity": 6.3018280561517255,
    "max_steering_at_zero_v": 0.7761424470220761,
    "max_steering_at_max_v": 0.19634954084936207,
    "acceleration": 9.998502857245292,
    "mu_static": 1.2814239181769709,
    "width": 0.7982292925796738,
    "length": 0.21849931410150314,
    "collision_check_angle_res": 60
  },
  "planner": {
    "class": "Dubins_pathfinding",
    "start": [
      1.5,
      1.5,
      1.3386657448539903
    ],
    "goal": [
      13.5,
      1.5,
      0
    ],
    "bounds": [
      15,
      15
    ],
    "max_runtime": 60.0,
    "goal_threshold": 0.0,
    "solved_time": null,
    "interpolate_steps": 50
  },
  "path": [
    [
      1.5,
      1.5,
      0.0
    ],
    [
      1.6786,
      1.89216,
      1.5104
    ],
    [
      1.70799,
      2.37778,
      1.49246
    ],
    [
      1.7611,
      2.98858,
      1.48406
    ],
    [
      1.81421,
      3.59938,
      1.48406
    ],
    [
      1.86732,
      4.21018,
      1.48406
    ],
    [
      1.92092,
      4.82092,
      1.40713
    ],
    [
      1.99645,
      5.40989,
      1.44343
    ],
    [
      2.07187,
      5.99887,
      1.44343
    ],
    [
      2.14729,
      6.58785,
      1.44343
    ],
    [
      2.21672,
      7.17705,
      1.71368
    ],
    [
      2.30031,
      7.76627,
      1.41787
    ],
    [
      2.39106,
      8.35509,
      1.41787
    ],
    [
      2.48624,
      8.94288,
      1.18268
    ],
    [
      2.89654,
      9.58896,
      1.42417
    ],
    [
      3.27001,
      10.0114,
      0.790082
    ],
    [
      3.67103,
      10.4162,
      0.790082
    ],
    [
      4.07204,
      10.821,
      0.790082
    ],
    [
      4.47329,
      11.2255,
      0.72553
    ],
    [
      4.93444,
      11.3932,
      0.32189
    ],
    [
      5.40147,
      11.549,
      0.32189
    ],
    [
      5.86849,
      11.7047,
      0.32189
    ],
    [
      6.33552,
      11.8605,
      0.32189
    ],
    [
      6.80589,
      11.9931,
      -0.212711
    ],
    [
      7.30223,
      11.9602,
      -0.0626088
    ],
    [
      7.79878,
      11.929,
      -0.0626088
    ],
    [
      8.29533,
      11.8979,
      -0.0626088
    ],
    [
      8.79188,
      11.8668,
      -0.0626088
    ],
    [
      9.27958,
      11.8041,
      -0.697083
    ],
    [
      9.85745,
      11.5181,
      -0.452031
    ],
    [
      10.4352,
      11.2318,
      -0.70388
    ],
    [
      10.8716,
      10.8594,
      -0.706457
    ],
    [
      11.308,
      10.4869,
      -0.706457
    ],
    [
      11.7444,
      10.1145,
      -0.706457
    ],
    [
      12.1808,
      9.74211,
      -0.703788
    ],
    [
      12.3547,
      9.19536,
      -1.31471
    ],
    [
      12.5014,
      8.63514,
      -1.31471
    ],
    [
      12.6481,
      8.07492,
      -1.31471
    ],
    [
      12.8018,
      7.51732,
      -1.01215
    ],
    [
      12.8549,
      7.02935,
      -1.50171
    ],
    [
      12.889,
      6.53687,
      -1.50171
    ],
    [
      12.9279,
      6.04512,
      -1.25801
    ],
    [
      12.9836,
      5.49008,
      -1.4779
    ],
    [
      13.0354,
      4.93439,
      -1.4779
    ],
    [
      13.0871,
      4.37869,
      -1.4779
    ],
    [
      13.1389,
      3.82299,
      -1.4779
    ],
    [
      13.1907,
      3.2673,
      -1.4779
    ],
    [
      13.2424,
      2.7116,
      -1.4779
    ],
    [
      13.294,
      2.15588,
      -1.53064
    ],
    [
      13.5,
      1.5,
      0.0
    ]
  ]
}