{
  "robot": {
    "class": "RectangleRobot",
    "radius": 0,
    "wheelbase": 0.7866663120820647,
    "max_velocity": 8.611311214960677,
    "max_steering_at_zero_v": 0.8823099991749144,
    "max_steering_at_max_v": 0.19634954084936207,
    "acceleration": 7.290660929318561,
    "mu_static": 1.0986584327159639,
    "width": 0.1732033740378966,
    "length": 0.9696195407850194,
    "collision_check_angle_res": 60
  },
  "planner": {
    "class": "Dubins_pathfinding",
    "start": [
      1.5,
      1.5,
      0.0187609732929186
    ],
    "goal": [
      13.5,
      1.5,
      0
    ],
    "bounds": [
      15,
      15
    ],
    "max_runtime": 60.0,
    "goal_threshold": 0.0,
    "solved_time": null,
    "interpolate_steps": 50
  },
  "path": [
    [
      1.5,
      1.5,
      0.0
    ],
    [
      1.96691,
      1.699,
      0.805766
    ],
    [
      2.15232,
      2.17336,
      1.47994
    ],
    [
      2.19964,
      2.69275,
      1.47994
    ],
    [
      2.24697,
      3.21215,
      1.47994
    ],
    [
      2.29429,
      3.73154,
      1.47994
    ],
    [
      2.34161,
      4.25093,
      1.47994
    ],
    [
      2.38893,
      4.77033,
      1.47994
    ],
    [
      2.43613,
      5.28973,
      1.49958
    ],
    [
      2.47646,
      5.92354,
      1.50728
    ],
    [
      2.51677,
      6.55735,
      1.50728
    ],
    [
      2.55704,
      7.19116,
      1.51873
    ],
    [
      2.66014,
      7.77989,
      1.38822
    ],
    [
      2.7687,
      8.36786,
      1.38822
    ],
    [
      2.87725,
      8.95583,
      1.38822
    ],
    [
      3.03048,
      9.5295,
      1.00675
    ],
    [
      3.29071,
      9.90702,
      0.8161
    ],
    [
      3.56374,
      10.2916,
      0.938324
    ],
    [
      4.07603,
      10.6801,
      0.587452
    ],
    [
      4.6311,
      11.0051,
      0.247183
    ],
    [
      5.14162,
      11.2401,
      0.456531
    ],
    [
      5.6468,
      11.4882,
      0.456531
    ],
    [
      6.15207,
      11.7361,
      0.43051
    ],
    [
      6.70736,
      11.7818,
      -0.0497208
    ],
    [
      7.2708,
      11.7538,
      -0.0497208
    ],
    [
      7.83424,
      11.7257,
      -0.0497208
    ],
    [
      8.39768,
      11.6977,
      -0.0497208
    ],
    [
      8.96113,
      11.6699,
      -0.0239407
    ],
    [
      9.42073,
      11.4737,
      -0.657906
    ],
    [
      9.82474,
      11.1615,
      -0.657906
    ],
    [
      10.2287,
      10.8493,
      -0.657906
    ],
    [
      10.6328,
      10.5371,
      -0.657906
    ],
    [
      11.0368,
      10.2249,
      -0.657906
    ],
    [
      11.4408,
      9.91267,
      -0.657906
    ],
    [
      11.8448,
      9.60047,
      -0.657906
    ],
    [
      12.1626,
      9.21353,
      -1.25464
    ],
    [
      12.2686,
      8.70267,
      -1.37503
    ],
    [
      12.3702,
      8.19071,
      -1.37503
    ],
    [
      12.4717,
      7.67875,
      -1.37503
    ],
    [
      12.5732,
      7.1668,
      -1.37503
    ],
    [
      12.6747,
      6.65484,
      -1.37503
    ],
    [
      12.7763,
      6.14288,
      -1.37503
    ],
    [
      12.8778,
      5.63093,
      -1.37503
    ],
    [
      12.954,
      5.11637,
      -1.65592
    ],
    [
      12.9484,
      4.47626,
      -1.57627
    ],
    [
      12.9449,
      3.83608,
      -1.57627
    ],
    [
      12.9414,
      3.19591,
      -1.57627
    ],
    [
      12.9169,
      2.55765,
      -1.83203
    ],
    [
      12.9212,
      1.85754,
      -1.10669
    ],
    [
      13.5,
      1.5,
      0.0
    ]
  ]
}