{
  "robot": {
    "class": "RectangleRobot",
    "radius": 0,
    "wheelbase": 0.10164081607271318,
    "max_velocity": 7.498887492893392,
    "max_steering_at_zero_v": 0.6408603998497511,
    "max_steering_at_max_v": 0.19634954084936207,
    "acceleration": 8.734667616133244,
    "mu_static": 0.939230771064689,
    "width": 0.5379052709349901,
    "length": 0.1146080470748522,
    "collision_check_angle_res": 60
  },
  "planner": {
    "class": "Dubins_pathfinding",
    "start": [
      1.5,
      1.5,
      0.7827101243703414
    ],
    "goal": [
      13.5,
      1.5,
      0
    ],
    "bounds": [
      15,
      15
    ],
    "max_runtime": 60.0,
    "goal_threshold": 0.0,
    "solved_time": null,
    "interpolate_steps": 50
  },
  "path": [
    [
      1.5,
      1.5,
      0.0
    ],
    [
      1.68625,
      1.92948,
      1.40802
    ],
    [
      1.76913,
      2.43412,
      1.40802
    ],
    [
      1.85201,
      2.93875,
      1.40802
    ],
    [
      1.93488,
      3.44338,
      1.40802
    ],
    [
      2.01776,
      3.94801,
      1.40802
    ],
    [
      2.10064,
      4.45264,
      1.40802
    ],
    [
      2.18355,
      4.95727,
      1.38714
    ],
    [
      2.28789,
      5.60787,
      1.41183
    ],
    [
      2.39257,
      6.25841,
      1.3362
    ],
    [
      2.46037,
      6.84795,
      1.45801
    ],
    [
      2.52716,
      7.43765,
      1.45801
    ],
    [
      2.59396,
      8.02734,
      1.45801
    ],
    [
      2.66076,
      8.61704,
      1.45801
    ],
    [
      2.72948,
      9.20641,
      1.28851
    ],
    [
      3.08186,
      9.59247,
      0.800566
    ],
    [
      3.44746,
      9.96934,
      0.800566
    ],
    [
      3.82567,
      10.3282,
      0.22984
    ],
    [
      4.20558,
      10.6462,
      0.73078
    ],
    [
      4.58175,
      10.9709,
      0.359484
    ],
    [
      5.0591,
      11.1997,
      0.447841
    ],
    [
      5.53623,
      11.4289,
      0.447841
    ],
    [
      6.01336,
      11.6581,
      0.447841
    ],
    [
      6.49049,
      11.8873,
      0.457948
    ],
    [
      7.0287,
      11.8542,
      -0.0996799
    ],
    [
      7.56871,
      11.8002,
      -0.0996799
    ],
    [
      8.10873,
      11.7462,
      -0.0996799
    ],
    [
      8.64874,
      11.6922,
      -0.0996799
    ],
    [
      9.16427,
      11.5829,
      -1.05393
    ],
    [
      9.60452,
      11.3534,
      -0.428561
    ],
    [
      10.0604,
      11.1451,
      -0.428561
    ],
    [
      10.5176,
      10.9403,
      -0.19474
    ],
    [
      10.971,
      10.5928,
      -0.681604
    ],
    [
      11.4164,
      10.2315,
      -0.681604
    ],
    [
      11.8609,
      9.86908,
      -0.824927
    ],
    [
      12.1411,
      9.34841,
      -1.08478
    ],
    [
      12.4174,
      8.82522,
      -1.11129
    ],
    [
      12.4835,
      8.33891,
      -1.4518
    ],
    [
      12.5418,
      7.85079,
      -1.4518
    ],
    [
      12.6002,
      7.36267,
      -1.4518
    ],
    [
      12.6585,
      6.87455,
      -1.4518
    ],
    [
      12.7169,
      6.38643,
      -1.4518
    ],
    [
      12.777,
      5.89861,
      -1.29069
    ],
    [
      12.8553,
      5.39477,
      -1.41891
    ],
    [
      12.9324,
      4.89072,
      -1.41891
    ],
    [
      13.0216,
      4.39033,
      -0.988076
    ],
    [
      13.1238,
      3.65161,
      -1.45275
    ],
    [
      13.2118,
      2.90895,
      -1.45275
    ],
    [
      13.2999,
      2.16629,
      -1.45275
    ],
    [
      13.5,
      1.5,
      0.0
    ]
  ]
}