{
  "robot": {
    "class": "RectangleRobot",
    "radius": 0,
    "wheelbase": 0.3515060969322631,
    "max_velocity": 16.54291761512247,
    "max_steering_at_zero_v": 0.7784058032821246,
    "max_steering_at_max_v": 0.19634954084936207,
    "acceleration": 6.576913899867697,
    "mu_static": 1.986919840762771,
    "width": 0.4410832583368989,
    "length": 0.42678512098599575,
    "collision_check_angle_res": 60
  },
  "planner": {
    "class": "Dubins_pathfinding",
    "start": [
      1.5,
      1.5,
      0.4155224293460976
    ],
    "goal": [
      13.5,
      1.5,
      0
    ],
    "bounds": [
      15,
      15
    ],
    "max_runtime": 60.0,
    "goal_threshold": 0.0,
    "solved_time": null,
    "interpolate_steps": 50
  },
  "path": [
    [
      1.5,
      1.5,
      0.0
    ],
    [
      1.86627,
      1.93283,
      1.4676
    ],
    [
      1.93188,
      2.56627,
      1.4676
    ],
    [
      1.99758,
      3.1997,
      1.44338
    ],
    [
      2.065,
      3.78397,
      1.45597
    ],
    [
      2.13239,
      4.36825,
      1.45597
    ],
    [
      2.19978,
      4.95252,
      1.45597
    ],
    [
      2.26717,
      5.53679,
      1.45597
    ],
    [
      2.33456,
      6.12107,
      1.45597
    ],
    [
      2.40195,
      6.70534,
      1.45597
    ],
    [
      2.46794,
      7.28973,
      1.54476
    ],
    [
      2.55055,
      7.77137,
      1.39247
    ],
    [
      2.63727,
      8.25249,
      1.39247
    ],
    [
      2.61622,
      8.72464,
      2.17811
    ],
    [
      2.65202,
      9.17578,
      0.853279
    ],
    [
      2.97417,
      9.54494,
      0.853279
    ],
    [
      3.29633,
      9.91409,
      0.853279
    ],
    [
      3.6116,
      10.2884,
      1.07328
    ],
    [
      3.99083,
      10.6127,
      0.64193
    ],
    [
      4.3934,
      10.9136,
      0.64193
    ],
    [
      4.79596,
      11.2146,
      0.64193
    ],
    [
      5.19853,
      11.5155,
      0.64193
    ],
    [
      5.60443,
      11.8114,
      0.457126
    ],
    [
      6.06746,
      12.0298,
      0.440695
    ],
    [
      6.53015,
      12.2489,
      0.506922
    ],
    [
      7.04495,
      12.2086,
      -0.284777
    ],
    [
      7.55739,
      12.0586,
      -0.284777
    ],
    [
      8.06983,
      11.9086,
      -0.284777
    ],
    [
      8.58226,
      11.7586,
      -0.284777
    ],
    [
      9.0947,
      11.6086,
      -0.284777
    ],
    [
      9.60714,
      11.4586,
      -0.284777
    ],
    [
      10.1238,
      11.3362,
      0.111843
    ],
    [
      10.5799,
      11.0699,
      -0.78467
    ],
    [
      10.9706,
      10.6799,
      -0.78467
    ],
    [
      11.3612,
      10.2899,
      -0.78467
    ],
    [
      11.7518,
      9.89981,
      -0.78467
    ],
    [
      12.121,
      9.49334,
      -1.17417
    ],
    [
      12.3701,
      8.93359,
      -1.15199
    ],
    [
      12.5016,
      8.35673,
      -1.97671
    ],
    [
      12.5263,
      7.65305,
      -1.47269
    ],
    [
      12.5961,
      6.94626,
      -1.43457
    ],
    [
      12.6593,
      6.36185,
      -1.46327
    ],
    [
      12.7224,
      5.77742,
      -1.46327
    ],
    [
      12.7855,
      5.193,
      -1.46327
    ],
    [
      12.8486,
      4.60857,
      -1.46327
    ],
    [
      12.912,
      4.02419,
      -1.41862
    ],
    [
      12.9844,
      3.34305,
      -1.46548
    ],
    [
      13.0564,
      2.66187,
      -1.46548
    ],
    [
      13.1284,
      1.98068,
      -1.46548
    ],
    [
      13.5,
      1.5,
      0.0
    ]
  ]
}