{
  "robot": {
    "class": "RectangleRobot",
    "radius": 0,
    "wheelbase": 0.20402968805854965,
    "max_velocity": 12.936387096721099,
    "max_steering_at_zero_v": 0.8574954832776358,
    "max_steering_at_max_v": 0.19634954084936207,
    "acceleration": 4.0264635966764875,
    "mu_static": 1.4770655046290138,
    "width": 0.7128345762417796,
    "length": 0.39389237188898885,
    "collision_check_angle_res": 60
  },
  "planner": {
    "class": "Dubins_pathfinding",
    "start": [
      1.5,
      1.5,
      1.552869252236996
    ],
    "goal": [
      13.5,
      1.5,
      0
    ],
    "bounds": [
      15,
      15
    ],
    "max_runtime": 60.0,
    "goal_threshold": 0.0,
    "solved_time": null,
    "interpolate_steps": 50
  },
  "path": [
    [
      1.5,
      1.5,
      0.0
    ],
    [
      1.71113,
      2.01017,
      1.47016
    ],
    [
      1.77268,
      2.61976,
      1.47016
    ],
    [
      1.83424,
      3.22936,
      1.47016
    ],
    [
      1.89579,
      3.83896,
      1.47441
    ],
    [
      1.94819,
      4.36729,
      1.47194
    ],
    [
      2.00059,
      4.89562,
      1.47194
    ],
    [
      2.05299,
      5.42395,
      1.47194
    ],
    [
      2.10245,
      5.9524,
      1.65467
    ],
    [
      2.17432,
      6.46154,
      1.42125
    ],
    [
      2.25467,
      6.96952,
      1.21433
    ],
    [
      2.33309,
      7.56324,
      1.44745
    ],
    [
      2.40682,
      8.15791,
      1.44745
    ],
    [
      2.4804,
      8.7526,
      1.48743
    ],
    [
      2.78064,
      9.48456,
      0.459192
    ],
    [
      3.16906,
      9.93212,
      0.8823
    ],
    [
      3.55526,
      10.3824,
      0.509593
    ],
    [
      4.03644,
      10.7211,
      0.614942
    ],
    [
      4.51349,
      11.0648,
      0.866849
    ],
    [
      4.9358,
      11.3217,
      0.525927
    ],
    [
      5.36421,
      11.5704,
      0.525927
    ],
    [
      5.79288,
      11.8186,
      0.448
    ],
    [
      6.32322,
      11.8873,
      0.110098
    ],
    [
      6.85577,
      11.9461,
      0.110098
    ],
    [
      7.38832,
      12.005,
      0.110098
    ],
    [
      7.92087,
      12.0639,
      0.123481
    ],
    [
      8.41593,
      11.9438,
      -0.26359
    ],
    [
      8.90923,
      11.8107,
      -0.26359
    ],
    [
      9.40252,
      11.6776,
      -0.26359
    ],
    [
      9.89584,
      11.5445,
      -0.230152
    ],
    [
      10.5016,
      11.2651,
      -0.437881
    ],
    [
      11.0816,
      10.9509,
      -1.11227
    ],
    [
      11.4357,
      10.4732,
      -0.927876
    ],
    [
      11.7923,
      9.9972,
      -0.927876
    ],
    [
      12.1489,
      9.52118,
      -0.927876
    ],
    [
      12.4435,
      9.02239,
      -1.8015
    ],
    [
      12.4968,
      8.49902,
      -1.44873
    ],
    [
      12.561,
      7.9757,
      -1.44873
    ],
    [
      12.6252,
      7.45238,
      -1.44873
    ],
    [
      12.6894,
      6.92906,
      -1.44873
    ],
    [
      12.7536,
      6.40574,
      -1.44873
    ],
    [
      12.8178,
      5.88241,
      -1.44873
    ],
    [
      12.882,
      5.35909,
      -1.44873
    ],
    [
      12.9452,
      4.83569,
      -1.55434
    ],
    [
      13.0127,
      4.26319,
      -1.45173
    ],
    [
      13.0812,
      3.69077,
      -1.45173
    ],
    [
      13.1497,
      3.11835,
      -1.45173
    ],
    [
      13.2182,
      2.54593,
      -1.45173
    ],
    [
      13.2867,
      1.97351,
      -1.45173
    ],
    [
      13.5,
      1.5,
      0.0
    ]
  ]
}