{
  "robot": {
    "class": "RectangleRobot",
    "radius": 0,
    "wheelbase": 0.2952247638857172,
    "max_velocity": 19.12019693266269,
    "max_steering_at_zero_v": 0.545849730751979,
    "max_steering_at_max_v": 0.19634954084936207,
    "acceleration": 6.4816825062024845,
    "mu_static": 0.9559300990057454,
    "width": 0.7315132057042093,
    "length": 0.47362856068967396,
    "collision_check_angle_res": 60
  },
  "planner": {
    "class": "Dubins_pathfinding",
    "start": [
      1.5,
      1.5,
      0.9880266655960015
    ],
    "goal": [
      13.5,
      1.5,
      0
    ],
    "bounds": [
      15,
      15
    ],
    "max_runtime": 60.0,
    "goal_threshold": 0.0,
    "solved_time": null,
    "interpolate_steps": 50
  },
  "path": [
    [
      1.5,
      1.5,
      0.0
    ],
    [
      1.93695,
      1.77317,
      1.11747
    ],
    [
      2.00556,
      2.30826,
      1.51282
    ],
    [
      2.03703,
      2.85048,
      1.51282
    ],
    [
      2.0685,
      3.3927,
      1.51282
    ],
    [
      2.09997,
      3.93492,
      1.51282
    ],
    [
      2.13144,
      4.47714,
      1.51282
    ],
    [
      2.16291,
      5.01936,
      1.51282
    ],
    [
      2.21471,
      5.55841,
      1.22148
    ],
    [
      2.29555,
      6.17874,
      1.46392
    ],
    [
      2.36239,
      6.80174,
      1.46392
    ],
    [
      2.42922,
      7.42474,
      1.46392
    ],
    [
      2.49606,
      8.04773,
      1.46392
    ],
    [
      2.5152,
      8.66876,
      1.90835
    ],
    [
      2.59587,
      9.18,
      1.16191
    ],
    [
      2.80816,
      9.66991,
      1.16191
    ],
    [
      3.06666,
      10.1304,
      0.685482
    ],
    [
      3.50101,
      10.4402,
      0.617502
    ],
    [
      3.93602,
      10.7491,
      0.617502
    ],
    [
      4.37104,
      11.058,
      0.617502
    ],
    [
      4.80606,
      11.367,
      0.617502
    ],
    [
      5.24107,
      11.6759,
      0.617502
    ],
    [
      5.67821,
      11.9815,
      0.49085
    ],
    [
      6.30808,
      12.0269,
      -0.0305498
    ],
    [
      6.94729,
      12.0074,
      -0.0305498
    ],
    [
      7.58651,
      11.9878,
      -0.0305498
    ],
    [
      8.20806,
      12.0644,
      0.607297
    ],
    [
      8.98363,
      12.2396,
      0.117407
    ],
    [
      9.48043,
      12.0263,
      -0.679777
    ],
    [
      9.9161,
      11.6742,
      -0.679777
    ],
    [
      10.3518,
      11.322,
      -0.679777
    ],
    [
      10.7874,
      10.9699,
      -0.679777
    ],
    [
      11.2231,
      10.6177,
      -0.679777
    ],
    [
      11.6588,
      10.2656,
      -0.679777
    ],
    [
      12.0944,
      9.91344,
      -0.679777
    ],
    [
      12.5265,
      9.55723,
      -0.829707
    ],
    [
      12.6725,
      9.02388,
      -1.48867
    ],
    [
      12.7189,
      8.45958,
      -1.48867
    ],
    [
      12.7654,
      7.89528,
      -1.48867
    ],
    [
      12.8118,
      7.33097,
      -1.48867
    ],
    [
      12.8583,
      6.76667,
      -1.48867
    ],
    [
      12.9047,
      6.20237,
      -1.48867
    ],
    [
      12.9426,
      5.6379,
      -1.67653
    ],
    [
      12.957,
      5.10048,
      -1.53493
    ],
    [
      12.9763,
      4.56301,
      -1.53493
    ],
    [
      12.9956,
      4.02554,
      -1.53493
    ],
    [
      13.0149,
      3.48806,
      -1.53493
    ],
    [
      13.0274,
      2.95072,
      -1.70111
    ],
    [
      13.015,
      2.08675,
      -1.58118
    ],
    [
      13.5,
      1.5,
      0.0
    ]
  ]
}