{
  "robot": {
    "class": "RectangleRobot",
    "radius": 0,
    "wheelbase": 0.7594199956754096,
    "max_velocity": 18.831628188877033,
    "max_steering_at_zero_v": 0.884185939820276,
    "max_steering_at_max_v": 0.19634954084936207,
    "acceleration": 6.989393349150898,
    "mu_static": 0.19040102192983505,
    "width": 0.2946122513780949,
    "length": 0.8851631641688067,
    "collision_check_angle_res": 60
  },
  "planner": {
    "class": "Dubins_pathfinding",
    "start": [
      1.5,
      1.5,
      1.422908580528289
    ],
    "goal": [
      13.5,
      1.5,
      0
    ],
    "bounds": [
      15,
      15
    ],
    "max_runtime": 60.0,
    "goal_threshold": 0.0,
    "solved_time": null,
    "interpolate_steps": 50
  },
  "path": [
    [
      1.5,
      1.5,
      0.0
    ],
    [
      1.99337,
      1.74293,
      0.915077
    ],
    [
      2.13298,
      2.28358,
      1.5122
    ],
    [
      2.16634,
      2.8522,
      1.5122
    ],
    [
      2.1997,
      3.42083,
      1.5122
    ],
    [
      2.23306,
      3.98945,
      1.5122
    ],
    [
      2.26642,
      4.55807,
      1.5122
    ],
    [
      2.29978,
      5.12669,
      1.5122
    ],
    [
      2.33314,
      5.69532,
      1.5122
    ],
    [
      2.39944,
      6.23904,
      1.44705
    ],
    [
      2.46705,
      6.78263,
      1.44705
    ],
    [
      2.53466,
      7.32622,
      1.44705
    ],
    [
      2.60228,
      7.8698,
      1.44705
    ],
    [
      2.66989,
      8.41339,
      1.44705
    ],
    [
      2.74707,
      8.95521,
      1.27015
    ],
    [
      3.12751,
      9.43602,
      0.78306
    ],
    [
      3.56741,
      9.87387,
      0.78306
    ],
    [
      4.00731,
      10.3117,
      0.78306
    ],
    [
      4.43891,
      10.7569,
      0.971869
    ],
    [
      4.9078,
      11.1185,
      0.575193
    ],
    [
      5.40837,
      11.443,
      0.575193
    ],
    [
      5.90894,
      11.7676,
      0.575193
    ],
    [
      6.40971,
      12.0918,
      0.53973
    ],
    [
      6.97841,
      12.1456,
      -0.176786
    ],
    [
      7.55681,
      12.0423,
      -0.176786
    ],
    [
      8.13521,
      11.939,
      -0.176786
    ],
    [
      8.71361,
      11.8357,
      -0.176786
    ],
    [
      9.29025,
      11.7248,
      -0.334419
    ],
    [
      9.75088,
      11.4078,
      -0.661941
    ],
    [
      10.194,
      11.0625,
      -0.661941
    ],
    [
      10.6372,
      10.7172,
      -0.661941
    ],
    [
      11.0803,
      10.3719,
      -0.661941
    ],
    [
      11.5235,
      10.0266,
      -0.661941
    ],
    [
      11.9666,
      9.68125,
      -0.661941
    ],
    [
      12.4028,
      9.32808,
      -0.845594
    ],
    [
      12.5497,
      8.80539,
      -1.74814
    ],
    [
      12.7175,
      8.14376,
      -1.17976
    ],
    [
      12.7842,
      7.63164,
      -1.50431
    ],
    [
      12.8187,
      7.11384,
      -1.50431
    ],
    [
      12.8532,
      6.59604,
      -1.50431
    ],
    [
      12.8876,
      6.07824,
      -1.50431
    ],
    [
      12.9221,
      5.56045,
      -1.50431
    ],
    [
      12.9566,
      5.04265,
      -1.50431
    ],
    [
      12.9911,
      4.52485,
      -1.50431
    ],
    [
      12.9646,
      4.01203,
      -1.94887
    ],
    [
      12.9116,
      3.44303,
      -1.59675
    ],
    [
      12.8967,
      2.86853,
      -1.59675
    ],
    [
      12.8818,
      2.29403,
      -1.59675
    ],
    [
      13.0035,
      1.74698,
      -0.923257
    ],
    [
      13.5,
      1.5,
      0.0
    ]
  ]
}