{
  "robot": {
    "class": "RectangleRobot",
    "radius": 0,
    "wheelbase": 0.16128271149763612,
    "max_velocity": 15.920297161932321,
    "max_steering_at_zero_v": 0.8111777903468987,
    "max_steering_at_max_v": 0.19634954084936207,
    "acceleration": 4.97549308874381,
    "mu_static": 0.8350135957156659,
    "width": 0.8192102526474586,
    "length": 0.354588422126741,
    "collision_check_angle_res": 60
  },
  "planner": {
    "class": "Dubins_pathfinding",
    "start": [
      1.5,
      1.5,
      0.7804550634138849
    ],
    "goal": [
      13.5,
      1.5,
      0
    ],
    "bounds": [
      15,
      15
    ],
    "max_runtime": 60.0,
    "goal_threshold": 0.0,
    "solved_time": null,
    "interpolate_steps": 50
  },
  "path": [
    [
      1.5,
      1.5,
      0.0
    ],
    [
      1.69147,
      1.96816,
      1.45314
    ],
    [
      1.75696,
      2.52218,
      1.45314
    ],
    [
      1.82244,
      3.0762,
      1.45314
    ],
    [
      1.88793,
      3.63021,
      1.45314
    ],
    [
      1.95342,
      4.18423,
      1.45314
    ],
    [
      2.01746,
      4.73835,
      1.59064
    ],
    [
      2.07966,
      5.32165,
      1.46241
    ],
    [
      2.14312,
      5.90487,
      1.46241
    ],
    [
      2.20658,
      6.4881,
      1.46241
    ],
    [
      2.27392,
      7.0706,
      1.23523
    ],
    [
      2.32585,
      7.58943,
      1.47977
    ],
    [
      2.37328,
      8.10905,
      1.47977
    ],
    [
      2.42071,
      8.62867,
      1.47977
    ],
    [
      2.47299,
      9.14743,
      1.22601
    ],
    [
      2.84182,
      9.56936,
      0.83144
    ],
    [
      3.22039,
      9.9845,
      0.83144
    ],
    [
      3.59897,
      10.3996,
      0.83144
    ],
    [
      3.9784,
      10.814,
      0.706212
    ],
    [
      4.45149,
      11.154,
      0.0868449
    ],
    [
      4.90184,
      11.383,
      0.495292
    ],
    [
      5.34771,
      11.6238,
      0.495292
    ],
    [
      5.79359,
      11.8647,
      0.495292
    ],
    [
      6.24475,
      11.9671,
      -0.886194
    ],
    [
      6.79718,
      11.9252,
      0.0333814
    ],
    [
      7.36661,
      11.9442,
      0.0333814
    ],
    [
      7.93604,
      11.9632,
      0.0333814
    ],
    [
      8.50547,
      11.9822,
      0.0333814
    ],
    [
      9.0749,
      12.0012,
      0.0333814
    ],
    [
      9.64433,
      12.0203,
      0.048315
    ],
    [
      10.1463,
      11.6978,
      -0.627476
    ],
    [
      10.6347,
      11.3436,
      -0.627476
    ],
    [
      11.1231,
      10.9893,
      -0.627476
    ],
    [
      11.6116,
      10.6351,
      -0.627476
    ],
    [
      12.1,
      10.2809,
      -0.627476
    ],
    [
      12.5885,
      9.92682,
      -0.572523
    ],
    [
      12.6927,
      9.40818,
      -1.48534
    ],
    [
      12.7391,
      8.86591,
      -1.48534
    ],
    [
      12.7856,
      8.32364,
      -1.48534
    ],
    [
      12.832,
      7.78137,
      -1.48534
    ],
    [
      12.8785,
      7.2391,
      -1.48534
    ],
    [
      12.925,
      6.69683,
      -1.48534
    ],
    [
      12.9714,
      6.15456,
      -1.48534
    ],
    [
      13.0177,
      5.61228,
      -1.52911
    ],
    [
      12.9306,
      4.8436,
      -1.6407
    ],
    [
      13.0174,
      4.15762,
      -1.44053
    ],
    [
      13.1073,
      3.47184,
      -1.44053
    ],
    [
      13.1971,
      2.78606,
      -1.44053
    ],
    [
      13.2869,
      2.10028,
      -1.44053
    ],
    [
      13.5,
      1.5,
      0.0
    ]
  ]
}