{
  "robot": {
    "class": "RectangleRobot",
    "radius": 0,
    "wheelbase": 0.42052918054811983,
    "max_velocity": 18.417014211411566,
    "max_steering_at_zero_v": 0.989716873172621,
    "max_steering_at_max_v": 0.19634954084936207,
    "acceleration": 5.348759468066951,
    "mu_static": 1.4733026709601513,
    "width": 0.34956056336331987,
    "length": 0.881523328019983,
    "collision_check_angle_res": 60
  },
  "planner": {
    "class": "Dubins_pathfinding",
    "start": [
      1.5,
      1.5,
      0.9958011848539167
    ],
    "goal": [
      13.5,
      1.5,
      0
    ],
    "bounds": [
      15,
      15
    ],
    "max_runtime": 60.0,
    "goal_threshold": 0.0,
    "solved_time": null,
    "interpolate_steps": 50
  },
  "path": [
    [
      1.5,
      1.5,
      0.0
    ],
    [
      1.78485,
      1.86747,
      1.48663
    ],
    [
      1.82902,
      2.39109,
      1.48663
    ],
    [
      1.8732,
      2.91472,
      1.48663
    ],
    [
      1.91894,
      3.43815,
      1.37962
    ],
    [
      1.98991,
      3.93285,
      1.42898
    ],
    [
      2.06055,
      4.42759,
      1.42898
    ],
    [
      2.13119,
      4.92234,
      1.42898
    ],
    [
      2.20183,
      5.41709,
      1.42898
    ],
    [
      2.27466,
      5.91143,
      1.30194
    ],
    [
      2.34288,
      6.42621,
      1.44443
    ],
    [
      2.40834,
      6.94148,
      1.44443
    ],
    [
      2.47381,
      7.45675,
      1.44443
    ],
    [
      2.53927,
      7.97202,
      1.44443
    ],
    [
      2.60473,
      8.48729,
      1.44443
    ],
    [
      2.66633,
      9.00283,
      1.61213
    ],
    [
      2.96208,
      9.44179,
      0.823145
    ],
    [
      3.33256,
      9.84135,
      0.823145
    ],
    [
      3.65978,
      10.2672,
      1.4316
    ],
    [
      4.0938,
      10.6388,
      0.519497
    ],
    [
      4.6101,
      10.934,
      0.519497
    ],
    [
      5.12639,
      11.2293,
      0.519497
    ],
    [
      5.64269,
      11.5246,
      0.519497
    ],
    [
      6.17691,
      11.7611,
      -0.151772
    ],
    [
      6.83166,
      11.9166,
      0.344445
    ],
    [
      7.37545,
      11.8875,
      -0.103711
    ],
    [
      7.92049,
      11.8307,
      -0.103711
    ],
    [
      8.46553,
      11.774,
      -0.103711
    ],
    [
      9.01057,
      11.7173,
      -0.103711
    ],
    [
      9.55562,
      11.6738,
      0.206577
    ],
    [
      9.99568,
      11.4232,
      -0.751408
    ],
    [
      10.3839,
      11.0606,
      -0.751408
    ],
    [
      10.7721,
      10.6979,
      -0.751408
    ],
    [
      11.1603,
      10.3352,
      -0.751408
    ],
    [
      11.5485,
      9.97254,
      -0.751408
    ],
    [
      11.9367,
      9.60986,
      -0.751408
    ],
    [
      12.3203,
      9.24289,
      -0.965526
    ],
    [
      12.4177,
      8.68876,
      -1.45419
    ],
    [
      12.4837,
      8.1256,
      -1.45419
    ],
    [
      12.5497,
      7.56243,
      -1.45419
    ],
    [
      12.6156,
      6.99927,
      -1.45419
    ],
    [
      12.6816,
      6.43611,
      -1.45419
    ],
    [
      12.7474,
      5.87293,
      -1.49192
    ],
    [
      12.8186,
      5.27343,
      -1.45216
    ],
    [
      12.8901,
      4.67396,
      -1.45216
    ],
    [
      12.9615,
      4.07449,
      -1.45216
    ],
    [
      13.024,
      3.47472,
      -1.70683
    ],
    [
      13.1014,
      2.76473,
      -1.44958
    ],
    [
      13.1878,
      2.05505,
      -1.44958
    ],
    [
      13.5,
      1.5,
      0.0
    ]
  ]
}