{
  "robot": {
    "class": "RectangleRobot",
    "radius": 0,
    "wheelbase": 0.4867072777583772,
    "max_velocity": 17.29940621103737,
    "max_steering_at_zero_v": 0.5291280229509177,
    "max_steering_at_max_v": 0.19634954084936207,
    "acceleration": 6.351436952767879,
    "mu_static": 2.3464280763171574,
    "width": 0.5861740065562555,
    "length": 0.9057073143689547,
    "collision_check_angle_res": 60
  },
  "planner": {
    "class": "Dubins_pathfinding",
    "start": [
      1.5,
      1.5,
      1.500734906809012
    ],
    "goal": [
      13.5,
      1.5,
      0
    ],
    "bounds": [
      15,
      15
    ],
    "max_runtime": 60.0,
    "goal_threshold": 0.0,
    "solved_time": null,
    "interpolate_steps": 50
  },
  "path": [
    [
      1.5,
      1.5,
      0.0
    ],
    [
      2.02617,
      1.68741,
      0.684336
    ],
    [
      2.31539,
      2.16525,
      1.36867
    ],
    [
      2.30896,
      2.73299,
      1.6331
    ],
    [
      2.27349,
      3.30149,
      1.6331
    ],
    [
      2.23803,
      3.86998,
      1.6331
    ],
    [
      2.20256,
      4.43848,
      1.6331
    ],
    [
      2.16709,
      5.00697,
      1.6331
    ],
    [
      2.13162,
      5.57547,
      1.6331
    ],
    [
      2.12866,
      6.18888,
      1.57319
    ],
    [
      2.12719,
      6.80233,
      1.57319
    ],
    [
      2.12572,
      7.41578,
      1.57319
    ],
    [
      2.12426,
      8.02923,
      1.57319
    ],
    [
      2.12279,
      8.64268,
      1.57319
    ],
    [
      2.13647,
      9.2552,
      1.38211
    ],
    [
      2.41925,
      9.73688,
      0.69777
    ],
    [
      2.88641,
      10.0626,
      0.602168
    ],
    [
      3.35582,
      10.3852,
      0.602168
    ],
    [
      3.82523,
      10.7079,
      0.602168
    ],
    [
      4.29465,
      11.0305,
      0.602168
    ],
    [
      4.76406,
      11.3531,
      0.602168
    ],
    [
      5.23347,
      11.6758,
      0.602168
    ],
    [
      5.70289,
      11.9984,
      0.602168
    ],
    [
      6.30976,
      12.1413,
      -0.0284263
    ],
    [
      6.94617,
      12.1232,
      -0.0284263
    ],
    [
      7.58257,
      12.1051,
      -0.0284263
    ],
    [
      8.21898,
      12.087,
      -0.0284263
    ],
    [
      8.85432,
      12.0911,
      0.202551
    ],
    [
      9.40743,
      12.0133,
      -0.481786
    ],
    [
      9.87272,
      11.6854,
      -0.629891
    ],
    [
      10.333,
      11.3499,
      -0.629891
    ],
    [
      10.7933,
      11.0144,
      -0.629891
    ],
    [
      11.2536,
      10.6789,
      -0.629891
    ],
    [
      11.7139,
      10.3433,
      -0.629891
    ],
    [
      12.1742,
      10.0078,
      -0.629891
    ],
    [
      12.4919,
      9.54844,
      -1.30776
    ],
    [
      12.5332,
      8.95322,
      -1.53866
    ],
    [
      12.5524,
      8.35559,
      -1.53866
    ],
    [
      12.5716,
      7.75796,
      -1.53866
    ],
    [
      12.5908,
      7.16033,
      -1.53866
    ],
    [
      12.61,
      6.5627,
      -1.53866
    ],
    [
      12.6339,
      5.96538,
      -1.43305
    ],
    [
      12.6446,
      5.42546,
      -1.56416
    ],
    [
      12.6482,
      4.88519,
      -1.56416
    ],
    [
      12.6518,
      4.34491,
      -1.56416
    ],
    [
      12.6553,
      3.80463,
      -1.56416
    ],
    [
      12.6589,
      3.26436,
      -1.56416
    ],
    [
      12.6556,
      2.72433,
      -1.69276
    ],
    [
      12.7902,
      1.89769,
      -1.02137
    ],
    [
      13.5,
      1.5,
      0.0
    ]
  ]
}