{
  "robot": {
    "class": "RectangleRobot",
    "radius": 0,
    "wheelbase": 0.5181170755958981,
    "max_velocity": 8.924439237328002,
    "max_steering_at_zero_v": 0.569587638535662,
    "max_steering_at_max_v": 0.19634954084936207,
    "acceleration": 7.863520537552739,
    "mu_static": 2.170537083366862,
    "width": 0.4366350231087034,
    "length": 0.8614187264688921,
    "collision_check_angle_res": 60
  },
  "planner": {
    "class": "Dubins_pathfinding",
    "start": [
      1.5,
      1.5,
      0.4251235595193026
    ],
    "goal": [
      13.5,
      1.5,
      0
    ],
    "bounds": [
      15,
      15
    ],
    "max_runtime": 60.0,
    "goal_threshold": 0.0,
    "solved_time": null,
    "interpolate_steps": 50
  },
  "path": [
    [
      1.5,
      1.5,
      0.0
    ],
    [
      1.99722,
      1.67082,
      0.661831
    ],
    [
      2.28449,
      2.11115,
      1.32366
    ],
    [
      2.3146,
      2.64454,
      1.55462
    ],
    [
      2.32326,
      3.17994,
      1.55462
    ],
    [
      2.33192,
      3.71534,
      1.55462
    ],
    [
      2.34788,
      4.25029,
      1.42013
    ],
    [
      2.35504,
      4.86149,
      1.5749
    ],
    [
      2.35253,
      5.47315,
      1.5749
    ],
    [
      2.35002,
      6.08482,
      1.5749
    ],
    [
      2.3475,
      6.69648,
      1.5749
    ],
    [
      2.34499,
      7.30814,
      1.5749
    ],
    [
      2.34248,
      7.91981,
      1.5749
    ],
    [
      2.33556,
      8.5313,
      1.67928
    ],
    [
      2.47491,
      9.07978,
      0.964725
    ],
    [
      2.85056,
      9.51902,
      0.854836
    ],
    [
      3.23,
      9.95519,
      0.854836
    ],
    [
      3.61104,
      10.3899,
      0.781738
    ],
    [
      4.11876,
      10.7258,
      0.548548
    ],
    [
      4.63934,
      11.044,
      0.548548
    ],
    [
      5.15992,
      11.3621,
      0.548548
    ],
    [
      5.68051,
      11.6802,
      0.548548
    ],
    [
      6.24133,
      11.8959,
      0.0248476
    ],
    [
      6.69896,
      12.0121,
      0.325963
    ],
    [
      7.14841,
      12.1641,
      0.325963
    ],
    [
      7.61113,
      12.245,
      -0.0977567
    ],
    [
      8.17357,
      12.0713,
      -0.339337
    ],
    [
      8.72998,
      11.8749,
      -0.339337
    ],
    [
      9.28639,
      11.6785,
      -0.339337
    ],
    [
      9.8428,
      11.4821,
      -0.339337
    ],
    [
      10.3992,
      11.2857,
      -0.339337
    ],
    [
      10.9165,
      11.0161,
      -0.793664
    ],
    [
      11.2666,
      10.5552,
      -0.935069
    ],
    [
      11.6104,
      10.0893,
      -0.935069
    ],
    [
      11.9542,
      9.62339,
      -0.935069
    ],
    [
      12.298,
      9.15747,
      -0.935069
    ],
    [
      12.6296,
      8.68368,
      -1.12463
    ],
    [
      12.7068,
      8.16562,
      -1.58298
    ],
    [
      12.7004,
      7.63574,
      -1.58298
    ],
    [
      12.6939,
      7.10585,
      -1.58298
    ],
    [
      12.6875,
      6.57597,
      -1.58298
    ],
    [
      12.681,
      6.04608,
      -1.58298
    ],
    [
      12.6746,
      5.51619,
      -1.58298
    ],
    [
      12.6681,
      4.98631,
      -1.58298
    ],
    [
      12.6974,
      4.45955,
      -1.28462
    ],
    [
      12.7181,
      3.8656,
      -1.60545
    ],
    [
      12.6849,
      3.26983,
      -1.78204
    ],
    [
      12.6839,
      2.52693,
      -1.54045
    ],
    [
      12.8563,
      1.81898,
      -0.920102
    ],
    [
      13.5,
      1.5,
      0.0
    ]
  ]
}