{
  "robot": {
    "class": "RectangleRobot",
    "radius": 0,
    "wheelbase": 0.8093097467715803,
    "max_velocity": 18.96713567487875,
    "max_steering_at_zero_v": 1.0320643110426442,
    "max_steering_at_max_v": 0.19634954084936207,
    "acceleration": 4.199137693072559,
    "mu_static": 1.6312408868248574,
    "width": 0.5495146216992228,
    "length": 0.8680412727183416,
    "collision_check_angle_res": 60
  },
  "planner": {
    "class": "Dubins_pathfinding",
    "start": [
      1.5,
      1.5,
      1.2469202856473456
    ],
    "goal": [
      13.5,
      1.5,
      0
    ],
    "bounds": [
      15,
      15
    ],
    "max_runtime": 60.0,
    "goal_threshold": 0.0,
    "solved_time": null,
    "interpolate_steps": 50
  },
  "path": [
    [
      1.5,
      1.5,
      0.0
    ],
    [
      1.9468,
      1.79835,
      1.17752
    ],
    [
      2.00074,
      2.36271,
      1.52715
    ],
    [
      2.0256,
      2.93177,
      1.52715
    ],
    [
      2.05045,
      3.50083,
      1.52715
    ],
    [
      2.0753,
      4.06989,
      1.52715
    ],
    [
      2.10016,
      4.63894,
      1.52715
    ],
    [
      2.12501,
      5.208,
      1.52715
    ],
    [
      2.14986,
      5.77706,
      1.52715
    ],
    [
      2.20594,
      6.32154,
      1.46654
    ],
    [
      2.26291,
      6.86595,
      1.46654
    ],
    [
      2.31987,
      7.41036,
      1.46654
    ],
    [
      2.37684,
      7.95477,
      1.46654
    ],
    [
      2.4338,
      8.49918,
      1.46654
    ],
    [
      2.52651,
      9.03506,
      1.07593
    ],
    [
      2.88568,
      9.5215,
      0.925776
    ],
    [
      3.24937,
      10.0049,
      0.925776
    ],
    [
      3.61306,
      10.4883,
      0.925776
    ],
    [
      3.99281,
      10.9568,
      0.624806
    ],
    [
      4.44519,
      11.272,
      0.608381
    ],
    [
      4.89761,
      11.5871,
      0.608381
    ],
    [
      5.36755,
      11.8682,
      0.209772
    ],
    [
      5.9307,
      11.9325,
      0.109263
    ],
    [
      6.49421,
      11.9943,
      0.109263
    ],
    [
      7.05771,
      12.0561,
      0.109263
    ],
    [
      7.62122,
      12.1179,
      0.109263
    ],
    [
      8.18472,
      12.1797,
      0.109263
    ],
    [
      8.74829,
      12.2409,
      0.0565897
    ],
    [
      9.25059,
      12.0063,
      -0.643865
    ],
    [
      9.70614,
      11.6643,
      -0.643865
    ],
    [
      10.1617,
      11.3224,
      -0.643865
    ],
    [
      10.6173,
      10.9805,
      -0.643865
    ],
    [
      11.0728,
      10.6386,
      -0.643865
    ],
    [
      11.5284,
      10.2966,
      -0.643865
    ],
    [
      11.9839,
      9.95471,
      -0.643865
    ],
    [
      12.4395,
      9.61278,
      -0.643865
    ],
    [
      12.6399,
      9.10488,
      -1.51809
    ],
    [
      12.6699,
      8.53607,
      -1.51809
    ],
    [
      12.6999,
      7.96726,
      -1.51809
    ],
    [
      12.7299,
      7.39845,
      -1.51809
    ],
    [
      12.7599,
      6.82965,
      -1.51809
    ],
    [
      12.7899,
      6.26084,
      -1.51809
    ],
    [
      12.8199,
      5.69203,
      -1.51809
    ],
    [
      12.85,
      5.12322,
      -1.51809
    ],
    [
      12.8842,
      4.4735,
      -1.51809
    ],
    [
      12.9185,
      3.82379,
      -1.51809
    ],
    [
      12.9528,
      3.17407,
      -1.51809
    ],
    [
      12.9871,
      2.52435,
      -1.51809
    ],
    [
      13.0285,
      1.87543,
      -1.34501
    ],
    [
      13.5,
      1.5,
      0.0
    ]
  ]
}