{
  "robot": {
    "class": "RectangleRobot",
    "radius": 0,
    "wheelbase": 0.2685289443474362,
    "max_velocity": 11.460341581663862,
    "max_steering_at_zero_v": 0.794273562081832,
    "max_steering_at_max_v": 0.19634954084936207,
    "acceleration": 4.7167735604393926,
    "mu_static": 0.1314330000061285,
    "width": 0.34764627864613007,
    "length": 0.5734728099625741,
    "collision_check_angle_res": 60
  },
  "planner": {
    "class": "Dubins_pathfinding",
    "start": [
      1.5,
      1.5,
      1.3678948196752823
    ],
    "goal": [
      13.5,
      1.5,
      0
    ],
    "bounds": [
      15,
      15
    ],
    "max_runtime": 60.0,
    "goal_threshold": 0.0,
    "solved_time": null,
    "interpolate_steps": 50
  },
  "path": [
    [
      1.5,
      1.5,
      0.0
    ],
    [
      1.7831,
      1.89395,
      1.4406
    ],
    [
      1.85396,
      2.43517,
      1.4406
    ],
    [
      1.92482,
      2.97638,
      1.4406
    ],
    [
      1.99569,
      3.5176,
      1.4406
    ],
    [
      2.06655,
      4.05882,
      1.4406
    ],
    [
      2.13742,
      4.60003,
      1.4406
    ],
    [
      2.21207,
      5.14053,
      1.26956
    ],
    [
      2.25664,
      5.62132,
      1.49179
    ],
    [
      2.29478,
      6.1031,
      1.49179
    ],
    [
      2.33292,
      6.58489,
      1.49179
    ],
    [
      2.37058,
      7.0667,
      1.55279
    ],
    [
      2.41854,
      7.59536,
      1.47897
    ],
    [
      2.46722,
      8.12397,
      1.47897
    ],
    [
      2.51594,
      8.65258,
      1.45997
    ],
    [
      2.77481,
      9.07673,
      0.957023
    ],
    [
      3.06357,
      9.48658,
      0.957023
    ],
    [
      3.34834,
      9.89888,
      1.14562
    ],
    [
      3.74953,
      10.2277,
      0.617103
    ],
    [
      4.17678,
      10.5308,
      0.617103
    ],
    [
      4.60403,
      10.834,
      0.617103
    ],
    [
      5.02787,
      11.1413,
      0.819392
    ],
    [
      5.60194,
      11.495,
      0.536675
    ],
    [
      6.18676,
      11.8306,
      0.252084
    ],
    [
      6.7125,
      11.8702,
      0.0666522
    ],
    [
      7.23876,
      11.9059,
      0.131219
    ],
    [
      7.84439,
      11.8443,
      -0.114453
    ],
    [
      8.44976,
      11.7747,
      -0.114453
    ],
    [
      9.05274,
      11.694,
      -0.4081
    ],
    [
      9.61548,
      11.4678,
      -0.849367
    ],
    [
      10.024,
      11.1564,
      -0.640009
    ],
    [
      10.4363,
      10.8495,
      -0.640009
    ],
    [
      10.8485,
      10.5425,
      -0.640009
    ],
    [
      11.2608,
      10.2355,
      -0.640009
    ],
    [
      11.6731,
      9.92858,
      -0.640009
    ],
    [
      12.0855,
      9.62181,
      -0.598002
    ],
    [
      12.2667,
      9.111,
      -1.36756
    ],
    [
      12.379,
      8.56613,
      -1.36756
    ],
    [
      12.4912,
      8.02126,
      -1.36756
    ],
    [
      12.6023,
      7.47618,
      -1.46457
    ],
    [
      12.6705,
      6.86916,
      -1.45898
    ],
    [
      12.7295,
      6.26193,
      -1.72232
    ],
    [
      12.78,
      5.7237,
      -1.46068
    ],
    [
      12.8395,
      5.18568,
      -1.46068
    ],
    [
      12.9332,
      4.65767,
      -0.93817
    ],
    [
      13.0307,
      4.00458,
      -1.47984
    ],
    [
      13.0912,
      3.3412,
      -1.47984
    ],
    [
      13.1517,
      2.67783,
      -1.47984
    ],
    [
      13.2122,
      2.01445,
      -1.47984
    ],
    [
      13.5,
      1.5,
      0.0
    ]
  ]
}