{
  "robot": {
    "class": "RectangleRobot",
    "radius": 0,
    "wheelbase": 0.40275742970775213,
    "max_velocity": 6.754119879539595,
    "max_steering_at_zero_v": 1.0193097411394492,
    "max_steering_at_max_v": 0.19634954084936207,
    "acceleration": 9.181031614054064,
    "mu_static": 1.1841404560205644,
    "width": 0.3988709987839014,
    "length": 0.9235415885900222,
    "collision_check_angle_res": 60
  },
  "planner": {
    "class": "Dubins_pathfinding",
    "start": [
      1.5,
      1.5,
      0.17885038041447204
    ],
    "goal": [
      13.5,
      1.5,
      0
    ],
    "bounds": [
      15,
      15
    ],
    "max_runtime": 60.0,
    "goal_threshold": 0.0,
    "solved_time": null,
    "interpolate_steps": 50
  },
  "path": [
    [
      1.5,
      1.5,
      0.0
    ],
    [
      1.76622,
      1.92452,
      1.47334
    ],
    [
      1.82137,
      2.48869,
      1.47334
    ],
    [
      1.87653,
      3.05286,
      1.47334
    ],
    [
      1.93168,
      3.61703,
      1.47334
    ],
    [
      1.98684,
      4.1812,
      1.47334
    ],
    [
      2.04199,
      4.74537,
      1.47334
    ],
    [
      2.09715,
      5.30954,
      1.47334
    ],
    [
      2.14223,
      5.87374,
      1.75877
    ],
    [
      2.21161,
      6.47678,
      1.43505
    ],
    [
      2.29393,
      7.07945,
      1.43505
    ],
    [
      2.37435,
      7.68231,
      1.55919
    ],
    [
      2.48558,
      8.24779,
      1.36881
    ],
    [
      2.60125,
      8.81265,
      1.36881
    ],
    [
      2.70631,
      9.37862,
      1.66267
    ],
    [
      3.02062,
      9.77008,
      0.667469
    ],
    [
      3.43523,
      10.0969,
      0.667469
    ],
    [
      3.84984,
      10.4236,
      0.667469
    ],
    [
      4.26445,
      10.7504,
      0.667469
    ],
    [
      4.67906,
      11.0772,
      0.667469
    ],
    [
      5.10697,
      11.3802,
      0.19744
    ],
    [
      5.6191,
      11.6764,
      0.550083
    ],
    [
      6.12759,
      11.981,
      0.327899
    ],
    [
      6.69405,
      12.0638,
      0.137257
    ],
    [
      7.26142,
      12.1422,
      0.137257
    ],
    [
      7.82878,
      12.2206,
      0.137257
    ],
    [
      8.3948,
      12.3051,
      0.363883
    ],
    [
      8.85004,
      12.113,
      -0.628774
    ],
    [
      9.27029,
      11.8074,
      -0.628774
    ],
    [
      9.69053,
      11.5018,
      -0.628774
    ],
    [
      10.1108,
      11.1961,
      -0.628774
    ],
    [
      10.531,
      10.8905,
      -0.628774
    ],
    [
      10.9513,
      10.5849,
      -0.628774
    ],
    [
      11.3715,
      10.2793,
      -0.628774
    ],
    [
      11.7935,
      9.9763,
      -0.469278
    ],
    [
      12.0655,
      9.53632,
      -1.11319
    ],
    [
      12.2977,
      9.06473,
      -1.11319
    ],
    [
      12.5107,
      8.58673,
      -1.51853
    ],
    [
      12.5679,
      8.04856,
      -1.46426
    ],
    [
      12.6255,
      7.51043,
      -1.46426
    ],
    [
      12.683,
      6.9723,
      -1.46426
    ],
    [
      12.7406,
      6.43417,
      -1.46426
    ],
    [
      12.7981,
      5.89604,
      -1.46426
    ],
    [
      12.8557,
      5.35791,
      -1.46426
    ],
    [
      12.9132,
      4.81978,
      -1.46426
    ],
    [
      12.9903,
      4.28645,
      -1.06055
    ],
    [
      13.0802,
      3.55859,
      -1.47669
    ],
    [
      13.1494,
      2.82581,
      -1.47669
    ],
    [
      13.2186,
      2.09302,
      -1.47669
    ],
    [
      13.5,
      1.5,
      0.0
    ]
  ]
}