{
  "robot": {
    "class": "RectangleRobot",
    "radius": 0,
    "wheelbase": 0.46312012983379547,
    "max_velocity": 7.66321723753935,
    "max_steering_at_zero_v": 0.6153402697670973,
    "max_steering_at_max_v": 0.19634954084936207,
    "acceleration": 5.823160119889455,
    "mu_static": 0.9032028704887175,
    "width": 0.4569255894171873,
    "length": 0.6881318322633347,
    "collision_check_angle_res": 60
  },
  "planner": {
    "class": "Dubins_pathfinding",
    "start": [
      1.5,
      1.5,
      0.2114321569920077
    ],
    "goal": [
      13.5,
      1.5,
      0
    ],
    "bounds": [
      15,
      15
    ],
    "max_runtime": 60.0,
    "goal_threshold": 0.0,
    "solved_time": null,
    "interpolate_steps": 50
  },
  "path": [
    [
      1.5,
      1.5,
      0.0
    ],
    [
      1.99668,
      1.72792,
      0.860436
    ],
    [
      2.15751,
      2.25344,
      1.54837
    ],
    [
      2.17016,
      2.81701,
      1.54837
    ],
    [
      2.1828,
      3.38057,
      1.54837
    ],
    [
      2.19544,
      3.94414,
      1.54837
    ],
    [
      2.25492,
      4.50066,
      1.16734
    ],
    [
      2.33196,
      5.08082,
      1.50029
    ],
    [
      2.3734,
      5.66751,
      1.50029
    ],
    [
      2.41483,
      6.2542,
      1.50029
    ],
    [
      2.45627,
      6.84089,
      1.50029
    ],
    [
      2.49771,
      7.42757,
      1.50029
    ],
    [
      2.53915,
      8.01426,
      1.49471
    ],
    [
      2.46803,
      8.61071,
      1.68306
    ],
    [
      2.66547,
      9.15685,
      0.764709
    ],
    [
      3.09725,
      9.79249,
      1.31338
    ],
    [
      3.49613,
      10.2729,
      0.660047
    ],
    [
      4.00128,
      10.665,
      0.660047
    ],
    [
      4.51791,
      11.0393,
      0.405994
    ],
    [
      4.92131,
      11.2632,
      0.515118
    ],
    [
      5.32292,
      11.4906,
      0.515118
    ],
    [
      5.72765,
      11.7117,
      0.369668
    ],
    [
      6.33701,
      11.8963,
      0.192657
    ],
    [
      6.92633,
      11.902,
      -0.0139099
    ],
    [
      7.51641,
      11.8938,
      -0.0139099
    ],
    [
      8.10649,
      11.8856,
      -0.0139099
    ],
    [
      8.69658,
      11.8774,
      -0.0139099
    ],
    [
      9.28666,
      11.8692,
      -0.0139099
    ],
    [
      9.87543,
      11.8458,
      -0.229772
    ],
    [
      10.3189,
      11.4871,
      -1.13055
    ],
    [
      10.6967,
      11.0747,
      -0.741371
    ],
    [
      11.1123,
      10.6942,
      -0.741371
    ],
    [
      11.5278,
      10.3137,
      -0.741371
    ],
    [
      11.9434,
      9.9332,
      -0.741371
    ],
    [
      12.3505,
      9.5445,
      -0.931332
    ],
    [
      12.4641,
      9.01018,
      -1.7914
    ],
    [
      12.4561,
      8.50666,
      -1.54831
    ],
    [
      12.4675,
      8.00201,
      -1.54831
    ],
    [
      12.4788,
      7.49736,
      -1.54831
    ],
    [
      12.4902,
      6.99271,
      -1.54831
    ],
    [
      12.5015,
      6.48807,
      -1.54831
    ],
    [
      12.5129,
      5.98342,
      -1.54831
    ],
    [
      12.5242,
      5.47877,
      -1.54831
    ],
    [
      12.5356,
      4.97412,
      -1.54831
    ],
    [
      12.5472,
      4.46948,
      -1.52172
    ],
    [
      12.576,
      3.99469,
      -1.5101
    ],
    [
      12.6048,
      3.51989,
      -1.5101
    ],
    [
      12.6575,
      3.04872,
      -1.23882
    ],
    [
      12.8444,
      2.09642,
      -1.38411
    ],
    [
      13.5,
      1.5,
      0.0
    ]
  ]
}