{
  "robot": {
    "class": "RectangleRobot",
    "radius": 0,
    "wheelbase": 0.17603322073592306,
    "max_velocity": 13.876995747083214,
    "max_steering_at_zero_v": 0.8862354965435737,
    "max_steering_at_max_v": 0.19634954084936207,
    "acceleration": 6.890757836487982,
    "mu_static": 1.5951052820531644,
    "width": 0.44789376835352135,
    "length": 0.2889230446274933,
    "collision_check_angle_res": 60
  },
  "planner": {
    "class": "Dubins_pathfinding",
    "start": [
      1.5,
      1.5,
      0.8353763529457113
    ],
    "goal": [
      13.5,
      1.5,
      0
    ],
    "bounds": [
      15,
      15
    ],
    "max_runtime": 60.0,
    "goal_threshold": 0.0,
    "solved_time": null,
    "interpolate_steps": 50
  },
  "path": [
    [
      1.5,
      1.5,
      0.0
    ],
    [
      1.68071,
      1.98937,
      1.46634
    ],
    [
      1.7405,
      2.55958,
      1.46634
    ],
    [
      1.80028,
      3.12979,
      1.46634
    ],
    [
      1.85835,
      3.70009,
      1.62085
    ],
    [
      1.93377,
      4.22744,
      1.42351
    ],
    [
      2.01197,
      4.75456,
      1.42351
    ],
    [
      2.09017,
      5.28169,
      1.42351
    ],
    [
      2.16838,
      5.80881,
      1.42351
    ],
    [
      2.24658,
      6.33593,
      1.42351
    ],
    [
      2.32478,
      6.86306,
      1.42351
    ],
    [
      2.39574,
      7.39048,
      1.74167
    ],
    [
      2.49827,
      8.04548,
      1.40323
    ],
    [
      2.6175,
      8.69755,
      1.05122
    ],
    [
      2.86459,
      9.17659,
      1.09484
    ],
    [
      3.11156,
      9.6557,
      1.09484
    ],
    [
      3.36742,
      10.1287,
      0.705961
    ],
    [
      3.82687,
      10.5046,
      0.68573
    ],
    [
      4.28633,
      10.8805,
      0.698473
    ],
    [
      4.74688,
      11.1065,
      0.447432
    ],
    [
      5.20971,
      11.3287,
      0.447432
    ],
    [
      5.67255,
      11.5508,
      0.447432
    ],
    [
      6.13538,
      11.7729,
      0.447432
    ],
    [
      6.59814,
      11.9951,
      0.495649
    ],
    [
      7.09253,
      11.9376,
      -0.179245
    ],
    [
      7.58838,
      11.8477,
      -0.179245
    ],
    [
      8.08424,
      11.7579,
      -0.179245
    ],
    [
      8.58009,
      11.668,
      -0.179245
    ],
    [
      9.07594,
      11.5782,
      -0.179245
    ],
    [
      9.57115,
      11.4858,
      -0.372129
    ],
    [
      10.0032,
      11.174,
      -0.63434
    ],
    [
      10.4327,
      10.858,
      -0.63434
    ],
    [
      10.8621,
      10.542,
      -0.63434
    ],
    [
      11.2916,
      10.226,
      -0.63434
    ],
    [
      11.7232,
      9.91352,
      -0.394081
    ],
    [
      12.0468,
      9.44809,
      -1.00992
    ],
    [
      12.3484,
      8.96261,
      -1.20967
    ],
    [
      12.4215,
      8.4621,
      -1.43271
    ],
    [
      12.4912,
      7.96084,
      -1.43271
    ],
    [
      12.5608,
      7.45957,
      -1.43271
    ],
    [
      12.6305,
      6.95831,
      -1.43271
    ],
    [
      12.7002,
      6.45704,
      -1.43271
    ],
    [
      12.7698,
      5.95578,
      -1.43271
    ],
    [
      12.8373,
      5.45434,
      -1.60588
    ],
    [
      12.927,
      4.7818,
      -1.43523
    ],
    [
      13.0187,
      4.10943,
      -1.43523
    ],
    [
      13.1104,
      3.43706,
      -1.43523
    ],
    [
      13.2021,
      2.76468,
      -1.43523
    ],
    [
      13.2938,
      2.09231,
      -1.43523
    ],
    [
      13.5,
      1.5,
      0.0
    ]
  ]
}