{
  "robot": {
    "class": "RectangleRobot",
    "radius": 0,
    "wheelbase": 0.23694562237336014,
    "max_velocity": 16.27102351020935,
    "max_steering_at_zero_v": 0.8287098459415637,
    "max_steering_at_max_v": 0.19634954084936207,
    "acceleration": 8.646433654805305,
    "mu_static": 1.9846919366306457,
    "width": 0.32745596114501985,
    "length": 0.31642604399469865,
    "collision_check_angle_res": 60
  },
  "planner": {
    "class": "Dubins_pathfinding",
    "start": [
      1.5,
      1.5,
      0.6300063321957508
    ],
    "goal": [
      13.5,
      1.5,
      0
    ],
    "bounds": [
      15,
      15
    ],
    "max_runtime": 60.0,
    "goal_threshold": 0.0,
    "solved_time": null,
    "interpolate_steps": 50
  },
  "path": [
    [
      1.5,
      1.5,
      0.0
    ],
    [
      1.73311,
      1.83221,
      1.44788
    ],
    [
      1.78917,
      2.28598,
      1.44788
    ],
    [
      1.84556,
      2.73971,
      1.39307
    ],
    [
      1.93514,
      3.24543,
      1.39548
    ],
    [
      2.02472,
      3.75116,
      1.39548
    ],
    [
      2.1143,
      4.25688,
      1.39548
    ],
    [
      2.20388,
      4.7626,
      1.39548
    ],
    [
      2.29346,
      5.26832,
      1.39548
    ],
    [
      2.38304,
      5.77405,
      1.39548
    ],
    [
      2.47159,
      6.27992,
      1.49356
    ],
    [
      2.53165,
      6.78724,
      1.45261
    ],
    [
      2.59188,
      7.29455,
      1.45261
    ],
    [
      2.65212,
      7.80185,
      1.45261
    ],
    [
      2.71236,
      8.30916,
      1.45261
    ],
    [
      2.7726,
      8.81647,
      1.45261
    ],
    [
      2.92056,
      9.28293,
      0.496718
    ],
    [
      3.35788,
      9.69936,
      0.774767
    ],
    [
      3.7899,
      10.1223,
      0.774767
    ],
    [
      4.22193,
      10.5452,
      0.774767
    ],
    [
      4.67113,
      10.9429,
      0.242598
    ],
    [
      5.1221,
      11.191,
      0.518805
    ],
    [
      5.56964,
      11.4465,
      0.518805
    ],
    [
      6.02633,
      11.6773,
      0.0242275
    ],
    [
      6.57252,
      11.7261,
      0.0900191
    ],
    [
      7.11844,
      11.7773,
      0.222122
    ],
    [
      7.66465,
      11.754,
      -0.0580023
    ],
    [
      8.21116,
      11.7223,
      -0.0580023
    ],
    [
      8.7569,
      11.7038,
      0.292189
    ],
    [
      9.26048,
      11.5181,
      -0.463905
    ],
    [
      9.75117,
      11.2726,
      -0.463905
    ],
    [
      10.2419,
      11.0271,
      -0.463905
    ],
    [
      10.6713,
      10.718,
      -1.37585
    ],
    [
      11.1061,
      10.3071,
      -0.670366
    ],
    [
      11.5829,
      9.92907,
      -0.670366
    ],
    [
      11.9842,
      9.50025,
      -1.59659
    ],
    [
      12.2259,
      8.98755,
      -1.08026
    ],
    [
      12.4137,
      8.46764,
      -1.96247
    ],
    [
      12.4661,
      7.99147,
      -1.38844
    ],
    [
      12.554,
      7.51498,
      -1.38844
    ],
    [
      12.6419,
      7.03849,
      -1.38844
    ],
    [
      12.7368,
      6.56394,
      -1.12927
    ],
    [
      12.802,
      5.93803,
      -1.48905
    ],
    [
      12.8535,
      5.30931,
      -1.48905
    ],
    [
      12.9051,
      4.68061,
      -1.45678
    ],
    [
      12.9889,
      4.02019,
      -1.44463
    ],
    [
      13.0727,
      3.35978,
      -1.44463
    ],
    [
      13.1564,
      2.69938,
      -1.44463
    ],
    [
      13.2402,
      2.03897,
      -1.44463
    ],
    [
      13.5,
      1.5,
      0.0
    ]
  ]
}