{
  "robot": {
    "class": "RectangleRobot",
    "radius": 0,
    "wheelbase": 0.5808404091181938,
    "max_velocity": 6.861552442959175,
    "max_steering_at_zero_v": 1.0429589141491957,
    "max_steering_at_max_v": 0.19634954084936207,
    "acceleration": 3.3569251524126544,
    "mu_static": 0.45041586607015255,
    "width": 0.31956579011309805,
    "length": 0.5965819786048817,
    "collision_check_angle_res": 60
  },
  "planner": {
    "class": "Dubins_pathfinding",
    "start": [
      1.5,
      1.5,
      0.2289732769729761
    ],
    "goal": [
      13.5,
      1.5,
      0
    ],
    "bounds": [
      15,
      15
    ],
    "max_runtime": 60.0,
    "goal_threshold": 0.0,
    "solved_time": null,
    "interpolate_steps": 50
  },
  "path": [
    [
      1.5,
      1.5,
      0.0
    ],
    [
      1.84153,
      1.86566,
      1.49761
    ],
    [
      1.88241,
      2.42323,
      1.49761
    ],
    [
      1.92329,
      2.9808,
      1.49761
    ],
    [
      1.96417,
      3.53837,
      1.49761
    ],
    [
      2.00505,
      4.09594,
      1.49761
    ],
    [
      2.04592,
      4.65351,
      1.49761
    ],
    [
      2.08682,
      5.21108,
      1.48886
    ],
    [
      2.13593,
      5.77611,
      1.48408
    ],
    [
      2.18505,
      6.34114,
      1.48408
    ],
    [
      2.23417,
      6.90617,
      1.48408
    ],
    [
      2.28329,
      7.47121,
      1.48408
    ],
    [
      2.33241,
      8.03624,
      1.48408
    ],
    [
      2.46187,
      8.57431,
      0.771617
    ],
    [
      2.78937,
      8.99754,
      0.919099
    ],
    [
      3.11405,
      9.42314,
      0.919099
    ],
    [
      3.43873,
      9.84874,
      0.917142
    ],
    [
      3.86027,
      10.2914,
      0.806461
    ],
    [
      4.30819,
      10.6994,
      0.309518
    ],
    [
      4.7911,
      10.9704,
      0.525594
    ],
    [
      5.27061,
      11.2484,
      0.499691
    ],
    [
      5.69965,
      11.4788,
      0.492742
    ],
    [
      6.12869,
      11.7091,
      0.492742
    ],
    [
      6.55773,
      11.9395,
      0.492742
    ],
    [
      6.9992,
      12.1342,
      0.0188448
    ],
    [
      7.54019,
      11.9926,
      -0.283307
    ],
    [
      8.07838,
      11.8359,
      -0.283307
    ],
    [
      8.61658,
      11.6793,
      -0.283307
    ],
    [
      9.15477,
      11.5226,
      -0.283307
    ],
    [
      9.68487,
      11.3467,
      -0.634187
    ],
    [
      10.1629,
      11.1002,
      -0.467435
    ],
    [
      10.6433,
      10.8577,
      -0.467435
    ],
    [
      11.1237,
      10.6152,
      -0.467435
    ],
    [
      11.4716,
      10.2483,
      -1.51968
    ],
    [
      11.6976,
      9.81392,
      -0.99939
    ],
    [
      11.9656,
      9.39716,
      -0.99939
    ],
    [
      12.2335,
      8.9804,
      -0.99939
    ],
    [
      12.5015,
      8.56364,
      -0.99939
    ],
    [
      12.749,
      8.13703,
      -1.36613
    ],
    [
      12.7921,
      7.93683,
      -1.55019
    ],
    [
      12.8497,
      7.4199,
      -1.45687
    ],
    [
      12.9089,
      6.9031,
      -1.45687
    ],
    [
      12.9705,
      6.38669,
      -1.33485
    ],
    [
      13.0112,
      5.70819,
      -1.51924
    ],
    [
      13.0463,
      5.02905,
      -1.51924
    ],
    [
      13.0813,
      4.34991,
      -1.51924
    ],
    [
      13.1164,
      3.67076,
      -1.51924
    ],
    [
      13.1454,
      2.99169,
      -1.70854
    ],
    [
      13.1559,
      2.14931,
      -1.55344
    ],
    [
      13.5,
      1.5,
      0.0
    ]
  ]
}