{
  "robot": {
    "class": "RectangleRobot",
    "radius": 0,
    "wheelbase": 0.32287357155133567,
    "max_velocity": 8.262176393188588,
    "max_steering_at_zero_v": 0.4167048598252174,
    "max_steering_at_max_v": 0.19634954084936207,
    "acceleration": 3.330183474432854,
    "mu_static": 0.612249717248026,
    "width": 0.47814284395127016,
    "length": 0.32568438493650165,
    "collision_check_angle_res": 60
  },
  "planner": {
    "class": "Dubins_pathfinding",
    "start": [
      1.5,
      1.5,
      0.5146383607958558
    ],
    "goal": [
      13.5,
      1.5,
      0
    ],
    "bounds": [
      15,
      15
    ],
    "max_runtime": 60.0,
    "goal_threshold": 0.0,
    "solved_time": null,
    "interpolate_steps": 50
  },
  "path": [
    [
      1.5,
      1.5,
      0.0
    ],
    [
      2.01345,
      1.71132,
      0.780862
    ],
    [
      2.22942,
      2.22283,
      1.56172
    ],
    [
      2.2128,
      2.79218,
      1.60096
    ],
    [
      2.19562,
      3.36152,
      1.60096
    ],
    [
      2.17845,
      3.93086,
      1.60096
    ],
    [
      2.16127,
      4.50021,
      1.60096
    ],
    [
      2.14409,
      5.06955,
      1.60096
    ],
    [
      2.12691,
      5.63889,
      1.60096
    ],
    [
      2.20907,
      6.18057,
      1.39104
    ],
    [
      2.30718,
      6.7205,
      1.39104
    ],
    [
      2.40529,
      7.26043,
      1.39104
    ],
    [
      2.5034,
      7.80035,
      1.39104
    ],
    [
      2.60152,
      8.34028,
      1.39104
    ],
    [
      2.69963,
      8.88021,
      1.39104
    ],
    [
      2.80498,
      9.41846,
      1.2483
    ],
    [
      3.14967,
      9.82882,
      0.495992
    ],
    [
      3.63352,
      10.1998,
      0.672842
    ],
    [
      4.11079,
      10.5802,
      0.672842
    ],
    [
      4.58807,
      10.9605,
      0.672842
    ],
    [
      5.06534,
      11.3409,
      0.672842
    ],
    [
      5.5453,
      11.7175,
      0.561481
    ],
    [
      6.13188,
      11.8021,
      -0.275156
    ],
    [
      6.8398,
      11.9393,
      0.364624
    ],
    [
      7.36548,
      11.9481,
      -0.20119
    ],
    [
      7.88967,
      11.8412,
      -0.20119
    ],
    [
      8.41386,
      11.7343,
      -0.20119
    ],
    [
      8.93806,
      11.6274,
      -0.20119
    ],
    [
      9.46225,
      11.5205,
      -0.20119
    ],
    [
      9.98337,
      11.4021,
      -0.381786
    ],
    [
      10.3666,
      11.0461,
      -1.11519
    ],
    [
      10.7578,
      10.6859,
      -0.423306
    ],
    [
      11.2538,
      10.4625,
      -0.423306
    ],
    [
      11.7497,
      10.239,
      -0.423306
    ],
    [
      12.1938,
      9.93843,
      -0.930031
    ],
    [
      12.3344,
      9.42595,
      -1.67573
    ],
    [
      12.357,
      8.83394,
      -1.51735
    ],
    [
      12.3886,
      8.24193,
      -1.51735
    ],
    [
      12.4203,
      7.64992,
      -1.51735
    ],
    [
      12.5149,
      7.07024,
      -1.09698
    ],
    [
      12.6289,
      6.51138,
      -1.4474
    ],
    [
      12.6995,
      5.94191,
      -1.4474
    ],
    [
      12.7702,
      5.37243,
      -1.4474
    ],
    [
      12.8408,
      4.80296,
      -1.4474
    ],
    [
      12.9114,
      4.23348,
      -1.4474
    ],
    [
      12.9821,
      3.66401,
      -1.4474
    ],
    [
      12.9514,
      3.0999,
      -1.9769
    ],
    [
      12.7986,
      2.43919,
      -1.77648
    ],
    [
      12.9149,
      1.79382,
      -0.930783
    ],
    [
      13.5,
      1.5,
      0.0
    ]
  ]
}