{
  "robot": {
    "class": "RectangleRobot",
    "radius": 0,
    "wheelbase": 0.492124489336204,
    "max_velocity": 5.693553411021827,
    "max_steering_at_zero_v": 0.6911311211994706,
    "max_steering_at_max_v": 0.19634954084936207,
    "acceleration": 8.208762930048291,
    "mu_static": 2.49346612838207,
    "width": 0.39886953672350645,
    "length": 0.5007474580985587,
    "collision_check_angle_res": 60
  },
  "planner": {
    "class": "Dubins_pathfinding",
    "start": [
      1.5,
      1.5,
      1.3767074319822878
    ],
    "goal": [
      13.5,
      1.5,
      0
    ],
    "bounds": [
      15,
      15
    ],
    "max_runtime": 60.0,
    "goal_threshold": 0.0,
    "solved_time": null,
    "interpolate_steps": 50
  },
  "path": [
    [
      1.5,
      1.5,
      0.0
    ],
    [
      1.98647,
      1.75248,
      0.957472
    ],
    [
      2.13132,
      2.29679,
      1.42365
    ],
    [
      2.21484,
      2.86023,
      1.42365
    ],
    [
      2.29835,
      3.42368,
      1.42365
    ],
    [
      2.38187,
      3.98712,
      1.42365
    ],
    [
      2.46538,
      4.55057,
      1.42365
    ],
    [
      2.5489,
      5.11401,
      1.42365
    ],
    [
      2.63241,
      5.67746,
      1.42365
    ],
    [
      2.63879,
      6.26858,
      1.5709
    ],
    [
      2.63873,
      6.86002,
      1.5709
    ],
    [
      2.63867,
      7.45145,
      1.5709
    ],
    [
      2.6386,
      8.04289,
      1.5709
    ],
    [
      2.63854,
      8.63433,
      1.5709
    ],
    [
      2.65676,
      9.22425,
      1.32234
    ],
    [
      2.95347,
      9.62116,
      0.706473
    ],
    [
      3.33841,
      9.94967,
      0.706473
    ],
    [
      3.72336,
      10.2782,
      0.706473
    ],
    [
      4.1083,
      10.6067,
      0.706473
    ],
    [
      4.49116,
      10.9375,
      0.808294
    ],
    [
      4.87002,
      11.2136,
      0.603208
    ],
    [
      5.25666,
      11.48,
      0.603208
    ],
    [
      5.671,
      11.6887,
      0.138253
    ],
    [
      6.2575,
      11.7448,
      0.0944322
    ],
    [
      6.84406,
      11.8004,
      0.0944322
    ],
    [
      7.43062,
      11.8559,
      0.0944322
    ],
    [
      8.01719,
      11.9115,
      0.0944322
    ],
    [
      8.60375,
      11.967,
      0.0944322
    ],
    [
      9.19031,
      12.0226,
      0.0944322
    ],
    [
      9.71399,
      11.8094,
      -0.881797
    ],
    [
      10.1099,
      11.4262,
      -0.761202
    ],
    [
      10.5089,
      11.046,
      -0.761202
    ],
    [
      10.908,
      10.6658,
      -0.761202
    ],
    [
      11.307,
      10.2857,
      -0.761202
    ],
    [
      11.706,
      9.90551,
      -0.761202
    ],
    [
      12.105,
      9.52534,
      -0.761202
    ],
    [
      12.3645,
      9.05766,
      -1.51124
    ],
    [
      12.3819,
      8.50053,
      -1.53998
    ],
    [
      12.531,
      7.97817,
      -0.858324
    ],
    [
      12.6887,
      7.39047,
      -1.51078
    ],
    [
      12.7242,
      6.76847,
      -1.59114
    ],
    [
      12.7653,
      6.2082,
      -1.49236
    ],
    [
      12.8093,
      5.64806,
      -1.49236
    ],
    [
      12.8534,
      5.08792,
      -1.49236
    ],
    [
      12.8974,
      4.52778,
      -1.49236
    ],
    [
      12.9414,
      3.96765,
      -1.49236
    ],
    [
      12.9639,
      3.40775,
      -1.76149
    ],
    [
      12.9272,
      2.6593,
      -1.61082
    ],
    [
      12.9336,
      1.91305,
      -1.26014
    ],
    [
      13.5,
      1.5,
      0.0
    ]
  ]
}