{
  "robot": {
    "class": "RectangleRobot",
    "radius": 0,
    "wheelbase": 0.23762292531823087,
    "max_velocity": 13.62967973676023,
    "max_steering_at_zero_v": 0.44991797527723437,
    "max_steering_at_max_v": 0.19634954084936207,
    "acceleration": 4.7933902314988375,
    "mu_static": 2.046709217689435,
    "width": 0.20787283355818115,
    "length": 0.3664207565315084,
    "collision_check_angle_res": 60
  },
  "planner": {
    "class": "Dubins_pathfinding",
    "start": [
      1.5,
      1.5,
      0.16475810835369656
    ],
    "goal": [
      13.5,
      1.5,
      0
    ],
    "bounds": [
      15,
      15
    ],
    "max_runtime": 60.0,
    "goal_threshold": 0.0,
    "solved_time": null,
    "interpolate_steps": 50
  },
  "path": [
    [
      1.5,
      1.5,
      0.0
    ],
    [
      1.95063,
      1.79449,
      1.15768
    ],
    [
      2.02795,
      2.35666,
      1.47833
    ],
    [
      2.08054,
      2.92383,
      1.47833
    ],
    [
      2.13314,
      3.491,
      1.47833
    ],
    [
      2.18573,
      4.05816,
      1.47833
    ],
    [
      2.23833,
      4.62533,
      1.47833
    ],
    [
      2.29093,
      5.19249,
      1.47833
    ],
    [
      2.34352,
      5.75966,
      1.47833
    ],
    [
      2.43378,
      6.28928,
      1.39913
    ],
    [
      2.52556,
      6.81868,
      1.39913
    ],
    [
      2.61734,
      7.34808,
      1.39913
    ],
    [
      2.70912,
      7.87748,
      1.39913
    ],
    [
      2.73495,
      8.40679,
      1.91886
    ],
    [
      2.77804,
      8.83183,
      1.02067
    ],
    [
      3.04526,
      9.1836,
      1.01272
    ],
    [
      3.43023,
      9.60442,
      0.812655
    ],
    [
      3.82277,
      10.019,
      0.812655
    ],
    [
      4.21532,
      10.4335,
      0.812655
    ],
    [
      4.61472,
      10.8406,
      0.609809
    ],
    [
      5.09888,
      11.0595,
      0.405133
    ],
    [
      5.58774,
      11.2691,
      0.405133
    ],
    [
      6.07626,
      11.4795,
      0.462763
    ],
    [
      6.80372,
      11.6578,
      0.235469
    ],
    [
      7.28854,
      11.6856,
      0.0372955
    ],
    [
      7.77437,
      11.7037,
      0.0372955
    ],
    [
      8.26019,
      11.7218,
      0.0372955
    ],
    [
      8.7455,
      11.7457,
      0.190496
    ],
    [
      9.27887,
      11.6,
      -0.437034
    ],
    [
      9.79056,
      11.3609,
      -0.437034
    ],
    [
      10.3098,
      11.1437,
      -0.130254
    ],
    [
      10.7554,
      10.8226,
      -0.846413
    ],
    [
      11.1298,
      10.3995,
      -0.846413
    ],
    [
      11.5043,
      9.97628,
      -0.846413
    ],
    [
      11.8771,
      9.55179,
      -0.937684
    ],
    [
      12.091,
      9.04291,
      -1.20448
    ],
    [
      12.2892,
      8.52634,
      -1.20448
    ],
    [
      12.4873,
      8.00978,
      -1.20448
    ],
    [
      12.6855,
      7.49321,
      -1.20448
    ],
    [
      12.8837,
      6.97667,
      -1.18748
    ],
    [
      12.9235,
      6.42272,
      -1.56006
    ],
    [
      12.9295,
      5.8642,
      -1.56006
    ],
    [
      12.9355,
      5.30568,
      -1.56006
    ],
    [
      12.9414,
      4.74716,
      -1.56006
    ],
    [
      12.9474,
      4.18863,
      -1.56006
    ],
    [
      12.9534,
      3.63011,
      -1.56006
    ],
    [
      12.9508,
      3.07204,
      -1.74778
    ],
    [
      12.9767,
      2.45509,
      -1.50558
    ],
    [
      13.032,
      1.84016,
      -1.25703
    ],
    [
      13.5,
      1.5,
      0.0
    ]
  ]
}