{
  "robot": {
    "class": "RectangleRobot",
    "radius": 0,
    "wheelbase": 0.36632145923754184,
    "max_velocity": 16.30783373468758,
    "max_steering_at_zero_v": 0.8305649758447993,
    "max_steering_at_max_v": 0.19634954084936207,
    "acceleration": 6.92887169277962,
    "mu_static": 0.6913111999464381,
    "width": 0.5332466031610963,
    "length": 0.750264404128634,
    "collision_check_angle_res": 60
  },
  "planner": {
    "class": "Dubins_pathfinding",
    "start": [
      1.5,
      1.5,
      1.271311604191345
    ],
    "goal": [
      13.5,
      1.5,
      0
    ],
    "bounds": [
      15,
      15
    ],
    "max_runtime": 60.0,
    "goal_threshold": 0.0,
    "solved_time": null,
    "interpolate_steps": 50
  },
  "path": [
    [
      1.5,
      1.5,
      0.0
    ],
    [
      1.83854,
      1.87844,
      1.50067
    ],
    [
      1.87845,
      2.44664,
      1.50067
    ],
    [
      1.91836,
      3.01484,
      1.50067
    ],
    [
      1.95827,
      3.58304,
      1.50067
    ],
    [
      1.99818,
      4.15124,
      1.50067
    ],
    [
      2.0381,
      4.71944,
      1.50067
    ],
    [
      2.07801,
      5.28764,
      1.50067
    ],
    [
      2.11792,
      5.85584,
      1.50067
    ],
    [
      2.19678,
      6.41704,
      1.4297
    ],
    [
      2.27648,
      6.97813,
      1.4297
    ],
    [
      2.35618,
      7.53923,
      1.4297
    ],
    [
      2.43588,
      8.10032,
      1.4297
    ],
    [
      2.51557,
      8.66142,
      1.4297
    ],
    [
      2.67223,
      9.19207,
      0.721492
    ],
    [
      2.99958,
      9.61205,
      0.921203
    ],
    [
      3.32191,
      10.0364,
      0.921203
    ],
    [
      3.64358,
      10.4612,
      0.990664
    ],
    [
      4.07941,
      10.822,
      0.65917
    ],
    [
      4.528,
      11.1695,
      0.65917
    ],
    [
      4.9962,
      11.4806,
      0.159751
    ],
    [
      5.61397,
      11.6852,
      0.327032
    ],
    [
      6.23049,
      11.8943,
      0.327032
    ],
    [
      6.85465,
      12.0246,
      -0.3655
    ],
    [
      7.40336,
      12.0041,
      0.0036554
    ],
    [
      7.95477,
      12.0061,
      0.0036554
    ],
    [
      8.50619,
      12.0081,
      0.0036554
    ],
    [
      9.05761,
      12.0101,
      0.0036554
    ],
    [
      9.59923,
      11.9598,
      -0.562867
    ],
    [
      10.0202,
      11.6823,
      -0.582971
    ],
    [
      10.4412,
      11.4047,
      -0.582971
    ],
    [
      10.8622,
      11.1271,
      -0.582971
    ],
    [
      11.2832,
      10.8495,
      -0.582971
    ],
    [
      11.7057,
      10.5744,
      -0.4516
    ],
    [
      11.9901,
      10.1769,
      -1.0814
    ],
    [
      12.2243,
      9.73713,
      -1.0814
    ],
    [
      12.4279,
      9.28649,
      -1.52364
    ],
    [
      12.5325,
      8.66815,
      -1.39896
    ],
    [
      12.6524,
      8.05356,
      -1.11968
    ],
    [
      12.7199,
      7.53664,
      -1.48267
    ],
    [
      12.766,
      7.01516,
      -1.48267
    ],
    [
      12.8121,
      6.49369,
      -1.48267
    ],
    [
      12.8581,
      5.97221,
      -1.48267
    ],
    [
      12.9042,
      5.45074,
      -1.48267
    ],
    [
      12.9535,
      4.9297,
      -1.3439
    ],
    [
      12.984,
      4.3977,
      -1.52362
    ],
    [
      13.0091,
      3.86512,
      -1.52362
    ],
    [
      13.0456,
      3.33408,
      -1.26198
    ],
    [
      13.1288,
      2.32291,
      -1.49785
    ],
    [
      13.5,
      1.5,
      0.0
    ]
  ]
}