{
  "robot": {
    "class": "RectangleRobot",
    "radius": 0,
    "wheelbase": 0.2800238341954639,
    "max_velocity": 19.51352859566444,
    "max_steering_at_zero_v": 0.5776690827721429,
    "max_steering_at_max_v": 0.19634954084936207,
    "acceleration": 2.4043612100900935,
    "mu_static": 0.20621657982525848,
    "width": 0.7065268320249973,
    "length": 0.3023034804312735,
    "collision_check_angle_res": 60
  },
  "planner": {
    "class": "Dubins_pathfinding",
    "start": [
      1.5,
      1.5,
      0.24057849198991513
    ],
    "goal": [
      13.5,
      1.5,
      0
    ],
    "bounds": [
      15,
      15
    ],
    "max_runtime": 60.0,
    "goal_threshold": 0.0,
    "solved_time": null,
    "interpolate_steps": 50
  },
  "path": [
    [
      1.5,
      1.5,
      0.0
    ],
    [
      1.91414,
      1.81544,
      1.30184
    ],
    [
      1.98467,
      2.37,
      1.45306
    ],
    [
      2.05037,
      2.92539,
      1.45306
    ],
    [
      2.11606,
      3.48077,
      1.45306
    ],
    [
      2.18175,
      4.03616,
      1.45306
    ],
    [
      2.24744,
      4.59155,
      1.45306
    ],
    [
      2.31208,
      5.14703,
      1.52309
    ],
    [
      2.34493,
      5.74053,
      1.51548
    ],
    [
      2.37779,
      6.33403,
      1.51548
    ],
    [
      2.41065,
      6.92753,
      1.51548
    ],
    [
      2.44351,
      7.52102,
      1.51548
    ],
    [
      2.47638,
      8.11452,
      1.51548
    ],
    [
      2.50924,
      8.70802,
      1.51548
    ],
    [
      2.65545,
      9.26587,
      0.765863
    ],
    [
      3.00383,
      9.64556,
      0.83011
    ],
    [
      3.35156,
      10.0259,
      0.83011
    ],
    [
      3.69929,
      10.4062,
      0.83011
    ],
    [
      4.04702,
      10.7865,
      0.83011
    ],
    [
      4.43246,
      11.1172,
      0.289276
    ],
    [
      4.99776,
      11.3643,
      0.417961
    ],
    [
      5.56176,
      11.6148,
      0.417961
    ],
    [
      6.12576,
      11.8653,
      0.417961
    ],
    [
      6.68976,
      12.1158,
      0.417961
    ],
    [
      7.26922,
      12.3003,
      -0.146485
    ],
    [
      7.76617,
      12.2684,
      -0.0609229
    ],
    [
      8.26325,
      12.238,
      -0.0609229
    ],
    [
      8.76034,
      12.2077,
      -0.0609229
    ],
    [
      9.25747,
      12.1832,
      0.103509
    ],
    [
      9.74028,
      11.9279,
      -0.774665
    ],
    [
      10.1478,
      11.529,
      -0.774665
    ],
    [
      10.5554,
      11.1301,
      -0.774665
    ],
    [
      10.9629,
      10.7312,
      -0.774665
    ],
    [
      11.3705,
      10.3323,
      -0.774665
    ],
    [
      11.778,
      9.93345,
      -0.774665
    ],
    [
      12.1895,
      9.53907,
      -0.607581
    ],
    [
      12.382,
      8.9718,
      -1.53417
    ],
    [
      12.405,
      8.34372,
      -1.53417
    ],
    [
      12.428,
      7.71563,
      -1.53417
    ],
    [
      12.4502,
      7.08754,
      -1.59711
    ],
    [
      12.4491,
      6.5805,
      -1.57275
    ],
    [
      12.4481,
      6.07347,
      -1.57275
    ],
    [
      12.4471,
      5.56643,
      -1.57275
    ],
    [
      12.4589,
      5.06042,
      -1.32794
    ],
    [
      12.6243,
      4.59834,
      -1.22227
    ],
    [
      12.7616,
      4.13018,
      -1.60357
    ],
    [
      12.8565,
      3.41249,
      -1.43037
    ],
    [
      12.9579,
      2.69534,
      -1.43037
    ],
    [
      13.0593,
      1.97819,
      -1.43037
    ],
    [
      13.5,
      1.5,
      0.0
    ]
  ]
}