{
  "robot": {
    "class": "RectangleRobot",
    "radius": 0,
    "wheelbase": 0.14767534625694673,
    "max_velocity": 19.502798340844762,
    "max_steering_at_zero_v": 0.4463610416354847,
    "max_steering_at_max_v": 0.19634954084936207,
    "acceleration": 3.167727225223592,
    "mu_static": 1.3661618773045188,
    "width": 0.19927018064728408,
    "length": 0.2309057473455868,
    "collision_check_angle_res": 60
  },
  "planner": {
    "class": "Dubins_pathfinding",
    "start": [
      1.5,
      1.5,
      0.8170666382019146
    ],
    "goal": [
      13.5,
      1.5,
      0
    ],
    "bounds": [
      15,
      15
    ],
    "max_runtime": 60.0,
    "goal_threshold": 0.0,
    "solved_time": null,
    "interpolate_steps": 50
  },
  "path": [
    [
      1.5,
      1.5,
      0.0
    ],
    [
      1.75624,
      1.63665,
      0.979843
    ],
    [
      1.85368,
      1.92164,
      1.29037
    ],
    [
      1.93736,
      2.21218,
      1.29037
    ],
    [
      2.02104,
      2.50272,
      1.29037
    ],
    [
      2.10472,
      2.79326,
      1.29037
    ],
    [
      2.19528,
      3.08127,
      1.07238
    ],
    [
      2.43779,
      3.24102,
      0.0925365
    ],
    [
      2.71782,
      3.29321,
      0.189336
    ],
    [
      2.99763,
      3.34683,
      0.189336
    ],
    [
      3.27743,
      3.40045,
      0.189336
    ],
    [
      3.55724,
      3.45407,
      0.189336
    ],
    [
      3.83704,
      3.50769,
      0.189336
    ],
    [
      4.11685,
      3.56131,
      0.189336
    ],
    [
      4.39665,
      3.61493,
      0.189336
    ],
    [
      4.67646,
      3.66855,
      0.189336
    ],
    [
      4.95626,
      3.72216,
      0.189336
    ],
    [
      5.23607,
      3.77578,
      0.189336
    ],
    [
      5.51587,
      3.8294,
      0.189336
    ],
    [
      5.79567,
      3.88302,
      0.189336
    ],
    [
      6.07548,
      3.93664,
      0.189336
    ],
    [
      6.34193,
      3.86893,
      -0.710224
    ],
    [
      6.61661,
      3.80051,
      0.108734
    ],
    [
      6.90783,
      3.8323,
      0.108734
    ],
    [
      7.19906,
      3.86409,
      0.108734
    ],
    [
      7.49028,
      3.89588,
      0.108734
    ],
    [
      7.7815,
      3.92767,
      0.108734
    ],
    [
      8.07272,
      3.95946,
      0.108734
    ],
    [
      8.36394,
      3.99125,
      0.108734
    ],
    [
      8.65164,
      3.97642,
      -0.444128
    ],
    [
      8.93344,
      3.90975,
      -0.200972
    ],
    [
      9.21778,
      3.85182,
      -0.200972
    ],
    [
      9.50211,
      3.79389,
      -0.200972
    ],
    [
      9.78645,
      3.73597,
      -0.200972
    ],
    [
      10.0708,
      3.67804,
      -0.200972
    ],
    [
      10.3551,
      3.62012,
      -0.200972
    ],
    [
      10.6395,
      3.56219,
      -0.200972
    ],
    [
      10.9238,
      3.50427,
      -0.200972
    ],
    [
      11.2081,
      3.44634,
      -0.200972
    ],
    [
      11.4925,
      3.38842,
      -0.200972
    ],
    [
      11.7768,
      3.33049,
      -0.200972
    ],
    [
      12.0611,
      3.27257,
      -0.200972
    ],
    [
      12.3331,
      3.33766,
      0.704494
    ],
    [
      12.6713,
      3.3784,
      -0.464716
    ],
    [
      12.8558,
      3.08527,
      -1.32101
    ],
    [
      12.945,
      2.73568,
      -1.32101
    ],
    [
      13.0342,
      2.38609,
      -1.32101
    ],
    [
      13.1234,
      2.0365,
      -1.32101
    ],
    [
      13.216,
      1.68796,
      -1.16921
    ],
    [
      13.5,
      1.5,
      0.0
    ]
  ]
}