{
  "robot": {
    "class": "RectangleRobot",
    "radius": 0,
    "wheelbase": 0.11207021755215106,
    "max_velocity": 18.373574044176358,
    "max_steering_at_zero_v": 0.6988612194763554,
    "max_steering_at_max_v": 0.19634954084936207,
    "acceleration": 9.20144817241706,
    "mu_static": 1.777273935030879,
    "width": 0.3742449566032341,
    "length": 0.2549049904279358,
    "collision_check_angle_res": 60
  },
  "planner": {
    "class": "Dubins_pathfinding",
    "start": [
      1.5,
      1.5,
      1.27417349815688
    ],
    "goal": [
      13.5,
      1.5,
      0
    ],
    "bounds": [
      15,
      15
    ],
    "max_runtime": 60.0,
    "goal_threshold": 0.0,
    "solved_time": null,
    "interpolate_steps": 50
  },
  "path": [
    [
      1.5,
      1.5,
      0.0
    ],
    [
      1.67228,
      1.94636,
      1.45017
    ],
    [
      1.73543,
      2.46739,
      1.45017
    ],
    [
      1.79859,
      2.98842,
      1.45017
    ],
    [
      1.86174,
      3.50946,
      1.45017
    ],
    [
      1.9249,
      4.03049,
      1.45017
    ],
    [
      1.98806,
      4.55153,
      1.45017
    ],
    [
      2.0508,
      5.0726,
      1.52856
    ],
    [
      2.11322,
      5.58803,
      1.44949
    ],
    [
      2.17605,
      6.10343,
      1.44949
    ],
    [
      2.23887,
      6.61882,
      1.44949
    ],
    [
      2.3017,
      7.13422,
      1.44949
    ],
    [
      2.36453,
      7.64961,
      1.44949
    ],
    [
      2.45564,
      8.1548,
      0.77369
    ],
    [
      2.70592,
      8.73838,
      1.18301
    ],
    [
      2.96556,
      9.31499,
      0.596044
    ],
    [
      3.35273,
      9.76401,
      0.86745
    ],
    [
      3.73647,
      10.2165,
      0.86745
    ],
    [
      4.12019,
      10.669,
      0.885494
    ],
    [
      4.68058,
      11.1475,
      0.52329
    ],
    [
      5.14896,
      11.2915,
      0.290968
    ],
    [
      5.61865,
      11.4322,
      0.290968
    ],
    [
      6.08833,
      11.5728,
      0.290968
    ],
    [
      6.55801,
      11.7135,
      0.290968
    ],
    [
      7.02769,
      11.8542,
      0.290968
    ],
    [
      7.49022,
      11.912,
      -0.845998
    ],
    [
      8.04884,
      11.766,
      -0.210427
    ],
    [
      8.61837,
      11.6444,
      -0.210427
    ],
    [
      9.18791,
      11.5227,
      -0.210427
    ],
    [
      9.75673,
      11.3986,
      -0.407169
    ],
    [
      10.1697,
      11.069,
      -0.68326
    ],
    [
      10.5798,
      10.7351,
      -0.68326
    ],
    [
      10.9899,
      10.4012,
      -0.68326
    ],
    [
      11.4002,
      10.0676,
      -0.620259
    ],
    [
      11.7178,
      9.66992,
      -0.907659
    ],
    [
      12.0313,
      9.26848,
      -0.907659
    ],
    [
      12.3571,
      8.88059,
      -0.382668
    ],
    [
      12.4875,
      8.4053,
      -1.44159
    ],
    [
      12.5536,
      7.8965,
      -1.44159
    ],
    [
      12.6197,
      7.3877,
      -1.44159
    ],
    [
      12.6858,
      6.87891,
      -1.44159
    ],
    [
      12.7519,
      6.37011,
      -1.44159
    ],
    [
      12.818,
      5.86131,
      -1.44159
    ],
    [
      12.8842,
      5.35251,
      -1.4281
    ],
    [
      12.987,
      4.66654,
      -1.54463
    ],
    [
      13.0674,
      4.01827,
      -1.44643
    ],
    [
      13.1485,
      3.37005,
      -1.44643
    ],
    [
      13.2295,
      2.72184,
      -1.44643
    ],
    [
      13.3106,
      2.07362,
      -1.44643
    ],
    [
      13.5,
      1.5,
      0.0
    ]
  ]
}