{
  "robot": {
    "class": "RectangleRobot",
    "radius": 0,
    "wheelbase": 0.4622787349852996,
    "max_velocity": 10.067152710318279,
    "max_steering_at_zero_v": 0.5590522027716849,
    "max_steering_at_max_v": 0.19634954084936207,
    "acceleration": 6.666453844256612,
    "mu_static": 2.2417529829859357,
    "width": 0.5255080584409102,
    "length": 0.7297198906883703,
    "collision_check_angle_res": 60
  },
  "planner": {
    "class": "Dubins_pathfinding",
    "start": [
      1.5,
      1.5,
      0.21755687067851234
    ],
    "goal": [
      13.5,
      1.5,
      0
    ],
    "bounds": [
      15,
      15
    ],
    "max_runtime": 60.0,
    "goal_threshold": 0.0,
    "solved_time": null,
    "interpolate_steps": 50
  },
  "path": [
    [
      1.5,
      1.5,
      0.0
    ],
    [
      2.01484,
      1.70889,
      0.770874
    ],
    [
      2.23859,
      2.21744,
      1.54175
    ],
    [
      2.23355,
      2.78701,
      1.58062
    ],
    [
      2.22796,
      3.35658,
      1.58062
    ],
    [
      2.22236,
      3.92616,
      1.58062
    ],
    [
      2.21677,
      4.49573,
      1.58062
    ],
    [
      2.21118,
      5.0653,
      1.58062
    ],
    [
      2.20558,
      5.63487,
      1.58062
    ],
    [
      2.20416,
      6.1713,
      1.57342
    ],
    [
      2.20275,
      6.70773,
      1.57342
    ],
    [
      2.20135,
      7.24416,
      1.57342
    ],
    [
      2.19994,
      7.78059,
      1.57342
    ],
    [
      2.19853,
      8.31702,
      1.57342
    ],
    [
      2.27626,
      8.84126,
      1.10649
    ],
    [
      2.64954,
      9.30066,
      0.846484
    ],
    [
      3.04286,
      9.74522,
      0.846484
    ],
    [
      3.43618,
      10.1898,
      0.846484
    ],
    [
      3.82949,
      10.6343,
      0.846484
    ],
    [
      4.22281,
      11.0789,
      0.846484
    ],
    [
      4.60965,
      11.5286,
      0.996285
    ],
    [
      5.06478,
      11.8473,
      0.225411
    ],
    [
      5.63258,
      11.8841,
      0.0430894
    ],
    [
      6.20165,
      11.9086,
      0.0430894
    ],
    [
      6.77072,
      11.9331,
      0.0430894
    ],
    [
      7.33979,
      11.9577,
      0.0430894
    ],
    [
      7.90887,
      11.9822,
      0.0430894
    ],
    [
      8.47794,
      12.0067,
      0.0430894
    ],
    [
      9.04701,
      12.0313,
      0.0430894
    ],
    [
      9.55957,
      11.8543,
      -0.69271
    ],
    [
      9.9868,
      11.4998,
      -0.69271
    ],
    [
      10.414,
      11.1452,
      -0.69271
    ],
    [
      10.8413,
      10.7906,
      -0.69271
    ],
    [
      11.2685,
      10.4361,
      -0.69271
    ],
    [
      11.6957,
      10.0815,
      -0.69271
    ],
    [
      12.1229,
      9.72697,
      -0.69271
    ],
    [
      12.5298,
      9.3521,
      -0.971913
    ],
    [
      12.6711,
      8.74188,
      -1.51192
    ],
    [
      12.7086,
      8.1064,
      -1.51192
    ],
    [
      12.7461,
      7.47092,
      -1.51192
    ],
    [
      12.7835,
      6.83543,
      -1.51192
    ],
    [
      12.821,
      6.19995,
      -1.51192
    ],
    [
      12.8084,
      5.56769,
      -1.88115
    ],
    [
      12.7696,
      5.0074,
      -1.58115
    ],
    [
      12.7637,
      4.44347,
      -1.58115
    ],
    [
      12.7579,
      3.87953,
      -1.58115
    ],
    [
      12.752,
      3.3156,
      -1.58115
    ],
    [
      12.7277,
      2.75324,
      -1.80524
    ],
    [
      12.8294,
      1.92855,
      -1.13733
    ],
    [
      13.5,
      1.5,
      0.0
    ]
  ]
}