{
  "robot": {
    "class": "RectangleRobot",
    "radius": 0,
    "wheelbase": 0.692028580426511,
    "max_velocity": 10.387760156139468,
    "max_steering_at_zero_v": 1.0447985255571768,
    "max_steering_at_max_v": 0.19634954084936207,
    "acceleration": 6.265284462637265,
    "mu_static": 0.9689970109189132,
    "width": 0.3951400419881588,
    "length": 0.8339505742877742,
    "collision_check_angle_res": 60
  },
  "planner": {
    "class": "Dubins_pathfinding",
    "start": [
      1.5,
      1.5,
      0.6136877490523658
    ],
    "goal": [
      13.5,
      1.5,
      0
    ],
    "bounds": [
      15,
      15
    ],
    "max_runtime": 60.0,
    "goal_threshold": 0.0,
    "solved_time": null,
    "interpolate_steps": 50
  },
  "path": [
    [
      1.5,
      1.5,
      0.0
    ],
    [
      1.89437,
      1.82508,
      1.37875
    ],
    [
      1.92874,
      2.37778,
      1.51547
    ],
    [
      1.95937,
      2.93086,
      1.51547
    ],
    [
      1.99,
      3.48394,
      1.51547
    ],
    [
      2.02063,
      4.03702,
      1.51547
    ],
    [
      2.05126,
      4.5901,
      1.51547
    ],
    [
      2.08189,
      5.14318,
      1.51547
    ],
    [
      2.11931,
      5.69546,
      1.33085
    ],
    [
      2.16047,
      6.28795,
      1.51258
    ],
    [
      2.19505,
      6.88123,
      1.51258
    ],
    [
      2.22963,
      7.4745,
      1.51258
    ],
    [
      2.26421,
      8.06778,
      1.51258
    ],
    [
      2.36065,
      8.64548,
      0.946522
    ],
    [
      2.72103,
      9.09781,
      0.897212
    ],
    [
      3.08179,
      9.54984,
      0.897212
    ],
    [
      3.44256,
      10.0019,
      0.897212
    ],
    [
      3.80441,
      10.453,
      0.813135
    ],
    [
      4.27116,
      10.8734,
      0.845867
    ],
    [
      4.75471,
      11.1592,
      0.488558
    ],
    [
      5.25284,
      11.424,
      0.488558
    ],
    [
      5.75098,
      11.6888,
      0.488558
    ],
    [
      6.24958,
      11.9526,
      0.417256
    ],
    [
      6.54613,
      12.0514,
      0.379496
    ],
    [
      7.1309,
      12.0345,
      -0.109561
    ],
    [
      7.71822,
      11.9699,
      -0.109561
    ],
    [
      8.30554,
      11.9053,
      -0.109561
    ],
    [
      8.89286,
      11.8407,
      -0.109561
    ],
    [
      9.48018,
      11.7761,
      -0.109561
    ],
    [
      10.0675,
      11.7114,
      -0.133456
    ],
    [
      10.4698,
      11.3857,
      -0.898402
    ],
    [
      10.8027,
      10.9676,
      -0.898402
    ],
    [
      11.1356,
      10.5495,
      -0.898402
    ],
    [
      11.4685,
      10.1313,
      -0.898402
    ],
    [
      11.8014,
      9.71322,
      -0.898402
    ],
    [
      12.1343,
      9.2951,
      -0.898402
    ],
    [
      12.4672,
      8.87698,
      -0.898402
    ],
    [
      12.7629,
      8.43765,
      -1.36137
    ],
    [
      12.7901,
      7.87247,
      -1.53305
    ],
    [
      12.8115,
      7.30672,
      -1.53305
    ],
    [
      12.8329,
      6.74097,
      -1.53305
    ],
    [
      12.8542,
      6.17522,
      -1.53305
    ],
    [
      12.8811,
      5.60998,
      -1.36698
    ],
    [
      12.9122,
      5.05683,
      -1.52343
    ],
    [
      12.9385,
      4.5032,
      -1.52343
    ],
    [
      12.9647,
      3.94956,
      -1.52343
    ],
    [
      12.991,
      3.39593,
      -1.52343
    ],
    [
      13.0172,
      2.84229,
      -1.52343
    ],
    [
      13.0646,
      2.29199,
      -1.19649
    ],
    [
      13.5,
      1.5,
      0.0
    ]
  ]
}