{
  "robot": {
    "class": "RectangleRobot",
    "radius": 0,
    "wheelbase": 0.39694102154248656,
    "max_velocity": 14.876300165219451,
    "max_steering_at_zero_v": 0.7613749163674807,
    "max_steering_at_max_v": 0.19634954084936207,
    "acceleration": 6.530086764416848,
    "mu_static": 0.9428626177885242,
    "width": 0.4780908277905399,
    "length": 0.4378732898049855,
    "collision_check_angle_res": 60
  },
  "planner": {
    "class": "Dubins_pathfinding",
    "start": [
      1.5,
      1.5,
      0.757155795051749
    ],
    "goal": [
      13.5,
      1.5,
      0
    ],
    "bounds": [
      15,
      15
    ],
    "max_runtime": 60.0,
    "goal_threshold": 0.0,
    "solved_time": null,
    "interpolate_steps": 50
  },
  "path": [
    [
      1.5,
      1.5,
      0.0
    ],
    [
      1.91614,
      1.89245,
      1.47238
    ],
    [
      1.97806,
      2.51959,
      1.47238
    ],
    [
      2.03575,
      3.14695,
      1.61507
    ],
    [
      2.09288,
      3.69149,
      1.45675
    ],
    [
      2.15521,
      4.2357,
      1.45675
    ],
    [
      2.21755,
      4.77992,
      1.45675
    ],
    [
      2.27989,
      5.32414,
      1.45675
    ],
    [
      2.34222,
      5.86835,
      1.45675
    ],
    [
      2.40456,
      6.41257,
      1.45675
    ],
    [
      2.4669,
      6.95679,
      1.45675
    ],
    [
      2.52909,
      7.50102,
      1.48345
    ],
    [
      2.56235,
      8.01549,
      1.50645
    ],
    [
      2.5955,
      8.52997,
      1.50645
    ],
    [
      2.60771,
      9.04358,
      1.82415
    ],
    [
      2.76071,
      9.53818,
      1.02456
    ],
    [
      3.08611,
      9.95482,
      0.47364
    ],
    [
      3.58084,
      10.293,
      0.605676
    ],
    [
      4.07364,
      10.6343,
      0.605676
    ],
    [
      4.56643,
      10.9755,
      0.605676
    ],
    [
      5.00747,
      11.3668,
      1.19648
    ],
    [
      5.47367,
      11.6589,
      0.219873
    ],
    [
      6.04002,
      11.7854,
      0.219873
    ],
    [
      6.60636,
      11.912,
      0.219873
    ],
    [
      7.17271,
      12.0386,
      0.219873
    ],
    [
      7.74072,
      12.1533,
      -0.020003
    ],
    [
      8.27739,
      12.0195,
      -0.267122
    ],
    [
      8.81172,
      11.8733,
      -0.267122
    ],
    [
      9.34605,
      11.7271,
      -0.267122
    ],
    [
      9.87958,
      11.5783,
      -0.379871
    ],
    [
      10.2828,
      11.2282,
      -0.775303
    ],
    [
      10.6666,
      10.852,
      -0.775303
    ],
    [
      11.0504,
      10.4759,
      -0.775303
    ],
    [
      11.4342,
      10.0998,
      -0.775303
    ],
    [
      11.818,
      9.72366,
      -0.775303
    ],
    [
      12.2018,
      9.34753,
      -0.775303
    ],
    [
      12.5041,
      8.91945,
      -1.46118
    ],
    [
      12.5457,
      8.38843,
      -1.49285
    ],
    [
      12.5872,
      7.8574,
      -1.49285
    ],
    [
      12.6287,
      7.32636,
      -1.49285
    ],
    [
      12.6702,
      6.79532,
      -1.49285
    ],
    [
      12.7116,
      6.26428,
      -1.49285
    ],
    [
      12.7875,
      5.74076,
      -1.08076
    ],
    [
      12.8761,
      5.17692,
      -1.46937
    ],
    [
      12.9342,
      4.60592,
      -1.46937
    ],
    [
      12.9923,
      4.03491,
      -1.46937
    ],
    [
      13.0504,
      3.4639,
      -1.46937
    ],
    [
      13.1087,
      2.89291,
      -1.44069
    ],
    [
      13.0884,
      2.07782,
      -1.60239
    ],
    [
      13.5,
      1.5,
      0.0
    ]
  ]
}