{
  "robot": {
    "class": "RectangleRobot",
    "radius": 0,
    "wheelbase": 0.3904398103869,
    "max_velocity": 6.169297943964878,
    "max_steering_at_zero_v": 0.6161493020327067,
    "max_steering_at_max_v": 0.19634954084936207,
    "acceleration": 6.136701507533659,
    "mu_static": 0.3327885696908508,
    "width": 0.30165552555564096,
    "length": 0.42244600534671684,
    "collision_check_angle_res": 60
  },
  "planner": {
    "class": "Dubins_pathfinding",
    "start": [
      1.5,
      1.5,
      1.3569908674812805
    ],
    "goal": [
      13.5,
      1.5,
      0
    ],
    "bounds": [
      15,
      15
    ],
    "max_runtime": 60.0,
    "goal_threshold": 0.0,
    "solved_time": null,
    "interpolate_steps": 50
  },
  "path": [
    [
      1.5,
      1.5,
      0.0
    ],
    [
      1.96058,
      1.74826,
      0.988727
    ],
    [
      2.08094,
      2.27382,
      1.45511
    ],
    [
      2.14387,
      2.81535,
      1.45511
    ],
    [
      2.20679,
      3.35687,
      1.45511
    ],
    [
      2.26972,
      3.89839,
      1.45511
    ],
    [
      2.33264,
      4.43991,
      1.45511
    ],
    [
      2.38265,
      4.982,
      1.67187
    ],
    [
      2.37879,
      5.481,
      1.57315
    ],
    [
      2.37762,
      5.98009,
      1.57315
    ],
    [
      2.37644,
      6.47919,
      1.57315
    ],
    [
      2.37527,
      6.97828,
      1.57315
    ],
    [
      2.39574,
      7.4754,
      1.29209
    ],
    [
      2.44984,
      7.98573,
      1.48514
    ],
    [
      2.48296,
      8.49782,
      1.68347
    ],
    [
      2.68054,
      8.99227,
      0.817094
    ],
    [
      3.05919,
      9.39573,
      0.817094
    ],
    [
      3.43785,
      9.79918,
      0.817094
    ],
    [
      3.79371,
      10.2198,
      1.13935
    ],
    [
      4.26332,
      10.6233,
      0.567646
    ],
    [
      4.79431,
      10.9618,
      0.567646
    ],
    [
      5.33064,
      11.2907,
      0.36647
    ],
    [
      5.80509,
      11.4844,
      0.387972
    ],
    [
      6.27949,
      11.6783,
      0.387972
    ],
    [
      6.75388,
      11.8722,
      0.387972
    ],
    [
      7.24266,
      12.0038,
      -0.094852
    ],
    [
      7.74018,
      11.886,
      -0.244541
    ],
    [
      8.23649,
      11.7622,
      -0.244541
    ],
    [
      8.73281,
      11.6384,
      -0.244541
    ],
    [
      9.2341,
      11.6003,
      0.316145
    ],
    [
      9.74078,
      11.514,
      -0.653574
    ],
    [
      10.1422,
      11.1608,
      -0.724124
    ],
    [
      10.5427,
      10.8066,
      -0.724124
    ],
    [
      10.9432,
      10.4524,
      -0.724124
    ],
    [
      11.3438,
      10.0981,
      -0.724124
    ],
    [
      11.7436,
      9.74323,
      -0.782584
    ],
    [
      12.0284,
      9.44339,
      -0.618802
    ],
    [
      12.267,
      8.96913,
      -1.45042
    ],
    [
      12.3331,
      8.42258,
      -1.45042
    ],
    [
      12.3992,
      7.87602,
      -1.45042
    ],
    [
      12.4653,
      7.32947,
      -1.45042
    ],
    [
      12.5315,
      6.78291,
      -1.45042
    ],
    [
      12.5908,
      6.2359,
      -1.60761
    ],
    [
      12.6464,
      5.61978,
      -1.47264
    ],
    [
      12.7071,
      5.00394,
      -1.47264
    ],
    [
      12.7677,
      4.38809,
      -1.47264
    ],
    [
      12.8283,
      3.77224,
      -1.47264
    ],
    [
      12.889,
      3.15639,
      -1.47264
    ],
    [
      12.9225,
      2.54072,
      -1.78659
    ],
    [
      13.5,
      1.5,
      0.0
    ]
  ]
}