{
  "robot": {
    "class": "RectangleRobot",
    "radius": 0,
    "wheelbase": 0.2529036295811811,
    "max_velocity": 7.347136827769346,
    "max_steering_at_zero_v": 0.5350133410686239,
    "max_steering_at_max_v": 0.19634954084936207,
    "acceleration": 8.494763495226561,
    "mu_static": 1.2831608613678291,
    "width": 0.5873979463346487,
    "length": 0.3895359744795077,
    "collision_check_angle_res": 60
  },
  "planner": {
    "class": "Dubins_pathfinding",
    "start": [
      1.5,
      1.5,
      0.985442617841731
    ],
    "goal": [
      13.5,
      1.5,
      0
    ],
    "bounds": [
      15,
      15
    ],
    "max_runtime": 60.0,
    "goal_threshold": 0.0,
    "solved_time": null,
    "interpolate_steps": 50
  },
  "path": [
    [
      1.5,
      1.5,
      0.0
    ],
    [
      1.92008,
      1.85175,
      1.39419
    ],
    [
      1.96962,
      2.44455,
      1.49076
    ],
    [
      2.01719,
      3.03757,
      1.49076
    ],
    [
      2.06476,
      3.63059,
      1.49076
    ],
    [
      2.11233,
      4.22361,
      1.49076
    ],
    [
      2.15951,
      4.81666,
      1.53332
    ],
    [
      2.22059,
      5.35948,
      1.45643
    ],
    [
      2.28293,
      5.90218,
      1.45643
    ],
    [
      2.34528,
      6.44488,
      1.45643
    ],
    [
      2.40762,
      6.98759,
      1.45643
    ],
    [
      2.46996,
      7.53029,
      1.45643
    ],
    [
      2.5323,
      8.07299,
      1.45643
    ],
    [
      2.59464,
      8.6157,
      1.45643
    ],
    [
      2.6871,
      9.15098,
      1.07433
    ],
    [
      3.02338,
      9.61152,
      0.93261
    ],
    [
      3.36321,
      10.0697,
      0.93261
    ],
    [
      3.70304,
      10.5278,
      0.93261
    ],
    [
      4.11228,
      10.9025,
      0.214103
    ],
    [
      4.6346,
      11.1394,
      0.445618
    ],
    [
      5.1528,
      11.3869,
      0.445618
    ],
    [
      5.671,
      11.6344,
      0.445618
    ],
    [
      6.18921,
      11.882,
      0.445618
    ],
    [
      6.70736,
      12.1296,
      0.46989
    ],
    [
      7.2361,
      12.1752,
      -0.0018388
    ],
    [
      7.77214,
      12.1742,
      -0.0018388
    ],
    [
      8.30818,
      12.1733,
      -0.0018388
    ],
    [
      8.84423,
      12.1723,
      -0.0018388
    ],
    [
      9.33731,
      12.025,
      -0.855733
    ],
    [
      9.73796,
      11.6783,
      -0.704156
    ],
    [
      10.142,
      11.3351,
      -0.704156
    ],
    [
      10.546,
      10.9919,
      -0.704156
    ],
    [
      10.95,
      10.6487,
      -0.704156
    ],
    [
      11.354,
      10.3056,
      -0.704156
    ],
    [
      11.758,
      9.96239,
      -0.704156
    ],
    [
      12.1621,
      9.61921,
      -0.704156
    ],
    [
      12.401,
      9.17564,
      -1.6681
    ],
    [
      12.4163,
      8.62557,
      -1.5363
    ],
    [
      12.4353,
      8.07546,
      -1.5363
    ],
    [
      12.4543,
      7.52535,
      -1.5363
    ],
    [
      12.4732,
      6.97523,
      -1.5363
    ],
    [
      12.5121,
      6.42786,
      -1.22944
    ],
    [
      12.5763,
      5.84562,
      -1.48448
    ],
    [
      12.6269,
      5.26102,
      -1.48448
    ],
    [
      12.6775,
      4.67642,
      -1.48448
    ],
    [
      12.7235,
      4.09165,
      -1.63031
    ],
    [
      12.8288,
      3.38421,
      -1.40842
    ],
    [
      12.9446,
      2.67768,
      -1.40842
    ],
    [
      13.0603,
      1.97116,
      -1.40842
    ],
    [
      13.5,
      1.5,
      0.0
    ]
  ]
}