{
  "robot": {
    "class": "RectangleRobot",
    "radius": 0,
    "wheelbase": 0.1669724110205896,
    "max_velocity": 19.46660953217271,
    "max_steering_at_zero_v": 0.5748782029067803,
    "max_steering_at_max_v": 0.19634954084936207,
    "acceleration": 5.5325844692769905,
    "mu_static": 1.6203353234142968,
    "width": 0.6606432168674723,
    "length": 0.18964529418161383,
    "collision_check_angle_res": 60
  },
  "planner": {
    "class": "Dubins_pathfinding",
    "start": [
      1.5,
      1.5,
      0.9530237939233491
    ],
    "goal": [
      13.5,
      1.5,
      0
    ],
    "bounds": [
      15,
      15
    ],
    "max_runtime": 60.0,
    "goal_threshold": 0.0,
    "solved_time": null,
    "interpolate_steps": 50
  },
  "path": [
    [
      1.5,
      1.5,
      0.0
    ],
    [
      1.777,
      1.92142,
      1.46273
    ],
    [
      1.83843,
      2.4877,
      1.46273
    ],
    [
      1.89987,
      3.05398,
      1.46273
    ],
    [
      1.9613,
      3.62025,
      1.46273
    ],
    [
      2.02274,
      4.18653,
      1.46273
    ],
    [
      2.08417,
      4.75281,
      1.46273
    ],
    [
      2.14561,
      5.31909,
      1.46273
    ],
    [
      2.20704,
      5.88536,
      1.46273
    ],
    [
      2.28193,
      6.45494,
      1.43996
    ],
    [
      2.35688,
      7.0245,
      1.43996
    ],
    [
      2.43183,
      7.59406,
      1.43996
    ],
    [
      2.50678,
      8.16363,
      1.43996
    ],
    [
      2.58173,
      8.73319,
      1.43996
    ],
    [
      2.66949,
      9.29965,
      1.11968
    ],
    [
      2.93991,
      9.65715,
      0.910684
    ],
    [
      3.21405,
      10.0122,
      1.00559
    ],
    [
      3.66679,
      10.3848,
      0.663117
    ],
    [
      4.13009,
      10.7467,
      0.663117
    ],
    [
      4.59339,
      11.1086,
      0.663117
    ],
    [
      5.09351,
      11.3729,
      -0.247177
    ],
    [
      5.53053,
      11.5028,
      0.405304
    ],
    [
      5.95742,
      11.6859,
      0.405304
    ],
    [
      6.3843,
      11.8691,
      0.403962
    ],
    [
      6.91171,
      11.9038,
      0.0324563
    ],
    [
      7.44186,
      11.921,
      0.0324563
    ],
    [
      7.97202,
      11.9382,
      0.0324563
    ],
    [
      8.49186,
      11.901,
      -0.627442
    ],
    [
      8.98132,
      11.7419,
      -0.285057
    ],
    [
      9.48058,
      11.6368,
      0.27626
    ],
    [
      9.93055,
      11.4282,
      -0.637939
    ],
    [
      10.346,
      11.1202,
      -0.637939
    ],
    [
      10.7615,
      10.8122,
      -0.637939
    ],
    [
      11.1769,
      10.5043,
      -0.637939
    ],
    [
      11.5815,
      10.1847,
      -0.989186
    ],
    [
      12.0117,
      9.72083,
      -0.817085
    ],
    [
      12.4446,
      9.25925,
      -0.859121
    ],
    [
      12.5345,
      8.73578,
      -1.49587
    ],
    [
      12.5749,
      8.1977,
      -1.49587
    ],
    [
      12.6153,
      7.65962,
      -1.49587
    ],
    [
      12.6557,
      7.12154,
      -1.49587
    ],
    [
      12.6981,
      6.58368,
      -1.37204
    ],
    [
      12.7742,
      5.96976,
      -1.44861
    ],
    [
      12.8496,
      5.35573,
      -1.44861
    ],
    [
      12.925,
      4.74169,
      -1.44861
    ],
    [
      13.0004,
      4.12766,
      -1.44861
    ],
    [
      13.0758,
      3.51363,
      -1.44861
    ],
    [
      13.1512,
      2.8996,
      -1.44861
    ],
    [
      13.2275,
      2.2857,
      -1.36328
    ],
    [
      13.5,
      1.5,
      0.0
    ]
  ]
}