{
  "robot": {
    "class": "RectangleRobot",
    "radius": 0,
    "wheelbase": 0.12388481364860986,
    "max_velocity": 8.127952652127561,
    "max_steering_at_zero_v": 0.43210754884045594,
    "max_steering_at_max_v": 0.19634954084936207,
    "acceleration": 6.1947412022730655,
    "mu_static": 2.082396740250392,
    "width": 0.8363468030785632,
    "length": 0.13878876909858834,
    "collision_check_angle_res": 60
  },
  "planner": {
    "class": "Dubins_pathfinding",
    "start": [
      1.5,
      1.5,
      1.3528156757319463
    ],
    "goal": [
      13.5,
      1.5,
      0
    ],
    "bounds": [
      15,
      15
    ],
    "max_runtime": 60.0,
    "goal_threshold": 0.0,
    "solved_time": null,
    "interpolate_steps": 50
  },
  "path": [
    [
      1.5,
      1.5,
      0.0
    ],
    [
      1.78009,
      1.85824,
      1.46137
    ],
    [
      1.83603,
      2.36741,
      1.46137
    ],
    [
      1.89197,
      2.87657,
      1.46137
    ],
    [
      1.94791,
      3.38574,
      1.46137
    ],
    [
      2.00223,
      3.89502,
      1.57105
    ],
    [
      2.05531,
      4.44601,
      1.47241
    ],
    [
      2.10968,
      4.99692,
      1.47241
    ],
    [
      2.16406,
      5.54782,
      1.47241
    ],
    [
      2.21843,
      6.09873,
      1.47241
    ],
    [
      2.27291,
      6.64962,
      1.44386
    ],
    [
      2.32911,
      7.20537,
      1.47018
    ],
    [
      2.38522,
      7.76113,
      1.47018
    ],
    [
      2.44132,
      8.31689,
      1.47018
    ],
    [
      2.49743,
      8.87264,
      1.47018
    ],
    [
      2.55348,
      9.42841,
      1.48986
    ],
    [
      2.88056,
      9.84516,
      0.783874
    ],
    [
      3.26385,
      10.2273,
      0.783874
    ],
    [
      3.64687,
      10.6097,
      0.836685
    ],
    [
      4.15759,
      10.9163,
      0.51805
    ],
    [
      4.67625,
      11.212,
      0.51805
    ],
    [
      5.19491,
      11.5076,
      0.51805
    ],
    [
      5.71357,
      11.8032,
      0.51805
    ],
    [
      6.23232,
      12.0987,
      0.483091
    ],
    [
      6.81186,
      12.0872,
      -0.0952254
    ],
    [
      7.39574,
      12.0314,
      -0.0952254
    ],
    [
      7.97961,
      11.9757,
      -0.0952254
    ],
    [
      8.56348,
      11.9199,
      -0.0952254
    ],
    [
      9.14736,
      11.8641,
      -0.0952254
    ],
    [
      9.72555,
      11.7849,
      -0.520635
    ],
    [
      10.1493,
      11.4468,
      -0.679605
    ],
    [
      10.571,
      11.1061,
      -0.679605
    ],
    [
      10.9928,
      10.7653,
      -0.679605
    ],
    [
      11.4145,
      10.4245,
      -0.679605
    ],
    [
      11.8362,
      10.0838,
      -0.679605
    ],
    [
      12.253,
      9.73769,
      -0.912849
    ],
    [
      12.3953,
      9.1728,
      -1.37173
    ],
    [
      12.5112,
      8.59822,
      -1.37173
    ],
    [
      12.6271,
      8.02364,
      -1.37173
    ],
    [
      12.743,
      7.44905,
      -1.37173
    ],
    [
      12.8568,
      6.87414,
      -1.49771
    ],
    [
      12.8488,
      6.25697,
      -1.58549
    ],
    [
      12.8397,
      5.63978,
      -1.58549
    ],
    [
      12.8262,
      5.02294,
      -1.76792
    ],
    [
      12.8905,
      4.41054,
      -1.44332
    ],
    [
      12.969,
      3.79841,
      -1.44332
    ],
    [
      13.0475,
      3.18629,
      -1.44332
    ],
    [
      13.1259,
      2.57416,
      -1.44332
    ],
    [
      13.2044,
      1.96203,
      -1.44332
    ],
    [
      13.5,
      1.5,
      0.0
    ]
  ]
}