{
  "robot": {
    "class": "RectangleRobot",
    "radius": 0,
    "wheelbase": 0.43716932683870957,
    "max_velocity": 11.192082505568768,
    "max_steering_at_zero_v": 0.6142054245200025,
    "max_steering_at_max_v": 0.19634954084936207,
    "acceleration": 9.42644058008624,
    "mu_static": 0.2942599000922369,
    "width": 0.27206108321042166,
    "length": 0.9403730863586628,
    "collision_check_angle_res": 60
  },
  "planner": {
    "class": "Dubins_pathfinding",
    "start": [
      1.5,
      1.5,
      0.15426634946127962
    ],
    "goal": [
      13.5,
      1.5,
      0
    ],
    "bounds": [
      15,
      15
    ],
    "max_runtime": 60.0,
    "goal_threshold": 0.0,
    "solved_time": null,
    "interpolate_steps": 50
  },
  "path": [
    [
      1.5,
      1.5,
      0.0
    ],
    [
      1.96509,
      1.71005,
      0.848427
    ],
    [
      2.12134,
      2.19806,
      1.55382
    ],
    [
      2.13027,
      2.72394,
      1.55382
    ],
    [
      2.1392,
      3.24983,
      1.55382
    ],
    [
      2.14813,
      3.77572,
      1.55382
    ],
    [
      2.15706,
      4.3016,
      1.55382
    ],
    [
      2.16602,
      4.82749,
      1.54287
    ],
    [
      2.23012,
      5.3601,
      1.44556
    ],
    [
      2.29714,
      5.89244,
      1.44556
    ],
    [
      2.36416,
      6.42478,
      1.44556
    ],
    [
      2.43118,
      6.95712,
      1.44556
    ],
    [
      2.49819,
      7.48946,
      1.44556
    ],
    [
      2.56521,
      8.02181,
      1.44556
    ],
    [
      2.63223,
      8.55415,
      1.44556
    ],
    [
      2.80517,
      9.05066,
      0.841893
    ],
    [
      3.17331,
      9.43763,
      0.809726
    ],
    [
      3.54169,
      9.82438,
      0.809726
    ],
    [
      3.91006,
      10.2111,
      0.809726
    ],
    [
      4.27844,
      10.5979,
      0.809726
    ],
    [
      4.64681,
      10.9846,
      0.809726
    ],
    [
      5.01519,
      11.3714,
      0.809726
    ],
    [
      5.45647,
      11.6498,
      0.156856
    ],
    [
      6.0463,
      11.6937,
      0.0703865
    ],
    [
      6.63636,
      11.7353,
      0.0703865
    ],
    [
      7.22642,
      11.7769,
      0.0703865
    ],
    [
      7.81648,
      11.8185,
      0.0703865
    ],
    [
      8.40655,
      11.8601,
      0.0703865
    ],
    [
      8.99663,
      11.8885,
      -0.136326
    ],
    [
      9.46217,
      11.5607,
      -1.09052
    ],
    [
      9.91218,
      11.1854,
      -0.536008
    ],
    [
      10.4245,
      10.881,
      -0.536008
    ],
    [
      10.9369,
      10.5767,
      -0.536008
    ],
    [
      11.4493,
      10.2723,
      -0.536008
    ],
    [
      11.8596,
      9.86204,
      -1.22954
    ],
    [
      12.0938,
      9.29784,
      -1.1758
    ],
    [
      12.3289,
      8.73397,
      -1.1758
    ],
    [
      12.4526,
      8.14839,
      -1.78389
    ],
    [
      12.4584,
      7.64836,
      -1.5145
    ],
    [
      12.4866,
      7.14757,
      -1.5145
    ],
    [
      12.5149,
      6.64678,
      -1.5145
    ],
    [
      12.5542,
      6.14733,
      -1.32435
    ],
    [
      12.6111,
      5.55997,
      -1.48831
    ],
    [
      12.6598,
      4.97148,
      -1.48831
    ],
    [
      12.7084,
      4.38298,
      -1.48831
    ],
    [
      12.7571,
      3.79448,
      -1.48831
    ],
    [
      12.8057,
      3.20598,
      -1.48831
    ],
    [
      12.8714,
      2.62025,
      -1.25246
    ],
    [
      12.9239,
      1.89088,
      -1.19236
    ],
    [
      13.5,
      1.5,
      0.0
    ]
  ]
}