{
  "robot": {
    "class": "RectangleRobot",
    "radius": 0,
    "wheelbase": 0.190138512220723,
    "max_velocity": 14.148722003201096,
    "max_steering_at_zero_v": 0.8356273809333223,
    "max_steering_at_max_v": 0.19634954084936207,
    "acceleration": 3.882103136807083,
    "mu_static": 2.109870612739752,
    "width": 0.5752581390587699,
    "length": 0.20073911951245943,
    "collision_check_angle_res": 60
  },
  "planner": {
    "class": "Dubins_pathfinding",
    "start": [
      1.5,
      1.5,
      0.09064318789347742
    ],
    "goal": [
      13.5,
      1.5,
      0
    ],
    "bounds": [
      15,
      15
    ],
    "max_runtime": 60.0,
    "goal_threshold": 0.0,
    "solved_time": null,
    "interpolate_steps": 50
  },
  "path": [
    [
      1.5,
      1.5,
      0.0
    ],
    [
      1.70741,
      1.91074,
      1.43032
    ],
    [
      1.77902,
      2.41711,
      1.43032
    ],
    [
      1.85062,
      2.92349,
      1.43032
    ],
    [
      1.92223,
      3.42986,
      1.43032
    ],
    [
      1.99383,
      3.93623,
      1.43032
    ],
    [
      2.06544,
      4.44261,
      1.43032
    ],
    [
      2.1366,
      4.94903,
      1.50172
    ],
    [
      2.20017,
      5.45313,
      1.44481
    ],
    [
      2.26402,
      5.9572,
      1.44481
    ],
    [
      2.32786,
      6.46127,
      1.44481
    ],
    [
      2.39171,
      6.96533,
      1.44481
    ],
    [
      2.45555,
      7.4694,
      1.44481
    ],
    [
      2.51893,
      7.97351,
      1.51857
    ],
    [
      2.58626,
      8.43051,
      1.42282
    ],
    [
      2.62467,
      8.88596,
      2.01376
    ],
    [
      2.90849,
      9.3958,
      0.954218
    ],
    [
      3.29809,
      9.82129,
      0.827004
    ],
    [
      3.68875,
      10.2459,
      0.827004
    ],
    [
      4.09609,
      10.6479,
      0.252777
    ],
    [
      4.68218,
      11.1373,
      0.478111
    ],
    [
      5.19509,
      11.3489,
      0.390095
    ],
    [
      5.70827,
      11.5599,
      0.390095
    ],
    [
      6.22145,
      11.7709,
      0.390095
    ],
    [
      6.73465,
      11.9819,
      0.364914
    ],
    [
      7.24345,
      11.9566,
      -0.0828662
    ],
    [
      7.7534,
      11.9143,
      -0.0828662
    ],
    [
      8.26334,
      11.8719,
      -0.0828662
    ],
    [
      8.77328,
      11.8295,
      -0.0828662
    ],
    [
      9.28267,
      11.7996,
      0.29823
    ],
    [
      9.81445,
      11.4862,
      -0.648644
    ],
    [
      10.3216,
      11.1018,
      -0.648644
    ],
    [
      10.8287,
      10.7173,
      -0.648644
    ],
    [
      11.3025,
      10.3057,
      -1.36153
    ],
    [
      11.6114,
      9.96284,
      -0.774985
    ],
    [
      11.9445,
      9.63658,
      -0.774985
    ],
    [
      12.2765,
      9.3092,
      -0.913367
    ],
    [
      12.3408,
      8.72864,
      -1.51151
    ],
    [
      12.3757,
      8.1403,
      -1.51151
    ],
    [
      12.4107,
      7.55195,
      -1.51151
    ],
    [
      12.4456,
      6.96361,
      -1.51151
    ],
    [
      12.4802,
      6.37526,
      -1.57193
    ],
    [
      12.5731,
      5.87806,
      -1.3798
    ],
    [
      12.6692,
      5.38127,
      -1.3798
    ],
    [
      12.7652,
      4.88448,
      -1.3798
    ],
    [
      12.8638,
      4.38833,
      -1.20548
    ],
    [
      12.993,
      3.64317,
      -1.40361
    ],
    [
      13.1189,
      2.89723,
      -1.40361
    ],
    [
      13.2447,
      2.1513,
      -1.40361
    ],
    [
      13.5,
      1.5,
      0.0
    ]
  ]
}