{
  "robot": {
    "class": "RectangleRobot",
    "radius": 0,
    "wheelbase": 0.980680889514118,
    "max_velocity": 10.6150405447008,
    "max_steering_at_zero_v": 0.9424492482932548,
    "max_steering_at_max_v": 0.19634954084936207,
    "acceleration": 5.381796978721119,
    "mu_static": 0.5008740828647148,
    "width": 0.4695638514452001,
    "length": 0.9829468368052985,
    "collision_check_angle_res": 60
  },
  "planner": {
    "class": "Dubins_pathfinding",
    "start": [
      1.5,
      1.5,
      0.3559550403803824
    ],
    "goal": [
      13.5,
      1.5,
      0
    ],
    "bounds": [
      15,
      15
    ],
    "max_runtime": 60.0,
    "goal_threshold": 0.0,
    "solved_time": null,
    "interpolate_steps": 50
  },
  "path": [
    [
      1.5,
      1.5,
      0.0
    ],
    [
      2.01085,
      1.7158,
      0.799383
    ],
    [
      2.21227,
      2.23248,
      1.59877
    ],
    [
      2.0866,
      2.78692,
      1.82588
    ],
    [
      1.94288,
      3.33809,
      1.82588
    ],
    [
      1.79916,
      3.88926,
      1.82588
    ],
    [
      1.65543,
      4.44043,
      1.82588
    ],
    [
      1.51171,
      4.9916,
      1.82588
    ],
    [
      1.36799,
      5.54277,
      1.82588
    ],
    [
      1.43701,
      6.09643,
      1.20965
    ],
    [
      1.63828,
      6.62928,
      1.20965
    ],
    [
      1.83955,
      7.16214,
      1.20965
    ],
    [
      2.04082,
      7.69499,
      1.20965
    ],
    [
      2.24209,
      8.22785,
      1.20965
    ],
    [
      2.44335,
      8.76071,
      1.20965
    ],
    [
      2.64462,
      9.29356,
      1.20965
    ],
    [
      2.84589,
      9.82642,
      1.20965
    ],
    [
      3.21494,
      10.2262,
      0.530731
    ],
    [
      3.69529,
      10.5081,
      0.530731
    ],
    [
      4.17564,
      10.7901,
      0.530731
    ],
    [
      4.65599,
      11.072,
      0.530731
    ],
    [
      5.13634,
      11.3539,
      0.530731
    ],
    [
      5.61669,
      11.6358,
      0.530731
    ],
    [
      6.09898,
      11.9141,
      0.423599
    ],
    [
      6.67966,
      11.9747,
      -0.00829673
    ],
    [
      7.26928,
      11.9698,
      -0.00829673
    ],
    [
      7.85889,
      11.965,
      -0.00829673
    ],
    [
      8.44851,
      11.9601,
      -0.00829673
    ],
    [
      9.03787,
      11.95,
      -0.129392
    ],
    [
      9.58558,
      11.6872,
      -0.549344
    ],
    [
      10.1084,
      11.3672,
      -0.549344
    ],
    [
      10.6312,
      11.0471,
      -0.549344
    ],
    [
      11.154,
      10.727,
      -0.549344
    ],
    [
      11.6769,
      10.4069,
      -0.549344
    ],
    [
      12.018,
      9.92028,
      -1.38929
    ],
    [
      12.2194,
      9.43365,
      -1.13485
    ],
    [
      12.4424,
      8.95493,
      -1.13485
    ],
    [
      12.666,
      8.47649,
      -1.0926
    ],
    [
      12.7453,
      7.94334,
      -1.574
    ],
    [
      12.7435,
      7.39736,
      -1.574
    ],
    [
      12.7418,
      6.85138,
      -1.574
    ],
    [
      12.74,
      6.3054,
      -1.574
    ],
    [
      12.7383,
      5.75941,
      -1.574
    ],
    [
      12.7366,
      5.21343,
      -1.574
    ],
    [
      12.737,
      4.6675,
      -1.49546
    ],
    [
      12.7663,
      3.99056,
      -1.52816
    ],
    [
      12.7754,
      3.31431,
      -1.76362
    ],
    [
      12.7777,
      2.57463,
      -1.54468
    ],
    [
      12.8857,
      1.85157,
      -1.03956
    ],
    [
      13.5,
      1.5,
      0.0
    ]
  ]
}