{
  "robot": {
    "class": "RectangleRobot",
    "radius": 0,
    "wheelbase": 0.1817155777745174,
    "max_velocity": 5.591380019604589,
    "max_steering_at_zero_v": 0.6869515212835278,
    "max_steering_at_max_v": 0.19634954084936207,
    "acceleration": 5.320291319418642,
    "mu_static": 1.8424633159232435,
    "width": 0.2704219067011826,
    "length": 0.3234137547195397,
    "collision_check_angle_res": 60
  },
  "planner": {
    "class": "Dubins_pathfinding",
    "start": [
      1.5,
      1.5,
      1.2096508219096818
    ],
    "goal": [
      13.5,
      1.5,
      0
    ],
    "bounds": [
      15,
      15
    ],
    "max_runtime": 60.0,
    "goal_threshold": 0.0,
    "solved_time": null,
    "interpolate_steps": 50
  },
  "path": [
    [
      1.5,
      1.5,
      0.0
    ],
    [
      1.73728,
      1.88169,
      1.47868
    ],
    [
      1.78409,
      2.38842,
      1.47868
    ],
    [
      1.83091,
      2.89516,
      1.47868
    ],
    [
      1.87772,
      3.40189,
      1.47868
    ],
    [
      1.92453,
      3.90862,
      1.47868
    ],
    [
      1.97134,
      4.41535,
      1.47868
    ],
    [
      2.01815,
      4.92208,
      1.47868
    ],
    [
      2.06577,
      5.42872,
      1.39329
    ],
    [
      2.14865,
      5.97788,
      1.42115
    ],
    [
      2.23146,
      6.52705,
      1.42115
    ],
    [
      2.31426,
      7.07623,
      1.42115
    ],
    [
      2.39706,
      7.6254,
      1.42115
    ],
    [
      2.47987,
      8.17458,
      1.42115
    ],
    [
      2.59501,
      8.71247,
      0.862715
    ],
    [
      2.86243,
      9.09917,
      0.968375
    ],
    [
      3.12887,
      9.4866,
      0.968375
    ],
    [
      3.38023,
      9.88172,
      1.36011
    ],
    [
      3.75037,
      10.2839,
      0.7547
    ],
    [
      4.15335,
      10.6628,
      0.7547
    ],
    [
      4.55729,
      11.0407,
      0.639634
    ],
    [
      5.02528,
      11.2079,
      0.320632
    ],
    [
      5.49792,
      11.3648,
      0.320632
    ],
    [
      5.97055,
      11.5218,
      0.320632
    ],
    [
      6.44433,
      11.6744,
      0.117751
    ],
    [
      7.11992,
      11.7194,
      -0.389466
    ],
    [
      7.7394,
      11.7174,
      0.0273529
    ],
    [
      8.36101,
      11.7344,
      0.0273529
    ],
    [
      8.97218,
      11.7005,
      -0.662234
    ],
    [
      9.42235,
      11.4235,
      -0.548891
    ],
    [
      9.8733,
      11.1477,
      -0.548891
    ],
    [
      10.3243,
      10.8719,
      -0.548891
    ],
    [
      10.7752,
      10.5961,
      -0.548891
    ],
    [
      11.1676,
      10.267,
      -1.40298
    ],
    [
      11.4937,
      9.84108,
      -0.857418
    ],
    [
      11.8479,
      9.43172,
      -0.857418
    ],
    [
      12.2022,
      9.02236,
      -0.846574
    ],
    [
      12.3071,
      8.51505,
      -1.44011
    ],
    [
      12.3754,
      7.99527,
      -1.44011
    ],
    [
      12.4437,
      7.4755,
      -1.44011
    ],
    [
      12.5121,
      6.95572,
      -1.44011
    ],
    [
      12.5804,
      6.43595,
      -1.44011
    ],
    [
      12.6487,
      5.91617,
      -1.44011
    ],
    [
      12.723,
      5.39766,
      -1.20529
    ],
    [
      12.8123,
      4.81737,
      -1.42734
    ],
    [
      12.8963,
      4.2359,
      -1.42734
    ],
    [
      12.9803,
      3.65443,
      -1.42734
    ],
    [
      13.0644,
      3.07299,
      -1.38767
    ],
    [
      13.197,
      2.22522,
      -1.41575
    ],
    [
      13.5,
      1.5,
      0.0
    ]
  ]
}