{
  "robot": {
    "class": "RectangleRobot",
    "radius": 0,
    "wheelbase": 0.1194230274127723,
    "max_velocity": 8.06185217676401,
    "max_steering_at_zero_v": 0.8408393892311021,
    "max_steering_at_max_v": 0.19634954084936207,
    "acceleration": 7.645956867294228,
    "mu_static": 1.2205827220477177,
    "width": 0.8707657946423177,
    "length": 0.13074124429215236,
    "collision_check_angle_res": 60
  },
  "planner": {
    "class": "Dubins_pathfinding",
    "start": [
      1.5,
      1.5,
      1.3751462575597968
    ],
    "goal": [
      13.5,
      1.5,
      0
    ],
    "bounds": [
      15,
      15
    ],
    "max_runtime": 60.0,
    "goal_threshold": 0.0,
    "solved_time": null,
    "interpolate_steps": 50
  },
  "path": [
    [
      1.5,
      1.5,
      0.0
    ],
    [
      1.65144,
      1.97407,
      1.45203
    ],
    [
      1.71516,
      2.50801,
      1.45203
    ],
    [
      1.77887,
      3.04195,
      1.45203
    ],
    [
      1.84259,
      3.57589,
      1.45203
    ],
    [
      1.90631,
      4.10984,
      1.45203
    ],
    [
      1.96003,
      4.64352,
      1.88567
    ],
    [
      2.0194,
      5.23275,
      1.45382
    ],
    [
      2.08867,
      5.82225,
      1.45382
    ],
    [
      2.15794,
      6.41175,
      1.45382
    ],
    [
      2.22722,
      7.00124,
      1.45382
    ],
    [
      2.29649,
      7.59074,
      1.45382
    ],
    [
      2.37877,
      8.17643,
      0.948425
    ],
    [
      2.52011,
      8.69999,
      1.32063
    ],
    [
      2.65457,
      9.22625,
      1.32063
    ],
    [
      2.78904,
      9.7525,
      1.32218
    ],
    [
      3.20788,
      10.1124,
      0.670103
    ],
    [
      3.64413,
      10.4581,
      0.670103
    ],
    [
      4.08037,
      10.8038,
      0.670103
    ],
    [
      4.51522,
      11.151,
      0.867691
    ],
    [
      5.13343,
      11.4426,
      0.425697
    ],
    [
      5.75774,
      11.7242,
      0.269403
    ],
    [
      6.25364,
      11.8538,
      0.255489
    ],
    [
      6.74955,
      11.9833,
      0.255489
    ],
    [
      7.24651,
      12.104,
      -0.152559
    ],
    [
      7.76138,
      12.0503,
      -0.103822
    ],
    [
      8.27627,
      11.9966,
      -0.103822
    ],
    [
      8.7736,
      11.9025,
      -1.02307
    ],
    [
      9.20955,
      11.7004,
      -0.391225
    ],
    [
      9.65744,
      11.5156,
      -0.391225
    ],
    [
      10.1053,
      11.3309,
      -0.391225
    ],
    [
      10.5502,
      11.1408,
      -0.73038
    ],
    [
      10.9979,
      10.7819,
      -0.675498
    ],
    [
      11.4457,
      10.4231,
      -0.675498
    ],
    [
      11.8934,
      10.0643,
      -0.675498
    ],
    [
      12.2657,
      9.66731,
      -1.96388
    ],
    [
      12.4102,
      9.0793,
      -1.2914
    ],
    [
      12.5761,
      8.49212,
      -1.5036
    ],
    [
      12.6647,
      7.9503,
      -1.40779
    ],
    [
      12.7538,
      7.40855,
      -1.40779
    ],
    [
      12.8429,
      6.8668,
      -1.40779
    ],
    [
      12.932,
      6.32505,
      -1.40779
    ],
    [
      13.0211,
      5.7833,
      -1.40779
    ],
    [
      13.1102,
      5.24155,
      -1.40779
    ],
    [
      13.1967,
      4.69957,
      -1.62872
    ],
    [
      13.2375,
      4.04751,
      -1.50719
    ],
    [
      13.279,
      3.39546,
      -1.50719
    ],
    [
      13.3205,
      2.74342,
      -1.50719
    ],
    [
      13.3621,
      2.09138,
      -1.50719
    ],
    [
      13.5,
      1.5,
      0.0
    ]
  ]
}