{
  "robot": {
    "class": "RectangleRobot",
    "radius": 0,
    "wheelbase": 0.5496516251148769,
    "max_velocity": 14.190896657684146,
    "max_steering_at_zero_v": 0.9011312274380868,
    "max_steering_at_max_v": 0.19634954084936207,
    "acceleration": 7.490340409705698,
    "mu_static": 2.421349052022103,
    "width": 0.5863420969730145,
    "length": 0.735452605719589,
    "collision_check_angle_res": 60
  },
  "planner": {
    "class": "Dubins_pathfinding",
    "start": [
      1.5,
      1.5,
      0.7625913515067244
    ],
    "goal": [
      13.5,
      1.5,
      0
    ],
    "bounds": [
      15,
      15
    ],
    "max_runtime": 60.0,
    "goal_threshold": 0.0,
    "solved_time": null,
    "interpolate_steps": 50
  },
  "path": [
    [
      1.5,
      1.5,
      0.0
    ],
    [
      1.92033,
      1.82251,
      1.30893
    ],
    [
      1.96042,
      2.39012,
      1.51673
    ],
    [
      1.99121,
      2.95889,
      1.51673
    ],
    [
      2.02199,
      3.52766,
      1.51673
    ],
    [
      2.05277,
      4.09642,
      1.51673
    ],
    [
      2.08355,
      4.66519,
      1.51673
    ],
    [
      2.11433,
      5.23396,
      1.51673
    ],
    [
      2.14512,
      5.80273,
      1.51673
    ],
    [
      2.19658,
      6.41257,
      1.48628
    ],
    [
      2.24824,
      7.0224,
      1.48628
    ],
    [
      2.2999,
      7.63224,
      1.48628
    ],
    [
      2.35157,
      8.24207,
      1.48628
    ],
    [
      2.42365,
      8.84802,
      1.17679
    ],
    [
      2.81166,
      9.49145,
      0.534482
    ],
    [
      3.19856,
      9.86668,
      0.797948
    ],
    [
      3.57564,
      10.2533,
      0.797948
    ],
    [
      3.95272,
      10.64,
      0.797948
    ],
    [
      4.3298,
      11.0267,
      0.797948
    ],
    [
      4.70688,
      11.4133,
      0.797948
    ],
    [
      5.15496,
      11.6782,
      -0.0143937
    ],
    [
      5.62489,
      11.8412,
      0.412264
    ],
    [
      6.08429,
      12.0421,
      0.412264
    ],
    [
      6.5437,
      12.243,
      0.412264
    ],
    [
      7.00279,
      12.4446,
      0.471495
    ],
    [
      7.52869,
      12.411,
      -0.29943
    ],
    [
      8.04911,
      12.2503,
      -0.29943
    ],
    [
      8.56953,
      12.0897,
      -0.29943
    ],
    [
      9.08995,
      11.929,
      -0.29943
    ],
    [
      9.61037,
      11.7684,
      -0.29943
    ],
    [
      10.1124,
      11.5693,
      -0.743101
    ],
    [
      10.5154,
      11.2302,
      -0.698622
    ],
    [
      10.9187,
      10.8914,
      -0.698622
    ],
    [
      11.3221,
      10.5527,
      -0.698622
    ],
    [
      11.7254,
      10.2139,
      -0.698622
    ],
    [
      12.1021,
      9.85104,
      -1.10569
    ],
    [
      12.3906,
      9.36121,
      -1.03665
    ],
    [
      12.6454,
      8.85743,
      -1.45304
    ],
    [
      12.6734,
      8.22077,
      -1.52883
    ],
    [
      12.7001,
      7.58401,
      -1.52883
    ],
    [
      12.7174,
      6.94752,
      -1.73741
    ],
    [
      12.7466,
      6.33802,
      -1.50358
    ],
    [
      12.7876,
      5.72839,
      -1.50358
    ],
    [
      12.8287,
      5.11876,
      -1.50358
    ],
    [
      12.8697,
      4.50913,
      -1.50358
    ],
    [
      12.9107,
      3.8995,
      -1.50358
    ],
    [
      12.9638,
      3.29165,
      -1.26693
    ],
    [
      13.0201,
      2.61329,
      -1.50625
    ],
    [
      13.0641,
      1.93314,
      -1.50625
    ],
    [
      13.5,
      1.5,
      0.0
    ]
  ]
}