{
  "robot": {
    "class": "RectangleRobot",
    "radius": 0,
    "wheelbase": 0.22563959043386664,
    "max_velocity": 15.431551512278515,
    "max_steering_at_zero_v": 0.48193045055547856,
    "max_steering_at_max_v": 0.19634954084936207,
    "acceleration": 6.1342885011457176,
    "mu_static": 1.3644310413470844,
    "width": 0.5959960426574052,
    "length": 0.3982255073985501,
    "collision_check_angle_res": 60
  },
  "planner": {
    "class": "Dubins_pathfinding",
    "start": [
      1.5,
      1.5,
      1.2661264128772045
    ],
    "goal": [
      13.5,
      1.5,
      0
    ],
    "bounds": [
      15,
      15
    ],
    "max_runtime": 60.0,
    "goal_threshold": 0.0,
    "solved_time": null,
    "interpolate_steps": 50
  },
  "path": [
    [
      1.5,
      1.5,
      0.0
    ],
    [
      1.90345,
      1.77869,
      1.209
    ],
    [
      1.98319,
      2.29334,
      1.43888
    ],
    [
      2.05179,
      2.81035,
      1.43888
    ],
    [
      2.12038,
      3.32735,
      1.43888
    ],
    [
      2.18898,
      3.84436,
      1.43888
    ],
    [
      2.25758,
      4.36136,
      1.43888
    ],
    [
      2.32271,
      4.87868,
      1.56605
    ],
    [
      2.34284,
      5.32451,
      1.52485
    ],
    [
      2.36762,
      5.76993,
      1.3836
    ],
    [
      2.42291,
      6.3484,
      1.47888
    ],
    [
      2.47625,
      6.92712,
      1.47888
    ],
    [
      2.52959,
      7.50584,
      1.47888
    ],
    [
      2.58293,
      8.08455,
      1.47888
    ],
    [
      2.63628,
      8.66327,
      1.47642
    ],
    [
      2.67471,
      9.14703,
      1.49163
    ],
    [
      2.89566,
      9.5532,
      0.519898
    ],
    [
      3.29077,
      9.90847,
      0.754603
    ],
    [
      3.67846,
      10.273,
      0.754603
    ],
    [
      4.06615,
      10.6375,
      0.754603
    ],
    [
      4.45384,
      11.002,
      0.754603
    ],
    [
      4.84153,
      11.3665,
      0.754603
    ],
    [
      5.29471,
      11.6063,
      -0.0611872
    ],
    [
      5.82547,
      11.7143,
      0.235633
    ],
    [
      6.35211,
      11.8463,
      0.393956
    ],
    [
      6.96401,
      11.8826,
      0.007182
    ],
    [
      7.58026,
      11.887,
      0.007182
    ],
    [
      8.19652,
      11.8914,
      0.007182
    ],
    [
      8.8096,
      11.9216,
      0.354311
    ],
    [
      9.38538,
      11.773,
      -0.50957
    ],
    [
      9.92638,
      11.4707,
      -0.50957
    ],
    [
      10.4674,
      11.1684,
      -0.50957
    ],
    [
      11.0084,
      10.8661,
      -0.50957
    ],
    [
      11.3842,
      10.4186,
      -1.53416
    ],
    [
      11.6887,
      9.91767,
      -0.865423
    ],
    [
      12.0776,
      9.46095,
      -0.865423
    ],
    [
      12.4636,
      9.00194,
      -0.996871
    ],
    [
      12.5615,
      8.45626,
      -1.48386
    ],
    [
      12.6102,
      7.89804,
      -1.48386
    ],
    [
      12.6588,
      7.33982,
      -1.48386
    ],
    [
      12.7076,
      6.78162,
      -1.45963
    ],
    [
      12.7513,
      6.25644,
      -1.48799
    ],
    [
      12.7949,
      5.73124,
      -1.48799
    ],
    [
      12.8385,
      5.20605,
      -1.48799
    ],
    [
      12.8821,
      4.68085,
      -1.48799
    ],
    [
      12.9257,
      4.15566,
      -1.48799
    ],
    [
      12.9693,
      3.63046,
      -1.48799
    ],
    [
      13.0126,
      3.10525,
      -1.52148
    ],
    [
      13.0564,
      2.17988,
      -1.52355
    ],
    [
      13.5,
      1.5,
      0.0
    ]
  ]
}