{
  "robot": {
    "class": "RectangleRobot",
    "radius": 0,
    "wheelbase": 0.425489676583949,
    "max_velocity": 10.005659966800001,
    "max_steering_at_zero_v": 0.9585704092594236,
    "max_steering_at_max_v": 0.19634954084936207,
    "acceleration": 3.8258636432548467,
    "mu_static": 0.7918132268994822,
    "width": 0.6227121130493778,
    "length": 0.5850157124582303,
    "collision_check_angle_res": 60
  },
  "planner": {
    "class": "Dubins_pathfinding",
    "start": [
      1.5,
      1.5,
      0.6421877999948512
    ],
    "goal": [
      13.5,
      1.5,
      0
    ],
    "bounds": [
      15,
      15
    ],
    "max_runtime": 60.0,
    "goal_threshold": 0.0,
    "solved_time": null,
    "interpolate_steps": 50
  },
  "path": [
    [
      1.5,
      1.5,
      0.0
    ],
    [
      1.80668,
      1.89876,
      1.49959
    ],
    [
      1.84721,
      2.46692,
      1.49959
    ],
    [
      1.88774,
      3.03507,
      1.49959
    ],
    [
      1.92827,
      3.60323,
      1.49959
    ],
    [
      1.96879,
      4.17138,
      1.49959
    ],
    [
      2.00932,
      4.73954,
      1.49959
    ],
    [
      2.04985,
      5.3077,
      1.49959
    ],
    [
      2.09038,
      5.87585,
      1.49959
    ],
    [
      2.17908,
      6.47356,
      1.42197
    ],
    [
      2.26868,
      7.07115,
      1.42197
    ],
    [
      2.35828,
      7.66874,
      1.42197
    ],
    [
      2.44787,
      8.26633,
      1.42197
    ],
    [
      2.53747,
      8.86392,
      1.42197
    ],
    [
      2.6386,
      9.45866,
      1.13965
    ],
    [
      3.07967,
      9.94652,
      0.528015
    ],
    [
      3.4528,
      10.2903,
      0.760356
    ],
    [
      3.82085,
      10.6404,
      0.760356
    ],
    [
      4.18891,
      10.9905,
      0.760356
    ],
    [
      4.55696,
      11.3405,
      0.760356
    ],
    [
      4.9295,
      11.6851,
      0.54257
    ],
    [
      5.46993,
      11.7765,
      0.119479
    ],
    [
      6.01721,
      11.8422,
      0.119479
    ],
    [
      6.56449,
      11.9079,
      0.119479
    ],
    [
      7.11178,
      11.9736,
      0.119479
    ],
    [
      7.65906,
      12.0393,
      0.119479
    ],
    [
      8.20634,
      12.105,
      0.119479
    ],
    [
      8.75342,
      12.1721,
      0.213835
    ],
    [
      9.24671,
      11.9983,
      -0.466033
    ],
    [
      9.7238,
      11.7583,
      -0.466033
    ],
    [
      10.1985,
      11.5143,
      -0.643224
    ],
    [
      10.6247,
      11.137,
      -0.726635
    ],
    [
      11.0501,
      10.7588,
      -0.726635
    ],
    [
      11.4755,
      10.3806,
      -0.726635
    ],
    [
      11.901,
      10.0025,
      -0.726635
    ],
    [
      12.2869,
      9.59424,
      -1.3056
    ],
    [
      12.4291,
      9.10647,
      -1.28703
    ],
    [
      12.5714,
      8.61872,
      -1.28703
    ],
    [
      12.7136,
      8.13097,
      -1.28703
    ],
    [
      12.8428,
      7.64078,
      -1.58537
    ],
    [
      12.8862,
      7.00043,
      -1.50149
    ],
    [
      12.9307,
      6.36012,
      -1.50149
    ],
    [
      12.9728,
      5.71975,
      -1.6265
    ],
    [
      13.0199,
      5.1829,
      -1.47701
    ],
    [
      13.0704,
      4.6462,
      -1.47701
    ],
    [
      13.1209,
      4.10949,
      -1.47701
    ],
    [
      13.1714,
      3.57279,
      -1.47701
    ],
    [
      13.2096,
      3.03611,
      -1.76355
    ],
    [
      13.2021,
      2.18296,
      -1.57325
    ],
    [
      13.5,
      1.5,
      0.0
    ]
  ]
}