{
  "robot": {
    "class": "RectangleRobot",
    "radius": 0,
    "wheelbase": 0.750181083040537,
    "max_velocity": 8.70275696398988,
    "max_steering_at_zero_v": 0.5801605537507764,
    "max_steering_at_max_v": 0.19634954084936207,
    "acceleration": 7.374871124048287,
    "mu_static": 0.6464629495921786,
    "width": 0.11463537665942791,
    "length": 0.832773355832177,
    "collision_check_angle_res": 60
  },
  "planner": {
    "class": "Dubins_pathfinding",
    "start": [
      1.5,
      1.5,
      0.07325881116494122
    ],
    "goal": [
      13.5,
      1.5,
      0
    ],
    "bounds": [
      15,
      15
    ],
    "max_runtime": 60.0,
    "goal_threshold": 0.0,
    "solved_time": null,
    "interpolate_steps": 50
  },
  "path": [
    [
      1.5,
      1.5,
      0.0
    ],
    [
      1.94374,
      1.58951,
      0.398106
    ],
    [
      2.31807,
      1.84405,
      0.796212
    ],
    [
      2.56446,
      2.2238,
      1.19432
    ],
    [
      2.64435,
      2.66937,
      1.59242
    ],
    [
      2.6314,
      3.12487,
      1.59929
    ],
    [
      2.61841,
      3.58036,
      1.59929
    ],
    [
      2.60543,
      4.03586,
      1.59929
    ],
    [
      2.59245,
      4.49135,
      1.59929
    ],
    [
      2.57946,
      4.94685,
      1.59929
    ],
    [
      2.56648,
      5.40234,
      1.59929
    ],
    [
      2.6302,
      5.81285,
      1.23434
    ],
    [
      2.83622,
      6.17357,
      0.869385
    ],
    [
      3.15743,
      6.43701,
      0.504431
    ],
    [
      3.52913,
      6.62762,
      0.472431
    ],
    [
      3.90111,
      6.81771,
      0.472431
    ],
    [
      4.27309,
      7.0078,
      0.472431
    ],
    [
      4.64506,
      7.19789,
      0.472431
    ],
    [
      5.01704,
      7.38798,
      0.472431
    ],
    [
      5.38901,
      7.57807,
      0.472431
    ],
    [
      5.76253,
      7.76494,
      0.393463
    ],
    [
      6.20668,
      7.85239,
      -0.00464279
    ],
    [
      6.66041,
      7.81178,
      -0.10091
    ],
    [
      7.11377,
      7.76588,
      -0.10091
    ],
    [
      7.56713,
      7.71997,
      -0.10091
    ],
    [
      8.02049,
      7.67407,
      -0.10091
    ],
    [
      8.47385,
      7.62816,
      -0.10091
    ],
    [
      8.92722,
      7.58226,
      -0.10091
    ],
    [
      9.38058,
      7.53635,
      -0.10091
    ],
    [
      9.83394,
      7.49045,
      -0.10091
    ],
    [
      10.2873,
      7.44454,
      -0.10091
    ],
    [
      10.6835,
      7.32971,
      -0.463279
    ],
    [
      11.0494,
      7.13437,
      -0.491491
    ],
    [
      11.4151,
      6.93862,
      -0.491491
    ],
    [
      11.7482,
      6.69508,
      -0.80975
    ],
    [
      12.0865,
      6.44141,
      -0.558203
    ],
    [
      12.4463,
      6.21669,
      -0.558203
    ],
    [
      12.8062,
      5.99197,
      -0.558203
    ],
    [
      13.1534,
      5.74964,
      -0.752945
    ],
    [
      13.4028,
      5.40941,
      -1.12361
    ],
    [
      13.512,
      5.00194,
      -1.49427
    ],
    [
      13.4662,
      4.58259,
      -1.86494
    ],
    [
      13.2716,
      4.20832,
      -2.2356
    ],
    [
      12.9546,
      3.92995,
      -2.60627
    ],
    [
      12.5669,
      3.55049,
      -2.12773
    ],
    [
      12.3961,
      3.03525,
      -1.69814
    ],
    [
      12.3658,
      2.49037,
      -1.43562
    ],
    [
      12.5643,
      1.98542,
      -0.957081
    ],
    [
      12.9729,
      1.62858,
      -0.47854
    ],
    [
      13.5,
      1.5,
      0.0
    ]
  ]
}