{
  "robot": {
    "class": "RectangleRobot",
    "radius": 0,
    "wheelbase": 0.2286787262248662,
    "max_velocity": 10.655335194269597,
    "max_steering_at_zero_v": 0.7751910170975702,
    "max_steering_at_max_v": 0.19634954084936207,
    "acceleration": 9.55890073402508,
    "mu_static": 2.252765116519793,
    "width": 0.35845323176439203,
    "length": 0.3612096358968744,
    "collision_check_angle_res": 60
  },
  "planner": {
    "class": "Dubins_pathfinding",
    "start": [
      1.5,
      1.5,
      0.2511963591078412
    ],
    "goal": [
      13.5,
      1.5,
      0
    ],
    "bounds": [
      15,
      15
    ],
    "max_runtime": 60.0,
    "goal_threshold": 0.0,
    "solved_time": null,
    "interpolate_steps": 50
  },
  "path": [
    [
      1.5,
      1.5,
      0.0
    ],
    [
      1.74904,
      1.8795,
      1.47191
    ],
    [
      1.79973,
      2.39051,
      1.47191
    ],
    [
      1.85043,
      2.90152,
      1.47191
    ],
    [
      1.90113,
      3.41252,
      1.47191
    ],
    [
      1.95182,
      3.92353,
      1.47191
    ],
    [
      2.0035,
      4.43441,
      1.37973
    ],
    [
      2.07253,
      5.03934,
      1.45837
    ],
    [
      2.14084,
      5.64437,
      1.45837
    ],
    [
      2.20912,
      6.2494,
      1.47426
    ],
    [
      2.29473,
      6.86385,
      1.43202
    ],
    [
      2.38054,
      7.47828,
      1.43202
    ],
    [
      2.48133,
      8.08872,
      1.06696
    ],
    [
      2.65152,
      8.61549,
      1.2667
    ],
    [
      2.81737,
      9.14396,
      1.2667
    ],
    [
      2.99616,
      9.66663,
      0.917494
    ],
    [
      3.38511,
      10.1065,
      0.845747
    ],
    [
      3.77452,
      10.546,
      0.845747
    ],
    [
      4.15441,
      10.9923,
      1.16271
    ],
    [
      4.65445,
      11.2207,
      0.269406
    ],
    [
      5.20336,
      11.3723,
      0.269406
    ],
    [
      5.75226,
      11.5238,
      0.269406
    ],
    [
      6.30116,
      11.6754,
      0.269406
    ],
    [
      6.85202,
      11.7693,
      -0.438361
    ],
    [
      7.42673,
      11.745,
      -0.00475939
    ],
    [
      8.00467,
      11.7423,
      -0.00475939
    ],
    [
      8.57985,
      11.7201,
      -0.415546
    ],
    [
      9.19424,
      11.6578,
      0.214863
    ],
    [
      9.61726,
      11.4466,
      -0.629609
    ],
    [
      10.0124,
      11.1587,
      -0.629609
    ],
    [
      10.4075,
      10.8709,
      -0.629609
    ],
    [
      10.8027,
      10.583,
      -0.629609
    ],
    [
      11.1836,
      10.2805,
      -1.04905
    ],
    [
      11.5502,
      9.88681,
      -0.808502
    ],
    [
      11.922,
      9.4974,
      -0.808502
    ],
    [
      12.2471,
      9.08039,
      -1.49457
    ],
    [
      12.3337,
      8.62226,
      -1.38072
    ],
    [
      12.4218,
      8.16436,
      -1.38072
    ],
    [
      12.5099,
      7.70645,
      -1.38072
    ],
    [
      12.5995,
      7.24889,
      -1.267
    ],
    [
      12.664,
      6.6872,
      -1.46447
    ],
    [
      12.7241,
      6.12473,
      -1.46447
    ],
    [
      12.7841,
      5.56227,
      -1.46447
    ],
    [
      12.8441,
      4.9998,
      -1.46447
    ],
    [
      12.9042,
      4.43734,
      -1.46447
    ],
    [
      12.9642,
      3.87487,
      -1.46447
    ],
    [
      13.0242,
      3.3124,
      -1.46447
    ],
    [
      13.0849,
      2.75002,
      -1.38905
    ],
    [
      13.2057,
      2.06095,
      -1.39733
    ],
    [
      13.5,
      1.5,
      0.0
    ]
  ]
}