{
  "robot": {
    "class": "RectangleRobot",
    "radius": 0,
    "wheelbase": 0.39364468962031657,
    "max_velocity": 9.849397964786746,
    "max_steering_at_zero_v": 0.5499162052114484,
    "max_steering_at_max_v": 0.19634954084936207,
    "acceleration": 9.411633916565126,
    "mu_static": 2.319246831500033,
    "width": 0.26058028503087727,
    "length": 0.8295474845467775,
    "collision_check_angle_res": 60
  },
  "planner": {
    "class": "Dubins_pathfinding",
    "start": [
      1.5,
      1.5,
      0.11009038845323604
    ],
    "goal": [
      13.5,
      1.5,
      0
    ],
    "bounds": [
      15,
      15
    ],
    "max_runtime": 60.0,
    "goal_threshold": 0.0,
    "solved_time": null,
    "interpolate_steps": 50
  },
  "path": [
    [
      1.5,
      1.5,
      0.0
    ],
    [
      2.01986,
      1.76517,
      0.943359
    ],
    [
      2.15739,
      2.34451,
      1.503
    ],
    [
      2.19843,
      2.94892,
      1.503
    ],
    [
      2.23946,
      3.55333,
      1.503
    ],
    [
      2.31185,
      4.15226,
      1.18776
    ],
    [
      2.37578,
      4.677,
      1.51346
    ],
    [
      2.40622,
      5.20734,
      1.51346
    ],
    [
      2.43667,
      5.73768,
      1.51346
    ],
    [
      2.46711,
      6.26802,
      1.51346
    ],
    [
      2.49755,
      6.79836,
      1.51346
    ],
    [
      2.53087,
      7.32844,
      1.41858
    ],
    [
      2.62752,
      7.94258,
      1.41469
    ],
    [
      2.72418,
      8.55672,
      1.41469
    ],
    [
      2.82084,
      9.17086,
      1.41469
    ],
    [
      3.10903,
      9.69765,
      0.597412
    ],
    [
      3.49927,
      10.0464,
      0.742116
    ],
    [
      3.88521,
      10.4003,
      0.742116
    ],
    [
      4.27114,
      10.7542,
      0.742116
    ],
    [
      4.65708,
      11.1081,
      0.742116
    ],
    [
      5.0235,
      11.4795,
      1.02844
    ],
    [
      5.45451,
      11.7791,
      0.186406
    ],
    [
      5.99433,
      11.8039,
      0.031729
    ],
    [
      6.53479,
      11.8211,
      0.031729
    ],
    [
      7.07525,
      11.8382,
      0.031729
    ],
    [
      7.61571,
      11.8554,
      0.031729
    ],
    [
      8.15616,
      11.8725,
      0.031729
    ],
    [
      8.69662,
      11.8897,
      0.031729
    ],
    [
      9.22708,
      11.8311,
      -0.457704
    ],
    [
      9.66536,
      11.5406,
      -0.5972
    ],
    [
      10.1004,
      11.2448,
      -0.5972
    ],
    [
      10.5354,
      10.949,
      -0.5972
    ],
    [
      10.9704,
      10.6531,
      -0.5972
    ],
    [
      11.4054,
      10.3573,
      -0.599317
    ],
    [
      11.8048,
      9.89349,
      -0.910227
    ],
    [
      12.1818,
      9.40825,
      -0.910227
    ],
    [
      12.3565,
      8.84128,
      -1.7427
    ],
    [
      12.3435,
      8.33177,
      -1.57961
    ],
    [
      12.339,
      7.82172,
      -1.57961
    ],
    [
      12.3345,
      7.31167,
      -1.57961
    ],
    [
      12.3293,
      6.80164,
      -1.62618
    ],
    [
      12.3737,
      6.24381,
      -1.47888
    ],
    [
      12.4251,
      5.68628,
      -1.47888
    ],
    [
      12.4765,
      5.12874,
      -1.47888
    ],
    [
      12.5279,
      4.57121,
      -1.47888
    ],
    [
      12.5793,
      4.01368,
      -1.47888
    ],
    [
      12.6307,
      3.45614,
      -1.47888
    ],
    [
      12.6821,
      2.89861,
      -1.47888
    ],
    [
      12.7367,
      2.34148,
      -1.37853
    ],
    [
      13.5,
      1.5,
      0.0
    ]
  ]
}