{
  "robot": {
    "class": "RectangleRobot",
    "radius": 0,
    "wheelbase": 0.1546333261661331,
    "max_velocity": 5.974495694646601,
    "max_steering_at_zero_v": 0.9921152594543503,
    "max_steering_at_max_v": 0.19634954084936207,
    "acceleration": 9.11595014461167,
    "mu_static": 0.7467213963689285,
    "width": 0.5073679177532956,
    "length": 0.17101264826455304,
    "collision_check_angle_res": 60
  },
  "planner": {
    "class": "Dubins_pathfinding",
    "start": [
      1.5,
      1.5,
      1.420684897175021
    ],
    "goal": [
      13.5,
      1.5,
      0
    ],
    "bounds": [
      15,
      15
    ],
    "max_runtime": 60.0,
    "goal_threshold": 0.0,
    "solved_time": null,
    "interpolate_steps": 50
  },
  "path": [
    [
      1.5,
      1.5,
      0.0
    ],
    [
      1.66598,
      2.00684,
      1.41504
    ],
    [
      1.75435,
      2.56954,
      1.41504
    ],
    [
      1.84271,
      3.13225,
      1.41504
    ],
    [
      1.93107,
      3.69495,
      1.41504
    ],
    [
      2.01943,
      4.25765,
      1.41504
    ],
    [
      2.10779,
      4.82036,
      1.41504
    ],
    [
      2.19615,
      5.38306,
      1.41504
    ],
    [
      2.28452,
      5.94577,
      1.41504
    ],
    [
      2.34141,
      6.49428,
      1.4677
    ],
    [
      2.39816,
      7.04281,
      1.4677
    ],
    [
      2.45492,
      7.59135,
      1.4677
    ],
    [
      2.51167,
      8.13988,
      1.4677
    ],
    [
      2.59219,
      8.68001,
      0.756259
    ],
    [
      2.8726,
      9.20512,
      1.08967
    ],
    [
      3.14848,
      9.7333,
      1.03951
    ],
    [
      3.59784,
      10.1036,
      0.678014
    ],
    [
      4.05191,
      10.4693,
      0.678014
    ],
    [
      4.50598,
      10.835,
      0.678014
    ],
    [
      4.95562,
      11.205,
      1.02925
    ],
    [
      5.3819,
      11.3698,
      0.314598
    ],
    [
      5.82152,
      11.5128,
      0.314598
    ],
    [
      6.26114,
      11.6559,
      0.314598
    ],
    [
      6.68969,
      11.8176,
      0.97458
    ],
    [
      7.24269,
      11.8167,
      -0.0970854
    ],
    [
      7.81007,
      11.7614,
      -0.0970854
    ],
    [
      8.37744,
      11.7062,
      -0.0970854
    ],
    [
      8.94475,
      11.6505,
      -0.189359
    ],
    [
      9.36546,
      11.4885,
      -0.371216
    ],
    [
      9.78566,
      11.3249,
      -0.371216
    ],
    [
      10.2047,
      11.1589,
      -0.604507
    ],
    [
      10.5876,
      10.8293,
      -0.711877
    ],
    [
      10.9701,
      10.4992,
      -0.711877
    ],
    [
      11.3527,
      10.1692,
      -0.711877
    ],
    [
      11.7352,
      9.83909,
      -0.711877
    ],
    [
      12.1048,
      9.49881,
      -1.28607
    ],
    [
      12.2475,
      8.97838,
      -1.30328
    ],
    [
      12.3901,
      8.45795,
      -1.30328
    ],
    [
      12.5328,
      7.93751,
      -1.30328
    ],
    [
      12.6781,
      7.41806,
      -1.06431
    ],
    [
      12.7491,
      6.86141,
      -1.45774
    ],
    [
      12.8125,
      6.30288,
      -1.45774
    ],
    [
      12.8759,
      5.74436,
      -1.45774
    ],
    [
      12.9393,
      5.18583,
      -1.45774
    ],
    [
      13.0031,
      4.62735,
      -1.37391
    ],
    [
      13.0431,
      4.135,
      -1.49124
    ],
    [
      13.0811,
      3.64254,
      -1.64475
    ],
    [
      13.1931,
      2.90959,
      -1.41566
    ],
    [
      13.3077,
      2.17686,
      -1.41566
    ],
    [
      13.5,
      1.5,
      0.0
    ]
  ]
}