{
  "robot": {
    "class": "RectangleRobot",
    "radius": 0,
    "wheelbase": 0.5199687974198332,
    "max_velocity": 19.99179770203748,
    "max_steering_at_zero_v": 0.49413794661715876,
    "max_steering_at_max_v": 0.19634954084936207,
    "acceleration": 7.718449327081796,
    "mu_static": 1.31846732571689,
    "width": 0.46167767195198506,
    "length": 0.6082930793909506,
    "collision_check_angle_res": 60
  },
  "planner": {
    "class": "Dubins_pathfinding",
    "start": [
      1.5,
      1.5,
      1.0056526980526779
    ],
    "goal": [
      13.5,
      1.5,
      0
    ],
    "bounds": [
      15,
      15
    ],
    "max_runtime": 60.0,
    "goal_threshold": 0.0,
    "solved_time": null,
    "interpolate_steps": 50
  },
  "path": [
    [
      1.5,
      1.5,
      0.0
    ],
    [
      2.03711,
      1.66325,
      0.590136
    ],
    [
      2.39253,
      2.09777,
      1.18027
    ],
    [
      2.47178,
      2.65776,
      1.53915
    ],
    [
      2.48981,
      3.22707,
      1.53915
    ],
    [
      2.50783,
      3.79639,
      1.53915
    ],
    [
      2.52585,
      4.3657,
      1.53915
    ],
    [
      2.54388,
      4.93502,
      1.53915
    ],
    [
      2.5619,
      5.50433,
      1.53915
    ],
    [
      2.54358,
      6.09143,
      1.60563
    ],
    [
      2.52312,
      6.6785,
      1.60563
    ],
    [
      2.50266,
      7.26557,
      1.60563
    ],
    [
      2.4822,
      7.85264,
      1.60563
    ],
    [
      2.46174,
      8.43971,
      1.60563
    ],
    [
      2.46232,
      9.02605,
      1.39665
    ],
    [
      2.72862,
      9.53951,
      0.78804
    ],
    [
      3.0985,
      10.0655,
      0.987795
    ],
    [
      3.5055,
      10.5581,
      0.608624
    ],
    [
      3.9641,
      10.7962,
      0.457447
    ],
    [
      4.42806,
      11.0246,
      0.457447
    ],
    [
      4.89202,
      11.253,
      0.457447
    ],
    [
      5.35598,
      11.4814,
      0.457447
    ],
    [
      5.81865,
      11.7122,
      0.533248
    ],
    [
      6.36171,
      11.8479,
      0.0256967
    ],
    [
      6.92865,
      11.8625,
      0.0256967
    ],
    [
      7.49559,
      11.877,
      0.0256967
    ],
    [
      8.06254,
      11.8916,
      0.0256967
    ],
    [
      8.62948,
      11.9062,
      0.0256967
    ],
    [
      9.19641,
      11.9172,
      -0.0602886
    ],
    [
      9.75404,
      11.697,
      -0.691874
    ],
    [
      10.2029,
      11.2845,
      -0.745435
    ],
    [
      10.668,
      10.8929,
      -0.505065
    ],
    [
      11.0905,
      10.5121,
      -0.814162
    ],
    [
      11.4829,
      10.0964,
      -0.814162
    ],
    [
      11.8753,
      9.68074,
      -0.814162
    ],
    [
      12.2677,
      9.26506,
      -0.814162
    ],
    [
      12.5741,
      8.79036,
      -1.28052
    ],
    [
      12.5708,
      8.22704,
      -1.87279
    ],
    [
      12.5676,
      7.59616,
      -1.42344
    ],
    [
      12.6613,
      6.96505,
      -1.42344
    ],
    [
      12.7264,
      6.33205,
      -1.66712
    ],
    [
      12.8048,
      5.77825,
      -1.33695
    ],
    [
      12.9351,
      5.23093,
      -1.33695
    ],
    [
      13.0655,
      4.68361,
      -1.33695
    ],
    [
      13.144,
      4.12983,
      -1.6666
    ],
    [
      12.9345,
      3.61621,
      -2.24952
    ],
    [
      12.6597,
      2.99156,
      -1.89932
    ],
    [
      12.5453,
      2.32313,
      -1.42306
    ],
    [
      12.8697,
      1.73419,
      -0.711532
    ],
    [
      13.5,
      1.5,
      0.0
    ]
  ]
}