{
  "robot": {
    "class": "RectangleRobot",
    "radius": 0,
    "wheelbase": 0.397294456741804,
    "max_velocity": 15.661961128980709,
    "max_steering_at_zero_v": 0.43219680349340556,
    "max_steering_at_max_v": 0.19634954084936207,
    "acceleration": 8.678470392373187,
    "mu_static": 1.983534242487395,
    "width": 0.2795780559676642,
    "length": 0.7062488741198238,
    "collision_check_angle_res": 60
  },
  "planner": {
    "class": "Dubins_pathfinding",
    "start": [
      1.5,
      1.5,
      0.25062390664921935
    ],
    "goal": [
      13.5,
      1.5,
      0
    ],
    "bounds": [
      15,
      15
    ],
    "max_runtime": 60.0,
    "goal_threshold": 0.0,
    "solved_time": null,
    "interpolate_steps": 50
  },
  "path": [
    [
      1.5,
      1.5,
      0.0
    ],
    [
      2.04524,
      1.69456,
      0.685496
    ],
    [
      2.34415,
      2.19034,
      1.37099
    ],
    [
      2.3339,
      2.77866,
      1.64145
    ],
    [
      2.29221,
      3.36759,
      1.64145
    ],
    [
      2.25053,
      3.95652,
      1.64145
    ],
    [
      2.20885,
      4.54545,
      1.64145
    ],
    [
      2.26124,
      5.1263,
      1.17177
    ],
    [
      2.35204,
      5.65929,
      1.47461
    ],
    [
      2.40421,
      6.19999,
      1.47461
    ],
    [
      2.45637,
      6.74069,
      1.47461
    ],
    [
      2.50854,
      7.2814,
      1.47461
    ],
    [
      2.56071,
      7.8221,
      1.47461
    ],
    [
      2.61287,
      8.36281,
      1.47461
    ],
    [
      2.66504,
      8.90351,
      1.47461
    ],
    [
      2.78365,
      9.42872,
      1.0757
    ],
    [
      3.19902,
      9.83165,
      0.61317
    ],
    [
      3.67795,
      10.1686,
      0.61317
    ],
    [
      4.15689,
      10.5057,
      0.61317
    ],
    [
      4.63582,
      10.8427,
      0.61317
    ],
    [
      5.11476,
      11.1797,
      0.61317
    ],
    [
      5.60184,
      11.5034,
      0.422732
    ],
    [
      6.19219,
      11.6331,
      0.171766
    ],
    [
      6.78939,
      11.7367,
      0.171766
    ],
    [
      7.38658,
      11.8403,
      0.171766
    ],
    [
      7.98377,
      11.9439,
      0.171766
    ],
    [
      8.58096,
      12.0475,
      0.171766
    ],
    [
      9.1804,
      12.0718,
      -0.258732
    ],
    [
      9.62476,
      11.803,
      -0.713121
    ],
    [
      10.022,
      11.4593,
      -0.713121
    ],
    [
      10.4193,
      11.1157,
      -0.713121
    ],
    [
      10.8166,
      10.7721,
      -0.713121
    ],
    [
      11.2139,
      10.4284,
      -0.713121
    ],
    [
      11.6111,
      10.0848,
      -0.713121
    ],
    [
      12.0084,
      9.74118,
      -0.713121
    ],
    [
      12.2989,
      9.31302,
      -1.278
    ],
    [
      12.3392,
      8.78338,
      -1.55804
    ],
    [
      12.346,
      8.25016,
      -1.55804
    ],
    [
      12.3528,
      7.71695,
      -1.55804
    ],
    [
      12.3596,
      7.18374,
      -1.55804
    ],
    [
      12.3558,
      6.65095,
      -1.71542
    ],
    [
      12.365,
      6.08208,
      -1.52814
    ],
    [
      12.3893,
      5.51291,
      -1.52814
    ],
    [
      12.4136,
      4.94374,
      -1.52814
    ],
    [
      12.4378,
      4.37457,
      -1.52814
    ],
    [
      12.4621,
      3.8054,
      -1.52814
    ],
    [
      12.4864,
      3.23623,
      -1.52814
    ],
    [
      12.4665,
      2.66991,
      -1.84945
    ],
    [
      12.6777,
      1.83196,
      -0.798393
    ],
    [
      13.5,
      1.5,
      0.0
    ]
  ]
}