{
  "robot": {
    "class": "RectangleRobot",
    "radius": 0,
    "wheelbase": 0.32883579069990154,
    "max_velocity": 12.380362247312139,
    "max_steering_at_zero_v": 0.8963564545896534,
    "max_steering_at_max_v": 0.19634954084936207,
    "acceleration": 9.484175171833165,
    "mu_static": 0.9296109515749545,
    "width": 0.41359740953406765,
    "length": 0.6542217904782236,
    "collision_check_angle_res": 60
  },
  "planner": {
    "class": "Dubins_pathfinding",
    "start": [
      1.5,
      1.5,
      1.2247942233471516
    ],
    "goal": [
      13.5,
      1.5,
      0
    ],
    "bounds": [
      15,
      15
    ],
    "max_runtime": 60.0,
    "goal_threshold": 0.0,
    "solved_time": null,
    "interpolate_steps": 50
  },
  "path": [
    [
      1.5,
      1.5,
      0.0
    ],
    [
      1.76372,
      1.79445,
      1.5474
    ],
    [
      1.77422,
      2.23885,
      1.51887
    ],
    [
      1.83739,
      2.76521,
      1.45019
    ],
    [
      1.90118,
      3.29152,
      1.45019
    ],
    [
      1.96496,
      3.81782,
      1.45019
    ],
    [
      2.02875,
      4.34413,
      1.45019
    ],
    [
      2.09254,
      4.87043,
      1.45019
    ],
    [
      2.15632,
      5.39674,
      1.45019
    ],
    [
      2.22011,
      5.92304,
      1.45019
    ],
    [
      2.28554,
      6.44909,
      1.33762
    ],
    [
      2.34901,
      7.03583,
      1.46675
    ],
    [
      2.41031,
      7.6229,
      1.46675
    ],
    [
      2.47161,
      8.20997,
      1.46675
    ],
    [
      2.54992,
      8.79313,
      1.10169
    ],
    [
      2.83457,
      9.19754,
      0.951497
    ],
    [
      3.12172,
      9.60036,
      0.951497
    ],
    [
      3.40597,
      10.005,
      1.11304
    ],
    [
      3.76611,
      10.4358,
      0.859464
    ],
    [
      4.13309,
      10.8616,
      0.859464
    ],
    [
      4.55031,
      11.2105,
      0.015215
    ],
    [
      5.05494,
      11.365,
      0.320168
    ],
    [
      5.55694,
      11.5315,
      0.320168
    ],
    [
      6.05893,
      11.6979,
      0.320168
    ],
    [
      6.56093,
      11.8644,
      0.320168
    ],
    [
      7.06292,
      12.0308,
      0.328335
    ],
    [
      7.58808,
      11.9823,
      -0.147558
    ],
    [
      8.11356,
      11.9042,
      -0.147558
    ],
    [
      8.63904,
      11.8261,
      -0.147558
    ],
    [
      9.16453,
      11.748,
      -0.147558
    ],
    [
      9.65743,
      11.5952,
      -0.941534
    ],
    [
      10.1062,
      11.2438,
      -0.644205
    ],
    [
      10.5627,
      10.9008,
      -0.644205
    ],
    [
      11.0193,
      10.5579,
      -0.644205
    ],
    [
      11.4634,
      10.2021,
      -1.01416
    ],
    [
      11.8325,
      9.69844,
      -0.937136
    ],
    [
      12.2022,
      9.19522,
      -0.937136
    ],
    [
      12.5145,
      8.66753,
      -1.63094
    ],
    [
      12.5599,
      8.12454,
      -1.48216
    ],
    [
      12.6081,
      7.58165,
      -1.48216
    ],
    [
      12.6563,
      7.03877,
      -1.48216
    ],
    [
      12.7046,
      6.49589,
      -1.48216
    ],
    [
      12.7615,
      5.95454,
      -1.22271
    ],
    [
      12.833,
      5.32418,
      -1.47054
    ],
    [
      12.8966,
      4.69236,
      -1.47054
    ],
    [
      12.9601,
      4.06053,
      -1.47054
    ],
    [
      13.0238,
      3.42871,
      -1.44827
    ],
    [
      13.1115,
      2.73682,
      -1.44467
    ],
    [
      13.1992,
      2.04493,
      -1.44467
    ],
    [
      13.5,
      1.5,
      0.0
    ]
  ]
}