{
  "robot": {
    "class": "RectangleRobot",
    "radius": 0,
    "wheelbase": 0.38495038650765623,
    "max_velocity": 15.033184167424764,
    "max_steering_at_zero_v": 0.8264159609196686,
    "max_steering_at_max_v": 0.19634954084936207,
    "acceleration": 5.526742370960284,
    "mu_static": 1.1400626423377531,
    "width": 0.448316389772749,
    "length": 0.7218238736941215,
    "collision_check_angle_res": 60
  },
  "planner": {
    "class": "Dubins_pathfinding",
    "start": [
      1.5,
      1.5,
      0.4831858974751359
    ],
    "goal": [
      13.5,
      1.5,
      0
    ],
    "bounds": [
      15,
      15
    ],
    "max_runtime": 60.0,
    "goal_threshold": 0.0,
    "solved_time": null,
    "interpolate_steps": 50
  },
  "path": [
    [
      1.5,
      1.5,
      0.0
    ],
    [
      1.85418,
      1.83217,
      1.46678
    ],
    [
      1.90969,
      2.36387,
      1.46678
    ],
    [
      1.9652,
      2.89556,
      1.46678
    ],
    [
      2.02071,
      3.42726,
      1.46678
    ],
    [
      2.07621,
      3.95896,
      1.46678
    ],
    [
      2.12561,
      4.49091,
      1.65257
    ],
    [
      2.1664,
      5.00332,
      1.48127
    ],
    [
      2.21238,
      5.51555,
      1.48127
    ],
    [
      2.25837,
      6.02779,
      1.48127
    ],
    [
      2.30435,
      6.54003,
      1.48127
    ],
    [
      2.3504,
      7.05226,
      1.46294
    ],
    [
      2.40339,
      7.58453,
      1.47159
    ],
    [
      2.45636,
      8.11681,
      1.47159
    ],
    [
      2.50934,
      8.64908,
      1.47159
    ],
    [
      2.6015,
      9.17097,
      0.991887
    ],
    [
      2.94735,
      9.57181,
      0.852402
    ],
    [
      3.2959,
      9.9705,
      0.852402
    ],
    [
      3.64445,
      10.3692,
      0.852402
    ],
    [
      3.99299,
      10.7679,
      0.852402
    ],
    [
      4.34154,
      11.1666,
      0.852402
    ],
    [
      4.73041,
      11.5119,
      0.234839
    ],
    [
      5.29083,
      11.6674,
      0.271061
    ],
    [
      5.85119,
      11.8231,
      0.271061
    ],
    [
      6.41045,
      11.9821,
      0.411577
    ],
    [
      7.05569,
      12.0411,
      0.0570357
    ],
    [
      7.7048,
      12.0781,
      0.0570357
    ],
    [
      8.35391,
      12.1152,
      0.0570357
    ],
    [
      9.00276,
      12.1418,
      -0.186285
    ],
    [
      9.44648,
      11.8319,
      -0.691637
    ],
    [
      9.86774,
      11.4831,
      -0.691637
    ],
    [
      10.289,
      11.1342,
      -0.691637
    ],
    [
      10.7102,
      10.7854,
      -0.691637
    ],
    [
      11.1315,
      10.4365,
      -0.691637
    ],
    [
      11.5527,
      10.0877,
      -0.691637
    ],
    [
      11.974,
      9.73888,
      -0.691637
    ],
    [
      12.3729,
      9.36963,
      -1.10557
    ],
    [
      12.4532,
      8.81085,
      -1.46925
    ],
    [
      12.5107,
      8.24691,
      -1.46925
    ],
    [
      12.5658,
      7.68282,
      -1.58298
    ],
    [
      12.6268,
      7.09727,
      -1.46278
    ],
    [
      12.6902,
      6.5119,
      -1.46278
    ],
    [
      12.7537,
      5.92652,
      -1.46278
    ],
    [
      12.8172,
      5.34115,
      -1.46278
    ],
    [
      12.8807,
      4.75578,
      -1.46278
    ],
    [
      12.9441,
      4.1704,
      -1.46278
    ],
    [
      13.0263,
      3.58917,
      -1.13329
    ],
    [
      13.0929,
      2.82871,
      -1.51742
    ],
    [
      13.1337,
      2.06354,
      -1.51742
    ],
    [
      13.5,
      1.5,
      0.0
    ]
  ]
}