{
  "robot": {
    "class": "RectangleRobot",
    "radius": 0,
    "wheelbase": 0.06768767176436408,
    "max_velocity": 6.946307879143358,
    "max_steering_at_zero_v": 1.0227036150711388,
    "max_steering_at_max_v": 0.19634954084936207,
    "acceleration": 5.734486285329971,
    "mu_static": 0.1672367793191821,
    "width": 0.9503259928913563,
    "length": 0.1560751183370987,
    "collision_check_angle_res": 60
  },
  "planner": {
    "class": "Dubins_pathfinding",
    "start": [
      1.5,
      1.5,
      0.4715971214932917
    ],
    "goal": [
      13.5,
      1.5,
      0
    ],
    "bounds": [
      15,
      15
    ],
    "max_runtime": 60.0,
    "goal_threshold": 0.0,
    "solved_time": null,
    "interpolate_steps": 50
  },
  "path": [
    [
      1.5,
      1.5,
      0.0
    ],
    [
      1.59294,
      1.90833,
      1.43214
    ],
    [
      1.65338,
      2.33962,
      1.32251
    ],
    [
      1.72659,
      2.89858,
      1.44108
    ],
    [
      1.79951,
      3.45758,
      1.44108
    ],
    [
      1.87244,
      4.01659,
      1.44108
    ],
    [
      1.94536,
      4.5756,
      1.44108
    ],
    [
      2.01828,
      5.1346,
      1.44108
    ],
    [
      2.09121,
      5.69361,
      1.44108
    ],
    [
      2.16413,
      6.25261,
      1.44108
    ],
    [
      2.23463,
      6.81166,
      1.7838
    ],
    [
      2.31349,
      7.4324,
      1.44058
    ],
    [
      2.39478,
      8.0531,
      1.44058
    ],
    [
      2.47606,
      8.6738,
      1.44058
    ],
    [
      2.56965,
      9.28929,
      0.628898
    ],
    [
      2.88647,
      9.85948,
      0.889387
    ],
    [
      3.33786,
      10.2579,
      0.722212
    ],
    [
      3.78967,
      10.656,
      0.722212
    ],
    [
      4.24147,
      11.054,
      0.722212
    ],
    [
      4.69667,
      11.4462,
      0.149899
    ],
    [
      5.20431,
      11.5967,
      0.288983
    ],
    [
      5.71185,
      11.7476,
      0.288983
    ],
    [
      6.21939,
      11.8985,
      0.288983
    ],
    [
      6.72693,
      12.0494,
      0.288983
    ],
    [
      7.23446,
      12.2003,
      0.288983
    ],
    [
      7.742,
      12.3512,
      0.288983
    ],
    [
      8.19519,
      12.4082,
      -2.21479
    ],
    [
      8.65795,
      12.1275,
      -0.454347
    ],
    [
      9.17116,
      11.8769,
      -0.454347
    ],
    [
      9.68437,
      11.6262,
      -0.454347
    ],
    [
      10.1976,
      11.3755,
      -0.454347
    ],
    [
      10.7032,
      11.116,
      -1.213
    ],
    [
      11.0914,
      10.7885,
      -0.68977
    ],
    [
      11.4839,
      10.4648,
      -0.68977
    ],
    [
      11.8764,
      10.141,
      -0.68977
    ],
    [
      12.2688,
      9.81722,
      -0.68977
    ],
    [
      12.5401,
      9.49185,
      2.91146
    ],
    [
      12.5506,
      8.94482,
      -1.45003
    ],
    [
      12.621,
      8.36417,
      -1.45003
    ],
    [
      12.6915,
      7.78352,
      -1.45003
    ],
    [
      12.762,
      7.20286,
      -1.45003
    ],
    [
      12.8324,
      6.62221,
      -1.45003
    ],
    [
      12.9029,
      6.04156,
      -1.45003
    ],
    [
      12.9722,
      5.46086,
      -1.68448
    ],
    [
      13.0536,
      4.79682,
      -1.44711
    ],
    [
      13.1362,
      4.13283,
      -1.44711
    ],
    [
      13.2187,
      3.46884,
      -1.44711
    ],
    [
      13.3013,
      2.80486,
      -1.44711
    ],
    [
      13.3838,
      2.14087,
      -1.44711
    ],
    [
      13.5,
      1.5,
      0.0
    ]
  ]
}