{
  "robot": {
    "class": "RectangleRobot",
    "radius": 0,
    "wheelbase": 0.2581136103697968,
    "max_velocity": 7.795878782177361,
    "max_steering_at_zero_v": 0.8016826632486552,
    "max_steering_at_max_v": 0.19634954084936207,
    "acceleration": 6.957690367738576,
    "mu_static": 1.6544697940110589,
    "width": 0.34318287113428253,
    "length": 0.38327940131334637,
    "collision_check_angle_res": 60
  },
  "planner": {
    "class": "Dubins_pathfinding",
    "start": [
      1.5,
      1.5,
      1.1932073994295447
    ],
    "goal": [
      13.5,
      1.5,
      0
    ],
    "bounds": [
      15,
      15
    ],
    "max_runtime": 60.0,
    "goal_threshold": 0.0,
    "solved_time": null,
    "interpolate_steps": 50
  },
  "path": [
    [
      1.5,
      1.5,
      0.0
    ],
    [
      1.76607,
      1.88163,
      1.45987
    ],
    [
      1.8242,
      2.40357,
      1.45987
    ],
    [
      1.88234,
      2.92552,
      1.45987
    ],
    [
      1.94047,
      3.44746,
      1.45987
    ],
    [
      1.99861,
      3.9694,
      1.45987
    ],
    [
      2.05674,
      4.49134,
      1.45987
    ],
    [
      2.11488,
      5.01328,
      1.45987
    ],
    [
      2.17306,
      5.53522,
      1.44166
    ],
    [
      2.20901,
      6.09263,
      1.50736
    ],
    [
      2.24442,
      6.65008,
      1.50736
    ],
    [
      2.27983,
      7.20754,
      1.50736
    ],
    [
      2.31524,
      7.76499,
      1.50736
    ],
    [
      2.3503,
      8.32246,
      1.56038
    ],
    [
      2.5973,
      8.76027,
      0.974009
    ],
    [
      2.88346,
      9.18144,
      0.974009
    ],
    [
      3.16962,
      9.60262,
      0.974009
    ],
    [
      3.45159,
      10.0263,
      1.17124
    ],
    [
      3.83623,
      10.3938,
      0.714501
    ],
    [
      4.25766,
      10.7163,
      0.198515
    ],
    [
      4.77459,
      11.0287,
      0.572197
    ],
    [
      5.284,
      11.3568,
      0.572197
    ],
    [
      5.79695,
      11.6783,
      0.32684
    ],
    [
      6.26237,
      11.74,
      0.120561
    ],
    [
      6.7288,
      11.7965,
      0.120561
    ],
    [
      7.19545,
      11.8419,
      -0.177586
    ],
    [
      7.7839,
      11.7855,
      -0.0941554
    ],
    [
      8.37245,
      11.7299,
      -0.0941554
    ],
    [
      8.961,
      11.6743,
      -0.0941554
    ],
    [
      9.54965,
      11.6262,
      0.150912
    ],
    [
      10.0177,
      11.3226,
      -0.743811
    ],
    [
      10.4436,
      10.9308,
      -0.743811
    ],
    [
      10.8694,
      10.539,
      -0.743811
    ],
    [
      11.2953,
      10.1471,
      -0.743811
    ],
    [
      11.7211,
      9.7553,
      -0.743811
    ],
    [
      12.102,
      9.3323,
      -1.41011
    ],
    [
      12.3254,
      8.75183,
      -1.19405
    ],
    [
      12.5543,
      8.17311,
      -1.19405
    ],
    [
      12.7596,
      7.58885,
      -1.6371
    ],
    [
      12.7928,
      7.06264,
      -1.50346
    ],
    [
      12.8283,
      6.53648,
      -1.50346
    ],
    [
      12.8638,
      6.01032,
      -1.50346
    ],
    [
      12.8993,
      5.48416,
      -1.50346
    ],
    [
      12.9348,
      4.95801,
      -1.50346
    ],
    [
      12.9561,
      4.43248,
      -1.84035
    ],
    [
      13.0029,
      3.94316,
      -1.33302
    ],
    [
      13.0766,
      3.29752,
      -1.46013
    ],
    [
      13.1484,
      2.65157,
      -1.46013
    ],
    [
      13.2202,
      2.00563,
      -1.46013
    ],
    [
      13.5,
      1.5,
      0.0
    ]
  ]
}