{
  "robot": {
    "class": "RectangleRobot",
    "radius": 0,
    "wheelbase": 0.4800913678360121,
    "max_velocity": 12.30696089701555,
    "max_steering_at_zero_v": 0.9275434441345991,
    "max_steering_at_max_v": 0.19634954084936207,
    "acceleration": 8.549538237576812,
    "mu_static": 0.27119667755366106,
    "width": 0.3146906811937046,
    "length": 0.9563220620139097,
    "collision_check_angle_res": 60
  },
  "planner": {
    "class": "Dubins_pathfinding",
    "start": [
      1.5,
      1.5,
      1.55756059081807
    ],
    "goal": [
      13.5,
      1.5,
      0
    ],
    "bounds": [
      15,
      15
    ],
    "max_runtime": 60.0,
    "goal_threshold": 0.0,
    "solved_time": null,
    "interpolate_steps": 50
  },
  "path": [
    [
      1.5,
      1.5,
      0.0
    ],
    [
      1.86221,
      1.86403,
      1.46826
    ],
    [
      1.92051,
      2.43064,
      1.46826
    ],
    [
      1.97882,
      2.99724,
      1.46826
    ],
    [
      2.03712,
      3.56385,
      1.46826
    ],
    [
      2.09543,
      4.13046,
      1.46826
    ],
    [
      2.15373,
      4.69707,
      1.46826
    ],
    [
      2.21203,
      5.26368,
      1.46826
    ],
    [
      2.27034,
      5.83029,
      1.46826
    ],
    [
      2.32005,
      6.41825,
      1.48655
    ],
    [
      2.36971,
      7.00623,
      1.48655
    ],
    [
      2.41936,
      7.5942,
      1.48655
    ],
    [
      2.46902,
      8.18217,
      1.48655
    ],
    [
      2.51867,
      8.77015,
      1.48655
    ],
    [
      2.76538,
      9.26115,
      0.362129
    ],
    [
      3.17977,
      9.60397,
      0.737847
    ],
    [
      3.5796,
      9.96747,
      0.737847
    ],
    [
      3.97944,
      10.331,
      0.737847
    ],
    [
      4.37927,
      10.6945,
      0.737847
    ],
    [
      4.77911,
      11.058,
      0.737847
    ],
    [
      5.17895,
      11.4215,
      0.737847
    ],
    [
      5.64382,
      11.64,
      -0.213813
    ],
    [
      6.15028,
      11.6768,
      0.109161
    ],
    [
      6.65672,
      11.7323,
      0.109161
    ],
    [
      7.16315,
      11.7878,
      0.109161
    ],
    [
      7.66958,
      11.8433,
      0.104196
    ],
    [
      8.24661,
      11.7523,
      -0.181378
    ],
    [
      8.82238,
      11.6467,
      -0.181378
    ],
    [
      9.39815,
      11.5411,
      -0.181378
    ],
    [
      9.97516,
      11.4497,
      0.0995513
    ],
    [
      10.4008,
      11.2049,
      -0.806418
    ],
    [
      10.7565,
      10.8339,
      -0.806418
    ],
    [
      11.1123,
      10.4629,
      -0.806418
    ],
    [
      11.4681,
      10.0919,
      -0.806418
    ],
    [
      11.8238,
      9.72082,
      -0.806418
    ],
    [
      12.1796,
      9.34979,
      -0.806418
    ],
    [
      12.4003,
      8.91238,
      -1.73183
    ],
    [
      12.4357,
      8.34023,
      -1.49088
    ],
    [
      12.4815,
      7.76808,
      -1.49088
    ],
    [
      12.5273,
      7.19593,
      -1.49088
    ],
    [
      12.5731,
      6.62378,
      -1.49088
    ],
    [
      12.6142,
      6.05151,
      -1.65394
    ],
    [
      12.6545,
      5.55897,
      -1.47787
    ],
    [
      12.7004,
      5.06663,
      -1.47787
    ],
    [
      12.7463,
      4.57428,
      -1.47787
    ],
    [
      12.7921,
      4.08193,
      -1.47787
    ],
    [
      12.838,
      3.58959,
      -1.47787
    ],
    [
      12.8771,
      3.09705,
      -1.67206
    ],
    [
      13.0563,
      2.20083,
      -1.35373
    ],
    [
      13.5,
      1.5,
      0.0
    ]
  ]
}