{
  "robot": {
    "class": "RectangleRobot",
    "radius": 0,
    "wheelbase": 0.37512913663657016,
    "max_velocity": 5.1560992152850025,
    "max_steering_at_zero_v": 0.9677795276894424,
    "max_steering_at_max_v": 0.19634954084936207,
    "acceleration": 4.177256707045793,
    "mu_static": 2.172816870603138,
    "width": 0.44899070917327166,
    "length": 0.5885270285039648,
    "collision_check_angle_res": 60
  },
  "planner": {
    "class": "Dubins_pathfinding",
    "start": [
      1.5,
      1.5,
      1.4052657956715344
    ],
    "goal": [
      13.5,
      1.5,
      0
    ],
    "bounds": [
      15,
      15
    ],
    "max_runtime": 60.0,
    "goal_threshold": 0.0,
    "solved_time": null,
    "interpolate_steps": 50
  },
  "path": [
    [
      1.5,
      1.5,
      0.0
    ],
    [
      1.77242,
      1.90551,
      1.48209
    ],
    [
      1.82146,
      2.45692,
      1.48209
    ],
    [
      1.8705,
      3.00833,
      1.48209
    ],
    [
      1.91954,
      3.55974,
      1.48209
    ],
    [
      1.96858,
      4.11115,
      1.48209
    ],
    [
      2.01762,
      4.66256,
      1.48209
    ],
    [
      2.06666,
      5.21397,
      1.48209
    ],
    [
      2.11426,
      5.76546,
      1.58809
    ],
    [
      2.19612,
      6.28993,
      1.4081
    ],
    [
      2.28214,
      6.81398,
      1.4081
    ],
    [
      2.36816,
      7.33802,
      1.4081
    ],
    [
      2.45419,
      7.86207,
      1.4081
    ],
    [
      2.54021,
      8.38611,
      1.4081
    ],
    [
      2.62623,
      8.91016,
      1.4081
    ],
    [
      2.80844,
      9.38534,
      0.483167
    ],
    [
      3.21835,
      9.79503,
      0.808514
    ],
    [
      3.61949,
      10.2152,
      0.808514
    ],
    [
      4.02062,
      10.6353,
      0.808514
    ],
    [
      4.42176,
      11.0554,
      0.808514
    ],
    [
      4.87069,
      11.3917,
      -0.0652332
    ],
    [
      5.35105,
      11.531,
      0.320296
    ],
    [
      5.82776,
      11.6892,
      0.320296
    ],
    [
      6.30447,
      11.8473,
      0.320296
    ],
    [
      6.7815,
      12.0043,
      0.225849
    ],
    [
      7.28715,
      11.9608,
      -0.115084
    ],
    [
      7.79277,
      11.9024,
      -0.115084
    ],
    [
      8.29839,
      11.8439,
      -0.115084
    ],
    [
      8.80402,
      11.7855,
      -0.115084
    ],
    [
      9.27908,
      11.651,
      -0.918727
    ],
    [
      9.78097,
      11.3526,
      -0.497836
    ],
    [
      10.2964,
      11.0725,
      -0.497836
    ],
    [
      10.8119,
      10.7923,
      -0.497836
    ],
    [
      11.3273,
      10.5122,
      -0.497836
    ],
    [
      11.8427,
      10.2319,
      -0.535305
    ],
    [
      12.1106,
      9.78058,
      -1.11567
    ],
    [
      12.3604,
      9.314,
      -0.727046
    ],
    [
      12.4645,
      8.73252,
      -1.52648
    ],
    [
      12.4914,
      8.1263,
      -1.52648
    ],
    [
      12.5183,
      7.52008,
      -1.52648
    ],
    [
      12.5527,
      6.91481,
      -1.2835
    ],
    [
      12.631,
      6.31852,
      -1.44594
    ],
    [
      12.7059,
      5.72163,
      -1.44594
    ],
    [
      12.7808,
      5.12474,
      -1.44594
    ],
    [
      12.8557,
      4.52785,
      -1.44594
    ],
    [
      12.9306,
      3.93096,
      -1.44594
    ],
    [
      13.0042,
      3.33395,
      -1.54717
    ],
    [
      13.1012,
      2.67475,
      -1.42173
    ],
    [
      13.2001,
      2.01576,
      -1.42173
    ],
    [
      13.5,
      1.5,
      0.0
    ]
  ]
}