{
  "robot": {
    "class": "RectangleRobot",
    "radius": 0,
    "wheelbase": 0.307910063812871,
    "max_velocity": 15.73937164739267,
    "max_steering_at_zero_v": 0.9699839438307746,
    "max_steering_at_max_v": 0.19634954084936207,
    "acceleration": 2.1539581563621706,
    "mu_static": 1.6067812822454512,
    "width": 0.4023870808994856,
    "length": 0.3266679257846334,
    "collision_check_angle_res": 60
  },
  "planner": {
    "class": "Dubins_pathfinding",
    "start": [
      1.5,
      1.5,
      0.016024423743903272
    ],
    "goal": [
      13.5,
      1.5,
      0
    ],
    "bounds": [
      15,
      15
    ],
    "max_runtime": 60.0,
    "goal_threshold": 0.0,
    "solved_time": null,
    "interpolate_steps": 50
  },
  "path": [
    [
      1.5,
      1.5,
      0.0
    ],
    [
      1.73369,
      1.89549,
      1.45599
    ],
    [
      1.79294,
      2.40935,
      1.45599
    ],
    [
      1.8522,
      2.92321,
      1.45599
    ],
    [
      1.91145,
      3.43707,
      1.45599
    ],
    [
      1.97245,
      3.95066,
      1.32678
    ],
    [
      2.04172,
      4.49401,
      1.44676
    ],
    [
      2.10949,
      5.0376,
      1.44676
    ],
    [
      2.17727,
      5.5812,
      1.44676
    ],
    [
      2.24504,
      6.12479,
      1.44676
    ],
    [
      2.31282,
      6.66838,
      1.44676
    ],
    [
      2.38229,
      7.21169,
      1.31899
    ],
    [
      2.44909,
      7.72781,
      1.44531
    ],
    [
      2.51424,
      8.2442,
      1.44531
    ],
    [
      2.57938,
      8.7606,
      1.44531
    ],
    [
      2.69883,
      9.25563,
      0.69575
    ],
    [
      3.1336,
      9.75434,
      0.857985
    ],
    [
      3.56431,
      10.2566,
      1.01492
    ],
    [
      3.9796,
      10.5296,
      0.533184
    ],
    [
      4.41044,
      10.7838,
      0.533184
    ],
    [
      4.84128,
      11.0381,
      0.533184
    ],
    [
      5.27212,
      11.2924,
      0.533184
    ],
    [
      5.70296,
      11.5467,
      0.533184
    ],
    [
      6.15347,
      11.716,
      -0.386957
    ],
    [
      6.58643,
      11.7704,
      0.208439
    ],
    [
      7.01753,
      11.867,
      0.432969
    ],
    [
      7.51191,
      11.8416,
      -0.113471
    ],
    [
      8.00842,
      11.785,
      -0.113471
    ],
    [
      8.50494,
      11.7284,
      -0.113471
    ],
    [
      9.00146,
      11.6719,
      -0.0926273
    ],
    [
      9.51011,
      11.4122,
      -0.502667
    ],
    [
      10.0124,
      11.1361,
      -0.502667
    ],
    [
      10.5147,
      10.8599,
      -0.502667
    ],
    [
      11.0171,
      10.5838,
      -0.502667
    ],
    [
      11.4436,
      10.2388,
      -1.50142
    ],
    [
      11.7303,
      9.79747,
      -0.931164
    ],
    [
      12.0477,
      9.37088,
      -0.931164
    ],
    [
      12.3437,
      8.93318,
      -1.41012
    ],
    [
      12.4045,
      8.34246,
      -1.4689
    ],
    [
      12.4649,
      7.75169,
      -1.4689
    ],
    [
      12.5253,
      7.16093,
      -1.45093
    ],
    [
      12.5998,
      6.50934,
      -1.45693
    ],
    [
      12.6744,
      5.85775,
      -1.45693
    ],
    [
      12.7489,
      5.20615,
      -1.45693
    ],
    [
      12.8353,
      4.55731,
      -1.11631
    ],
    [
      12.9431,
      3.92441,
      -1.41687
    ],
    [
      13.0416,
      3.28911,
      -1.41687
    ],
    [
      13.1402,
      2.65381,
      -1.41687
    ],
    [
      13.2387,
      2.01851,
      -1.41687
    ],
    [
      13.5,
      1.5,
      0.0
    ]
  ]
}