{
  "robot": {
    "class": "RectangleRobot",
    "radius": 0,
    "wheelbase": 0.5358645371375631,
    "max_velocity": 12.217972582882554,
    "max_steering_at_zero_v": 0.4768722451414523,
    "max_steering_at_max_v": 0.19634954084936207,
    "acceleration": 4.0035072107279985,
    "mu_static": 1.3401911617074422,
    "width": 0.2608745276964724,
    "length": 0.6474414116600702,
    "collision_check_angle_res": 60
  },
  "planner": {
    "class": "Dubins_pathfinding",
    "start": [
      1.5,
      1.5,
      1.2836365841233506
    ],
    "goal": [
      13.5,
      1.5,
      0
    ],
    "bounds": [
      15,
      15
    ],
    "max_runtime": 60.0,
    "goal_threshold": 0.0,
    "solved_time": null,
    "interpolate_steps": 50
  },
  "path": [
    [
      1.5,
      1.5,
      0.0
    ],
    [
      2.0414,
      1.65251,
      0.549167
    ],
    [
      2.42358,
      2.06519,
      1.09833
    ],
    [
      2.53416,
      2.61669,
      1.6475
    ],
    [
      2.48256,
      3.18395,
      1.66169
    ],
    [
      2.43086,
      3.75119,
      1.66169
    ],
    [
      2.37915,
      4.31844,
      1.66169
    ],
    [
      2.32745,
      4.88569,
      1.66169
    ],
    [
      2.27575,
      5.45294,
      1.66169
    ],
    [
      2.31079,
      6.03829,
      1.48277
    ],
    [
      2.36241,
      6.62317,
      1.48277
    ],
    [
      2.41403,
      7.20805,
      1.48277
    ],
    [
      2.46565,
      7.79294,
      1.48277
    ],
    [
      2.51727,
      8.37782,
      1.48277
    ],
    [
      2.68169,
      8.93435,
      1.00771
    ],
    [
      3.06221,
      9.36073,
      0.805004
    ],
    [
      3.45903,
      9.77342,
      0.805004
    ],
    [
      3.85585,
      10.1861,
      0.805004
    ],
    [
      4.25268,
      10.5988,
      0.805004
    ],
    [
      4.64951,
      11.0115,
      0.800342
    ],
    [
      5.09279,
      11.3397,
      0.599616
    ],
    [
      5.54898,
      11.6516,
      0.599616
    ],
    [
      6.00517,
      11.9634,
      0.599616
    ],
    [
      6.48305,
      12.2357,
      0.304275
    ],
    [
      7.02873,
      12.2564,
      -0.228491
    ],
    [
      7.62198,
      12.0481,
      -0.349821
    ],
    [
      8.21291,
      11.8325,
      -0.349821
    ],
    [
      8.80384,
      11.6169,
      -0.349821
    ],
    [
      9.39476,
      11.4013,
      -0.349821
    ],
    [
      9.98569,
      11.1857,
      -0.349821
    ],
    [
      10.5765,
      10.9699,
      -0.370354
    ],
    [
      11.0605,
      10.5879,
      -0.906392
    ],
    [
      11.4461,
      10.0956,
      -0.906392
    ],
    [
      11.8317,
      9.60325,
      -0.906392
    ],
    [
      12.2173,
      9.1109,
      -0.906392
    ],
    [
      12.5781,
      8.60213,
      -1.14612
    ],
    [
      12.8079,
      8.1136,
      -1.13082
    ],
    [
      13.0379,
      7.62512,
      -1.13082
    ],
    [
      13.2678,
      7.13664,
      -1.13082
    ],
    [
      13.4978,
      6.64816,
      -1.13082
    ],
    [
      13.6827,
      6.14381,
      -1.4347
    ],
    [
      13.7393,
      5.55319,
      -1.47673
    ],
    [
      13.7951,
      4.96248,
      -1.47673
    ],
    [
      13.8189,
      4.3714,
      -1.72505
    ],
    [
      13.5694,
      3.84193,
      -2.2971
    ],
    [
      13.0731,
      3.5318,
      -2.86916
    ],
    [
      12.4654,
      3.07093,
      -2.11622
    ],
    [
      12.3372,
      2.31915,
      -1.36327
    ],
    [
      12.7577,
      1.6829,
      -0.61033
    ],
    [
      13.5,
      1.5,
      0.0
    ]
  ]
}