{
  "robot": {
    "class": "RectangleRobot",
    "radius": 0,
    "wheelbase": 0.11348087212483085,
    "max_velocity": 8.028943506673977,
    "max_steering_at_zero_v": 0.5918246491308408,
    "max_steering_at_max_v": 0.19634954084936207,
    "acceleration": 8.554298287484364,
    "mu_static": 2.3753380698087088,
    "width": 0.7688917543894608,
    "length": 0.15934747874875504,
    "collision_check_angle_res": 60
  },
  "planner": {
    "class": "Dubins_pathfinding",
    "start": [
      1.5,
      1.5,
      0.3466024358938942
    ],
    "goal": [
      13.5,
      1.5,
      0
    ],
    "bounds": [
      15,
      15
    ],
    "max_runtime": 60.0,
    "goal_threshold": 0.0,
    "solved_time": null,
    "interpolate_steps": 50
  },
  "path": [
    [
      1.5,
      1.5,
      0.0
    ],
    [
      1.68827,
      1.89514,
      1.48765
    ],
    [
      1.72915,
      2.38575,
      1.48765
    ],
    [
      1.77004,
      2.87637,
      1.48765
    ],
    [
      1.81065,
      3.367,
      1.54549
    ],
    [
      1.85281,
      3.88949,
      1.48977
    ],
    [
      1.89524,
      4.41196,
      1.48977
    ],
    [
      1.93524,
      4.93449,
      1.65927
    ],
    [
      2.00949,
      5.45474,
      1.41988
    ],
    [
      2.08855,
      5.97465,
      1.41988
    ],
    [
      2.16243,
      6.4949,
      1.66834
    ],
    [
      2.24881,
      7.11642,
      1.42475
    ],
    [
      2.34019,
      7.73761,
      1.42475
    ],
    [
      2.43403,
      8.35828,
      1.25185
    ],
    [
      2.59656,
      8.94659,
      1.3016
    ],
    [
      2.81534,
      9.49888,
      0.400587
    ],
    [
      3.24213,
      9.95798,
      0.848422
    ],
    [
      3.65903,
      10.4291,
      0.723235
    ],
    [
      4.09832,
      10.8688,
      1.4156
    ],
    [
      4.59768,
      11.1687,
      0.404372
    ],
    [
      5.15361,
      11.4066,
      0.404372
    ],
    [
      5.70954,
      11.6445,
      0.404372
    ],
    [
      6.26547,
      11.8824,
      0.404372
    ],
    [
      6.82503,
      12.1072,
      0.00229738
    ],
    [
      7.38879,
      12.0143,
      -0.167587
    ],
    [
      7.95228,
      11.919,
      -0.167587
    ],
    [
      8.51578,
      11.8237,
      -0.167587
    ],
    [
      9.07927,
      11.7283,
      -0.167587
    ],
    [
      9.64276,
      11.633,
      -0.167587
    ],
    [
      10.2044,
      11.5738,
      0.490943
    ],
    [
      10.6024,
      11.3222,
      -0.840839
    ],
    [
      10.945,
      10.9394,
      -0.840839
    ],
    [
      11.2876,
      10.5566,
      -0.840839
    ],
    [
      11.6301,
      10.1737,
      -0.840839
    ],
    [
      11.9727,
      9.79091,
      -0.840839
    ],
    [
      12.3012,
      9.39883,
      -1.28905
    ],
    [
      12.4202,
      8.91774,
      -1.32856
    ],
    [
      12.5391,
      8.43663,
      -1.32856
    ],
    [
      12.658,
      7.95551,
      -1.32856
    ],
    [
      12.7852,
      7.47745,
      -1.00312
    ],
    [
      12.8709,
      6.89314,
      -1.45366
    ],
    [
      12.9402,
      6.30432,
      -1.45366
    ],
    [
      13.0095,
      5.71551,
      -1.45366
    ],
    [
      13.0788,
      5.1267,
      -1.45366
    ],
    [
      13.1481,
      4.53788,
      -1.45366
    ],
    [
      13.2066,
      3.9491,
      -1.81204
    ],
    [
      13.2358,
      3.31308,
      -1.51304
    ],
    [
      13.2726,
      2.67674,
      -1.51304
    ],
    [
      13.3094,
      2.04041,
      -1.51304
    ],
    [
      13.5,
      1.5,
      0.0
    ]
  ]
}