{
  "robot": {
    "class": "RectangleRobot",
    "radius": 0,
    "wheelbase": 0.674966678066028,
    "max_velocity": 5.163133873480638,
    "max_steering_at_zero_v": 0.8817768226027731,
    "max_steering_at_max_v": 0.19634954084936207,
    "acceleration": 2.0361799909944303,
    "mu_static": 0.8225990957723006,
    "width": 0.4067499911800534,
    "length": 0.7171955904979282,
    "collision_check_angle_res": 60
  },
  "planner": {
    "class": "Dubins_pathfinding",
    "start": [
      1.5,
      1.5,
      0.747021382050645
    ],
    "goal": [
      13.5,
      1.5,
      0
    ],
    "bounds": [
      15,
      15
    ],
    "max_runtime": 60.0,
    "goal_threshold": 0.0,
    "solved_time": null,
    "interpolate_steps": 50
  },
  "path": [
    [
      1.5,
      1.5,
      0.0
    ],
    [
      1.97086,
      1.76036,
      1.01019
    ],
    [
      2.07432,
      2.30528,
      1.5025
    ],
    [
      2.11264,
      2.8656,
      1.5025
    ],
    [
      2.15097,
      3.42592,
      1.5025
    ],
    [
      2.1893,
      3.98624,
      1.5025
    ],
    [
      2.22763,
      4.54656,
      1.5025
    ],
    [
      2.26614,
      5.10687,
      1.47658
    ],
    [
      2.31726,
      5.6805,
      1.48194
    ],
    [
      2.36836,
      6.25414,
      1.48194
    ],
    [
      2.41947,
      6.82778,
      1.48194
    ],
    [
      2.47058,
      7.40141,
      1.48194
    ],
    [
      2.52169,
      7.97505,
      1.48194
    ],
    [
      2.56328,
      8.54894,
      1.6671
    ],
    [
      2.69311,
      9.05109,
      1.15973
    ],
    [
      3.06749,
      9.54225,
      0.88599
    ],
    [
      3.4583,
      10.0224,
      0.946436
    ],
    [
      3.85153,
      10.3674,
      0.683709
    ],
    [
      4.25811,
      10.6987,
      0.683709
    ],
    [
      4.66469,
      11.03,
      0.683709
    ],
    [
      5.07127,
      11.3613,
      0.683709
    ],
    [
      5.47915,
      11.6909,
      0.596192
    ],
    [
      6.04534,
      11.8072,
      0.0741474
    ],
    [
      6.63,
      11.8506,
      0.0741474
    ],
    [
      7.21465,
      11.8941,
      0.0741474
    ],
    [
      7.7993,
      11.9375,
      0.0741474
    ],
    [
      8.38395,
      11.9809,
      0.0741474
    ],
    [
      8.9686,
      12.0244,
      0.0741474
    ],
    [
      9.49918,
      11.8409,
      -0.852964
    ],
    [
      9.9085,
      11.505,
      -0.669486
    ],
    [
      10.3241,
      11.1761,
      -0.669486
    ],
    [
      10.7396,
      10.8473,
      -0.669486
    ],
    [
      11.1552,
      10.5184,
      -0.669486
    ],
    [
      11.5707,
      10.1895,
      -0.669486
    ],
    [
      11.9863,
      9.86063,
      -0.669486
    ],
    [
      12.2741,
      9.43527,
      -1.43456
    ],
    [
      12.372,
      8.94813,
      -1.37012
    ],
    [
      12.471,
      8.46119,
      -1.37012
    ],
    [
      12.5701,
      7.97425,
      -1.37012
    ],
    [
      12.6686,
      7.48721,
      -1.41513
    ],
    [
      12.702,
      6.92797,
      -1.51627
    ],
    [
      12.7325,
      6.36848,
      -1.51627
    ],
    [
      12.763,
      5.80899,
      -1.51627
    ],
    [
      12.7936,
      5.24949,
      -1.51627
    ],
    [
      12.8241,
      4.69,
      -1.51627
    ],
    [
      12.8551,
      4.13054,
      -1.47761
    ],
    [
      12.8131,
      3.67786,
      -1.691
    ],
    [
      12.7905,
      3.22557,
      -1.35124
    ],
    [
      12.9207,
      2.20752,
      -1.44604
    ],
    [
      13.5,
      1.5,
      0.0
    ]
  ]
}