{
  "robot": {
    "class": "RectangleRobot",
    "radius": 0,
    "wheelbase": 0.1963882057738273,
    "max_velocity": 8.61901677773628,
    "max_steering_at_zero_v": 0.9321035209593448,
    "max_steering_at_max_v": 0.19634954084936207,
    "acceleration": 2.000534762370278,
    "mu_static": 0.26581491379208505,
    "width": 0.6611628424031348,
    "length": 0.3433295418882729,
    "collision_check_angle_res": 60
  },
  "planner": {
    "class": "Dubins_pathfinding",
    "start": [
      1.5,
      1.5,
      1.1266929787511464
    ],
    "goal": [
      13.5,
      1.5,
      0
    ],
    "bounds": [
      15,
      15
    ],
    "max_runtime": 60.0,
    "goal_threshold": 0.0,
    "solved_time": null,
    "interpolate_steps": 50
  },
  "path": [
    [
      1.5,
      1.5,
      0.0
    ],
    [
      1.69016,
      1.96572,
      1.43711
    ],
    [
      1.76373,
      2.51274,
      1.43711
    ],
    [
      1.83729,
      3.05976,
      1.43711
    ],
    [
      1.91086,
      3.60679,
      1.43711
    ],
    [
      1.98443,
      4.15381,
      1.43711
    ],
    [
      2.058,
      4.70083,
      1.43711
    ],
    [
      2.13157,
      5.24786,
      1.43711
    ],
    [
      2.19829,
      5.7951,
      1.74408
    ],
    [
      2.26844,
      6.36857,
      1.43729
    ],
    [
      2.34543,
      6.94183,
      1.43729
    ],
    [
      2.42242,
      7.51508,
      1.43729
    ],
    [
      2.49941,
      8.08834,
      1.43729
    ],
    [
      2.5764,
      8.6616,
      1.43729
    ],
    [
      2.67033,
      9.22965,
      0.942586
    ],
    [
      3.10089,
      9.70719,
      0.835794
    ],
    [
      3.52026,
      10.1921,
      1.2786
    ],
    [
      4.07875,
      10.7062,
      1.13496
    ],
    [
      4.4604,
      10.9747,
      0.563391
    ],
    [
      4.85821,
      11.226,
      0.563391
    ],
    [
      5.25246,
      11.4819,
      0.845962
    ],
    [
      5.83904,
      11.665,
      0.263449
    ],
    [
      6.43644,
      11.8261,
      0.263449
    ],
    [
      7.02537,
      12.0053,
      0.788422
    ],
    [
      7.56357,
      11.997,
      -0.119858
    ],
    [
      8.11246,
      11.9316,
      -0.025388
    ],
    [
      8.70041,
      11.801,
      -0.223254
    ],
    [
      9.27843,
      11.646,
      -0.794666
    ],
    [
      9.69358,
      11.4798,
      -0.349018
    ],
    [
      10.1156,
      11.3262,
      -0.349018
    ],
    [
      10.5369,
      11.171,
      -0.504198
    ],
    [
      10.9515,
      10.7528,
      -0.800627
    ],
    [
      11.3619,
      10.3297,
      -0.800627
    ],
    [
      11.7723,
      9.9066,
      -0.800627
    ],
    [
      12.1788,
      9.48036,
      -1.06232
    ],
    [
      12.4105,
      9.086,
      -1.03954
    ],
    [
      12.5609,
      8.67751,
      -2.12127
    ],
    [
      12.5754,
      8.13043,
      -1.49342
    ],
    [
      12.6181,
      7.57962,
      -1.49342
    ],
    [
      12.6608,
      7.02881,
      -1.49342
    ],
    [
      12.7035,
      6.47799,
      -1.49342
    ],
    [
      12.7462,
      5.92718,
      -1.49342
    ],
    [
      12.7882,
      5.37634,
      -1.59335
    ],
    [
      12.8477,
      4.92551,
      -1.43553
    ],
    [
      12.9091,
      4.47483,
      -1.43553
    ],
    [
      12.9704,
      4.02416,
      -1.43553
    ],
    [
      13.0317,
      3.57348,
      -1.43553
    ],
    [
      13.0933,
      3.12284,
      -1.3722
    ],
    [
      13.2424,
      2.2714,
      -1.39749
    ],
    [
      13.5,
      1.5,
      0.0
    ]
  ]
}