{
  "robot": {
    "class": "RectangleRobot",
    "radius": 0,
    "wheelbase": 0.10925716664024539,
    "max_velocity": 19.614561033718687,
    "max_steering_at_zero_v": 0.8797632582771029,
    "max_steering_at_max_v": 0.19634954084936207,
    "acceleration": 6.687256827304801,
    "mu_static": 2.237873602750454,
    "width": 0.6659550331322541,
    "length": 0.148547184175417,
    "collision_check_angle_res": 60
  },
  "planner": {
    "class": "Dubins_pathfinding",
    "start": [
      1.5,
      1.5,
      0.39167161957445434
    ],
    "goal": [
      13.5,
      1.5,
      0
    ],
    "bounds": [
      15,
      15
    ],
    "max_runtime": 60.0,
    "goal_threshold": 0.0,
    "solved_time": null,
    "interpolate_steps": 50
  },
  "path": [
    [
      1.5,
      1.5,
      0.0
    ],
    [
      1.63566,
      2.03345,
      1.46994
    ],
    [
      1.6948,
      2.61778,
      1.46994
    ],
    [
      1.75393,
      3.20211,
      1.46994
    ],
    [
      1.81306,
      3.78645,
      1.46994
    ],
    [
      1.87244,
      4.37075,
      1.39549
    ],
    [
      1.96082,
      4.9435,
      1.41773
    ],
    [
      2.04918,
      5.51625,
      1.41773
    ],
    [
      2.13754,
      6.08901,
      1.41773
    ],
    [
      2.22589,
      6.66176,
      1.41773
    ],
    [
      2.31425,
      7.23451,
      1.41773
    ],
    [
      2.40156,
      7.80737,
      1.57052
    ],
    [
      2.51743,
      8.37197,
      1.36508
    ],
    [
      2.63519,
      8.93632,
      1.36508
    ],
    [
      2.76146,
      9.4975,
      0.915571
    ],
    [
      3.11028,
      9.83178,
      0.761917
    ],
    [
      3.45987,
      10.1653,
      0.761917
    ],
    [
      3.80946,
      10.4989,
      0.761917
    ],
    [
      4.1753,
      10.7996,
      -0.149268
    ],
    [
      4.70063,
      11.083,
      0.528276
    ],
    [
      5.22236,
      11.3802,
      0.152302
    ],
    [
      5.71066,
      11.5724,
      0.387458
    ],
    [
      6.29348,
      11.7069,
      0.224763
    ],
    [
      6.87663,
      11.8402,
      0.224763
    ],
    [
      7.44778,
      11.9966,
      0.990091
    ],
    [
      7.90866,
      11.9488,
      -0.232101
    ],
    [
      8.38069,
      11.8373,
      -0.232101
    ],
    [
      8.85272,
      11.7257,
      -0.232101
    ],
    [
      9.32529,
      11.6299,
      0.362252
    ],
    [
      9.79372,
      11.3967,
      -0.525691
    ],
    [
      10.2542,
      11.1296,
      -0.525691
    ],
    [
      10.7147,
      10.8625,
      -0.525691
    ],
    [
      11.153,
      10.5739,
      -1.3588
    ],
    [
      11.5116,
      10.2045,
      -0.770877
    ],
    [
      11.8829,
      9.84376,
      -0.770877
    ],
    [
      12.2455,
      9.47659,
      -1.2634
    ],
    [
      12.3305,
      8.92159,
      -1.42082
    ],
    [
      12.4144,
      8.36636,
      -1.42082
    ],
    [
      12.4983,
      7.81114,
      -1.42082
    ],
    [
      12.5822,
      7.25591,
      -1.42082
    ],
    [
      12.6661,
      6.70068,
      -1.42082
    ],
    [
      12.7496,
      6.14541,
      -1.51598
    ],
    [
      12.8204,
      5.63482,
      -1.43245
    ],
    [
      12.8915,
      5.12427,
      -1.43245
    ],
    [
      12.9625,
      4.61373,
      -1.43245
    ],
    [
      13.0336,
      4.10318,
      -1.42895
    ],
    [
      13.1326,
      3.43985,
      -1.42265
    ],
    [
      13.2316,
      2.77653,
      -1.42265
    ],
    [
      13.3306,
      2.1132,
      -1.42265
    ],
    [
      13.5,
      1.5,
      0.0
    ]
  ]
}