{
  "robot": {
    "class": "RectangleRobot",
    "radius": 0,
    "wheelbase": 0.622110051336604,
    "max_velocity": 6.943157546993845,
    "max_steering_at_zero_v": 0.6794212864602642,
    "max_steering_at_max_v": 0.19634954084936207,
    "acceleration": 8.511362053349686,
    "mu_static": 0.8482461362474675,
    "width": 0.32197033269330533,
    "length": 0.7565530228945683,
    "collision_check_angle_res": 60
  },
  "planner": {
    "class": "Dubins_pathfinding",
    "start": [
      1.5,
      1.5,
      1.3246627771409878
    ],
    "goal": [
      13.5,
      1.5,
      0
    ],
    "bounds": [
      15,
      15
    ],
    "max_runtime": 60.0,
    "goal_threshold": 0.0,
    "solved_time": null,
    "interpolate_steps": 50
  },
  "path": [
    [
      1.5,
      1.5,
      0.0
    ],
    [
      2.03705,
      1.71812,
      0.771585
    ],
    [
      2.26993,
      2.24894,
      1.54317
    ],
    [
      2.25738,
      2.84309,
      1.59356
    ],
    [
      2.24385,
      3.43722,
      1.59356
    ],
    [
      2.23033,
      4.03136,
      1.59356
    ],
    [
      2.2168,
      4.62549,
      1.59356
    ],
    [
      2.2343,
      5.21739,
      1.30904
    ],
    [
      2.27213,
      5.76314,
      1.5385
    ],
    [
      2.28984,
      6.31109,
      1.5385
    ],
    [
      2.30754,
      6.85904,
      1.5385
    ],
    [
      2.32524,
      7.40699,
      1.5385
    ],
    [
      2.34426,
      7.95487,
      1.4798
    ],
    [
      2.5073,
      8.43757,
      1.17562
    ],
    [
      2.70435,
      8.90998,
      1.17562
    ],
    [
      2.90141,
      9.38239,
      1.17562
    ],
    [
      3.07731,
      9.8617,
      1.41614
    ],
    [
      3.35113,
      10.3877,
      0.725463
    ],
    [
      3.80269,
      10.7464,
      0.669147
    ],
    [
      4.25503,
      11.1041,
      0.669147
    ],
    [
      4.78217,
      11.3046,
      -0.00759083
    ],
    [
      5.32479,
      11.4114,
      0.23512
    ],
    [
      5.86393,
      11.5406,
      0.23512
    ],
    [
      6.40308,
      11.6697,
      0.23512
    ],
    [
      6.94222,
      11.7989,
      0.23512
    ],
    [
      7.48137,
      11.928,
      0.23512
    ],
    [
      8.02398,
      12.0349,
      -0.00701216
    ],
    [
      8.53038,
      11.8403,
      -0.726804
    ],
    [
      9.01173,
      11.6067,
      -0.351199
    ],
    [
      9.51791,
      11.4213,
      -0.351199
    ],
    [
      10.0241,
      11.2358,
      -0.351199
    ],
    [
      10.5302,
      11.0504,
      -0.351199
    ],
    [
      11.0364,
      10.8649,
      -0.351199
    ],
    [
      11.5307,
      10.6542,
      -0.620847
    ],
    [
      11.8289,
      10.2183,
      -1.32075
    ],
    [
      12.0496,
      9.66215,
      -1.18021
    ],
    [
      12.2776,
      9.10858,
      -1.18021
    ],
    [
      12.5055,
      8.555,
      -1.18021
    ],
    [
      12.7334,
      8.00143,
      -1.18021
    ],
    [
      12.9614,
      7.44786,
      -1.18021
    ],
    [
      13.0645,
      6.86921,
      -1.75772
    ],
    [
      13.0432,
      6.23886,
      -1.58685
    ],
    [
      13.0331,
      5.60769,
      -1.58685
    ],
    [
      13.0229,
      4.97652,
      -1.58685
    ],
    [
      13.0128,
      4.34535,
      -1.58685
    ],
    [
      13.0027,
      3.71418,
      -1.58685
    ],
    [
      12.8934,
      3.10178,
      -2.10058
    ],
    [
      12.7449,
      2.43554,
      -1.70124
    ],
    [
      12.8999,
      1.78739,
      -0.893265
    ],
    [
      13.5,
      1.5,
      0.0
    ]
  ]
}