{
  "robot": {
    "class": "RectangleRobot",
    "radius": 0,
    "wheelbase": 0.7225121997302397,
    "max_velocity": 10.684098947696429,
    "max_steering_at_zero_v": 0.6142833954085364,
    "max_steering_at_max_v": 0.19634954084936207,
    "acceleration": 3.6152334018497223,
    "mu_static": 0.712706707078809,
    "width": 0.2827356715805547,
    "length": 0.7594817064249036,
    "collision_check_angle_res": 60
  },
  "planner": {
    "class": "Dubins_pathfinding",
    "start": [
      1.5,
      1.5,
      0.24018193196617968
    ],
    "goal": [
      13.5,
      1.5,
      0
    ],
    "bounds": [
      15,
      15
    ],
    "max_runtime": 60.0,
    "goal_threshold": 0.0,
    "solved_time": null,
    "interpolate_steps": 50
  },
  "path": [
    [
      1.5,
      1.5,
      0.0
    ],
    [
      2.05471,
      1.66319,
      0.572232
    ],
    [
      2.43269,
      2.10077,
      1.14446
    ],
    [
      2.52755,
      2.67381,
      1.55096
    ],
    [
      2.53917,
      3.25988,
      1.55096
    ],
    [
      2.5508,
      3.84595,
      1.55096
    ],
    [
      2.55189,
      4.43172,
      1.69446
    ],
    [
      2.53497,
      5.01702,
      1.59019
    ],
    [
      2.52361,
      5.60261,
      1.59019
    ],
    [
      2.51225,
      6.18821,
      1.59019
    ],
    [
      2.50089,
      6.77381,
      1.59019
    ],
    [
      2.48953,
      7.3594,
      1.59019
    ],
    [
      2.47817,
      7.945,
      1.59019
    ],
    [
      2.47168,
      8.53053,
      1.49272
    ],
    [
      2.65639,
      9.04187,
      0.955553
    ],
    [
      2.9782,
      9.48822,
      0.946055
    ],
    [
      3.30004,
      9.93455,
      0.946055
    ],
    [
      3.62192,
      10.3809,
      0.937507
    ],
    [
      4.04842,
      10.718,
      0.400339
    ],
    [
      4.52275,
      10.9399,
      0.439041
    ],
    [
      4.99675,
      11.1625,
      0.439041
    ],
    [
      5.47076,
      11.3851,
      0.439041
    ],
    [
      5.94476,
      11.6077,
      0.439041
    ],
    [
      6.41932,
      11.8291,
      0.387795
    ],
    [
      7.02414,
      11.8904,
      -0.0842441
    ],
    [
      7.63723,
      11.8387,
      -0.0842441
    ],
    [
      8.25032,
      11.7869,
      -0.0842441
    ],
    [
      8.86341,
      11.7351,
      -0.0842441
    ],
    [
      9.4765,
      11.6833,
      -0.0897606
    ],
    [
      10.037,
      11.4529,
      -0.690388
    ],
    [
      10.4331,
      11.0344,
      -0.830306
    ],
    [
      10.8221,
      10.6088,
      -0.830306
    ],
    [
      11.211,
      10.1832,
      -0.830306
    ],
    [
      11.6,
      9.75764,
      -0.830306
    ],
    [
      11.989,
      9.33205,
      -0.830306
    ],
    [
      12.299,
      8.85286,
      -1.26315
    ],
    [
      12.387,
      8.37353,
      -1.41277
    ],
    [
      12.4607,
      7.89143,
      -1.48975
    ],
    [
      12.572,
      7.35102,
      -1.34951
    ],
    [
      12.6932,
      6.81236,
      -1.34951
    ],
    [
      12.8143,
      6.27369,
      -1.34951
    ],
    [
      12.9355,
      5.73503,
      -1.34951
    ],
    [
      13.0567,
      5.19637,
      -1.34951
    ],
    [
      13.1777,
      4.65766,
      -1.37024
    ],
    [
      13.1401,
      4.11349,
      -1.90923
    ],
    [
      12.8285,
      3.66575,
      -2.44821
    ],
    [
      12.4753,
      3.06028,
      -1.74978
    ],
    [
      12.4911,
      2.34709,
      -1.39685
    ],
    [
      12.8413,
      1.73985,
      -0.698425
    ],
    [
      13.5,
      1.5,
      0.0
    ]
  ]
}