{
  "robot": {
    "class": "RectangleRobot",
    "radius": 0,
    "wheelbase": 0.3665842819327092,
    "max_velocity": 13.214459385883389,
    "max_steering_at_zero_v": 0.7265650302734936,
    "max_steering_at_max_v": 0.19634954084936207,
    "acceleration": 6.495898324965629,
    "mu_static": 0.9851242928850158,
    "width": 0.5076997351763529,
    "length": 0.3781597621356054,
    "collision_check_angle_res": 60
  },
  "planner": {
    "class": "Dubins_pathfinding",
    "start": [
      1.5,
      1.5,
      0.38131372597792373
    ],
    "goal": [
      13.5,
      1.5,
      0
    ],
    "bounds": [
      15,
      15
    ],
    "max_runtime": 60.0,
    "goal_threshold": 0.0,
    "solved_time": null,
    "interpolate_steps": 50
  },
  "path": [
    [
      1.5,
      1.5,
      0.0
    ],
    [
      1.90485,
      1.83352,
      1.3782
    ],
    [
      1.95922,
      2.39932,
      1.47865
    ],
    [
      2.01152,
      2.96537,
      1.47865
    ],
    [
      2.06383,
      3.53143,
      1.47865
    ],
    [
      2.11613,
      4.09749,
      1.47865
    ],
    [
      2.16844,
      4.66355,
      1.47865
    ],
    [
      2.21224,
      5.22981,
      1.68191
    ],
    [
      2.25134,
      5.72461,
      1.47405
    ],
    [
      2.29933,
      6.21917,
      1.47405
    ],
    [
      2.34732,
      6.71372,
      1.47405
    ],
    [
      2.39333,
      7.20841,
      1.57238
    ],
    [
      2.43038,
      7.72125,
      1.49635
    ],
    [
      2.46863,
      8.23404,
      1.49635
    ],
    [
      2.5179,
      8.74513,
      1.26353
    ],
    [
      2.83012,
      9.26413,
      1.00692
    ],
    [
      3.15437,
      9.77689,
      1.00692
    ],
    [
      3.47617,
      10.2911,
      1.12427
    ],
    [
      3.90906,
      10.6331,
      0.547356
    ],
    [
      4.38778,
      10.9249,
      0.547356
    ],
    [
      4.86651,
      11.2166,
      0.547356
    ],
    [
      5.35114,
      11.4966,
      0.293854
    ],
    [
      5.8047,
      11.6469,
      0.320332
    ],
    [
      6.25822,
      11.7973,
      0.320332
    ],
    [
      6.7117,
      11.9479,
      0.343982
    ],
    [
      7.24182,
      11.9508,
      -0.0559876
    ],
    [
      7.77448,
      11.9209,
      -0.0559876
    ],
    [
      8.30608,
      11.9121,
      0.263877
    ],
    [
      8.84268,
      11.7767,
      -0.411508
    ],
    [
      9.36204,
      11.5501,
      -0.411508
    ],
    [
      9.8814,
      11.3234,
      -0.411508
    ],
    [
      10.4008,
      11.0967,
      -0.411508
    ],
    [
      10.9201,
      10.8701,
      -0.411508
    ],
    [
      11.4395,
      10.6434,
      -0.411508
    ],
    [
      11.769,
      10.2306,
      -1.56837
    ],
    [
      11.9986,
      9.75767,
      -0.991477
    ],
    [
      12.2905,
      9.31002,
      -1.05418
    ],
    [
      12.3837,
      8.79446,
      -1.45397
    ],
    [
      12.4452,
      8.27077,
      -1.45397
    ],
    [
      12.5066,
      7.74708,
      -1.45397
    ],
    [
      12.5681,
      7.2234,
      -1.45397
    ],
    [
      12.6343,
      6.7005,
      -1.30178
    ],
    [
      12.7293,
      6.21627,
      -1.37949
    ],
    [
      12.8069,
      5.73018,
      -1.66097
    ],
    [
      12.8411,
      5.09622,
      -1.50957
    ],
    [
      12.8789,
      4.46228,
      -1.58169
    ],
    [
      12.9426,
      3.6633,
      -1.48899
    ],
    [
      13.0081,
      2.86442,
      -1.48899
    ],
    [
      13.0736,
      2.06554,
      -1.48899
    ],
    [
      13.5,
      1.5,
      0.0
    ]
  ]
}