{
  "robot": {
    "class": "RectangleRobot",
    "radius": 0,
    "wheelbase": 0.8430585433166919,
    "max_velocity": 19.842110021705242,
    "max_steering_at_zero_v": 1.0014243142397041,
    "max_steering_at_max_v": 0.19634954084936207,
    "acceleration": 8.277129815154366,
    "mu_static": 2.0003825541416433,
    "width": 0.2689677654072762,
    "length": 0.8673577884183552,
    "collision_check_angle_res": 60
  },
  "planner": {
    "class": "Dubins_pathfinding",
    "start": [
      1.5,
      1.5,
      1.51364841462026
    ],
    "goal": [
      13.5,
      1.5,
      0
    ],
    "bounds": [
      15,
      15
    ],
    "max_runtime": 60.0,
    "goal_threshold": 0.0,
    "solved_time": null,
    "interpolate_steps": 50
  },
  "path": [
    [
      1.5,
      1.5,
      0.0
    ],
    [
      1.95291,
      1.74625,
      0.995999
    ],
    [
      2.05941,
      2.26611,
      1.49118
    ],
    [
      2.10216,
      2.80187,
      1.49118
    ],
    [
      2.1449,
      3.33764,
      1.49118
    ],
    [
      2.18765,
      3.87341,
      1.49118
    ],
    [
      2.19407,
      4.40761,
      1.85897
    ],
    [
      2.19895,
      4.91982,
      1.49049
    ],
    [
      2.2403,
      5.43358,
      1.49049
    ],
    [
      2.28164,
      5.94733,
      1.49049
    ],
    [
      2.32299,
      6.46109,
      1.49049
    ],
    [
      2.36434,
      6.97484,
      1.49049
    ],
    [
      2.3823,
      7.48818,
      1.78527
    ],
    [
      2.32657,
      8.31577,
      1.21256
    ],
    [
      2.65184,
      8.77628,
      0.913293
    ],
    [
      2.99755,
      9.22403,
      0.913293
    ],
    [
      3.34326,
      9.67178,
      0.913293
    ],
    [
      3.68428,
      10.1228,
      1.05904
    ],
    [
      4.11871,
      10.4771,
      0.57193
    ],
    [
      4.59575,
      10.7842,
      0.57193
    ],
    [
      5.07279,
      11.0912,
      0.57193
    ],
    [
      5.54984,
      11.3983,
      0.57193
    ],
    [
      6.02688,
      11.7054,
      0.57193
    ],
    [
      6.50549,
      12.0098,
      0.465192
    ],
    [
      7.00134,
      12.0493,
      -0.0761353
    ],
    [
      7.50535,
      12.0109,
      -0.0761353
    ],
    [
      8.00935,
      11.9725,
      -0.0761353
    ],
    [
      8.51335,
      11.934,
      -0.0761353
    ],
    [
      9.0033,
      11.8367,
      -0.551184
    ],
    [
      9.58592,
      11.4657,
      -0.157329
    ],
    [
      10.0224,
      11.1938,
      -0.71928
    ],
    [
      10.4161,
      10.849,
      -0.71928
    ],
    [
      10.8097,
      10.5043,
      -0.71928
    ],
    [
      11.2033,
      10.1595,
      -0.71928
    ],
    [
      11.597,
      9.81477,
      -0.71928
    ],
    [
      11.9899,
      9.46923,
      -0.782266
    ],
    [
      12.2151,
      9.06094,
      -1.14017
    ],
    [
      12.4105,
      8.63448,
      -1.1808
    ],
    [
      12.5275,
      8.0772,
      -1.38328
    ],
    [
      12.6331,
      7.51703,
      -1.43213
    ],
    [
      12.6803,
      6.67476,
      -1.76031
    ],
    [
      12.7092,
      6.09415,
      -1.48631
    ],
    [
      12.7584,
      5.51339,
      -1.48631
    ],
    [
      12.8076,
      4.93264,
      -1.48631
    ],
    [
      12.8568,
      4.35189,
      -1.48631
    ],
    [
      12.906,
      3.77113,
      -1.48631
    ],
    [
      12.9551,
      3.19038,
      -1.48631
    ],
    [
      13.004,
      2.6096,
      -1.52345
    ],
    [
      12.9779,
      1.90324,
      -1.31528
    ],
    [
      13.5,
      1.5,
      0.0
    ]
  ]
}