{
  "robot": {
    "class": "RectangleRobot",
    "radius": 0,
    "wheelbase": 0.14508753702338098,
    "max_velocity": 8.873513121050562,
    "max_steering_at_zero_v": 0.9334783942486286,
    "max_steering_at_max_v": 0.19634954084936207,
    "acceleration": 2.1346571613384837,
    "mu_static": 1.8580419970479818,
    "width": 0.2567379305773841,
    "length": 0.2268223874334954,
    "collision_check_angle_res": 60
  },
  "planner": {
    "class": "Dubins_pathfinding",
    "start": [
      1.5,
      1.5,
      0.9959249804285427
    ],
    "goal": [
      13.5,
      1.5,
      0
    ],
    "bounds": [
      15,
      15
    ],
    "max_runtime": 60.0,
    "goal_threshold": 0.0,
    "solved_time": null,
    "interpolate_steps": 50
  },
  "path": [
    [
      1.5,
      1.5,
      0.0
    ],
    [
      1.6525,
      1.8124,
      1.36513
    ],
    [
      1.72978,
      2.18287,
      1.36513
    ],
    [
      1.80707,
      2.55334,
      1.36513
    ],
    [
      1.88435,
      2.92382,
      1.36513
    ],
    [
      1.96164,
      3.29429,
      1.36513
    ],
    [
      2.03893,
      3.66476,
      1.36513
    ],
    [
      2.11551,
      4.03535,
      1.48018
    ],
    [
      2.22422,
      4.45989,
      1.31687
    ],
    [
      2.33432,
      4.88415,
      1.31687
    ],
    [
      2.44443,
      5.30841,
      1.31687
    ],
    [
      2.55454,
      5.73267,
      1.31687
    ],
    [
      2.6917,
      6.14185,
      0.551224
    ],
    [
      3.0501,
      6.39372,
      0.613058
    ],
    [
      3.40838,
      6.64576,
      0.613058
    ],
    [
      3.76666,
      6.89781,
      0.613058
    ],
    [
      4.12595,
      7.14819,
      0.42273
    ],
    [
      4.54216,
      7.2532,
      0.243112
    ],
    [
      4.95888,
      7.35655,
      0.243112
    ],
    [
      5.3756,
      7.45991,
      0.243112
    ],
    [
      5.79233,
      7.56326,
      0.243112
    ],
    [
      6.20905,
      7.66662,
      0.243112
    ],
    [
      6.62659,
      7.76358,
      -0.103827
    ],
    [
      7.04903,
      7.83703,
      0.182345
    ],
    [
      7.47109,
      7.91486,
      0.182345
    ],
    [
      7.8916,
      7.96544,
      -0.535535
    ],
    [
      8.27517,
      7.86909,
      -0.233848
    ],
    [
      8.66033,
      7.77734,
      -0.233848
    ],
    [
      9.0455,
      7.68559,
      -0.233848
    ],
    [
      9.43067,
      7.59384,
      -0.233848
    ],
    [
      9.81583,
      7.50209,
      -0.233848
    ],
    [
      10.201,
      7.41034,
      -0.233848
    ],
    [
      10.5513,
      7.26725,
      -1.32678
    ],
    [
      10.8538,
      7.07478,
      -0.460991
    ],
    [
      11.1832,
      6.91119,
      -0.460991
    ],
    [
      11.5125,
      6.74761,
      -0.460991
    ],
    [
      11.8296,
      6.56837,
      -1.07254
    ],
    [
      12.0929,
      6.2358,
      -0.897421
    ],
    [
      12.3573,
      5.90413,
      -0.93848
    ],
    [
      12.44,
      5.55345,
      -1.36608
    ],
    [
      12.5135,
      5.19943,
      -1.36608
    ],
    [
      12.587,
      4.84542,
      -1.36608
    ],
    [
      12.6605,
      4.49141,
      -1.36608
    ],
    [
      12.734,
      4.1374,
      -1.36608
    ],
    [
      12.8075,
      3.78338,
      -1.36608
    ],
    [
      12.8813,
      3.42942,
      -1.29988
    ],
    [
      13.0194,
      2.93311,
      -1.29928
    ],
    [
      13.1576,
      2.43679,
      -1.29928
    ],
    [
      13.2958,
      1.94047,
      -1.29928
    ],
    [
      13.5,
      1.5,
      0.0
    ]
  ]
}