{
  "robot": {
    "class": "RectangleRobot",
    "radius": 0,
    "wheelbase": 0.10055529594100993,
    "max_velocity": 8.45182614998678,
    "max_steering_at_zero_v": 0.39595594638641324,
    "max_steering_at_max_v": 0.19634954084936207,
    "acceleration": 3.8808094382492344,
    "mu_static": 1.3900413401587166,
    "width": 0.4984734619392659,
    "length": 0.16401546520965932,
    "collision_check_angle_res": 60
  },
  "planner": {
    "class": "Dubins_pathfinding",
    "start": [
      1.5,
      1.5,
      0.017066276542209855
    ],
    "goal": [
      13.5,
      1.5,
      0
    ],
    "bounds": [
      15,
      15
    ],
    "max_runtime": 60.0,
    "goal_threshold": 0.0,
    "solved_time": null,
    "interpolate_steps": 50
  },
  "path": [
    [
      1.5,
      1.5,
      0.0
    ],
    [
      1.76712,
      1.92734,
      1.44032
    ],
    [
      1.84081,
      2.48894,
      1.44032
    ],
    [
      1.9145,
      3.05055,
      1.44032
    ],
    [
      1.98819,
      3.61216,
      1.44032
    ],
    [
      2.06189,
      4.17376,
      1.44032
    ],
    [
      2.13558,
      4.73537,
      1.44032
    ],
    [
      2.21004,
      5.29685,
      1.35981
    ],
    [
      2.26395,
      5.83559,
      1.47396
    ],
    [
      2.31631,
      6.37454,
      1.47396
    ],
    [
      2.36866,
      6.9135,
      1.47396
    ],
    [
      2.42102,
      7.45245,
      1.47396
    ],
    [
      2.47337,
      7.9914,
      1.47396
    ],
    [
      2.52804,
      8.53002,
      1.33468
    ],
    [
      2.75624,
      8.97317,
      1.07964
    ],
    [
      2.99162,
      9.41323,
      1.07964
    ],
    [
      3.227,
      9.85329,
      1.07964
    ],
    [
      3.5057,
      10.2551,
      0.381704
    ],
    [
      3.97693,
      10.5693,
      0.598032
    ],
    [
      4.44535,
      10.8884,
      0.598032
    ],
    [
      4.90974,
      11.2126,
      0.829592
    ],
    [
      5.48183,
      11.409,
      0.269964
    ],
    [
      6.07038,
      11.5718,
      0.269964
    ],
    [
      6.65893,
      11.7347,
      0.269964
    ],
    [
      7.24801,
      11.8238,
      -0.520102
    ],
    [
      7.89831,
      11.8022,
      0.0194198
    ],
    [
      8.55413,
      11.8137,
      -0.0840293
    ],
    [
      9.08773,
      11.5818,
      -0.435178
    ],
    [
      9.6167,
      11.3359,
      -0.435178
    ],
    [
      10.1457,
      11.0899,
      -0.435178
    ],
    [
      10.6354,
      10.7952,
      -1.16249
    ],
    [
      11.0301,
      10.4214,
      -0.714432
    ],
    [
      11.4432,
      10.0632,
      -0.714432
    ],
    [
      11.8562,
      9.70498,
      -0.714432
    ],
    [
      12.1788,
      9.29243,
      -1.66285
    ],
    [
      12.2731,
      8.87385,
      -1.31563
    ],
    [
      12.3818,
      8.45727,
      -1.31563
    ],
    [
      12.4595,
      8.03806,
      -1.82572
    ],
    [
      12.5101,
      7.53641,
      -1.4342
    ],
    [
      12.579,
      7.03489,
      -1.4342
    ],
    [
      12.6479,
      6.53336,
      -1.4342
    ],
    [
      12.7169,
      6.03183,
      -1.4342
    ],
    [
      12.7858,
      5.5303,
      -1.4342
    ],
    [
      12.8694,
      5.03258,
      -1.07907
    ],
    [
      12.8808,
      4.42464,
      -1.80962
    ],
    [
      12.9528,
      3.81275,
      -1.4251
    ],
    [
      13.0426,
      3.20118,
      -1.4251
    ],
    [
      13.1323,
      2.5896,
      -1.4251
    ],
    [
      13.222,
      1.97803,
      -1.4251
    ],
    [
      13.5,
      1.5,
      0.0
    ]
  ]
}