{
  "robot": {
    "class": "RectangleRobot",
    "radius": 0,
    "wheelbase": 0.38036040868606297,
    "max_velocity": 16.017144646940174,
    "max_steering_at_zero_v": 0.7683661127844745,
    "max_steering_at_max_v": 0.19634954084936207,
    "acceleration": 9.446472523509694,
    "mu_static": 1.9500365680503915,
    "width": 0.24080949830026188,
    "length": 0.815526819230999,
    "collision_check_angle_res": 60
  },
  "planner": {
    "class": "Dubins_pathfinding",
    "start": [
      1.5,
      1.5,
      0.0789066994213714
    ],
    "goal": [
      13.5,
      1.5,
      0
    ],
    "bounds": [
      15,
      15
    ],
    "max_runtime": 60.0,
    "goal_threshold": 0.0,
    "solved_time": null,
    "interpolate_steps": 50
  },
  "path": [
    [
      1.5,
      1.5,
      0.0
    ],
    [
      1.89287,
      1.85607,
      1.40081
    ],
    [
      1.99112,
      2.42851,
      1.40081
    ],
    [
      2.08937,
      3.00094,
      1.40081
    ],
    [
      2.17724,
      3.57435,
      1.63129
    ],
    [
      2.21101,
      4.14228,
      1.50598
    ],
    [
      2.24787,
      4.71014,
      1.50598
    ],
    [
      2.28472,
      5.278,
      1.50598
    ],
    [
      2.32158,
      5.84586,
      1.50598
    ],
    [
      2.35844,
      6.41373,
      1.50598
    ],
    [
      2.3953,
      6.98159,
      1.50598
    ],
    [
      2.43216,
      7.54945,
      1.50598
    ],
    [
      2.49064,
      8.11346,
      1.17138
    ],
    [
      2.63283,
      8.89971,
      1.41493
    ],
    [
      2.96691,
      9.32489,
      0.748431
    ],
    [
      3.37222,
      9.70129,
      0.748431
    ],
    [
      3.77752,
      10.0777,
      0.748431
    ],
    [
      4.18283,
      10.4541,
      0.748431
    ],
    [
      4.58813,
      10.8305,
      0.748431
    ],
    [
      4.99115,
      11.2091,
      0.876374
    ],
    [
      5.50287,
      11.415,
      0.244085
    ],
    [
      6.04875,
      11.5509,
      0.244085
    ],
    [
      6.59462,
      11.6869,
      0.244085
    ],
    [
      7.1405,
      11.8228,
      0.244085
    ],
    [
      7.68974,
      11.9299,
      -0.141194
    ],
    [
      8.25972,
      11.8574,
      -0.126354
    ],
    [
      8.82971,
      11.785,
      -0.126354
    ],
    [
      9.39963,
      11.7121,
      -0.176212
    ],
    [
      9.79752,
      11.4282,
      -0.748497
    ],
    [
      10.1616,
      11.09,
      -0.748497
    ],
    [
      10.5257,
      10.7519,
      -0.748497
    ],
    [
      10.8897,
      10.4137,
      -0.748497
    ],
    [
      11.2538,
      10.0756,
      -0.748497
    ],
    [
      11.6179,
      9.73742,
      -0.748497
    ],
    [
      11.982,
      9.39927,
      -0.748497
    ],
    [
      12.3343,
      9.05067,
      -1.03131
    ],
    [
      12.4325,
      8.56208,
      -1.43647
    ],
    [
      12.4997,
      8.06493,
      -1.43647
    ],
    [
      12.5639,
      7.56751,
      -1.55969
    ],
    [
      12.5815,
      6.98905,
      -1.54017
    ],
    [
      12.5993,
      6.4106,
      -1.54017
    ],
    [
      12.617,
      5.83215,
      -1.54017
    ],
    [
      12.6561,
      5.25674,
      -1.20832
    ],
    [
      12.7478,
      4.75646,
      -1.40425
    ],
    [
      12.8322,
      4.25445,
      -1.40425
    ],
    [
      12.9166,
      3.75245,
      -1.40425
    ],
    [
      13.001,
      3.25044,
      -1.40425
    ],
    [
      13.1263,
      2.76213,
      -0.934481
    ],
    [
      13.124,
      2.02964,
      -1.73967
    ],
    [
      13.5,
      1.5,
      0.0
    ]
  ]
}