{
  "robot": {
    "class": "RectangleRobot",
    "radius": 0,
    "wheelbase": 0.49016073760944795,
    "max_velocity": 11.673595125423379,
    "max_steering_at_zero_v": 1.0250565309384054,
    "max_steering_at_max_v": 0.19634954084936207,
    "acceleration": 2.0301101569584787,
    "mu_static": 0.1956502574733694,
    "width": 0.4684402506032642,
    "length": 0.6754143775317855,
    "collision_check_angle_res": 60
  },
  "planner": {
    "class": "Dubins_pathfinding",
    "start": [
      1.5,
      1.5,
      0.013210168587622532
    ],
    "goal": [
      13.5,
      1.5,
      0
    ],
    "bounds": [
      15,
      15
    ],
    "max_runtime": 60.0,
    "goal_threshold": 0.0,
    "solved_time": null,
    "interpolate_steps": 50
  },
  "path": [
    [
      1.5,
      1.5,
      0.0
    ],
    [
      1.80885,
      1.89914,
      1.47447
    ],
    [
      1.86363,
      2.4661,
      1.47447
    ],
    [
      1.91842,
      3.03306,
      1.47447
    ],
    [
      1.9732,
      3.60002,
      1.47447
    ],
    [
      2.02799,
      4.16698,
      1.47447
    ],
    [
      2.08277,
      4.73393,
      1.47447
    ],
    [
      2.13755,
      5.30089,
      1.47447
    ],
    [
      2.19234,
      5.86785,
      1.47447
    ],
    [
      2.23715,
      6.43902,
      1.49259
    ],
    [
      2.28191,
      7.01019,
      1.49259
    ],
    [
      2.30919,
      7.58073,
      1.83603
    ],
    [
      2.40114,
      8.10838,
      1.32803
    ],
    [
      2.53112,
      8.63322,
      1.32803
    ],
    [
      2.66105,
      9.15808,
      1.34596
    ],
    [
      3.02041,
      9.59792,
      0.813033
    ],
    [
      3.41483,
      10.0148,
      0.813033
    ],
    [
      3.80925,
      10.4316,
      0.813033
    ],
    [
      4.20368,
      10.8485,
      0.813033
    ],
    [
      4.59487,
      11.2681,
      0.981864
    ],
    [
      5.04326,
      11.5047,
      0.383294
    ],
    [
      5.52071,
      11.6972,
      0.383294
    ],
    [
      5.99815,
      11.8897,
      0.383294
    ],
    [
      6.47551,
      12.0824,
      0.419785
    ],
    [
      7.03751,
      12.09,
      -0.04207
    ],
    [
      7.60303,
      12.0662,
      -0.04207
    ],
    [
      8.16855,
      12.0424,
      -0.04207
    ],
    [
      8.73407,
      12.0186,
      -0.04207
    ],
    [
      9.29934,
      11.992,
      -0.178691
    ],
    [
      9.73313,
      11.6783,
      -0.699973
    ],
    [
      10.1468,
      11.3299,
      -0.699973
    ],
    [
      10.5604,
      10.9816,
      -0.699973
    ],
    [
      10.974,
      10.6332,
      -0.699973
    ],
    [
      11.3876,
      10.2848,
      -0.699973
    ],
    [
      11.8013,
      9.93646,
      -0.699973
    ],
    [
      12.2194,
      9.59444,
      -0.47057
    ],
    [
      12.4166,
      9.05323,
      -1.45379
    ],
    [
      12.4873,
      8.45192,
      -1.45379
    ],
    [
      12.558,
      7.85061,
      -1.45379
    ],
    [
      12.6287,
      7.2493,
      -1.45379
    ],
    [
      12.68,
      6.64805,
      -1.81463
    ],
    [
      12.7333,
      6.08882,
      -1.43887
    ],
    [
      12.8075,
      5.52974,
      -1.43887
    ],
    [
      12.8817,
      4.97065,
      -1.43887
    ],
    [
      12.9559,
      4.41157,
      -1.43887
    ],
    [
      13.03,
      3.85248,
      -1.43887
    ],
    [
      13.104,
      3.29337,
      -1.47995
    ],
    [
      13.1468,
      2.63927,
      -1.50562
    ],
    [
      13.1895,
      1.98517,
      -1.50562
    ],
    [
      13.5,
      1.5,
      0.0
    ]
  ]
}