{
  "robot": {
    "class": "RectangleRobot",
    "radius": 0,
    "wheelbase": 0.5545532003098663,
    "max_velocity": 8.657675900218225,
    "max_steering_at_zero_v": 0.9259352782097849,
    "max_steering_at_max_v": 0.19634954084936207,
    "acceleration": 7.036746139086634,
    "mu_static": 1.990850606287202,
    "width": 0.29365425996129146,
    "length": 0.6343911077444241,
    "collision_check_angle_res": 60
  },
  "planner": {
    "class": "Dubins_pathfinding",
    "start": [
      1.5,
      1.5,
      0.6324783730055114
    ],
    "goal": [
      13.5,
      1.5,
      0
    ],
    "bounds": [
      15,
      15
    ],
    "max_runtime": 60.0,
    "goal_threshold": 0.0,
    "solved_time": null,
    "interpolate_steps": 50
  },
  "path": [
    [
      1.5,
      1.5,
      0.0
    ],
    [
      1.89976,
      1.79808,
      1.28144
    ],
    [
      1.96044,
      2.32869,
      1.47089
    ],
    [
      2.01376,
      2.86051,
      1.47089
    ],
    [
      2.06707,
      3.39232,
      1.47089
    ],
    [
      2.12038,
      3.92414,
      1.47089
    ],
    [
      2.17369,
      4.45596,
      1.47089
    ],
    [
      2.227,
      4.98778,
      1.47089
    ],
    [
      2.28149,
      5.51945,
      1.39538
    ],
    [
      2.32234,
      6.0171,
      1.49287
    ],
    [
      2.36121,
      6.51497,
      1.49287
    ],
    [
      2.40008,
      7.01283,
      1.49287
    ],
    [
      2.43896,
      7.5107,
      1.49287
    ],
    [
      2.51526,
      8.00015,
      1.06285
    ],
    [
      2.67508,
      8.56685,
      1.31905
    ],
    [
      2.81875,
      9.13876,
      1.44515
    ],
    [
      3.11281,
      9.54211,
      0.74048
    ],
    [
      3.49141,
      9.88814,
      0.74048
    ],
    [
      3.87001,
      10.2342,
      0.74048
    ],
    [
      4.24861,
      10.5802,
      0.74048
    ],
    [
      4.59678,
      10.9511,
      1.17568
    ],
    [
      5.06126,
      11.4085,
      0.709356
    ],
    [
      5.61641,
      11.7178,
      -0.0919005
    ],
    [
      6.18744,
      11.7456,
      0.0565751
    ],
    [
      6.75844,
      11.7779,
      0.0565751
    ],
    [
      7.32943,
      11.8102,
      0.0565751
    ],
    [
      7.90043,
      11.8426,
      0.0565751
    ],
    [
      8.47147,
      11.873,
      -0.040388
    ],
    [
      8.97229,
      11.6917,
      -0.396451
    ],
    [
      9.46587,
      11.4851,
      -0.396451
    ],
    [
      9.96217,
      11.2864,
      -0.195676
    ],
    [
      10.4841,
      10.9474,
      -0.641478
    ],
    [
      10.9866,
      10.5722,
      -0.641478
    ],
    [
      11.489,
      10.197,
      -0.641478
    ],
    [
      11.9367,
      9.77266,
      -1.23809
    ],
    [
      12.1759,
      9.28818,
      -1.10548
    ],
    [
      12.3591,
      8.78794,
      -1.65191
    ],
    [
      12.416,
      8.23794,
      -1.45279
    ],
    [
      12.4811,
      7.68837,
      -1.45279
    ],
    [
      12.5463,
      7.1388,
      -1.45279
    ],
    [
      12.6114,
      6.58924,
      -1.45279
    ],
    [
      12.6766,
      6.03967,
      -1.45279
    ],
    [
      12.7417,
      5.4901,
      -1.45279
    ],
    [
      12.8069,
      4.94053,
      -1.45279
    ],
    [
      12.8505,
      4.39073,
      -1.77444
    ],
    [
      12.8943,
      3.76561,
      -1.47028
    ],
    [
      12.9574,
      3.14048,
      -1.47028
    ],
    [
      13.0204,
      2.51535,
      -1.47028
    ],
    [
      13.0835,
      1.89022,
      -1.47028
    ],
    [
      13.5,
      1.5,
      0.0
    ]
  ]
}