{
  "robot": {
    "class": "RectangleRobot",
    "radius": 0,
    "wheelbase": 0.0631158429846802,
    "max_velocity": 14.557597049495653,
    "max_steering_at_zero_v": 0.653773108886277,
    "max_steering_at_max_v": 0.19634954084936207,
    "acceleration": 6.875443068665734,
    "mu_static": 1.2866882928190515,
    "width": 0.8328293278347751,
    "length": 0.11169152064617144,
    "collision_check_angle_res": 60
  },
  "planner": {
    "class": "Dubins_pathfinding",
    "start": [
      1.5,
      1.5,
      0.309754482134851
    ],
    "goal": [
      13.5,
      1.5,
      0
    ],
    "bounds": [
      15,
      15
    ],
    "max_runtime": 60.0,
    "goal_threshold": 0.0,
    "solved_time": null,
    "interpolate_steps": 50
  },
  "path": [
    [
      1.5,
      1.5,
      0.0
    ],
    [
      1.62857,
      1.99229,
      1.4598
    ],
    [
      1.6886,
      2.53084,
      1.4598
    ],
    [
      1.74862,
      3.06939,
      1.4598
    ],
    [
      1.80865,
      3.60794,
      1.4598
    ],
    [
      1.86867,
      4.14649,
      1.4598
    ],
    [
      1.9287,
      4.68505,
      1.4598
    ],
    [
      1.98872,
      5.2236,
      1.4598
    ],
    [
      2.04877,
      5.76215,
      1.43678
    ],
    [
      2.13821,
      6.3191,
      1.41151
    ],
    [
      2.22769,
      6.87604,
      1.41151
    ],
    [
      2.31716,
      7.43299,
      1.41151
    ],
    [
      2.40615,
      7.99,
      1.51994
    ],
    [
      2.47831,
      8.4481,
      1.41355
    ],
    [
      2.55094,
      8.90614,
      1.41355
    ],
    [
      2.62949,
      9.36244,
      1.02562
    ],
    [
      3.03788,
      9.83936,
      0.758951
    ],
    [
      3.46201,
      10.238,
      0.754369
    ],
    [
      3.88614,
      10.6365,
      0.754369
    ],
    [
      4.31027,
      11.0351,
      0.754369
    ],
    [
      4.74267,
      11.4201,
      0.129184
    ],
    [
      5.2328,
      11.542,
      0.244749
    ],
    [
      5.72283,
      11.6644,
      0.244749
    ],
    [
      6.21285,
      11.7867,
      0.244749
    ],
    [
      6.70287,
      11.9091,
      0.244749
    ],
    [
      7.19335,
      12.0286,
      -0.0253061
    ],
    [
      7.68511,
      11.9739,
      -0.111376
    ],
    [
      8.17683,
      11.9189,
      -0.111376
    ],
    [
      8.66856,
      11.8639,
      -0.111376
    ],
    [
      9.16029,
      11.8089,
      -0.0888974
    ],
    [
      9.6813,
      11.572,
      -0.435223
    ],
    [
      10.2008,
      11.3305,
      -0.435223
    ],
    [
      10.7202,
      11.089,
      -0.435223
    ],
    [
      11.2397,
      10.8475,
      -0.393651
    ],
    [
      11.6194,
      10.3274,
      -0.960253
    ],
    [
      11.9899,
      9.7978,
      -0.960253
    ],
    [
      12.3603,
      9.26809,
      -1.04094
    ],
    [
      12.5172,
      8.56023,
      -1.56262
    ],
    [
      12.5825,
      8.04787,
      -1.44276
    ],
    [
      12.6485,
      7.53557,
      -1.44276
    ],
    [
      12.7124,
      7.02315,
      -1.66393
    ],
    [
      12.7865,
      6.49849,
      -1.4262
    ],
    [
      12.8628,
      5.97398,
      -1.4262
    ],
    [
      12.9392,
      5.44947,
      -1.4262
    ],
    [
      13.0168,
      4.9252,
      -1.25334
    ],
    [
      13.075,
      4.39695,
      -1.4646
    ],
    [
      13.1313,
      3.86837,
      -1.4646
    ],
    [
      13.1873,
      3.33977,
      -1.54965
    ],
    [
      13.3103,
      2.39687,
      -1.44062
    ],
    [
      13.5,
      1.5,
      0.0
    ]
  ]
}