{
  "robot": {
    "class": "RectangleRobot",
    "radius": 0,
    "wheelbase": 0.10367019161302347,
    "max_velocity": 7.963712414803658,
    "max_steering_at_zero_v": 0.4138295410922141,
    "max_steering_at_max_v": 0.19634954084936207,
    "acceleration": 6.86976577998395,
    "mu_static": 0.9240417921205367,
    "width": 0.3915605216251339,
    "length": 0.1085875860507835,
    "collision_check_angle_res": 60
  },
  "planner": {
    "class": "Dubins_pathfinding",
    "start": [
      1.5,
      1.5,
      1.335769154245163
    ],
    "goal": [
      13.5,
      1.5,
      0
    ],
    "bounds": [
      15,
      15
    ],
    "max_runtime": 60.0,
    "goal_threshold": 0.0,
    "solved_time": null,
    "interpolate_steps": 50
  },
  "path": [
    [
      1.5,
      1.5,
      0.0
    ],
    [
      1.75987,
      1.94493,
      1.46366
    ],
    [
      1.822,
      2.52256,
      1.46366
    ],
    [
      1.88412,
      3.10019,
      1.46366
    ],
    [
      1.94625,
      3.67783,
      1.46366
    ],
    [
      2.00889,
      4.2554,
      1.39736
    ],
    [
      2.07974,
      4.78605,
      1.43844
    ],
    [
      2.1504,
      5.31674,
      1.43844
    ],
    [
      2.22105,
      5.84743,
      1.43844
    ],
    [
      2.29171,
      6.37812,
      1.43844
    ],
    [
      2.36236,
      6.9088,
      1.43844
    ],
    [
      2.43301,
      7.43949,
      1.43844
    ],
    [
      2.50367,
      7.97018,
      1.43844
    ],
    [
      2.62166,
      8.48352,
      0.780935
    ],
    [
      2.83138,
      8.93057,
      1.16743
    ],
    [
      3.02597,
      9.38653,
      1.16743
    ],
    [
      3.28353,
      9.79138,
      0.330362
    ],
    [
      3.83308,
      10.2999,
      0.684012
    ],
    [
      4.27437,
      10.6075,
      0.607582
    ],
    [
      4.71607,
      10.9147,
      0.607582
    ],
    [
      5.15776,
      11.2218,
      0.607582
    ],
    [
      5.59946,
      11.5289,
      0.607582
    ],
    [
      6.05762,
      11.7981,
      0.0126974
    ],
    [
      6.63013,
      11.7852,
      -0.0227814
    ],
    [
      7.20264,
      11.7722,
      -0.0227814
    ],
    [
      7.77514,
      11.7591,
      -0.0227814
    ],
    [
      8.34765,
      11.7461,
      -0.0227814
    ],
    [
      8.89934,
      11.6626,
      -0.818552
    ],
    [
      9.41118,
      11.3818,
      -0.478594
    ],
    [
      9.9306,
      11.1123,
      -0.478594
    ],
    [
      10.45,
      10.8428,
      -0.478594
    ],
    [
      10.9493,
      10.5471,
      -1.01021
    ],
    [
      11.2524,
      10.1675,
      -0.893758
    ],
    [
      11.5568,
      9.78874,
      -0.893758
    ],
    [
      11.8612,
      9.41002,
      -0.893758
    ],
    [
      12.1663,
      9.03186,
      -0.808592
    ],
    [
      12.3988,
      8.56322,
      -1.10254
    ],
    [
      12.471,
      8.0443,
      -1.46132
    ],
    [
      12.5284,
      7.52195,
      -1.46132
    ],
    [
      12.5858,
      6.99959,
      -1.46132
    ],
    [
      12.6432,
      6.47724,
      -1.46132
    ],
    [
      12.7052,
      5.95569,
      -1.26365
    ],
    [
      12.7824,
      5.43756,
      -1.42911
    ],
    [
      12.8564,
      4.91879,
      -1.42911
    ],
    [
      12.9304,
      4.40003,
      -1.42911
    ],
    [
      13.0044,
      3.88126,
      -1.42911
    ],
    [
      13.0757,
      3.36226,
      -1.57848
    ],
    [
      13.151,
      2.69729,
      -1.45544
    ],
    [
      13.228,
      2.03245,
      -1.45544
    ],
    [
      13.5,
      1.5,
      0.0
    ]
  ]
}