{
  "robot": {
    "class": "RectangleRobot",
    "radius": 0,
    "wheelbase": 0.07500207286512502,
    "max_velocity": 9.40627355866719,
    "max_steering_at_zero_v": 0.5003711612949733,
    "max_steering_at_max_v": 0.19634954084936207,
    "acceleration": 7.767717202125849,
    "mu_static": 2.3283903344015315,
    "width": 0.6392142447788087,
    "length": 0.10990671645416356,
    "collision_check_angle_res": 60
  },
  "planner": {
    "class": "Dubins_pathfinding",
    "start": [
      1.5,
      1.5,
      0.6137094455928651
    ],
    "goal": [
      13.5,
      1.5,
      0
    ],
    "bounds": [
      15,
      15
    ],
    "max_runtime": 60.0,
    "goal_threshold": 0.0,
    "solved_time": null,
    "interpolate_steps": 50
  },
  "path": [
    [
      1.5,
      1.5,
      0.0
    ],
    [
      1.68314,
      1.99116,
      1.44471
    ],
    [
      1.75512,
      2.559,
      1.44471
    ],
    [
      1.82709,
      3.12684,
      1.44471
    ],
    [
      1.89907,
      3.69468,
      1.44471
    ],
    [
      1.97105,
      4.26252,
      1.44471
    ],
    [
      2.04445,
      4.83011,
      1.29954
    ],
    [
      2.12529,
      5.36638,
      1.42311
    ],
    [
      2.2051,
      5.90284,
      1.42311
    ],
    [
      2.28491,
      6.4393,
      1.42311
    ],
    [
      2.36472,
      6.97576,
      1.42311
    ],
    [
      2.44453,
      7.51223,
      1.42311
    ],
    [
      2.52434,
      8.04869,
      1.42311
    ],
    [
      2.60415,
      8.58515,
      1.42311
    ],
    [
      2.68395,
      9.12162,
      1.43319
    ],
    [
      2.93488,
      9.55964,
      1.16375
    ],
    [
      3.37804,
      9.96837,
      0.723281
    ],
    [
      3.83132,
      10.3686,
      0.723281
    ],
    [
      4.2846,
      10.7688,
      0.724707
    ],
    [
      4.69516,
      11.0198,
      0.544205
    ],
    [
      5.10699,
      11.269,
      0.544205
    ],
    [
      5.53112,
      11.4735,
      -0.286678
    ],
    [
      6.00288,
      11.5864,
      0.27894
    ],
    [
      6.47267,
      11.7209,
      0.27894
    ],
    [
      6.94247,
      11.8555,
      0.27894
    ],
    [
      7.40582,
      11.9118,
      -0.808883
    ],
    [
      8.02779,
      11.8438,
      -0.0484702
    ],
    [
      8.64796,
      11.772,
      -0.849255
    ],
    [
      9.1624,
      11.5908,
      -0.301792
    ],
    [
      9.68633,
      11.4277,
      -0.301792
    ],
    [
      10.1784,
      11.2186,
      -1.21589
    ],
    [
      10.686,
      10.7874,
      -0.674713
    ],
    [
      11.2127,
      10.3757,
      -0.341486
    ],
    [
      11.6508,
      9.94966,
      -0.794123
    ],
    [
      12.0805,
      9.51241,
      -0.794123
    ],
    [
      12.4479,
      9.04592,
      -1.80982
    ],
    [
      12.5051,
      8.60839,
      -1.4172
    ],
    [
      12.5728,
      8.1711,
      -1.4172
    ],
    [
      12.634,
      7.73349,
      -1.72566
    ],
    [
      12.7294,
      7.11464,
      -1.40672
    ],
    [
      12.8322,
      6.49627,
      -1.33585
    ],
    [
      12.9008,
      6.00811,
      -1.43233
    ],
    [
      12.9689,
      5.51984,
      -1.43233
    ],
    [
      13.0369,
      5.03157,
      -1.43233
    ],
    [
      13.105,
      4.5433,
      -1.43233
    ],
    [
      13.173,
      4.05503,
      -1.43233
    ],
    [
      13.2417,
      3.56687,
      -1.33506
    ],
    [
      13.2878,
      2.85211,
      -1.50932
    ],
    [
      13.3318,
      2.13711,
      -1.50932
    ],
    [
      13.5,
      1.5,
      0.0
    ]
  ]
}