{
  "robot": {
    "class": "RectangleRobot",
    "radius": 0,
    "wheelbase": 0.7894682718158031,
    "max_velocity": 6.5682453430518635,
    "max_steering_at_zero_v": 0.9310566437176975,
    "max_steering_at_max_v": 0.19634954084936207,
    "acceleration": 9.486960383193583,
    "mu_static": 0.6085673144619912,
    "width": 0.34418863859190657,
    "length": 0.8999405218155789,
    "collision_check_angle_res": 60
  },
  "planner": {
    "class": "Dubins_pathfinding",
    "start": [
      1.5,
      1.5,
      0.6109051109253769
    ],
    "goal": [
      13.5,
      1.5,
      0
    ],
    "bounds": [
      15,
      15
    ],
    "max_runtime": 60.0,
    "goal_threshold": 0.0,
    "solved_time": null,
    "interpolate_steps": 50
  },
  "path": [
    [
      1.5,
      1.5,
      0.0
    ],
    [
      1.96995,
      1.73495,
      0.927204
    ],
    [
      2.09913,
      2.25371,
      1.50777
    ],
    [
      2.13344,
      2.79734,
      1.50777
    ],
    [
      2.16774,
      3.34096,
      1.50777
    ],
    [
      2.20208,
      3.88459,
      1.49777
    ],
    [
      2.22703,
      4.45239,
      1.52734
    ],
    [
      2.25172,
      5.02021,
      1.52734
    ],
    [
      2.27641,
      5.58802,
      1.52734
    ],
    [
      2.30111,
      6.15584,
      1.52734
    ],
    [
      2.3258,
      6.72365,
      1.52734
    ],
    [
      2.35049,
      7.29147,
      1.52734
    ],
    [
      2.37519,
      7.85928,
      1.52734
    ],
    [
      2.43603,
      8.42121,
      1.17358
    ],
    [
      2.72552,
      8.95214,
      1.066
    ],
    [
      3.01804,
      9.48154,
      1.066
    ],
    [
      3.30957,
      10.0114,
      1.12756
    ],
    [
      3.66692,
      10.3562,
      0.614518
    ],
    [
      4.07854,
      10.6467,
      0.614518
    ],
    [
      4.49017,
      10.9371,
      0.614518
    ],
    [
      4.9012,
      11.2284,
      0.672436
    ],
    [
      5.46171,
      11.4663,
      0.352339
    ],
    [
      6.03552,
      11.6772,
      0.352339
    ],
    [
      6.60932,
      11.8882,
      0.352339
    ],
    [
      7.18385,
      12.097,
      0.263907
    ],
    [
      7.73493,
      12.0493,
      -0.197788
    ],
    [
      8.28328,
      11.9394,
      -0.197788
    ],
    [
      8.83162,
      11.8295,
      -0.197788
    ],
    [
      9.37996,
      11.7196,
      -0.197788
    ],
    [
      9.92831,
      11.6097,
      -0.197788
    ],
    [
      10.3675,
      11.2977,
      -1.09207
    ],
    [
      10.7061,
      10.896,
      -0.833003
    ],
    [
      11.0604,
      10.5063,
      -0.833003
    ],
    [
      11.4147,
      10.1166,
      -0.833003
    ],
    [
      11.769,
      9.72686,
      -0.833003
    ],
    [
      12.1233,
      9.33713,
      -0.833003
    ],
    [
      12.367,
      8.88448,
      -1.49511
    ],
    [
      12.4299,
      8.34478,
      -1.45393
    ],
    [
      12.4932,
      7.80512,
      -1.45393
    ],
    [
      12.5566,
      7.26546,
      -1.45393
    ],
    [
      12.6199,
      6.72581,
      -1.45393
    ],
    [
      12.6833,
      6.18615,
      -1.45393
    ],
    [
      12.7466,
      5.6465,
      -1.45393
    ],
    [
      12.81,
      5.10684,
      -1.46218
    ],
    [
      12.9549,
      4.51418,
      -1.32145
    ],
    [
      13.1055,
      3.9227,
      -1.32145
    ],
    [
      13.2182,
      3.3263,
      -1.68287
    ],
    [
      13.0341,
      2.61657,
      -1.8338
    ],
    [
      12.9427,
      1.90147,
      -1.24863
    ],
    [
      13.5,
      1.5,
      0.0
    ]
  ]
}