{
  "robot": {
    "class": "RectangleRobot",
    "radius": 0,
    "wheelbase": 0.9012787450268406,
    "max_velocity": 8.261388631770393,
    "max_steering_at_zero_v": 0.6624980004143788,
    "max_steering_at_max_v": 0.19634954084936207,
    "acceleration": 4.8014642137099335,
    "mu_static": 1.151008221863438,
    "width": 0.1756644524404329,
    "length": 0.9758084185093695,
    "collision_check_angle_res": 60
  },
  "planner": {
    "class": "Dubins_pathfinding",
    "start": [
      1.5,
      1.5,
      1.0961231917666636
    ],
    "goal": [
      13.5,
      1.5,
      0
    ],
    "bounds": [
      15,
      15
    ],
    "max_runtime": 60.0,
    "goal_threshold": 0.0,
    "solved_time": null,
    "interpolate_steps": 50
  },
  "path": [
    [
      1.5,
      1.5,
      0.0
    ],
    [
      2.0468,
      1.63759,
      0.493026
    ],
    [
      2.46336,
      2.0176,
      0.986052
    ],
    [
      2.65046,
      2.5495,
      1.47908
    ],
    [
      2.56353,
      3.10661,
      1.9721
    ],
    [
      2.3122,
      3.61772,
      2.03137
    ],
    [
      2.05903,
      4.12796,
      2.03137
    ],
    [
      1.80587,
      4.63821,
      2.03137
    ],
    [
      1.5527,
      5.14846,
      2.03137
    ],
    [
      1.43292,
      5.69944,
      1.53834
    ],
    [
      1.58408,
      6.24355,
      1.1345
    ],
    [
      1.82478,
      6.75979,
      1.1345
    ],
    [
      2.06549,
      7.27604,
      1.1345
    ],
    [
      2.30619,
      7.79228,
      1.1345
    ],
    [
      2.54689,
      8.30852,
      1.1345
    ],
    [
      2.78759,
      8.82476,
      1.1345
    ],
    [
      2.96731,
      9.36155,
      1.46881
    ],
    [
      3.15985,
      9.8915,
      0.975783
    ],
    [
      3.57358,
      10.2775,
      0.6284
    ],
    [
      4.03437,
      10.6123,
      0.6284
    ],
    [
      4.49516,
      10.9471,
      0.6284
    ],
    [
      4.95595,
      11.282,
      0.6284
    ],
    [
      5.41674,
      11.6168,
      0.6284
    ],
    [
      5.87753,
      11.9517,
      0.6284
    ],
    [
      6.33832,
      12.2865,
      0.6284
    ],
    [
      6.86083,
      12.4965,
      0.136
    ],
    [
      7.42344,
      12.4453,
      -0.218126
    ],
    [
      7.97884,
      12.3221,
      -0.218126
    ],
    [
      8.53424,
      12.199,
      -0.218126
    ],
    [
      9.08964,
      12.0759,
      -0.218126
    ],
    [
      9.64616,
      11.9589,
      -0.114855
    ],
    [
      10.2387,
      11.7107,
      -0.678313
    ],
    [
      10.6768,
      11.2305,
      -0.860849
    ],
    [
      11.1011,
      10.7368,
      -0.860849
    ],
    [
      11.5254,
      10.2431,
      -0.860849
    ],
    [
      11.9497,
      9.74937,
      -0.860849
    ],
    [
      12.374,
      9.25567,
      -0.860849
    ],
    [
      12.7983,
      8.76198,
      -0.860849
    ],
    [
      13.065,
      8.17759,
      -1.42431
    ],
    [
      13.0214,
      7.53089,
      -1.71101
    ],
    [
      12.9304,
      6.88631,
      -1.71101
    ],
    [
      12.8394,
      6.24173,
      -1.71101
    ],
    [
      12.7485,
      5.59714,
      -1.71101
    ],
    [
      12.6575,
      4.95256,
      -1.71101
    ],
    [
      12.5665,
      4.30798,
      -1.71101
    ],
    [
      12.4691,
      3.61827,
      -1.71101
    ],
    [
      12.3718,
      2.92856,
      -1.71101
    ],
    [
      12.4208,
      2.24295,
      -1.20581
    ],
    [
      12.8449,
      1.70369,
      -0.602907
    ],
    [
      13.5,
      1.5,
      0.0
    ]
  ]
}