{
  "robot": {
    "class": "RectangleRobot",
    "radius": 0,
    "wheelbase": 0.3940868502445589,
    "max_velocity": 14.456534342268759,
    "max_steering_at_zero_v": 0.6209773914203852,
    "max_steering_at_max_v": 0.13718610921079194,
    "acceleration": 9.622931460645493,
    "mu_static": 7.463010943076521,
    "width": 0.13657373302772263,
    "length": 0.3940868502445589,
    "collision_check_angle_res": 180
  },
  "planner": {
    "class": "SSTCarOMPL_acceleration",
    "start": [
      1.5,
      1.5,
      0
    ],
    "goal": [
      13.5,
      1.5,
      0
    ],
    "bounds": [
      15,
      15
    ],
    "max_runtime": 10800.0,
    "goal_threshold": 0.5,
    "solved_time": 3.2,
    "propagate_step_size": 0.02,
    "control_duration": [
      1,
      10
    ],
    "pruning_radius": 1.4456534342268759,
    "selection_radius": 5.7826137369075035,
    "vel_threshold": 1,
    "pos_treshold": 0.5
  },
  "path": [
    [
      1.5,
      1.5,
      0.0,
      0.0,
      0.0,
      0.0,
      0.0
    ],
    [
      1.50141,
      1.5,
      0.00144941,
      0.140819,
      7.04093,
      0.385344,
      0.02
    ],
    [
      1.50563,
      1.50002,
      0.00579763,
      0.281637,
      7.04093,
      0.385344,
      0.02
    ],
    [
      1.51267,
      1.50008,
      0.0130447,
      0.422456,
      7.04093,
      0.385344,
      0.02
    ],
    [
      1.52253,
      1.50026,
      0.0231905,
      0.563274,
      7.04093,
      0.385344,
      0.02
    ],
    [
      1.5352,
      1.50064,
      0.0362352,
      0.704093,
      7.04093,
      0.385344,
      0.02
    ],
    [
      1.55067,
      1.50132,
      0.0521787,
      0.844912,
      7.04093,
      0.385344,
      0.02
    ],
    [
      1.56894,
      1.50245,
      0.071021,
      0.98573,
      7.04093,
      0.385344,
      0.02
    ],
    [
      1.58999,
      1.50418,
      0.0927621,
      1.12655,
      7.04093,
      0.385344,
      0.02
    ],
    [
      1.6138,
      1.50669,
      0.117402,
      1.26737,
      7.04093,
      0.385344,
      0.02
    ],
    [
      1.64056,
      1.50979,
      0.11316,
      1.42682,
      7.97247,
      -0.061976,
      0.02
    ],
    [
      1.67051,
      1.51312,
      0.108415,
      1.58627,
      7.97247,
      -0.061976,
      0.02
    ],
    [
      1.70364,
      1.51664,
      0.103168,
      1.74572,
      7.97247,
      -0.061976,
      0.02
    ],
    [
      1.73997,
      1.52029,
      0.0974193,
      1.90517,
      7.97247,
      -0.061976,
      0.02
    ],
    [
      1.77949,
      1.52403,
      0.0911683,
      2.06461,
      7.97247,
      -0.061976,
      0.02
    ],
    [
      1.82221,
      1.52779,
      0.084415,
      2.22406,
      7.97247,
      -0.061976,
      0.02
    ],
    [
      1.86814,
      1.53151,
      0.0771596,
      2.38351,
      7.97247,
      -0.061976,
      0.02
    ],
    [
      1.91727,
      1.53672,
      0.13432,
      2.5581,
      8.72924,
      0.427702,
      0.02
    ],
    [
      1.96945,
      1.54541,
      0.195518,
      2.73268,
      8.72924,
      0.427702,
      0.02
    ],
    [
      2.02438,
      1.55816,
      0.260756,
      2.90727,
      8.72924,
      0.427702,
      0.02
    ],
    [
      2.08167,
      1.57559,
      0.330033,
      3.08185,
      8.72924,
      0.427702,
      0.02
    ],
    [
      2.14082,
      1.59831,
      0.403348,
      3.25644,
      8.72924,
      0.427702,
      0.02
    ],
    [
      2.20125,
      1.62691,
      0.480702,
      3.43102,
      8.72924,
      0.427702,
      0.02
    ],
    [
      2.26081,
      1.66267,
      0.60085,
      3.51947,
      4.42232,
      0.598017,
      0.02
    ],
    [
      2.31697,
      1.70648,
      0.724056,
      3.60791,
      4.42232,
      0.598017,
      0.02
    ],
    [
      2.36849,
      1.75819,
      0.85032,
      3.69636,
      4.42232,
      0.598017,
      0.02
    ],
    [
      2.41754,
      1.81571,
      0.879128,
      3.86397,
      8.38034,
      0.149054,
      0.02
    ],
    [
      2.46698,
      1.87727,
      0.909215,
      4.03157,
      8.38034,
      0.149054,
      0.02
    ],
    [
      2.51652,
      1.943,
      0.940578,
      4.19918,
      8.38034,
      0.149054,
      0.02
    ],
    [
      2.56587,
      2.01301,
      0.973219,
      4.36679,
      8.38034,
      0.149054,
      0.02
    ],
    [
      2.61469,
      2.08743,
      1.00714,
      4.53439,
      8.38034,
      0.149054,
      0.02
    ],
    [
      2.66007,
      2.16807,
      1.10917,
      4.72228,
      9.39444,
      0.40981,
      0.02
    ],
    [
      2.69832,
      2.25642,
      1.21535,
      4.91017,
      9.39444,
      0.40981,
      0.02
    ],
    [
      2.72791,
      2.35198,
      1.32567,
      5.09806,
      9.39444,
      0.40981,
      0.02
    ],
    [
      2.74729,
      2.45394,
      1.44014,
      5.28595,
      9.39444,
      0.40981,
      0.02
    ],
    [
      2.75496,
      2.5612,
      1.55874,
      5.47384,
      9.39444,
      0.40981,
      0.02
    ],
    [
      2.74947,
      2.67235,
      1.68149,
      5.66173,
      9.39444,
      0.40981,
      0.02
    ],
    [
      2.73616,
      2.78603,
      1.69325,
      5.78384,
      6.10581,
      0.0404701,
      0.02
    ],
    [
      2.72119,
      2.90196,
      1.70526,
      5.90596,
      6.10581,
      0.0404701,
      0.02
    ],
    [
      2.70446,
      3.02012,
      1.71753,
      6.02808,
      6.10581,
      0.0404701,
      0.02
    ],
    [
      2.6859,
      3.14048,
      1.73004,
      6.15019,
      6.10581,
      0.0404701,
      0.02
    ],
    [
      2.66542,
      3.263,
      1.7428,
      6.27231,
      6.10581,
      0.0404701,
      0.02
    ],
    [
      2.65277,
      3.38952,
      1.59811,
      6.45366,
      9.06746,
      -0.421258,
      0.02
    ],
    [
      2.65893,
      3.52014,
      1.44929,
      6.63501,
      9.06746,
      -0.421258,
      0.02
    ],
    [
      2.67575,
      3.65304,
      1.44046,
      6.76105,
      6.30213,
      -0.0259541,
      0.02
    ],
    [
      2.6941,
      3.78829,
      1.43147,
      6.88709,
      6.30213,
      -0.0259541,
      0.02
    ],
    [
      2.71403,
      3.92585,
      1.42232,
      7.01313,
      6.30213,
      -0.0259541,
      0.02
    ],
    [
      2.73562,
      4.06572,
      1.41299,
      7.13918,
      6.30213,
      -0.0259541,
      0.02
    ],
    [
      2.75893,
      4.20786,
      1.4035,
      7.26522,
      6.30213,
      -0.0259541,
      0.02
    ],
    [
      2.78403,
      4.35226,
      1.39385,
      7.39126,
      6.30213,
      -0.0259541,
      0.02
    ],
    [
      2.811,
      4.49889,
      1.38403,
      7.5173,
      6.30213,
      -0.0259541,
      0.02
    ],
    [
      2.83989,
      4.64771,
      1.37404,
      7.64335,
      6.30213,
      -0.0259541,
      0.02
    ],
    [
      2.87079,
      4.79871,
      1.36389,
      7.76939,
      6.30213,
      -0.0259541,
      0.02
    ],
    [
      2.90481,
      4.95156,
      1.33964,
      7.88967,
      6.0143,
      -0.0609564,
      0.02
    ],
    [
      2.94314,
      5.10586,
      1.31501,
      8.00996,
      6.0143,
      -0.0609564,
      0.02
    ],
    [
      2.98592,
      5.26148,
      1.29002,
      8.13025,
      6.0143,
      -0.0609564,
      0.02
    ],
    [
      3.03331,
      5.41829,
      1.26465,
      8.25053,
      6.0143,
      -0.0609564,
      0.02
    ],
    [
      3.08543,
      5.57611,
      1.23891,
      8.37082,
      6.0143,
      -0.0609564,
      0.02
    ],
    [
      3.14245,
      5.73479,
      1.21279,
      8.4911,
      6.0143,
      -0.0609564,
      0.02
    ],
    [
      3.20449,
      5.89416,
      1.18631,
      8.61139,
      6.0143,
      -0.0609564,
      0.02
    ],
    [
      3.2717,
      6.05403,
      1.15945,
      8.73168,
      6.0143,
      -0.0609564,
      0.02
    ],
    [
