{
  "robot": {
    "class": "RectangleRobot",
    "radius": 0,
    "wheelbase": 0.21402493688437038,
    "max_velocity": 10.554799064769508,
    "max_steering_at_zero_v": 0.5705303418431308,
    "max_steering_at_max_v": 0.12000447565215529,
    "acceleration": 9.858085607223327,
    "mu_static": 6.398170385621686,
    "width": 0.27177466465856254,
    "length": 0.21402493688437038,
    "collision_check_angle_res": 180
  },
  "planner": {
    "class": "SSTCarOMPL_acceleration",
    "start": [
      1.5,
      1.5,
      0
    ],
    "goal": [
      13.5,
      1.5,
      0
    ],
    "bounds": [
      15,
      15
    ],
    "max_runtime": 10800.0,
    "goal_threshold": 0.5,
    "solved_time": 3.14,
    "propagate_step_size": 0.02,
    "control_duration": [
      1,
      10
    ],
    "pruning_radius": 1.055479906476951,
    "selection_radius": 4.221919625907804,
    "vel_threshold": 1,
    "pos_treshold": 0.5
  },
  "path": [
    [
      1.5,
      1.5,
      0.0,
      0.0,
      0.0,
      0.0,
      0.0
    ],
    [
      1.50162,
      1.5,
      0.00119243,
      0.162039,
      8.10193,
      0.156217,
      0.02
    ],
    [
      1.50648,
      1.50002,
      0.00476974,
      0.324077,
      8.10193,
      0.156217,
      0.02
    ],
    [
      1.51458,
      1.50008,
      0.0107319,
      0.486116,
      8.10193,
      0.156217,
      0.02
    ],
    [
      1.52592,
      1.50025,
      0.019079,
      0.648154,
      8.10193,
      0.156217,
      0.02
    ],
    [
      1.5405,
      1.5006,
      0.0298109,
      0.810193,
      8.10193,
      0.156217,
      0.02
    ],
    [
      1.55838,
      1.50116,
      0.0323492,
      0.977827,
      8.38174,
      0.030374,
      0.02
    ],
    [
      1.5796,
      1.50188,
      0.0353634,
      1.14546,
      8.38174,
      0.030374,
      0.02
    ],
    [
      1.60416,
      1.50279,
      0.0388536,
      1.3131,
      8.38174,
      0.030374,
      0.02
    ],
    [
      1.63208,
      1.50393,
      0.0428198,
      1.48073,
      8.38174,
      0.030374,
      0.02
    ],
    [
      1.66334,
      1.50534,
      0.0472619,
      1.64837,
      8.38174,
      0.030374,
      0.02
    ],
    [
      1.69794,
      1.50706,
      0.05218,
      1.816,
      8.38174,
      0.030374,
      0.02
    ],
    [
      1.73594,
      1.50923,
      0.061788,
      1.99019,
      8.70962,
      0.0539737,
      0.02
    ],
    [
      1.77739,
      1.51201,
      0.0722753,
      2.16439,
      8.70962,
      0.0539737,
      0.02
    ],
    [
      1.82228,
      1.51552,
      0.0836422,
      2.33858,
      8.70962,
      0.0539737,
      0.02
    ],
    [
      1.8706,
      1.51987,
      0.0958884,
      2.51277,
      8.70962,
      0.0539737,
      0.02
    ],
    [
      1.92233,
      1.52519,
      0.109014,
      2.68696,
      8.70962,
      0.0539737,
      0.02
    ],
    [
      1.97743,
      1.53161,
      0.123019,
      2.86116,
      8.70962,
      0.0539737,
      0.02
    ],
    [
      2.03602,
      1.53875,
      0.119757,
      3.04089,
      8.9865,
      -0.0118274,
      0.02
    ],
    [
      2.0982,
      1.54613,
      0.116297,
      3.22062,
      8.9865,
      -0.0118274,
      0.02
    ],
    [
      2.16398,
      1.55369,
      0.112638,
      3.40035,
      8.9865,
      -0.0118274,
      0.02
    ],
    [
      2.23335,
      1.5614,
      0.10878,
      3.58008,
      8.9865,
      -0.0118274,
      0.02
    ],
    [
      2.30633,
      1.56922,
      0.104724,
      3.75981,
      8.9865,
      -0.0118274,
      0.02
    ],
    [
      2.38216,
      1.57738,
      0.109635,
      3.86671,
      5.34503,
      0.0137825,
      0.02
    ],
    [
      2.46007,
      1.58616,
      0.114685,
      3.97361,
      5.34503,
      0.0137825,
      0.02
    ],
    [
      2.54006,
      1.59558,
      0.119872,
      4.08051,
      5.34503,
      0.0137825,
      0.02
    ],
    [
      2.62212,
      1.60569,
      0.125196,
      4.18741,
      5.34503,
      0.0137825,
      0.02
    ],
    [
      2.70624,
      1.61651,
      0.130658,
      4.29431,
      5.34503,
      0.0137825,
      0.02
    ],
    [
      2.79242,
      1.62808,
      0.136258,
      4.40121,
      5.34503,
      0.0137825,
      0.02
    ],
    [
      2.88132,
      1.63661,
      0.055134,
      4.53132,
      6.50532,
      -0.191982,
      0.02
    ],
    [
      2.97321,
      1.63784,
      -0.0283536,
      4.66142,
      6.50532,
      -0.191982,
      0.02
    ],
    [
      3.06747,
      1.63111,
      -0.114205,
      4.79153,
      6.50532,
      -0.191982,
      0.02
    ],
    [
      3.16403,
      1.61916,
      -0.131998,
      4.93867,
      7.35686,
      -0.0391178,
      0.02
    ],
    [
      3.26328,
      1.60506,
      -0.150329,
      5.0858,
      7.35686,
      -0.0391178,
      0.02
    ],
    [
      3.36515,
      1.58864,
      -0.169198,
      5.23294,
      7.35686,
      -0.0391178,
      0.02
    ],
    [
      3.46959,
      1.56976,
      -0.188606,
      5.38008,
      7.35686,
      -0.0391178,
      0.02
    ],
    [
      3.57651,
      1.54824,
      -0.208552,
      5.52721,
      7.35686,
      -0.0391178,
      0.02
    ],
    [
      3.68662,
      1.52706,
      -0.1716,
      5.68564,
      7.92146,
      0.070415,
      0.02
    ],
    [
      3.80057,
      1.50953,
      -0.133604,
      5.84407,
      7.92146,
      0.070415,
      0.02
    ],
    [
      3.91826,
      1.49605,
      -0.0945634,
      6.0025,
      7.92146,
      0.070415,
      0.02
    ],
    [
      4.03954,
      1.48699,
      -0.054479,
      6.16093,
      7.92146,
      0.070415,
      0.02
    ],
    [
      4.16427,
      1.48276,
      -0.0133504,
      6.31936,
      7.92146,
      0.070415,
      0.02
    ],
    [
      4.29222,
      1.48375,
      0.0288225,
      6.47779,
      7.92146,
      0.070415,
      0.02
    ],
    [
      4.42319,
      1.49036,
      0.0720395,
      6.63622,
      7.92146,
      0.070415,
      0.02
    ],
    [
      4.55689,
      1.50299,
      0.116301,
      6.79465,
      7.92146,
      0.070415,
      0.02
    ],
    [
      4.69303,
      1.52203,
      0.161606,
      6.95308,
      7.92146,
      0.070415,
      0.02
    ],
    [
      4.83092,
      1.54166,
      0.121171,
      6.97598,
      1.1452,
      -0.0620501,
      0.02
    ],
    [
      4.96995,
      1.55573,
      0.0806032,
      6.99888,
      1.1452,
      -0.0620501,
      0.02
    ],
    [
      5.10989,
      1.56417,
      0.0399022,
      7.02179,
      1.1452,
      -0.0620501,
      0.02
    ],
    [
      5.25052,
      1.56691,
      -0.000931785,
      7.04469,
      1.1452,
      -0.0620501,
      0.02
    ],
    [
      5.3916,
      1.56389,
      -0.0418987,
      7.0676,
      1.1452,
      -0.0620501,
      0.02
    ],
    [
      5.5329,
      1.55506,
      -0.0829987,
      7.0905,
      1.1452,
      -0.0620501,
      0.02
    ],
    [
      5.67416,
      1.54037,
      -0.124232,
      7.1134,
      1.1452,
      -0.0620501,
      0.02
    ],
    [
      5.81637,
      1.53129,
      -0.00329679,
      7.14452,
      1.55587,
      0.179579,
      0.02
    ],
    [
      5.95925,
      1.5395,
      0.118166,
      7.17564,
      1.55587,
      0.179579,
      0.02
    ],
    [
      6.10068,
      1.56512,
      0.240156,
      7.20676,
      1.55587,
      0.179579,
      0.02
    ],
    [
      6.23853,
      1.60797,
      0.362675,
      7.23787,
      1.55587,
      0.179579,
      0.02
    ],
    [
      6.37066,
      1.66764,
      0.485721,
      7.26899,
      1.55587,
      0.179579,
      0.02
    ],
    [
      6.49497,
      1.74343,
      0.609295,
      7.30011,
      1.55587,
      0.179579,
      0.02
    ],
    [
      6.60946,
      1.83439,
      0.733397,
      7.33123,
      1.55587,
      0.179579,
      0.02
    ],
    [
      6.71221,
      1.93929,
      0.858027,
